node_label,u1,u2,u3
2,0.019999999552965164,0.0,0.0
3,0.019999999552965164,-0.0,0.0
6,0.019999999552965164,0.0,-0.0
7,0.019999999552965164,-0.0,-0.0
