sample_index,acc_ch1,acc_ch2,acc_ch3
1,-0.209434,-0.239354,-0.239354
2,-0.209434,-0.239354,-0.239354
3,-0.209434,-0.239354,-0.239354
4,-0.209434,-0.239354,-0.239354
5,-0.239354,-0.269273,-0.269273
6,-0.239354,-0.299192,-0.299192
7,-0.239354,-0.269273,-0.269273
8,-0.239354,-0.269273,-0.269273
9,-0.209434,-0.239354,-0.239354
10,-0.179515,-0.209434,-0.209434
11,-0.179515,-0.209434,-0.209434
12,-0.179515,-0.209434,-0.209434
13,-0.179515,-0.209434,-0.209434
14,-0.179515,-0.209434,-0.209434
15,-0.179515,-0.239354,-0.209434
16,-0.179515,-0.239354,-0.209434
17,-0.179515,-0.239354,-0.239354
18,-0.179515,-0.239354,-0.239354
19,-0.179515,-0.239354,-0.239354
20,-0.179515,-0.239354,-0.209434
21,-0.149596,-0.209434,-0.179515
22,-0.149596,-0.179515,-0.179515
23,-0.149596,-0.209434,-0.209434
24,-0.179515,-0.209434,-0.209434
25,-0.179515,-0.239354,-0.239354
26,-0.209434,-0.269273,-0.239354
27,-0.209434,-0.269273,-0.239354
28,-0.209434,-0.269273,-0.239354
29,-0.209434,-0.269273,-0.239354
30,-0.209434,-0.269273,-0.239354
31,-0.209434,-0.269273,-0.269273
32,-0.209434,-0.239354,-0.239354
33,-0.209434,-0.239354,-0.239354
34,-0.209434,-0.239354,-0.239354
35,-0.209434,-0.239354,-0.239354
36,-0.209434,-0.239354,-0.239354
37,-0.239354,-0.269273,-0.269273
38,-0.239354,-0.299192,-0.299192
39,-0.239354,-0.299192,-0.269273
40,-0.239354,-0.269273,-0.269273
41,-0.209434,-0.239354,-0.239354
42,-0.179515,-0.239354,-0.209434
43,-0.179515,-0.209434,-0.209434
44,-0.179515,-0.209434,-0.209434
45,-0.179515,-0.209434,-0.209434
46,-0.179515,-0.209434,-0.209434
47,-0.179515,-0.209434,-0.209434
48,-0.179515,-0.239354,-0.209434
49,-0.179515,-0.239354,-0.239354
50,-0.179515,-0.239354,-0.239354
51,-0.179515,-0.239354,-0.239354
52,-0.179515,-0.239354,-0.239354
53,-0.149596,-0.209434,-0.179515
54,-0.149596,-0.179515,-0.179515
55,-0.149596,-0.209434,-0.179515
56,-0.179515,-0.209434,-0.209434
57,-0.179515,-0.239354,-0.239354
58,-0.209434,-0.269273,-0.269273
59,-0.209434,-0.239354,-0.269273
60,-0.209434,-0.269273,-0.239354
61,-0.209434,-0.269273,-0.239354
62,-0.209434,-0.269273,-0.269273
63,-0.209434,-0.269273,-0.239354
64,-0.209434,-0.269273,-0.239354
65,-0.209434,-0.239354,-0.239354
66,-0.209434,-0.239354,-0.239354
67,-0.209434,-0.239354,-0.239354
68,-0.209434,-0.239354,-0.239354
69,-0.239354,-0.269273,-0.269273
70,-0.239354,-0.299192,-0.299192
71,-0.239354,-0.299192,-0.269273
72,-0.239354,-0.269273,-0.269273
73,-0.209434,-0.239354,-0.239354
74,-0.179515,-0.239354,-0.209434
75,-0.179515,-0.209434,-0.209434
76,-0.179515,-0.209434,-0.209434
77,-0.179515,-0.209434,-0.209434
78,-0.179515,-0.209434,-0.209434
79,-0.179515,-0.209434,-0.209434
80,-0.179515,-0.239354,-0.209434
81,-0.179515,-0.239354,-0.239354
82,-0.209434,-0.239354,-0.239354
83,-0.209434,-0.239354,-0.239354
84,-0.179515,-0.239354,-0.209434
85,-0.149596,-0.179515,-0.179515
86,-0.149596,-0.179515,-0.179515
87,-0.149596,-0.209434,-0.179515
88,-0.179515,-0.209434,-0.209434
89,-0.179515,-0.239354,-0.239354
90,-0.209434,-0.269273,-0.239354
91,-0.209434,-0.269273,-0.269273
92,-0.209434,-0.269273,-0.269273
93,-0.209434,-0.269273,-0.239354
94,-0.209434,-0.269273,-0.269273
95,-0.209434,-0.269273,-0.269273
96,-0.209434,-0.269273,-0.239354
97,-0.209434,-0.239354,-0.239354
98,-0.209434,-0.239354,-0.239354
99,-0.209434,-0.239354,-0.239354
100,-0.209434,-0.239354,-0.239354
101,-0.239354,-0.299192,-0.269273
102,-0.239354,-0.299192,-0.299192
103,-0.239354,-0.269273,-0.269273
104,-0.239354,-0.269273,-0.269273
105,-0.209434,-0.239354,-0.239354
106,-0.179515,-0.239354,-0.209434
107,-0.179515,-0.209434,-0.209434
108,-0.179515,-0.209434,-0.209434
109,-0.179515,-0.209434,-0.209434
110,-0.179515,-0.209434,-0.209434
111,-0.179515,-0.209434,-0.209434
112,-0.179515,-0.239354,-0.209434
113,-0.179515,-0.239354,-0.239354
114,-0.179515,-0.239354,-0.239354
115,-0.179515,-0.239354,-0.239354
116,-0.179515,-0.239354,-0.239354
117,-0.149596,-0.179515,-0.179515
118,-0.149596,-0.179515,-0.179515
119,-0.149596,-0.209434,-0.209434
120,-0.179515,-0.209434,-0.209434
121,-0.209434,-0.239354,-0.239354
122,-0.209434,-0.269273,-0.269273
123,-0.209434,-0.269273,-0.239354
124,-0.209434,-0.269273,-0.239354
125,-0.209434,-0.269273,-0.239354
126,-0.209434,-0.269273,-0.239354
127,-0.209434,-0.269273,-0.269273
128,-0.209434,-0.239354,-0.239354
129,-0.209434,-0.239354,-0.239354
130,-0.209434,-0.239354,-0.239354
131,-0.209434,-0.239354,-0.239354
132,-0.209434,-0.239354,-0.239354
133,-0.239354,-0.299192,-0.269273
134,-0.239354,-0.299192,-0.299192
135,-0.239354,-0.269273,-0.269273
136,-0.209434,-0.269273,-0.269273
137,-0.209434,-0.239354,-0.239354
138,-0.179515,-0.239354,-0.209434
139,-0.179515,-0.209434,-0.209434
140,-0.179515,-0.209434,-0.209434
141,-0.179515,-0.209434,-0.209434
142,-0.179515,-0.209434,-0.209434
143,-0.179515,-0.209434,-0.209434
144,-0.179515,-0.239354,-0.209434
145,-0.179515,-0.239354,-0.209434
146,-0.179515,-0.239354,-0.239354
147,-0.179515,-0.239354,-0.239354
148,-0.179515,-0.239354,-0.239354
149,-0.149596,-0.179515,-0.179515
150,-0.149596,-0.179515,-0.179515
151,-0.149596,-0.209434,-0.209434
152,-0.179515,-0.209434,-0.209434
153,-0.209434,-0.239354,-0.239354
154,-0.209434,-0.269273,-0.239354
155,-0.209434,-0.269273,-0.239354
156,-0.209434,-0.269273,-0.269273
157,-0.209434,-0.269273,-0.269273
158,-0.209434,-0.269273,-0.239354
159,-0.209434,-0.269273,-0.239354
160,-0.209434,-0.239354,-0.239354
161,-0.209434,-0.239354,-0.239354
162,-0.209434,-0.239354,-0.239354
163,-0.209434,-0.239354,-0.239354
164,-0.209434,-0.239354,-0.239354
165,-0.239354,-0.299192,-0.269273
166,-0.239354,-0.299192,-0.299192
167,-0.239354,-0.269273,-0.269273
168,-0.239354,-0.269273,-0.269273
169,-0.209434,-0.239354,-0.239354
170,-0.179515,-0.209434,-0.209434
171,-0.179515,-0.209434,-0.209434
172,-0.179515,-0.209434,-0.209434
173,-0.179515,-0.209434,-0.209434
174,-0.179515,-0.209434,-0.209434
175,-0.179515,-0.209434,-0.209434
176,-0.179515,-0.209434,-0.209434
177,-0.179515,-0.239354,-0.239354
178,-0.179515,-0.239354,-0.239354
179,-0.179515,-0.239354,-0.239354
180,-0.179515,-0.239354,-0.239354
181,-0.149596,-0.179515,-0.179515
182,-0.149596,-0.179515,-0.179515
183,-0.149596,-0.209434,-0.209434
184,-0.179515,-0.209434,-0.209434
185,-0.209434,-0.239354,-0.239354
186,-0.209434,-0.269273,-0.269273
187,-0.209434,-0.269273,-0.269273
188,-0.209434,-0.269273,-0.239354
189,-0.209434,-0.269273,-0.239354
190,-0.209434,-0.269273,-0.239354
191,-0.209434,-0.269273,-0.269273
192,-0.209434,-0.239354,-0.239354
193,-0.209434,-0.239354,-0.239354
194,-0.209434,-0.239354,-0.239354
195,-0.209434,-0.239354,-0.239354
196,-0.209434,-0.239354,-0.239354
197,-0.239354,-0.299192,-0.269273
198,-0.239354,-0.299192,-0.299192
199,-0.239354,-0.269273,-0.269273
200,-0.239354,-0.269273,-0.269273
201,-0.209434,-0.239354,-0.239354
202,-0.179515,-0.239354,-0.209434
203,-0.179515,-0.209434,-0.209434
204,-0.179515,-0.209434,-0.209434
205,-0.179515,-0.209434,-0.209434
206,-0.179515,-0.209434,-0.209434
207,-0.179515,-0.209434,-0.209434
208,-0.179515,-0.239354,-0.209434
209,-0.179515,-0.239354,-0.209434
210,-0.179515,-0.239354,-0.239354
211,-0.179515,-0.239354,-0.239354
212,-0.179515,-0.239354,-0.239354
213,-0.149596,-0.179515,-0.179515
214,-0.149596,-0.179515,-0.179515
215,-0.149596,-0.209434,-0.209434
216,-0.179515,-0.209434,-0.209434
217,-0.209434,-0.239354,-0.239354
218,-0.209434,-0.269273,-0.239354
219,-0.209434,-0.269273,-0.239354
220,-0.209434,-0.269273,-0.239354
221,-0.209434,-0.269273,-0.269273
222,-0.209434,-0.269273,-0.269273
223,-0.209434,-0.269273,-0.269273
224,-0.209434,-0.239354,-0.239354
225,-0.209434,-0.239354,-0.239354
226,-0.209434,-0.239354,-0.239354
227,-0.209434,-0.239354,-0.239354
228,-0.209434,-0.239354,-0.239354
229,-0.239354,-0.299192,-0.269273
230,-0.239354,-0.299192,-0.299192
231,-0.239354,-0.269273,-0.269273
232,-0.239354,-0.269273,-0.269273
233,-0.209434,-0.239354,-0.239354
234,-0.179515,-0.239354,-0.209434
235,-0.179515,-0.209434,-0.209434
236,-0.179515,-0.209434,-0.209434
237,-0.179515,-0.209434,-0.209434
238,-0.179515,-0.209434,-0.209434
239,-0.179515,-0.209434,-0.209434
240,-0.179515,-0.239354,-0.209434
241,-0.179515,-0.239354,-0.239354
242,-0.179515,-0.239354,-0.239354
243,-0.179515,-0.239354,-0.239354
244,-0.179515,-0.239354,-0.239354
245,-0.149596,-0.179515,-0.179515
246,-0.119677,-0.179515,-0.179515
247,-0.149596,-0.209434,-0.209434
248,-0.179515,-0.209434,-0.209434
249,-0.179515,-0.239354,-0.239354
250,-0.209434,-0.269273,-0.239354
251,-0.209434,-0.239354,-0.239354
252,-0.209434,-0.269273,-0.269273
253,-0.209434,-0.239354,-0.239354
254,-0.209434,-0.269273,-0.239354
255,-0.209434,-0.269273,-0.239354
256,-0.209434,-0.239354,-0.239354
257,-0.209434,-0.239354,-0.239354
258,-0.209434,-0.239354,-0.239354
259,-0.209434,-0.239354,-0.239354
260,-0.209434,-0.269273,-0.239354
261,-0.239354,-0.299192,-0.269273
262,-0.239354,-0.299192,-0.299192
263,-0.239354,-0.269273,-0.269273
264,-0.209434,-0.269273,-0.269273
265,-0.209434,-0.239354,-0.239354
266,-0.179515,-0.239354,-0.239354
267,-0.179515,-0.209434,-0.209434
268,-0.179515,-0.209434,-0.209434
269,-0.179515,-0.239354,-0.209434
270,-0.179515,-0.209434,-0.209434
271,-0.179515,-0.209434,-0.209434
272,-0.179515,-0.209434,-0.209434
273,-0.179515,-0.239354,-0.209434
274,-0.209434,-0.239354,-0.239354
275,-0.179515,-0.239354,-0.239354
276,-0.179515,-0.239354,-0.209434
277,-0.149596,-0.179515,-0.179515
278,-0.149596,-0.179515,-0.179515
279,-0.149596,-0.209434,-0.209434
280,-0.179515,-0.209434,-0.209434
281,-0.179515,-0.239354,-0.239354
282,-0.209434,-0.269273,-0.239354
283,-0.209434,-0.269273,-0.269273
284,-0.209434,-0.269273,-0.239354
285,-0.209434,-0.269273,-0.239354
286,-0.209434,-0.269273,-0.239354
287,-0.209434,-0.269273,-0.239354
288,-0.209434,-0.239354,-0.239354
289,-0.209434,-0.239354,-0.239354
290,-0.209434,-0.239354,-0.239354
291,-0.209434,-0.239354,-0.239354
292,-0.209434,-0.269273,-0.239354
293,-0.239354,-0.299192,-0.299192
294,-0.239354,-0.299192,-0.269273
295,-0.239354,-0.269273,-0.269273
296,-0.209434,-0.269273,-0.269273
297,-0.209434,-0.239354,-0.239354
298,-0.179515,-0.209434,-0.209434
299,-0.179515,-0.209434,-0.209434
300,-0.179515,-0.209434,-0.209434
301,-0.179515,-0.209434,-0.209434
302,-0.179515,-0.209434,-0.209434
303,-0.179515,-0.209434,-0.209434
304,-0.179515,-0.239354,-0.209434
305,-0.179515,-0.239354,-0.239354
306,-0.179515,-0.239354,-0.239354
307,-0.179515,-0.239354,-0.239354
308,-0.179515,-0.209434,-0.209434
309,-0.149596,-0.179515,-0.179515
310,-0.149596,-0.179515,-0.179515
311,-0.149596,-0.209434,-0.209434
312,-0.179515,-0.209434,-0.209434
313,-0.209434,-0.239354,-0.239354
314,-0.209434,-0.239354,-0.269273
315,-0.209434,-0.269273,-0.239354
316,-0.209434,-0.269273,-0.239354
317,-0.209434,-0.239354,-0.239354
318,-0.209434,-0.269273,-0.239354
319,-0.209434,-0.269273,-0.239354
320,-0.209434,-0.239354,-0.239354
321,-0.209434,-0.239354,-0.239354
322,-0.209434,-0.239354,-0.239354
323,-0.209434,-0.239354,-0.239354
324,-0.209434,-0.269273,-0.239354
325,-0.239354,-0.299192,-0.299192
326,-0.239354,-0.299192,-0.299192
327,-0.239354,-0.269273,-0.269273
328,-0.209434,-0.269273,-0.269273
329,-0.209434,-0.239354,-0.239354
330,-0.179515,-0.239354,-0.209434
331,-0.179515,-0.209434,-0.209434
332,-0.179515,-0.209434,-0.209434
333,-0.179515,-0.209434,-0.209434
334,-0.179515,-0.209434,-0.209434
335,-0.179515,-0.209434,-0.209434
336,-0.179515,-0.239354,-0.209434
337,-0.179515,-0.239354,-0.239354
338,-0.179515,-0.239354,-0.239354
339,-0.179515,-0.239354,-0.239354
340,-0.179515,-0.209434,-0.209434
341,-0.149596,-0.179515,-0.179515
342,-0.149596,-0.179515,-0.179515
343,-0.149596,-0.209434,-0.209434
344,-0.179515,-0.209434,-0.209434
345,-0.209434,-0.239354,-0.239354
346,-0.209434,-0.269273,-0.239354
347,-0.209434,-0.269273,-0.269273
348,-0.209434,-0.269273,-0.269273
349,-0.209434,-0.269273,-0.239354
350,-0.209434,-0.269273,-0.239354
351,-0.209434,-0.269273,-0.239354
352,-0.209434,-0.239354,-0.239354
353,-0.209434,-0.239354,-0.239354
354,-0.209434,-0.239354,-0.239354
355,-0.209434,-0.239354,-0.239354
356,-0.209434,-0.269273,-0.239354
357,-0.239354,-0.299192,-0.269273
358,-0.239354,-0.299192,-0.269273
359,-0.239354,-0.269273,-0.269273
360,-0.209434,-0.269273,-0.269273
361,-0.209434,-0.239354,-0.239354
362,-0.179515,-0.209434,-0.209434
363,-0.179515,-0.209434,-0.209434
364,-0.179515,-0.209434,-0.209434
365,-0.179515,-0.209434,-0.209434
366,-0.179515,-0.209434,-0.209434
367,-0.179515,-0.209434,-0.209434
368,-0.179515,-0.239354,-0.209434
369,-0.179515,-0.239354,-0.239354
370,-0.179515,-0.239354,-0.239354
371,-0.179515,-0.239354,-0.239354
372,-0.179515,-0.209434,-0.209434
373,-0.149596,-0.179515,-0.179515
374,-0.149596,-0.179515,-0.179515
375,-0.149596,-0.209434,-0.209434
376,-0.179515,-0.209434,-0.209434
377,-0.209434,-0.239354,-0.239354
378,-0.209434,-0.269273,-0.239354
379,-0.209434,-0.269273,-0.239354
380,-0.209434,-0.269273,-0.269273
381,-0.209434,-0.269273,-0.269273
382,-0.209434,-0.269273,-0.239354
383,-0.209434,-0.269273,-0.269273
384,-0.209434,-0.239354,-0.239354
385,-0.209434,-0.239354,-0.239354
386,-0.209434,-0.239354,-0.239354
387,-0.209434,-0.239354,-0.239354
388,-0.209434,-0.269273,-0.239354
389,-0.239354,-0.299192,-0.299192
390,-0.239354,-0.299192,-0.299192
391,-0.239354,-0.269273,-0.269273
392,-0.209434,-0.269273,-0.269273
393,-0.209434,-0.239354,-0.239354
394,-0.179515,-0.239354,-0.209434
395,-0.179515,-0.239354,-0.209434
396,-0.179515,-0.209434,-0.209434
397,-0.179515,-0.209434,-0.209434
398,-0.179515,-0.209434,-0.209434
399,-0.179515,-0.209434,-0.209434
400,-0.179515,-0.239354,-0.239354
401,-0.179515,-0.239354,-0.239354
402,-0.179515,-0.239354,-0.239354
403,-0.209434,-0.239354,-0.239354
404,-0.179515,-0.239354,-0.209434
405,-0.149596,-0.179515,-0.179515
406,-0.149596,-0.179515,-0.179515
407,-0.149596,-0.209434,-0.209434
408,-0.179515,-0.209434,-0.209434
409,-0.209434,-0.239354,-0.239354
410,-0.209434,-0.239354,-0.239354
411,-0.209434,-0.269273,-0.239354
412,-0.209434,-0.269273,-0.239354
413,-0.209434,-0.239354,-0.239354
414,-0.209434,-0.269273,-0.269273
415,-0.209434,-0.269273,-0.239354
416,-0.209434,-0.239354,-0.239354
417,-0.209434,-0.239354,-0.239354
418,-0.209434,-0.239354,-0.239354
419,-0.209434,-0.239354,-0.239354
420,-0.209434,-0.269273,-0.239354
421,-0.239354,-0.299192,-0.299192
422,-0.239354,-0.299192,-0.299192
423,-0.239354,-0.269273,-0.269273
424,-0.209434,-0.269273,-0.269273
425,-0.209434,-0.239354,-0.239354
426,-0.179515,-0.209434,-0.209434
427,-0.179515,-0.209434,-0.209434
428,-0.179515,-0.209434,-0.209434
429,-0.179515,-0.209434,-0.209434
430,-0.179515,-0.209434,-0.209434
431,-0.179515,-0.209434,-0.209434
432,-0.179515,-0.239354,-0.209434
433,-0.179515,-0.239354,-0.239354
434,-0.179515,-0.239354,-0.239354
435,-0.179515,-0.239354,-0.239354
436,-0.179515,-0.209434,-0.209434
437,-0.149596,-0.179515,-0.179515
438,-0.149596,-0.179515,-0.179515
439,-0.149596,-0.209434,-0.209434
440,-0.179515,-0.209434,-0.209434
441,-0.209434,-0.239354,-0.239354
442,-0.209434,-0.269273,-0.239354
443,-0.209434,-0.269273,-0.269273
444,-0.209434,-0.269273,-0.239354
445,-0.209434,-0.269273,-0.239354
446,-0.209434,-0.269273,-0.239354
447,-0.209434,-0.239354,-0.239354
448,-0.209434,-0.239354,-0.239354
449,-0.209434,-0.239354,-0.239354
450,-0.209434,-0.239354,-0.239354
451,-0.209434,-0.239354,-0.239354
452,-0.209434,-0.269273,-0.239354
453,-0.239354,-0.299192,-0.269273
454,-0.239354,-0.299192,-0.299192
455,-0.239354,-0.269273,-0.269273
456,-0.209434,-0.269273,-0.269273
457,-0.179515,-0.239354,-0.239354
458,-0.179515,-0.209434,-0.209434
459,-0.179515,-0.209434,-0.209434
460,-0.179515,-0.209434,-0.209434
461,-0.179515,-0.239354,-0.209434
462,-0.179515,-0.209434,-0.209434
463,-0.179515,-0.209434,-0.239354
464,-0.179515,-0.239354,-0.209434
465,-0.179515,-0.239354,-0.209434
466,-0.179515,-0.239354,-0.239354
467,-0.179515,-0.239354,-0.239354
468,-0.179515,-0.209434,-0.209434
469,-0.149596,-0.179515,-0.179515
470,-0.149596,-0.179515,-0.179515
471,-0.149596,-0.209434,-0.209434
472,-0.179515,-0.209434,-0.209434
473,-0.209434,-0.239354,-0.239354
474,-0.209434,-0.269273,-0.239354
475,-0.209434,-0.269273,-0.239354
476,-0.209434,-0.269273,-0.269273
477,-0.209434,-0.239354,-0.239354
478,-0.209434,-0.269273,-0.239354
479,-0.209434,-0.269273,-0.239354
480,-0.209434,-0.239354,-0.239354
481,-0.209434,-0.239354,-0.239354
482,-0.209434,-0.239354,-0.239354
483,-0.209434,-0.239354,-0.239354
484,-0.209434,-0.269273,-0.239354
485,-0.239354,-0.299192,-0.299192
486,-0.239354,-0.299192,-0.269273
487,-0.239354,-0.269273,-0.269273
488,-0.209434,-0.269273,-0.269273
489,-0.179515,-0.239354,-0.239354
490,-0.179515,-0.239354,-0.209434
491,-0.179515,-0.239354,-0.209434
492,-0.179515,-0.209434,-0.209434
493,-0.179515,-0.209434,-0.209434
494,-0.179515,-0.209434,-0.209434
495,-0.179515,-0.209434,-0.209434
496,-0.179515,-0.239354,-0.209434
497,-0.179515,-0.239354,-0.209434
498,-0.179515,-0.239354,-0.239354
499,-0.179515,-0.239354,-0.239354
500,-0.179515,-0.209434,-0.209434
501,-0.149596,-0.179515,-0.179515
502,-0.149596,-0.179515,-0.179515
503,-0.149596,-0.209434,-0.179515
504,-0.179515,-0.209434,-0.209434
505,-0.209434,-0.239354,-0.239354
506,-0.209434,-0.269273,-0.239354
507,-0.209434,-0.269273,-0.239354
508,-0.209434,-0.239354,-0.239354
509,-0.209434,-0.269273,-0.239354
510,-0.209434,-0.269273,-0.269273
511,-0.209434,-0.269273,-0.239354
512,-0.209434,-0.239354,-0.239354
513,-0.209434,-0.239354,-0.239354
514,-0.209434,-0.239354,-0.239354
515,-0.209434,-0.239354,-0.239354
516,-0.209434,-0.269273,-0.239354
517,-0.239354,-0.299192,-0.269273
518,-0.239354,-0.299192,-0.269273
519,-0.239354,-0.269273,-0.269273
520,-0.209434,-0.269273,-0.269273
521,-0.179515,-0.239354,-0.239354
522,-0.179515,-0.209434,-0.209434
523,-0.179515,-0.209434,-0.209434
524,-0.179515,-0.209434,-0.209434
525,-0.179515,-0.209434,-0.209434
526,-0.179515,-0.209434,-0.209434
527,-0.179515,-0.209434,-0.209434
528,-0.179515,-0.239354,-0.209434
529,-0.179515,-0.239354,-0.209434
530,-0.179515,-0.239354,-0.239354
531,-0.179515,-0.239354,-0.239354
532,-0.179515,-0.209434,-0.209434
533,-0.119677,-0.179515,-0.179515
534,-0.149596,-0.179515,-0.179515
535,-0.149596,-0.209434,-0.209434
536,-0.179515,-0.239354,-0.209434
537,-0.209434,-0.239354,-0.239354
538,-0.209434,-0.269273,-0.269273
539,-0.209434,-0.269273,-0.239354
540,-0.209434,-0.269273,-0.239354
541,-0.209434,-0.269273,-0.239354
542,-0.209434,-0.269273,-0.239354
543,-0.209434,-0.269273,-0.239354
544,-0.209434,-0.239354,-0.239354
545,-0.209434,-0.239354,-0.239354
546,-0.209434,-0.239354,-0.239354
547,-0.209434,-0.239354,-0.239354
548,-0.209434,-0.269273,-0.269273
549,-0.239354,-0.299192,-0.299192
550,-0.239354,-0.299192,-0.269273
551,-0.239354,-0.269273,-0.269273
552,-0.209434,-0.269273,-0.269273
553,-0.179515,-0.239354,-0.239354
554,-0.179515,-0.209434,-0.209434
555,-0.179515,-0.209434,-0.209434
556,-0.179515,-0.209434,-0.209434
557,-0.179515,-0.209434,-0.209434
558,-0.179515,-0.209434,-0.209434
559,-0.179515,-0.209434,-0.209434
560,-0.179515,-0.239354,-0.209434
561,-0.179515,-0.239354,-0.209434
562,-0.179515,-0.239354,-0.239354
563,-0.179515,-0.239354,-0.239354
564,-0.179515,-0.209434,-0.209434
565,-0.149596,-0.179515,-0.179515
566,-0.149596,-0.179515,-0.179515
567,-0.149596,-0.209434,-0.209434
568,-0.179515,-0.209434,-0.209434
569,-0.209434,-0.239354,-0.239354
570,-0.209434,-0.269273,-0.239354
571,-0.209434,-0.269273,-0.239354
572,-0.209434,-0.269273,-0.239354
573,-0.209434,-0.269273,-0.239354
574,-0.209434,-0.269273,-0.239354
575,-0.209434,-0.269273,-0.239354
576,-0.209434,-0.239354,-0.239354
577,-0.209434,-0.239354,-0.239354
578,-0.209434,-0.239354,-0.239354
579,-0.209434,-0.239354,-0.239354
580,-0.209434,-0.269273,-0.269273
581,-0.239354,-0.299192,-0.299192
582,-0.239354,-0.299192,-0.269273
583,-0.239354,-0.269273,-0.269273
584,-0.209434,-0.269273,-0.269273
585,-0.179515,-0.239354,-0.239354
586,-0.179515,-0.209434,-0.209434
587,-0.179515,-0.209434,-0.209434
588,-0.179515,-0.209434,-0.209434
589,-0.179515,-0.209434,-0.209434
590,-0.179515,-0.209434,-0.209434
591,-0.179515,-0.209434,-0.209434
592,-0.179515,-0.239354,-0.239354
593,-0.179515,-0.239354,-0.239354
594,-0.179515,-0.239354,-0.239354
595,-0.179515,-0.239354,-0.239354
596,-0.179515,-0.209434,-0.209434
597,-0.119677,-0.179515,-0.179515
598,-0.149596,-0.179515,-0.179515
599,-0.149596,-0.209434,-0.209434
600,-0.179515,-0.239354,-0.209434
601,-0.209434,-0.239354,-0.239354
602,-0.209434,-0.269273,-0.239354
603,-0.209434,-0.269273,-0.239354
604,-0.209434,-0.269273,-0.239354
605,-0.209434,-0.269273,-0.239354
606,-0.209434,-0.269273,-0.239354
607,-0.209434,-0.269273,-0.239354
608,-0.209434,-0.239354,-0.239354
609,-0.209434,-0.239354,-0.239354
610,-0.209434,-0.239354,-0.239354
611,-0.209434,-0.239354,-0.239354
612,-0.209434,-0.269273,-0.269273
613,-0.239354,-0.299192,-0.299192
614,-0.239354,-0.299192,-0.269273
615,-0.239354,-0.269273,-0.269273
616,-0.209434,-0.269273,-0.269273
617,-0.179515,-0.239354,-0.239354
618,-0.179515,-0.209434,-0.209434
619,-0.179515,-0.209434,-0.209434
620,-0.179515,-0.209434,-0.209434
621,-0.179515,-0.209434,-0.209434
622,-0.179515,-0.209434,-0.209434
623,-0.179515,-0.209434,-0.209434
624,-0.179515,-0.239354,-0.209434
625,-0.179515,-0.239354,-0.239354
626,-0.179515,-0.239354,-0.239354
627,-0.179515,-0.239354,-0.239354
628,-0.179515,-0.209434,-0.209434
629,-0.149596,-0.179515,-0.179515
630,-0.149596,-0.179515,-0.179515
631,-0.149596,-0.209434,-0.209434
632,-0.179515,-0.209434,-0.209434
633,-0.209434,-0.239354,-0.239354
634,-0.209434,-0.269273,-0.269273
635,-0.209434,-0.269273,-0.269273
636,-0.209434,-0.269273,-0.269273
637,-0.209434,-0.269273,-0.269273
638,-0.209434,-0.269273,-0.239354
639,-0.209434,-0.239354,-0.239354
640,-0.209434,-0.239354,-0.239354
641,-0.209434,-0.239354,-0.239354
642,-0.209434,-0.239354,-0.239354
643,-0.209434,-0.239354,-0.239354
644,-0.209434,-0.269273,-0.269273
645,-0.239354,-0.299192,-0.299192
646,-0.239354,-0.299192,-0.269273
647,-0.239354,-0.269273,-0.269273
648,-0.209434,-0.269273,-0.239354
649,-0.179515,-0.239354,-0.239354
650,-0.179515,-0.239354,-0.209434
651,-0.179515,-0.209434,-0.209434
652,-0.179515,-0.209434,-0.209434
653,-0.179515,-0.209434,-0.209434
654,-0.179515,-0.209434,-0.209434
655,-0.179515,-0.239354,-0.209434
656,-0.179515,-0.239354,-0.209434
657,-0.179515,-0.239354,-0.239354
658,-0.179515,-0.239354,-0.239354
659,-0.179515,-0.239354,-0.239354
660,-0.179515,-0.209434,-0.209434
661,-0.119677,-0.179515,-0.179515
662,-0.149596,-0.179515,-0.179515
663,-0.179515,-0.209434,-0.209434
664,-0.179515,-0.209434,-0.209434
665,-0.209434,-0.239354,-0.239354
666,-0.209434,-0.269273,-0.239354
667,-0.209434,-0.269273,-0.239354
668,-0.209434,-0.269273,-0.269273
669,-0.209434,-0.269273,-0.239354
670,-0.209434,-0.269273,-0.269273
671,-0.209434,-0.269273,-0.269273
672,-0.209434,-0.239354,-0.239354
673,-0.209434,-0.239354,-0.239354
674,-0.209434,-0.239354,-0.239354
675,-0.209434,-0.239354,-0.239354
676,-0.209434,-0.269273,-0.269273
677,-0.239354,-0.299192,-0.299192
678,-0.239354,-0.299192,-0.269273
679,-0.239354,-0.269273,-0.269273
680,-0.209434,-0.269273,-0.269273
681,-0.209434,-0.239354,-0.239354
682,-0.179515,-0.239354,-0.209434
683,-0.179515,-0.209434,-0.209434
684,-0.179515,-0.209434,-0.209434
685,-0.179515,-0.209434,-0.209434
686,-0.179515,-0.209434,-0.209434
687,-0.179515,-0.239354,-0.209434
688,-0.179515,-0.239354,-0.209434
689,-0.179515,-0.239354,-0.239354
690,-0.179515,-0.239354,-0.239354
691,-0.179515,-0.239354,-0.239354
692,-0.179515,-0.209434,-0.209434
693,-0.149596,-0.179515,-0.179515
694,-0.149596,-0.179515,-0.179515
695,-0.179515,-0.209434,-0.209434
696,-0.179515,-0.239354,-0.209434
697,-0.209434,-0.239354,-0.239354
698,-0.209434,-0.269273,-0.239354
699,-0.209434,-0.269273,-0.269273
700,-0.209434,-0.269273,-0.269273
701,-0.209434,-0.269273,-0.239354
702,-0.209434,-0.269273,-0.239354
703,-0.209434,-0.269273,-0.239354
704,-0.209434,-0.239354,-0.239354
705,-0.209434,-0.239354,-0.239354
706,-0.209434,-0.239354,-0.239354
707,-0.209434,-0.239354,-0.239354
708,-0.209434,-0.269273,-0.269273
709,-0.239354,-0.299192,-0.299192
710,-0.239354,-0.299192,-0.269273
711,-0.239354,-0.269273,-0.269273
712,-0.209434,-0.269273,-0.269273
713,-0.179515,-0.239354,-0.239354
714,-0.179515,-0.239354,-0.209434
715,-0.179515,-0.209434,-0.209434
716,-0.179515,-0.209434,-0.209434
717,-0.179515,-0.209434,-0.209434
718,-0.179515,-0.209434,-0.209434
719,-0.179515,-0.209434,-0.209434
720,-0.179515,-0.239354,-0.209434
721,-0.179515,-0.239354,-0.239354
722,-0.179515,-0.239354,-0.239354
723,-0.179515,-0.239354,-0.239354
724,-0.179515,-0.209434,-0.209434
725,-0.119677,-0.179515,-0.179515
726,-0.149596,-0.179515,-0.179515
727,-0.149596,-0.209434,-0.209434
728,-0.179515,-0.209434,-0.209434
729,-0.209434,-0.239354,-0.239354
730,-0.209434,-0.269273,-0.239354
731,-0.209434,-0.269273,-0.269273
732,-0.209434,-0.269273,-0.239354
733,-0.209434,-0.239354,-0.239354
734,-0.209434,-0.269273,-0.269273
735,-0.209434,-0.269273,-0.239354
736,-0.209434,-0.239354,-0.239354
737,-0.209434,-0.239354,-0.239354
738,-0.209434,-0.239354,-0.239354
739,-0.209434,-0.239354,-0.239354
740,-0.239354,-0.269273,-0.269273
741,-0.239354,-0.299192,-0.299192
742,-0.239354,-0.299192,-0.269273
743,-0.239354,-0.269273,-0.269273
744,-0.209434,-0.269273,-0.239354
745,-0.179515,-0.239354,-0.209434
746,-0.179515,-0.209434,-0.209434
747,-0.179515,-0.209434,-0.209434
748,-0.179515,-0.209434,-0.209434
749,-0.179515,-0.209434,-0.209434
750,-0.179515,-0.209434,-0.209434
751,-0.179515,-0.209434,-0.209434
752,-0.179515,-0.239354,-0.209434
753,-0.179515,-0.239354,-0.239354
754,-0.209434,-0.239354,-0.239354
755,-0.179515,-0.239354,-0.239354
756,-0.179515,-0.209434,-0.209434
757,-0.149596,-0.179515,-0.179515
758,-0.149596,-0.179515,-0.179515
759,-0.179515,-0.209434,-0.209434
760,-0.179515,-0.209434,-0.209434
761,-0.209434,-0.239354,-0.239354
762,-0.209434,-0.269273,-0.239354
763,-0.209434,-0.269273,-0.269273
764,-0.209434,-0.269273,-0.239354
765,-0.209434,-0.269273,-0.239354
766,-0.209434,-0.269273,-0.269273
767,-0.209434,-0.239354,-0.239354
768,-0.209434,-0.239354,-0.239354
769,-0.209434,-0.239354,-0.239354
770,-0.209434,-0.239354,-0.239354
771,-0.209434,-0.239354,-0.239354
772,-0.209434,-0.269273,-0.269273
773,-0.239354,-0.299192,-0.299192
774,-0.239354,-0.269273,-0.269273
775,-0.239354,-0.269273,-0.269273
776,-0.209434,-0.239354,-0.239354
777,-0.179515,-0.239354,-0.239354
778,-0.179515,-0.209434,-0.209434
779,-0.179515,-0.209434,-0.209434
780,-0.179515,-0.209434,-0.209434
781,-0.179515,-0.209434,-0.209434
782,-0.179515,-0.209434,-0.209434
783,-0.179515,-0.239354,-0.209434
784,-0.179515,-0.239354,-0.209434
785,-0.179515,-0.239354,-0.239354
786,-0.179515,-0.239354,-0.239354
787,-0.179515,-0.239354,-0.239354
788,-0.149596,-0.209434,-0.209434
789,-0.119677,-0.179515,-0.179515
790,-0.149596,-0.179515,-0.179515
791,-0.149596,-0.209434,-0.209434
792,-0.179515,-0.239354,-0.209434
793,-0.209434,-0.239354,-0.239354
794,-0.209434,-0.269273,-0.239354
795,-0.209434,-0.269273,-0.239354
796,-0.209434,-0.269273,-0.239354
797,-0.209434,-0.269273,-0.239354
798,-0.209434,-0.269273,-0.269273
799,-0.209434,-0.269273,-0.239354
800,-0.209434,-0.239354,-0.239354
801,-0.209434,-0.239354,-0.239354
802,-0.209434,-0.239354,-0.239354
803,-0.209434,-0.239354,-0.239354
804,-0.239354,-0.269273,-0.269273
805,-0.269273,-0.299192,-0.299192
806,-0.239354,-0.269273,-0.269273
807,-0.239354,-0.269273,-0.269273
808,-0.209434,-0.269273,-0.269273
809,-0.179515,-0.239354,-0.239354
810,-0.179515,-0.209434,-0.209434
811,-0.179515,-0.209434,-0.209434
812,-0.179515,-0.209434,-0.209434
813,-0.179515,-0.239354,-0.209434
814,-0.179515,-0.209434,-0.209434
815,-0.179515,-0.209434,-0.209434
816,-0.179515,-0.209434,-0.209434
817,-0.179515,-0.239354,-0.239354
818,-0.179515,-0.239354,-0.239354
819,-0.179515,-0.239354,-0.239354
820,-0.179515,-0.209434,-0.209434
821,-0.119677,-0.179515,-0.179515
822,-0.149596,-0.179515,-0.179515
823,-0.149596,-0.209434,-0.209434
824,-0.179515,-0.239354,-0.209434
825,-0.209434,-0.239354,-0.239354
826,-0.209434,-0.269273,-0.269273
827,-0.209434,-0.269273,-0.269273
828,-0.209434,-0.269273,-0.239354
829,-0.209434,-0.269273,-0.239354
830,-0.209434,-0.269273,-0.239354
831,-0.209434,-0.269273,-0.239354
832,-0.209434,-0.239354,-0.239354
833,-0.209434,-0.239354,-0.239354
834,-0.209434,-0.239354,-0.239354
835,-0.209434,-0.239354,-0.239354
836,-0.209434,-0.269273,-0.269273
837,-0.239354,-0.299192,-0.299192
838,-0.239354,-0.299192,-0.269273
839,-0.239354,-0.269273,-0.269273
840,-0.209434,-0.239354,-0.239354
841,-0.179515,-0.239354,-0.209434
842,-0.179515,-0.239354,-0.209434
843,-0.179515,-0.209434,-0.209434
844,-0.179515,-0.209434,-0.209434
845,-0.179515,-0.209434,-0.209434
846,-0.179515,-0.209434,-0.209434
847,-0.179515,-0.209434,-0.209434
848,-0.179515,-0.239354,-0.209434
849,-0.179515,-0.239354,-0.239354
850,-0.179515,-0.239354,-0.239354
851,-0.179515,-0.239354,-0.239354
852,-0.149596,-0.209434,-0.209434
853,-0.119677,-0.179515,-0.179515
854,-0.149596,-0.179515,-0.179515
855,-0.149596,-0.209434,-0.209434
856,-0.179515,-0.239354,-0.209434
857,-0.209434,-0.239354,-0.239354
858,-0.209434,-0.269273,-0.239354
859,-0.209434,-0.269273,-0.239354
860,-0.209434,-0.269273,-0.239354
861,-0.209434,-0.269273,-0.239354
862,-0.209434,-0.269273,-0.239354
863,-0.209434,-0.269273,-0.239354
864,-0.209434,-0.239354,-0.239354
865,-0.209434,-0.239354,-0.239354
866,-0.209434,-0.239354,-0.239354
867,-0.209434,-0.239354,-0.239354
868,-0.209434,-0.269273,-0.269273
869,-0.239354,-0.299192,-0.299192
870,-0.239354,-0.269273,-0.269273
871,-0.239354,-0.269273,-0.269273
872,-0.209434,-0.239354,-0.239354
873,-0.179515,-0.239354,-0.239354
874,-0.179515,-0.209434,-0.209434
875,-0.179515,-0.209434,-0.209434
876,-0.179515,-0.209434,-0.209434
877,-0.179515,-0.209434,-0.209434
878,-0.179515,-0.209434,-0.209434
879,-0.179515,-0.209434,-0.209434
880,-0.179515,-0.239354,-0.209434
881,-0.179515,-0.239354,-0.239354
882,-0.179515,-0.239354,-0.239354
883,-0.179515,-0.239354,-0.239354
884,-0.149596,-0.209434,-0.209434
885,-0.119677,-0.179515,-0.179515
886,-0.149596,-0.209434,-0.179515
887,-0.179515,-0.209434,-0.209434
888,-0.179515,-0.239354,-0.209434
889,-0.209434,-0.239354,-0.239354
890,-0.209434,-0.269273,-0.239354
891,-0.209434,-0.269273,-0.239354
892,-0.209434,-0.269273,-0.239354
893,-0.209434,-0.269273,-0.239354
894,-0.209434,-0.269273,-0.269273
895,-0.209434,-0.269273,-0.239354
896,-0.209434,-0.239354,-0.239354
897,-0.209434,-0.239354,-0.239354
898,-0.209434,-0.239354,-0.239354
899,-0.209434,-0.239354,-0.239354
900,-0.239354,-0.269273,-0.269273
901,-0.239354,-0.299192,-0.299192
902,-0.239354,-0.299192,-0.269273
903,-0.239354,-0.269273,-0.269273
904,-0.209434,-0.269273,-0.239354
905,-0.179515,-0.239354,-0.239354
906,-0.179515,-0.209434,-0.209434
907,-0.179515,-0.209434,-0.209434
908,-0.179515,-0.209434,-0.209434
909,-0.179515,-0.209434,-0.209434
910,-0.179515,-0.209434,-0.209434
911,-0.179515,-0.239354,-0.209434
912,-0.179515,-0.239354,-0.209434
913,-0.179515,-0.239354,-0.239354
914,-0.179515,-0.239354,-0.239354
915,-0.179515,-0.239354,-0.209434
916,-0.149596,-0.209434,-0.209434
917,-0.149596,-0.179515,-0.179515
918,-0.149596,-0.209434,-0.179515
919,-0.149596,-0.209434,-0.209434
920,-0.179515,-0.239354,-0.239354
921,-0.209434,-0.239354,-0.239354
922,-0.209434,-0.269273,-0.239354
923,-0.209434,-0.269273,-0.239354
924,-0.209434,-0.269273,-0.239354
925,-0.209434,-0.269273,-0.239354
926,-0.209434,-0.269273,-0.239354
927,-0.209434,-0.239354,-0.239354
928,-0.209434,-0.239354,-0.239354
929,-0.209434,-0.239354,-0.239354
930,-0.209434,-0.239354,-0.239354
931,-0.209434,-0.239354,-0.239354
932,-0.239354,-0.269273,-0.269273
933,-0.239354,-0.299192,-0.299192
934,-0.239354,-0.269273,-0.269273
935,-0.239354,-0.269273,-0.269273
936,-0.209434,-0.269273,-0.239354
937,-0.179515,-0.239354,-0.239354
938,-0.179515,-0.209434,-0.209434
939,-0.179515,-0.209434,-0.209434
940,-0.179515,-0.209434,-0.209434
941,-0.179515,-0.209434,-0.209434
942,-0.179515,-0.209434,-0.209434
943,-0.179515,-0.209434,-0.209434
944,-0.179515,-0.239354,-0.239354
945,-0.179515,-0.239354,-0.239354
946,-0.179515,-0.239354,-0.239354
947,-0.179515,-0.239354,-0.209434
948,-0.149596,-0.209434,-0.209434
949,-0.119677,-0.179515,-0.179515
950,-0.149596,-0.179515,-0.179515
951,-0.179515,-0.209434,-0.209434
952,-0.179515,-0.239354,-0.239354
953,-0.209434,-0.239354,-0.239354
954,-0.209434,-0.269273,-0.239354
955,-0.209434,-0.269273,-0.239354
956,-0.209434,-0.269273,-0.239354
957,-0.209434,-0.269273,-0.239354
958,-0.209434,-0.269273,-0.239354
959,-0.209434,-0.239354,-0.239354
960,-0.209434,-0.239354,-0.239354
961,-0.209434,-0.239354,-0.239354
962,-0.209434,-0.239354,-0.239354
963,-0.209434,-0.239354,-0.239354
964,-0.239354,-0.269273,-0.269273
965,-0.239354,-0.299192,-0.299192
966,-0.239354,-0.299192,-0.269273
967,-0.209434,-0.269273,-0.269273
968,-0.209434,-0.239354,-0.239354
969,-0.179515,-0.239354,-0.209434
970,-0.179515,-0.239354,-0.209434
971,-0.179515,-0.209434,-0.209434
972,-0.179515,-0.209434,-0.209434
973,-0.179515,-0.209434,-0.209434
974,-0.179515,-0.209434,-0.209434
975,-0.179515,-0.209434,-0.209434
976,-0.179515,-0.239354,-0.209434
977,-0.179515,-0.239354,-0.209434
978,-0.179515,-0.239354,-0.239354
979,-0.179515,-0.239354,-0.239354
980,-0.149596,-0.209434,-0.209434
981,-0.119677,-0.179515,-0.179515
982,-0.149596,-0.209434,-0.179515
983,-0.149596,-0.209434,-0.209434
984,-0.179515,-0.239354,-0.209434
985,-0.209434,-0.239354,-0.239354
986,-0.209434,-0.239354,-0.269273
987,-0.209434,-0.269273,-0.269273
988,-0.209434,-0.269273,-0.239354
989,-0.209434,-0.269273,-0.239354
990,-0.209434,-0.269273,-0.239354
991,-0.209434,-0.269273,-0.239354
992,-0.209434,-0.239354,-0.239354
993,-0.209434,-0.239354,-0.239354
994,-0.209434,-0.239354,-0.239354
995,-0.209434,-0.239354,-0.239354
996,-0.239354,-0.269273,-0.269273
997,-0.239354,-0.299192,-0.299192
998,-0.239354,-0.299192,-0.269273
999,-0.239354,-0.269273,-0.269273
1000,-0.209434,-0.269273,-0.239354
1001,-0.179515,-0.239354,-0.239354
1002,-0.179515,-0.239354,-0.209434
1003,-0.179515,-0.209434,-0.209434
1004,-0.179515,-0.209434,-0.209434
1005,-0.179515,-0.209434,-0.209434
1006,-0.179515,-0.209434,-0.209434
1007,-0.179515,-0.239354,-0.209434
1008,-0.179515,-0.239354,-0.239354
1009,-0.179515,-0.239354,-0.209434
1010,-0.179515,-0.239354,-0.239354
1011,-0.179515,-0.239354,-0.239354
1012,-0.149596,-0.209434,-0.209434
1013,-0.119677,-0.179515,-0.179515
1014,-0.149596,-0.209434,-0.179515
1015,-0.149596,-0.209434,-0.209434
1016,-0.179515,-0.239354,-0.239354
1017,-0.209434,-0.239354,-0.239354
1018,-0.209434,-0.269273,-0.239354
1019,-0.209434,-0.269273,-0.239354
1020,-0.209434,-0.269273,-0.269273
1021,-0.209434,-0.269273,-0.269273
1022,-0.209434,-0.269273,-0.269273
1023,-0.209434,-0.239354,-0.239354
1024,-0.209434,-0.239354,-0.239354
1025,-0.209434,-0.239354,-0.239354
1026,-0.209434,-0.239354,-0.239354
1027,-0.209434,-0.239354,-0.239354
1028,-0.239354,-0.269273,-0.269273
1029,-0.269273,-0.299192,-0.299192
1030,-0.239354,-0.269273,-0.269273
1031,-0.209434,-0.269273,-0.269273
1032,-0.209434,-0.239354,-0.239354
1033,-0.179515,-0.239354,-0.239354
1034,-0.179515,-0.209434,-0.209434
1035,-0.179515,-0.209434,-0.209434
1036,-0.179515,-0.209434,-0.209434
1037,-0.179515,-0.209434,-0.209434
1038,-0.179515,-0.209434,-0.209434
1039,-0.179515,-0.239354,-0.209434
1040,-0.179515,-0.239354,-0.209434
1041,-0.179515,-0.239354,-0.239354
1042,-0.179515,-0.239354,-0.239354
1043,-0.179515,-0.239354,-0.239354
1044,-0.149596,-0.209434,-0.179515
1045,-0.119677,-0.179515,-0.179515
1046,-0.149596,-0.179515,-0.179515
1047,-0.149596,-0.209434,-0.209434
1048,-0.179515,-0.239354,-0.209434
1049,-0.209434,-0.239354,-0.239354
1050,-0.209434,-0.269273,-0.239354
1051,-0.209434,-0.269273,-0.269273
1052,-0.209434,-0.269273,-0.239354
1053,-0.209434,-0.269273,-0.239354
1054,-0.209434,-0.269273,-0.269273
1055,-0.209434,-0.269273,-0.239354
1056,-0.209434,-0.239354,-0.239354
1057,-0.209434,-0.239354,-0.239354
1058,-0.209434,-0.239354,-0.239354
1059,-0.209434,-0.239354,-0.239354
1060,-0.239354,-0.269273,-0.269273
1061,-0.239354,-0.299192,-0.299192
1062,-0.239354,-0.269273,-0.269273
1063,-0.209434,-0.269273,-0.269273
1064,-0.209434,-0.239354,-0.239354
1065,-0.179515,-0.239354,-0.239354
1066,-0.179515,-0.209434,-0.209434
1067,-0.179515,-0.209434,-0.209434
1068,-0.179515,-0.209434,-0.209434
1069,-0.179515,-0.209434,-0.209434
1070,-0.179515,-0.209434,-0.209434
1071,-0.179515,-0.239354,-0.209434
1072,-0.179515,-0.239354,-0.239354
1073,-0.179515,-0.239354,-0.209434
1074,-0.179515,-0.239354,-0.239354
1075,-0.179515,-0.239354,-0.239354
1076,-0.149596,-0.209434,-0.179515
1077,-0.119677,-0.179515,-0.179515
1078,-0.149596,-0.209434,-0.179515
1079,-0.179515,-0.209434,-0.209434
1080,-0.179515,-0.239354,-0.239354
1081,-0.209434,-0.269273,-0.239354
1082,-0.209434,-0.269273,-0.239354
1083,-0.209434,-0.269273,-0.269273
1084,-0.209434,-0.269273,-0.239354
1085,-0.209434,-0.239354,-0.269273
1086,-0.209434,-0.269273,-0.269273
1087,-0.209434,-0.269273,-0.239354
1088,-0.209434,-0.239354,-0.239354
1089,-0.209434,-0.239354,-0.239354
1090,-0.209434,-0.239354,-0.239354
1091,-0.209434,-0.239354,-0.239354
1092,-0.239354,-0.269273,-0.269273
1093,-0.239354,-0.299192,-0.299192
1094,-0.239354,-0.299192,-0.269273
1095,-0.239354,-0.269273,-0.269273
1096,-0.209434,-0.239354,-0.239354
1097,-0.179515,-0.239354,-0.209434
1098,-0.179515,-0.209434,-0.209434
1099,-0.179515,-0.209434,-0.209434
1100,-0.179515,-0.209434,-0.209434
1101,-0.179515,-0.209434,-0.209434
1102,-0.179515,-0.209434,-0.209434
1103,-0.179515,-0.239354,-0.209434
1104,-0.179515,-0.239354,-0.209434
1105,-0.179515,-0.239354,-0.239354
1106,-0.179515,-0.239354,-0.239354
1107,-0.179515,-0.239354,-0.239354
1108,-0.149596,-0.209434,-0.209434
1109,-0.119677,-0.179515,-0.179515
1110,-0.149596,-0.209434,-0.179515
1111,-0.149596,-0.209434,-0.209434
1112,-0.179515,-0.239354,-0.239354
1113,-0.209434,-0.269273,-0.239354
1114,-0.209434,-0.269273,-0.239354
1115,-0.209434,-0.269273,-0.269273
1116,-0.209434,-0.269273,-0.239354
1117,-0.209434,-0.269273,-0.239354
1118,-0.209434,-0.269273,-0.239354
1119,-0.209434,-0.269273,-0.239354
1120,-0.209434,-0.239354,-0.239354
1121,-0.209434,-0.239354,-0.239354
1122,-0.209434,-0.239354,-0.239354
1123,-0.209434,-0.239354,-0.239354
1124,-0.239354,-0.269273,-0.269273
1125,-0.239354,-0.299192,-0.299192
1126,-0.239354,-0.269273,-0.269273
1127,-0.239354,-0.269273,-0.269273
1128,-0.209434,-0.239354,-0.239354
1129,-0.179515,-0.239354,-0.209434
1130,-0.179515,-0.209434,-0.209434
1131,-0.179515,-0.209434,-0.209434
1132,-0.179515,-0.209434,-0.209434
1133,-0.179515,-0.209434,-0.209434
1134,-0.179515,-0.209434,-0.209434
1135,-0.179515,-0.239354,-0.209434
1136,-0.179515,-0.239354,-0.239354
1137,-0.179515,-0.239354,-0.239354
1138,-0.179515,-0.239354,-0.209434
1139,-0.179515,-0.239354,-0.209434
1140,-0.149596,-0.209434,-0.209434
1141,-0.119677,-0.179515,-0.179515
1142,-0.149596,-0.209434,-0.179515
1143,-0.149596,-0.209434,-0.209434
1144,-0.179515,-0.239354,-0.239354
1145,-0.209434,-0.269273,-0.239354
1146,-0.209434,-0.269273,-0.239354
1147,-0.209434,-0.269273,-0.269273
1148,-0.209434,-0.269273,-0.239354
1149,-0.209434,-0.269273,-0.239354
1150,-0.209434,-0.269273,-0.239354
1151,-0.209434,-0.239354,-0.239354
1152,-0.209434,-0.239354,-0.239354
1153,-0.209434,-0.239354,-0.239354
1154,-0.209434,-0.239354,-0.239354
1155,-0.209434,-0.239354,-0.239354
1156,-0.239354,-0.269273,-0.269273
1157,-0.239354,-0.299192,-0.299192
1158,-0.239354,-0.269273,-0.269273
1159,-0.209434,-0.269273,-0.269273
1160,-0.209434,-0.239354,-0.239354
1161,-0.179515,-0.239354,-0.209434
1162,-0.179515,-0.209434,-0.209434
1163,-0.179515,-0.209434,-0.209434
1164,-0.179515,-0.209434,-0.209434
1165,-0.179515,-0.209434,-0.209434
1166,-0.179515,-0.209434,-0.209434
1167,-0.179515,-0.209434,-0.209434
1168,-0.179515,-0.239354,-0.209434
1169,-0.179515,-0.239354,-0.239354
1170,-0.179515,-0.239354,-0.239354
1171,-0.179515,-0.239354,-0.239354
1172,-0.149596,-0.209434,-0.179515
1173,-0.119677,-0.179515,-0.179515
1174,-0.149596,-0.209434,-0.179515
1175,-0.179515,-0.209434,-0.209434
1176,-0.179515,-0.239354,-0.239354
1177,-0.209434,-0.239354,-0.239354
1178,-0.209434,-0.269273,-0.269273
1179,-0.209434,-0.239354,-0.239354
1180,-0.209434,-0.239354,-0.239354
1181,-0.209434,-0.269273,-0.239354
1182,-0.209434,-0.269273,-0.239354
1183,-0.209434,-0.269273,-0.239354
1184,-0.209434,-0.239354,-0.239354
1185,-0.209434,-0.239354,-0.239354
1186,-0.209434,-0.239354,-0.239354
1187,-0.209434,-0.239354,-0.239354
1188,-0.239354,-0.269273,-0.269273
1189,-0.239354,-0.299192,-0.299192
1190,-0.239354,-0.269273,-0.269273
1191,-0.239354,-0.269273,-0.269273
1192,-0.209434,-0.239354,-0.239354
1193,-0.179515,-0.239354,-0.209434
1194,-0.179515,-0.209434,-0.209434
1195,-0.179515,-0.209434,-0.209434
1196,-0.179515,-0.209434,-0.209434
1197,-0.179515,-0.209434,-0.209434
1198,-0.179515,-0.209434,-0.209434
1199,-0.179515,-0.239354,-0.209434
1200,-0.179515,-0.239354,-0.239354
1201,-0.179515,-0.239354,-0.239354
1202,-0.179515,-0.239354,-0.239354
1203,-0.179515,-0.239354,-0.239354
1204,-0.149596,-0.179515,-0.179515
1205,-0.119677,-0.179515,-0.179515
1206,-0.149596,-0.209434,-0.179515
1207,-0.179515,-0.209434,-0.209434
1208,-0.179515,-0.239354,-0.239354
1209,-0.209434,-0.239354,-0.239354
1210,-0.209434,-0.269273,-0.269273
1211,-0.209434,-0.269273,-0.239354
1212,-0.209434,-0.239354,-0.239354
1213,-0.209434,-0.269273,-0.239354
1214,-0.209434,-0.269273,-0.269273
1215,-0.209434,-0.239354,-0.239354
1216,-0.209434,-0.239354,-0.239354
1217,-0.209434,-0.239354,-0.239354
1218,-0.209434,-0.239354,-0.239354
1219,-0.209434,-0.239354,-0.239354
1220,-0.239354,-0.269273,-0.269273
1221,-0.239354,-0.299192,-0.269273
1222,-0.239354,-0.269273,-0.269273
1223,-0.209434,-0.269273,-0.269273
1224,-0.209434,-0.239354,-0.239354
1225,-0.179515,-0.239354,-0.209434
1226,-0.179515,-0.209434,-0.209434
1227,-0.179515,-0.209434,-0.209434
1228,-0.179515,-0.209434,-0.209434
1229,-0.179515,-0.209434,-0.209434
1230,-0.179515,-0.209434,-0.209434
1231,-0.179515,-0.239354,-0.239354
1232,-0.179515,-0.239354,-0.239354
1233,-0.179515,-0.239354,-0.239354
1234,-0.179515,-0.239354,-0.209434
1235,-0.179515,-0.239354,-0.239354
1236,-0.149596,-0.209434,-0.179515
1237,-0.119677,-0.179515,-0.179515
1238,-0.149596,-0.209434,-0.209434
1239,-0.179515,-0.209434,-0.209434
1240,-0.179515,-0.239354,-0.239354
1241,-0.209434,-0.269273,-0.239354
1242,-0.209434,-0.269273,-0.239354
1243,-0.209434,-0.239354,-0.239354
1244,-0.209434,-0.239354,-0.239354
1245,-0.209434,-0.269273,-0.269273
1246,-0.209434,-0.269273,-0.269273
1247,-0.209434,-0.269273,-0.239354
1248,-0.209434,-0.239354,-0.239354
1249,-0.209434,-0.239354,-0.239354
1250,-0.209434,-0.239354,-0.239354
1251,-0.209434,-0.239354,-0.239354
1252,-0.239354,-0.269273,-0.269273
1253,-0.269273,-0.299192,-0.299192
1254,-0.239354,-0.269273,-0.269273
1255,-0.239354,-0.269273,-0.269273
1256,-0.209434,-0.239354,-0.239354
1257,-0.179515,-0.209434,-0.209434
1258,-0.179515,-0.209434,-0.209434
1259,-0.179515,-0.209434,-0.209434
1260,-0.179515,-0.209434,-0.209434
1261,-0.179515,-0.239354,-0.209434
1262,-0.179515,-0.209434,-0.209434
1263,-0.179515,-0.239354,-0.209434
1264,-0.179515,-0.239354,-0.209434
1265,-0.179515,-0.239354,-0.239354
1266,-0.179515,-0.239354,-0.239354
1267,-0.179515,-0.239354,-0.239354
1268,-0.149596,-0.209434,-0.179515
1269,-0.119677,-0.179515,-0.179515
1270,-0.149596,-0.209434,-0.179515
1271,-0.179515,-0.209434,-0.209434
1272,-0.179515,-0.239354,-0.239354
1273,-0.209434,-0.239354,-0.239354
1274,-0.209434,-0.269273,-0.239354
1275,-0.209434,-0.269273,-0.239354
1276,-0.209434,-0.239354,-0.239354
1277,-0.209434,-0.269273,-0.239354
1278,-0.209434,-0.269273,-0.239354
1279,-0.209434,-0.239354,-0.239354
1280,-0.209434,-0.239354,-0.239354
1281,-0.209434,-0.239354,-0.239354
1282,-0.209434,-0.239354,-0.239354
1283,-0.209434,-0.239354,-0.239354
1284,-0.239354,-0.299192,-0.269273
1285,-0.239354,-0.299192,-0.299192
1286,-0.239354,-0.269273,-0.269273
1287,-0.209434,-0.269273,-0.269273
1288,-0.209434,-0.239354,-0.239354
1289,-0.179515,-0.239354,-0.209434
1290,-0.179515,-0.209434,-0.209434
1291,-0.179515,-0.209434,-0.209434
1292,-0.179515,-0.209434,-0.209434
1293,-0.179515,-0.209434,-0.209434
1294,-0.179515,-0.209434,-0.209434
1295,-0.179515,-0.209434,-0.209434
1296,-0.179515,-0.239354,-0.209434
1297,-0.179515,-0.239354,-0.239354
1298,-0.179515,-0.239354,-0.239354
1299,-0.179515,-0.239354,-0.239354
1300,-0.149596,-0.179515,-0.179515
1301,-0.149596,-0.179515,-0.179515
1302,-0.149596,-0.209434,-0.179515
1303,-0.149596,-0.209434,-0.209434
1304,-0.179515,-0.239354,-0.239354
1305,-0.209434,-0.269273,-0.269273
1306,-0.209434,-0.269273,-0.269273
1307,-0.209434,-0.269273,-0.269273
1308,-0.209434,-0.269273,-0.239354
1309,-0.209434,-0.269273,-0.239354
1310,-0.209434,-0.269273,-0.269273
1311,-0.209434,-0.269273,-0.239354
1312,-0.209434,-0.239354,-0.239354
1313,-0.209434,-0.239354,-0.239354
1314,-0.209434,-0.239354,-0.239354
1315,-0.209434,-0.239354,-0.239354
1316,-0.239354,-0.299192,-0.269273
1317,-0.239354,-0.299192,-0.299192
1318,-0.239354,-0.269273,-0.269273
1319,-0.239354,-0.269273,-0.269273
1320,-0.209434,-0.239354,-0.239354
1321,-0.179515,-0.239354,-0.209434
1322,-0.179515,-0.209434,-0.209434
1323,-0.179515,-0.209434,-0.209434
1324,-0.179515,-0.209434,-0.209434
1325,-0.179515,-0.209434,-0.209434
1326,-0.179515,-0.209434,-0.209434
1327,-0.179515,-0.239354,-0.209434
1328,-0.179515,-0.239354,-0.239354
1329,-0.179515,-0.239354,-0.239354
1330,-0.179515,-0.239354,-0.239354
1331,-0.179515,-0.239354,-0.239354
1332,-0.149596,-0.179515,-0.179515
1333,-0.119677,-0.179515,-0.179515
1334,-0.149596,-0.209434,-0.209434
1335,-0.179515,-0.209434,-0.209434
1336,-0.179515,-0.239354,-0.239354
1337,-0.209434,-0.239354,-0.239354
1338,-0.209434,-0.269273,-0.269273
1339,-0.209434,-0.269273,-0.239354
1340,-0.209434,-0.269273,-0.269273
1341,-0.209434,-0.269273,-0.269273
1342,-0.209434,-0.269273,-0.239354
1343,-0.209434,-0.239354,-0.239354
1344,-0.209434,-0.239354,-0.239354
1345,-0.209434,-0.239354,-0.239354
1346,-0.209434,-0.239354,-0.239354
1347,-0.209434,-0.239354,-0.239354
1348,-0.239354,-0.299192,-0.299192
1349,-0.239354,-0.299192,-0.299192
1350,-0.239354,-0.269273,-0.269273
1351,-0.209434,-0.269273,-0.269273
1352,-0.209434,-0.239354,-0.239354
1353,-0.179515,-0.239354,-0.209434
1354,-0.179515,-0.239354,-0.209434
1355,-0.179515,-0.209434,-0.209434
1356,-0.179515,-0.209434,-0.209434
1357,-0.179515,-0.209434,-0.209434
1358,-0.179515,-0.209434,-0.209434
1359,-0.179515,-0.239354,-0.209434
1360,-0.179515,-0.239354,-0.239354
1361,-0.179515,-0.239354,-0.239354
1362,-0.179515,-0.239354,-0.239354
1363,-0.179515,-0.239354,-0.239354
1364,-0.149596,-0.179515,-0.179515
1365,-0.149596,-0.179515,-0.179515
1366,-0.149596,-0.209434,-0.209434
1367,-0.179515,-0.209434,-0.209434
1368,-0.209434,-0.239354,-0.239354
1369,-0.209434,-0.269273,-0.239354
1370,-0.209434,-0.269273,-0.239354
1371,-0.209434,-0.269273,-0.269273
1372,-0.209434,-0.269273,-0.239354
1373,-0.209434,-0.269273,-0.269273
1374,-0.209434,-0.269273,-0.239354
1375,-0.209434,-0.239354,-0.239354
1376,-0.209434,-0.239354,-0.239354
1377,-0.209434,-0.239354,-0.239354
1378,-0.209434,-0.239354,-0.239354
1379,-0.209434,-0.239354,-0.239354
1380,-0.239354,-0.269273,-0.269273
1381,-0.239354,-0.299192,-0.299192
1382,-0.239354,-0.269273,-0.269273
1383,-0.209434,-0.269273,-0.269273
1384,-0.209434,-0.239354,-0.239354
1385,-0.179515,-0.239354,-0.209434
1386,-0.179515,-0.209434,-0.209434
1387,-0.179515,-0.209434,-0.209434
1388,-0.179515,-0.209434,-0.209434
1389,-0.179515,-0.209434,-0.209434
1390,-0.179515,-0.239354,-0.209434
1391,-0.179515,-0.239354,-0.239354
1392,-0.179515,-0.239354,-0.239354
1393,-0.179515,-0.239354,-0.239354
1394,-0.179515,-0.239354,-0.239354
1395,-0.179515,-0.239354,-0.239354
1396,-0.149596,-0.179515,-0.179515
1397,-0.119677,-0.179515,-0.179515
1398,-0.149596,-0.209434,-0.209434
1399,-0.179515,-0.209434,-0.209434
1400,-0.209434,-0.239354,-0.239354
1401,-0.209434,-0.269273,-0.239354
1402,-0.209434,-0.269273,-0.269273
1403,-0.209434,-0.269273,-0.269273
1404,-0.209434,-0.269273,-0.269273
1405,-0.209434,-0.269273,-0.269273
1406,-0.209434,-0.269273,-0.239354
1407,-0.209434,-0.239354,-0.239354
1408,-0.209434,-0.239354,-0.239354
1409,-0.209434,-0.239354,-0.239354
1410,-0.209434,-0.239354,-0.239354
1411,-0.209434,-0.239354,-0.239354
1412,-0.239354,-0.299192,-0.299192
1413,-0.239354,-0.299192,-0.299192
1414,-0.239354,-0.269273,-0.269273
1415,-0.209434,-0.269273,-0.269273
1416,-0.209434,-0.239354,-0.239354
1417,-0.179515,-0.239354,-0.209434
1418,-0.179515,-0.239354,-0.209434
1419,-0.179515,-0.209434,-0.209434
1420,-0.179515,-0.209434,-0.209434
1421,-0.179515,-0.209434,-0.209434
1422,-0.179515,-0.209434,-0.209434
1423,-0.179515,-0.239354,-0.209434
1424,-0.179515,-0.239354,-0.209434
1425,-0.179515,-0.239354,-0.239354
1426,-0.179515,-0.239354,-0.239354
1427,-0.179515,-0.239354,-0.239354
1428,-0.149596,-0.179515,-0.179515
1429,-0.149596,-0.179515,-0.179515
1430,-0.149596,-0.209434,-0.209434
1431,-0.179515,-0.209434,-0.209434
1432,-0.179515,-0.239354,-0.239354
1433,-0.209434,-0.269273,-0.239354
1434,-0.209434,-0.269273,-0.239354
1435,-0.209434,-0.269273,-0.239354
1436,-0.209434,-0.269273,-0.239354
1437,-0.209434,-0.269273,-0.239354
1438,-0.209434,-0.269273,-0.239354
1439,-0.209434,-0.239354,-0.239354
1440,-0.209434,-0.239354,-0.239354
1441,-0.209434,-0.239354,-0.239354
1442,-0.209434,-0.239354,-0.239354
1443,-0.209434,-0.239354,-0.239354
1444,-0.239354,-0.299192,-0.269273
1445,-0.239354,-0.299192,-0.299192
1446,-0.239354,-0.269273,-0.269273
1447,-0.209434,-0.269273,-0.269273
1448,-0.209434,-0.239354,-0.239354
1449,-0.179515,-0.239354,-0.209434
1450,-0.179515,-0.209434,-0.209434
1451,-0.179515,-0.209434,-0.209434
1452,-0.179515,-0.239354,-0.209434
1453,-0.179515,-0.209434,-0.209434
1454,-0.179515,-0.209434,-0.209434
1455,-0.179515,-0.239354,-0.209434
1456,-0.179515,-0.239354,-0.239354
1457,-0.179515,-0.239354,-0.239354
1458,-0.179515,-0.239354,-0.239354
1459,-0.179515,-0.239354,-0.209434
1460,-0.149596,-0.179515,-0.179515
1461,-0.119677,-0.179515,-0.179515
1462,-0.149596,-0.209434,-0.209434
1463,-0.179515,-0.209434,-0.209434
1464,-0.179515,-0.239354,-0.239354
1465,-0.209434,-0.269273,-0.239354
1466,-0.209434,-0.269273,-0.239354
1467,-0.209434,-0.269273,-0.239354
1468,-0.209434,-0.269273,-0.239354
1469,-0.209434,-0.269273,-0.269273
1470,-0.209434,-0.269273,-0.239354
1471,-0.209434,-0.239354,-0.239354
1472,-0.209434,-0.239354,-0.239354
1473,-0.209434,-0.239354,-0.239354
1474,-0.209434,-0.239354,-0.239354
1475,-0.209434,-0.239354,-0.239354
1476,-0.239354,-0.299192,-0.269273
1477,-0.239354,-0.299192,-0.299192
1478,-0.239354,-0.269273,-0.269273
1479,-0.209434,-0.269273,-0.269273
1480,-0.209434,-0.239354,-0.239354
1481,-0.179515,-0.239354,-0.209434
1482,-0.179515,-0.209434,-0.209434
1483,-0.179515,-0.209434,-0.209434
1484,-0.179515,-0.209434,-0.209434
1485,-0.179515,-0.209434,-0.209434
1486,-0.179515,-0.209434,-0.209434
1487,-0.179515,-0.209434,-0.209434
1488,-0.179515,-0.239354,-0.239354
1489,-0.179515,-0.239354,-0.239354
1490,-0.179515,-0.239354,-0.239354
1491,-0.179515,-0.239354,-0.209434
1492,-0.149596,-0.179515,-0.179515
1493,-0.119677,-0.179515,-0.179515
1494,-0.149596,-0.209434,-0.209434
1495,-0.179515,-0.209434,-0.209434
1496,-0.209434,-0.239354,-0.239354
1497,-0.209434,-0.269273,-0.239354
1498,-0.209434,-0.269273,-0.269273
1499,-0.209434,-0.269273,-0.239354
1500,-0.209434,-0.269273,-0.239354
1501,-0.209434,-0.269273,-0.239354
1502,-0.209434,-0.269273,-0.239354
1503,-0.209434,-0.239354,-0.239354
1504,-0.209434,-0.239354,-0.239354
1505,-0.209434,-0.239354,-0.239354
1506,-0.209434,-0.239354,-0.239354
1507,-0.209434,-0.239354,-0.239354
1508,-0.239354,-0.299192,-0.269273
1509,-0.239354,-0.299192,-0.299192
1510,-0.239354,-0.269273,-0.269273
1511,-0.209434,-0.269273,-0.269273
1512,-0.209434,-0.239354,-0.239354
1513,-0.179515,-0.239354,-0.209434
1514,-0.179515,-0.209434,-0.209434
1515,-0.179515,-0.209434,-0.209434
1516,-0.179515,-0.209434,-0.209434
1517,-0.179515,-0.209434,-0.209434
1518,-0.179515,-0.209434,-0.209434
1519,-0.179515,-0.239354,-0.209434
1520,-0.179515,-0.239354,-0.239354
1521,-0.179515,-0.239354,-0.239354
1522,-0.179515,-0.239354,-0.239354
1523,-0.179515,-0.209434,-0.209434
1524,-0.149596,-0.179515,-0.179515
1525,-0.149596,-0.179515,-0.179515
1526,-0.149596,-0.209434,-0.209434
1527,-0.179515,-0.209434,-0.209434
1528,-0.179515,-0.239354,-0.239354
1529,-0.209434,-0.269273,-0.239354
1530,-0.209434,-0.269273,-0.239354
1531,-0.209434,-0.269273,-0.239354
1532,-0.209434,-0.269273,-0.239354
1533,-0.209434,-0.269273,-0.269273
1534,-0.209434,-0.269273,-0.269273
1535,-0.209434,-0.269273,-0.239354
1536,-0.209434,-0.239354,-0.239354
1537,-0.209434,-0.239354,-0.239354
1538,-0.209434,-0.239354,-0.239354
1539,-0.209434,-0.269273,-0.239354
1540,-0.239354,-0.299192,-0.299192
1541,-0.239354,-0.299192,-0.299192
1542,-0.239354,-0.269273,-0.269273
1543,-0.209434,-0.269273,-0.269273
1544,-0.209434,-0.239354,-0.239354
1545,-0.179515,-0.209434,-0.209434
1546,-0.179515,-0.209434,-0.209434
1547,-0.179515,-0.209434,-0.209434
1548,-0.179515,-0.209434,-0.209434
1549,-0.179515,-0.209434,-0.209434
1550,-0.179515,-0.209434,-0.209434
1551,-0.179515,-0.239354,-0.209434
1552,-0.179515,-0.239354,-0.239354
1553,-0.179515,-0.239354,-0.239354
1554,-0.179515,-0.239354,-0.239354
1555,-0.179515,-0.239354,-0.209434
1556,-0.149596,-0.179515,-0.179515
1557,-0.149596,-0.179515,-0.179515
1558,-0.149596,-0.209434,-0.209434
1559,-0.179515,-0.209434,-0.209434
1560,-0.179515,-0.239354,-0.239354
1561,-0.209434,-0.269273,-0.239354
1562,-0.209434,-0.269273,-0.269273
1563,-0.209434,-0.269273,-0.239354
1564,-0.209434,-0.269273,-0.239354
1565,-0.209434,-0.269273,-0.239354
1566,-0.209434,-0.269273,-0.239354
1567,-0.209434,-0.239354,-0.239354
1568,-0.209434,-0.239354,-0.239354
1569,-0.209434,-0.239354,-0.239354
1570,-0.209434,-0.239354,-0.239354
1571,-0.209434,-0.269273,-0.239354
1572,-0.239354,-0.299192,-0.299192
1573,-0.239354,-0.299192,-0.299192
1574,-0.239354,-0.269273,-0.269273
1575,-0.209434,-0.269273,-0.269273
1576,-0.209434,-0.239354,-0.239354
1577,-0.179515,-0.209434,-0.209434
1578,-0.179515,-0.209434,-0.209434
1579,-0.179515,-0.209434,-0.209434
1580,-0.179515,-0.209434,-0.209434
1581,-0.179515,-0.209434,-0.209434
1582,-0.179515,-0.209434,-0.209434
1583,-0.179515,-0.239354,-0.209434
1584,-0.179515,-0.239354,-0.239354
1585,-0.179515,-0.239354,-0.239354
1586,-0.179515,-0.239354,-0.239354
1587,-0.179515,-0.209434,-0.209434
1588,-0.149596,-0.179515,-0.179515
1589,-0.149596,-0.179515,-0.179515
1590,-0.149596,-0.209434,-0.209434
1591,-0.179515,-0.209434,-0.209434
1592,-0.209434,-0.239354,-0.239354
1593,-0.209434,-0.269273,-0.239354
1594,-0.209434,-0.269273,-0.269273
1595,-0.209434,-0.269273,-0.239354
1596,-0.209434,-0.269273,-0.269273
1597,-0.209434,-0.269273,-0.269273
1598,-0.209434,-0.269273,-0.269273
1599,-0.209434,-0.269273,-0.239354
1600,-0.209434,-0.239354,-0.239354
1601,-0.209434,-0.239354,-0.239354
1602,-0.209434,-0.239354,-0.239354
1603,-0.209434,-0.269273,-0.239354
1604,-0.239354,-0.299192,-0.269273
1605,-0.239354,-0.299192,-0.299192
1606,-0.239354,-0.269273,-0.269273
1607,-0.209434,-0.269273,-0.269273
1608,-0.209434,-0.239354,-0.239354
1609,-0.179515,-0.209434,-0.209434
1610,-0.179515,-0.209434,-0.209434
1611,-0.179515,-0.209434,-0.209434
1612,-0.179515,-0.209434,-0.209434
1613,-0.179515,-0.239354,-0.209434
1614,-0.179515,-0.239354,-0.209434
1615,-0.179515,-0.239354,-0.209434
1616,-0.179515,-0.239354,-0.239354
1617,-0.179515,-0.239354,-0.239354
1618,-0.179515,-0.239354,-0.239354
1619,-0.179515,-0.209434,-0.209434
1620,-0.149596,-0.179515,-0.179515
1621,-0.149596,-0.179515,-0.179515
1622,-0.149596,-0.209434,-0.209434
1623,-0.179515,-0.209434,-0.209434
1624,-0.179515,-0.239354,-0.239354
1625,-0.209434,-0.269273,-0.239354
1626,-0.209434,-0.269273,-0.269273
1627,-0.209434,-0.269273,-0.269273
1628,-0.209434,-0.269273,-0.269273
1629,-0.209434,-0.269273,-0.269273
1630,-0.209434,-0.269273,-0.269273
1631,-0.209434,-0.239354,-0.239354
1632,-0.209434,-0.239354,-0.239354
1633,-0.209434,-0.239354,-0.239354
1634,-0.209434,-0.239354,-0.239354
1635,-0.209434,-0.269273,-0.239354
1636,-0.239354,-0.299192,-0.299192
1637,-0.239354,-0.299192,-0.269273
1638,-0.239354,-0.269273,-0.269273
1639,-0.209434,-0.269273,-0.269273
1640,-0.209434,-0.239354,-0.239354
1641,-0.179515,-0.239354,-0.209434
1642,-0.179515,-0.209434,-0.209434
1643,-0.179515,-0.209434,-0.209434
1644,-0.179515,-0.209434,-0.209434
1645,-0.179515,-0.209434,-0.209434
1646,-0.179515,-0.209434,-0.209434
1647,-0.179515,-0.239354,-0.209434
1648,-0.179515,-0.239354,-0.239354
1649,-0.179515,-0.239354,-0.239354
1650,-0.179515,-0.239354,-0.239354
1651,-0.179515,-0.209434,-0.209434
1652,-0.149596,-0.179515,-0.179515
1653,-0.149596,-0.179515,-0.179515
1654,-0.149596,-0.209434,-0.209434
1655,-0.179515,-0.239354,-0.209434
1656,-0.209434,-0.239354,-0.239354
1657,-0.209434,-0.269273,-0.239354
1658,-0.209434,-0.269273,-0.239354
1659,-0.209434,-0.269273,-0.239354
1660,-0.209434,-0.269273,-0.239354
1661,-0.209434,-0.269273,-0.269273
1662,-0.209434,-0.269273,-0.239354
1663,-0.209434,-0.239354,-0.239354
1664,-0.209434,-0.239354,-0.239354
1665,-0.209434,-0.239354,-0.239354
1666,-0.209434,-0.239354,-0.239354
1667,-0.209434,-0.269273,-0.239354
1668,-0.239354,-0.299192,-0.299192
1669,-0.239354,-0.299192,-0.299192
1670,-0.239354,-0.269273,-0.269273
1671,-0.209434,-0.269273,-0.269273
1672,-0.209434,-0.239354,-0.239354
1673,-0.179515,-0.209434,-0.209434
1674,-0.179515,-0.209434,-0.209434
1675,-0.179515,-0.209434,-0.209434
1676,-0.179515,-0.209434,-0.209434
1677,-0.179515,-0.209434,-0.209434
1678,-0.179515,-0.239354,-0.209434
1679,-0.179515,-0.239354,-0.209434
1680,-0.179515,-0.239354,-0.239354
1681,-0.179515,-0.239354,-0.239354
1682,-0.179515,-0.239354,-0.239354
1683,-0.179515,-0.209434,-0.209434
1684,-0.149596,-0.179515,-0.179515
1685,-0.119677,-0.179515,-0.179515
1686,-0.149596,-0.209434,-0.209434
1687,-0.179515,-0.209434,-0.209434
1688,-0.209434,-0.239354,-0.239354
1689,-0.209434,-0.269273,-0.269273
1690,-0.209434,-0.269273,-0.239354
1691,-0.209434,-0.269273,-0.239354
1692,-0.209434,-0.269273,-0.239354
1693,-0.209434,-0.269273,-0.269273
1694,-0.209434,-0.269273,-0.239354
1695,-0.209434,-0.239354,-0.239354
1696,-0.209434,-0.239354,-0.239354
1697,-0.209434,-0.239354,-0.239354
1698,-0.209434,-0.239354,-0.239354
1699,-0.209434,-0.269273,-0.239354
1700,-0.239354,-0.299192,-0.299192
1701,-0.239354,-0.299192,-0.299192
1702,-0.239354,-0.269273,-0.269273
1703,-0.209434,-0.269273,-0.239354
1704,-0.179515,-0.239354,-0.239354
1705,-0.179515,-0.209434,-0.209434
1706,-0.179515,-0.209434,-0.209434
1707,-0.179515,-0.209434,-0.209434
1708,-0.179515,-0.209434,-0.209434
1709,-0.179515,-0.209434,-0.209434
1710,-0.179515,-0.209434,-0.209434
1711,-0.179515,-0.209434,-0.239354
1712,-0.179515,-0.239354,-0.239354
1713,-0.179515,-0.239354,-0.239354
1714,-0.179515,-0.239354,-0.239354
1715,-0.179515,-0.209434,-0.209434
1716,-0.149596,-0.179515,-0.179515
1717,-0.149596,-0.179515,-0.179515
1718,-0.149596,-0.209434,-0.209434
1719,-0.179515,-0.209434,-0.209434
1720,-0.209434,-0.239354,-0.239354
1721,-0.209434,-0.269273,-0.269273
1722,-0.209434,-0.269273,-0.239354
1723,-0.209434,-0.239354,-0.269273
1724,-0.209434,-0.269273,-0.239354
1725,-0.209434,-0.269273,-0.239354
1726,-0.209434,-0.269273,-0.239354
1727,-0.209434,-0.239354,-0.239354
1728,-0.209434,-0.239354,-0.239354
1729,-0.209434,-0.239354,-0.239354
1730,-0.209434,-0.239354,-0.239354
1731,-0.209434,-0.269273,-0.269273
1732,-0.239354,-0.299192,-0.299192
1733,-0.239354,-0.299192,-0.269273
1734,-0.239354,-0.269273,-0.269273
1735,-0.209434,-0.269273,-0.239354
1736,-0.179515,-0.239354,-0.239354
1737,-0.179515,-0.209434,-0.209434
1738,-0.179515,-0.209434,-0.209434
1739,-0.179515,-0.209434,-0.209434
1740,-0.179515,-0.209434,-0.209434
1741,-0.179515,-0.209434,-0.209434
1742,-0.179515,-0.239354,-0.209434
1743,-0.179515,-0.239354,-0.209434
1744,-0.179515,-0.239354,-0.239354
1745,-0.179515,-0.239354,-0.239354
1746,-0.179515,-0.239354,-0.239354
1747,-0.179515,-0.239354,-0.209434
1748,-0.119677,-0.179515,-0.179515
1749,-0.149596,-0.179515,-0.179515
1750,-0.149596,-0.209434,-0.209434
1751,-0.179515,-0.209434,-0.209434
1752,-0.209434,-0.239354,-0.239354
1753,-0.209434,-0.269273,-0.269273
1754,-0.209434,-0.269273,-0.239354
1755,-0.209434,-0.269273,-0.239354
1756,-0.209434,-0.269273,-0.269273
1757,-0.209434,-0.269273,-0.269273
1758,-0.209434,-0.239354,-0.239354
1759,-0.209434,-0.239354,-0.239354
1760,-0.209434,-0.239354,-0.239354
1761,-0.209434,-0.239354,-0.239354
1762,-0.209434,-0.239354,-0.239354
1763,-0.209434,-0.269273,-0.239354
1764,-0.239354,-0.299192,-0.299192
1765,-0.239354,-0.299192,-0.299192
1766,-0.239354,-0.269273,-0.269273
1767,-0.209434,-0.269273,-0.269273
1768,-0.179515,-0.239354,-0.239354
1769,-0.179515,-0.239354,-0.209434
1770,-0.179515,-0.209434,-0.209434
1771,-0.179515,-0.209434,-0.209434
1772,-0.179515,-0.239354,-0.209434
1773,-0.179515,-0.209434,-0.209434
1774,-0.179515,-0.209434,-0.209434
1775,-0.179515,-0.239354,-0.209434
1776,-0.179515,-0.239354,-0.239354
1777,-0.179515,-0.239354,-0.239354
1778,-0.179515,-0.239354,-0.239354
1779,-0.179515,-0.209434,-0.209434
1780,-0.149596,-0.179515,-0.179515
1781,-0.149596,-0.179515,-0.179515
1782,-0.149596,-0.209434,-0.209434
1783,-0.179515,-0.209434,-0.209434
1784,-0.209434,-0.239354,-0.239354
1785,-0.209434,-0.269273,-0.239354
1786,-0.209434,-0.269273,-0.269273
1787,-0.209434,-0.269273,-0.239354
1788,-0.209434,-0.269273,-0.239354
1789,-0.209434,-0.269273,-0.269273
1790,-0.209434,-0.269273,-0.239354
1791,-0.209434,-0.239354,-0.239354
1792,-0.209434,-0.239354,-0.239354
1793,-0.209434,-0.239354,-0.239354
1794,-0.209434,-0.239354,-0.239354
1795,-0.209434,-0.269273,-0.269273
1796,-0.269273,-0.299192,-0.299192
1797,-0.239354,-0.299192,-0.269273
1798,-0.239354,-0.269273,-0.269273
1799,-0.209434,-0.269273,-0.239354
1800,-0.179515,-0.239354,-0.239354
1801,-0.179515,-0.239354,-0.209434
1802,-0.179515,-0.239354,-0.209434
1803,-0.179515,-0.239354,-0.209434
1804,-0.179515,-0.239354,-0.209434
1805,-0.179515,-0.209434,-0.209434
1806,-0.179515,-0.209434,-0.209434
1807,-0.179515,-0.239354,-0.209434
1808,-0.179515,-0.239354,-0.239354
1809,-0.179515,-0.239354,-0.239354
1810,-0.179515,-0.239354,-0.239354
1811,-0.179515,-0.209434,-0.209434
1812,-0.149596,-0.179515,-0.179515
1813,-0.149596,-0.179515,-0.179515
1814,-0.149596,-0.209434,-0.209434
1815,-0.179515,-0.209434,-0.209434
1816,-0.209434,-0.239354,-0.239354
1817,-0.209434,-0.269273,-0.239354
1818,-0.209434,-0.269273,-0.269273
1819,-0.209434,-0.269273,-0.239354
1820,-0.209434,-0.269273,-0.239354
1821,-0.209434,-0.269273,-0.269273
1822,-0.209434,-0.269273,-0.239354
1823,-0.209434,-0.239354,-0.239354
1824,-0.209434,-0.239354,-0.239354
1825,-0.209434,-0.239354,-0.239354
1826,-0.209434,-0.239354,-0.239354
1827,-0.209434,-0.269273,-0.269273
1828,-0.239354,-0.299192,-0.299192
1829,-0.239354,-0.299192,-0.269273
1830,-0.239354,-0.269273,-0.269273
1831,-0.209434,-0.269273,-0.239354
1832,-0.179515,-0.239354,-0.239354
1833,-0.179515,-0.209434,-0.209434
1834,-0.179515,-0.209434,-0.209434
1835,-0.179515,-0.209434,-0.209434
1836,-0.179515,-0.239354,-0.209434
1837,-0.179515,-0.209434,-0.209434
1838,-0.179515,-0.209434,-0.209434
1839,-0.179515,-0.239354,-0.239354
1840,-0.179515,-0.239354,-0.239354
1841,-0.179515,-0.239354,-0.239354
1842,-0.179515,-0.239354,-0.239354
1843,-0.179515,-0.209434,-0.209434
1844,-0.149596,-0.179515,-0.179515
1845,-0.149596,-0.179515,-0.179515
1846,-0.149596,-0.209434,-0.209434
1847,-0.179515,-0.209434,-0.209434
1848,-0.209434,-0.239354,-0.239354
1849,-0.209434,-0.269273,-0.269273
1850,-0.209434,-0.269273,-0.269273
1851,-0.209434,-0.269273,-0.239354
1852,-0.209434,-0.269273,-0.239354
1853,-0.209434,-0.269273,-0.239354
1854,-0.209434,-0.269273,-0.239354
1855,-0.209434,-0.239354,-0.239354
1856,-0.209434,-0.239354,-0.239354
1857,-0.209434,-0.239354,-0.239354
1858,-0.209434,-0.239354,-0.239354
1859,-0.209434,-0.269273,-0.269273
1860,-0.269273,-0.299192,-0.299192
1861,-0.239354,-0.299192,-0.269273
1862,-0.239354,-0.269273,-0.269273
1863,-0.209434,-0.269273,-0.269273
1864,-0.179515,-0.239354,-0.239354
1865,-0.179515,-0.239354,-0.209434
1866,-0.179515,-0.209434,-0.209434
1867,-0.179515,-0.209434,-0.209434
1868,-0.179515,-0.209434,-0.209434
1869,-0.179515,-0.209434,-0.209434
1870,-0.179515,-0.209434,-0.209434
1871,-0.179515,-0.239354,-0.209434
1872,-0.179515,-0.239354,-0.239354
1873,-0.179515,-0.239354,-0.239354
1874,-0.179515,-0.239354,-0.239354
1875,-0.179515,-0.209434,-0.209434
1876,-0.119677,-0.179515,-0.179515
1877,-0.149596,-0.179515,-0.179515
1878,-0.149596,-0.209434,-0.209434
1879,-0.179515,-0.209434,-0.209434
1880,-0.209434,-0.239354,-0.239354
1881,-0.209434,-0.269273,-0.239354
1882,-0.209434,-0.269273,-0.239354
1883,-0.209434,-0.269273,-0.239354
1884,-0.209434,-0.269273,-0.239354
1885,-0.209434,-0.269273,-0.269273
1886,-0.209434,-0.269273,-0.239354
1887,-0.209434,-0.239354,-0.239354
1888,-0.209434,-0.239354,-0.239354
1889,-0.209434,-0.239354,-0.239354
1890,-0.209434,-0.239354,-0.239354
1891,-0.209434,-0.269273,-0.269273
1892,-0.239354,-0.299192,-0.299192
1893,-0.239354,-0.299192,-0.269273
1894,-0.239354,-0.269273,-0.269273
1895,-0.209434,-0.269273,-0.269273
1896,-0.179515,-0.239354,-0.239354
1897,-0.179515,-0.239354,-0.209434
1898,-0.179515,-0.209434,-0.209434
1899,-0.179515,-0.209434,-0.209434
1900,-0.179515,-0.209434,-0.209434
1901,-0.179515,-0.239354,-0.209434
1902,-0.179515,-0.239354,-0.209434
1903,-0.179515,-0.239354,-0.209434
1904,-0.179515,-0.239354,-0.239354
1905,-0.179515,-0.239354,-0.239354
1906,-0.179515,-0.239354,-0.239354
1907,-0.179515,-0.209434,-0.209434
1908,-0.119677,-0.179515,-0.179515
1909,-0.149596,-0.179515,-0.179515
1910,-0.149596,-0.209434,-0.209434
1911,-0.179515,-0.209434,-0.209434
1912,-0.209434,-0.239354,-0.239354
1913,-0.209434,-0.269273,-0.239354
1914,-0.209434,-0.269273,-0.239354
1915,-0.209434,-0.269273,-0.239354
1916,-0.209434,-0.269273,-0.239354
1917,-0.209434,-0.269273,-0.239354
1918,-0.209434,-0.269273,-0.239354
1919,-0.209434,-0.239354,-0.239354
1920,-0.209434,-0.239354,-0.239354
1921,-0.209434,-0.239354,-0.239354
1922,-0.209434,-0.239354,-0.239354
1923,-0.209434,-0.269273,-0.239354
1924,-0.239354,-0.299192,-0.299192
1925,-0.239354,-0.299192,-0.269273
1926,-0.239354,-0.269273,-0.269273
1927,-0.209434,-0.269273,-0.239354
1928,-0.179515,-0.239354,-0.239354
1929,-0.179515,-0.239354,-0.209434
1930,-0.179515,-0.239354,-0.209434
1931,-0.179515,-0.209434,-0.209434
1932,-0.179515,-0.239354,-0.209434
1933,-0.179515,-0.209434,-0.209434
1934,-0.179515,-0.209434,-0.209434
1935,-0.179515,-0.239354,-0.209434
1936,-0.179515,-0.239354,-0.239354
1937,-0.179515,-0.239354,-0.239354
1938,-0.209434,-0.239354,-0.239354
1939,-0.179515,-0.209434,-0.209434
1940,-0.149596,-0.179515,-0.179515
1941,-0.149596,-0.179515,-0.179515
1942,-0.149596,-0.209434,-0.209434
1943,-0.179515,-0.239354,-0.209434
1944,-0.209434,-0.239354,-0.239354
1945,-0.209434,-0.269273,-0.239354
1946,-0.209434,-0.269273,-0.239354
1947,-0.209434,-0.269273,-0.269273
1948,-0.209434,-0.269273,-0.269273
1949,-0.209434,-0.269273,-0.269273
1950,-0.209434,-0.269273,-0.239354
1951,-0.209434,-0.239354,-0.239354
1952,-0.209434,-0.239354,-0.239354
1953,-0.209434,-0.239354,-0.239354
1954,-0.209434,-0.239354,-0.239354
1955,-0.209434,-0.269273,-0.269273
1956,-0.239354,-0.299192,-0.299192
1957,-0.239354,-0.299192,-0.269273
1958,-0.239354,-0.269273,-0.269273
1959,-0.209434,-0.269273,-0.269273
1960,-0.179515,-0.239354,-0.239354
1961,-0.179515,-0.239354,-0.209434
1962,-0.179515,-0.209434,-0.209434
1963,-0.179515,-0.209434,-0.209434
1964,-0.179515,-0.239354,-0.209434
1965,-0.179515,-0.239354,-0.209434
1966,-0.179515,-0.209434,-0.209434
1967,-0.179515,-0.239354,-0.239354
1968,-0.179515,-0.239354,-0.239354
1969,-0.179515,-0.239354,-0.239354
1970,-0.179515,-0.239354,-0.239354
1971,-0.179515,-0.209434,-0.209434
1972,-0.119677,-0.179515,-0.179515
1973,-0.149596,-0.179515,-0.179515
1974,-0.149596,-0.209434,-0.209434
1975,-0.179515,-0.239354,-0.209434
1976,-0.209434,-0.239354,-0.239354
1977,-0.209434,-0.269273,-0.239354
1978,-0.209434,-0.269273,-0.239354
1979,-0.209434,-0.269273,-0.239354
1980,-0.209434,-0.269273,-0.239354
1981,-0.209434,-0.269273,-0.239354
1982,-0.209434,-0.269273,-0.239354
1983,-0.209434,-0.239354,-0.239354
1984,-0.209434,-0.239354,-0.239354
1985,-0.209434,-0.239354,-0.239354
1986,-0.209434,-0.239354,-0.239354
1987,-0.209434,-0.269273,-0.269273
1988,-0.239354,-0.299192,-0.299192
1989,-0.239354,-0.299192,-0.269273
1990,-0.239354,-0.269273,-0.269273
1991,-0.209434,-0.269273,-0.239354
1992,-0.179515,-0.239354,-0.239354
1993,-0.179515,-0.239354,-0.209434
1994,-0.179515,-0.209434,-0.209434
1995,-0.179515,-0.209434,-0.209434
1996,-0.179515,-0.209434,-0.209434
1997,-0.179515,-0.209434,-0.209434
1998,-0.179515,-0.239354,-0.209434
1999,-0.179515,-0.239354,-0.209434
2000,-0.179515,-0.239354,-0.239354
2001,-0.179515,-0.239354,-0.239354
2002,-0.179515,-0.239354,-0.239354
2003,-0.179515,-0.209434,-0.209434
2004,-0.149596,-0.179515,-0.179515
2005,-0.149596,-0.179515,-0.179515
2006,-0.179515,-0.209434,-0.209434
2007,-0.179515,-0.239354,-0.209434
2008,-0.209434,-0.239354,-0.239354
2009,-0.209434,-0.269273,-0.269273
2010,-0.209434,-0.269273,-0.269273
2011,-0.209434,-0.269273,-0.269273
2012,-0.209434,-0.269273,-0.239354
2013,-0.209434,-0.269273,-0.269273
2014,-0.209434,-0.269273,-0.239354
2015,-0.209434,-0.239354,-0.239354
2016,-0.209434,-0.239354,-0.239354
2017,-0.209434,-0.239354,-0.239354
2018,-0.209434,-0.239354,-0.239354
2019,-0.239354,-0.269273,-0.269273
2020,-0.239354,-0.299192,-0.299192
2021,-0.239354,-0.299192,-0.299192
2022,-0.209434,-0.269273,-0.269273
2023,-0.209434,-0.269273,-0.239354
2024,-0.179515,-0.239354,-0.239354
2025,-0.179515,-0.239354,-0.209434
2026,-0.179515,-0.209434,-0.209434
2027,-0.179515,-0.209434,-0.209434
2028,-0.179515,-0.209434,-0.209434
2029,-0.179515,-0.209434,-0.209434
2030,-0.179515,-0.239354,-0.209434
2031,-0.179515,-0.239354,-0.239354
2032,-0.179515,-0.239354,-0.239354
2033,-0.179515,-0.239354,-0.239354
2034,-0.179515,-0.239354,-0.239354
2035,-0.149596,-0.209434,-0.209434
2036,-0.119677,-0.179515,-0.179515
2037,-0.149596,-0.209434,-0.179515
2038,-0.149596,-0.209434,-0.209434
2039,-0.179515,-0.239354,-0.209434
2040,-0.209434,-0.239354,-0.239354
2041,-0.209434,-0.269273,-0.269273
2042,-0.209434,-0.269273,-0.269273
2043,-0.209434,-0.269273,-0.239354
2044,-0.209434,-0.269273,-0.239354
2045,-0.209434,-0.269273,-0.269273
2046,-0.209434,-0.269273,-0.239354
2047,-0.209434,-0.239354,-0.239354
2048,-0.209434,-0.239354,-0.239354
2049,-0.209434,-0.239354,-0.239354
2050,-0.209434,-0.239354,-0.239354
2051,-0.239354,-0.269273,-0.269273
2052,-0.239354,-0.299192,-0.299192
2053,-0.239354,-0.269273,-0.269273
2054,-0.239354,-0.269273,-0.269273
2055,-0.209434,-0.269273,-0.239354
2056,-0.179515,-0.239354,-0.209434
2057,-0.179515,-0.209434,-0.209434
2058,-0.179515,-0.209434,-0.209434
2059,-0.179515,-0.209434,-0.209434
2060,-0.179515,-0.209434,-0.209434
2061,-0.179515,-0.209434,-0.209434
2062,-0.179515,-0.239354,-0.209434
2063,-0.179515,-0.239354,-0.239354
2064,-0.179515,-0.239354,-0.239354
2065,-0.179515,-0.239354,-0.239354
2066,-0.179515,-0.239354,-0.239354
2067,-0.149596,-0.209434,-0.209434
2068,-0.119677,-0.179515,-0.179515
2069,-0.149596,-0.209434,-0.179515
2070,-0.179515,-0.209434,-0.209434
2071,-0.179515,-0.239354,-0.209434
2072,-0.209434,-0.269273,-0.239354
2073,-0.209434,-0.269273,-0.269273
2074,-0.209434,-0.269273,-0.269273
2075,-0.209434,-0.269273,-0.239354
2076,-0.209434,-0.269273,-0.239354
2077,-0.209434,-0.269273,-0.239354
2078,-0.209434,-0.239354,-0.239354
2079,-0.209434,-0.239354,-0.239354
2080,-0.209434,-0.239354,-0.239354
2081,-0.209434,-0.239354,-0.239354
2082,-0.209434,-0.239354,-0.239354
2083,-0.239354,-0.269273,-0.269273
2084,-0.239354,-0.299192,-0.299192
2085,-0.239354,-0.269273,-0.269273
2086,-0.239354,-0.269273,-0.269273
2087,-0.209434,-0.269273,-0.239354
2088,-0.179515,-0.239354,-0.239354
2089,-0.179515,-0.239354,-0.209434
2090,-0.179515,-0.209434,-0.209434
2091,-0.179515,-0.209434,-0.209434
2092,-0.179515,-0.239354,-0.209434
2093,-0.179515,-0.209434,-0.209434
2094,-0.179515,-0.239354,-0.209434
2095,-0.179515,-0.239354,-0.239354
2096,-0.179515,-0.239354,-0.239354
2097,-0.179515,-0.239354,-0.239354
2098,-0.179515,-0.239354,-0.239354
2099,-0.179515,-0.209434,-0.209434
2100,-0.119677,-0.179515,-0.179515
2101,-0.149596,-0.209434,-0.179515
2102,-0.149596,-0.209434,-0.209434
2103,-0.179515,-0.239354,-0.209434
2104,-0.209434,-0.239354,-0.239354
2105,-0.209434,-0.269273,-0.269273
2106,-0.209434,-0.269273,-0.239354
2107,-0.209434,-0.269273,-0.239354
2108,-0.209434,-0.269273,-0.239354
2109,-0.209434,-0.269273,-0.269273
2110,-0.209434,-0.269273,-0.239354
2111,-0.209434,-0.269273,-0.239354
2112,-0.209434,-0.239354,-0.239354
2113,-0.209434,-0.239354,-0.239354
2114,-0.209434,-0.239354,-0.239354
2115,-0.239354,-0.269273,-0.269273
2116,-0.239354,-0.299192,-0.299192
2117,-0.239354,-0.299192,-0.269273
2118,-0.239354,-0.269273,-0.269273
2119,-0.209434,-0.269273,-0.239354
2120,-0.179515,-0.239354,-0.239354
2121,-0.179515,-0.239354,-0.209434
2122,-0.179515,-0.209434,-0.209434
2123,-0.179515,-0.209434,-0.209434
2124,-0.179515,-0.209434,-0.209434
2125,-0.179515,-0.209434,-0.209434
2126,-0.179515,-0.239354,-0.209434
2127,-0.179515,-0.239354,-0.239354
2128,-0.179515,-0.239354,-0.209434
2129,-0.179515,-0.239354,-0.239354
2130,-0.179515,-0.239354,-0.239354
2131,-0.149596,-0.209434,-0.209434
2132,-0.149596,-0.179515,-0.179515
2133,-0.149596,-0.179515,-0.179515
2134,-0.149596,-0.209434,-0.209434
2135,-0.179515,-0.239354,-0.209434
2136,-0.209434,-0.239354,-0.239354
2137,-0.209434,-0.269273,-0.269273
2138,-0.209434,-0.269273,-0.269273
2139,-0.209434,-0.269273,-0.239354
2140,-0.209434,-0.239354,-0.239354
2141,-0.209434,-0.269273,-0.269273
2142,-0.209434,-0.269273,-0.269273
2143,-0.209434,-0.239354,-0.239354
2144,-0.209434,-0.239354,-0.239354
2145,-0.209434,-0.239354,-0.239354
2146,-0.209434,-0.239354,-0.239354
2147,-0.239354,-0.269273,-0.269273
2148,-0.239354,-0.299192,-0.299192
2149,-0.239354,-0.299192,-0.269273
2150,-0.239354,-0.269273,-0.269273
2151,-0.209434,-0.239354,-0.239354
2152,-0.179515,-0.239354,-0.239354
2153,-0.179515,-0.209434,-0.209434
2154,-0.179515,-0.209434,-0.209434
2155,-0.179515,-0.209434,-0.209434
2156,-0.179515,-0.239354,-0.209434
2157,-0.179515,-0.209434,-0.209434
2158,-0.179515,-0.209434,-0.209434
2159,-0.179515,-0.239354,-0.239354
2160,-0.179515,-0.239354,-0.239354
2161,-0.179515,-0.239354,-0.239354
2162,-0.179515,-0.239354,-0.239354
2163,-0.149596,-0.209434,-0.209434
2164,-0.149596,-0.179515,-0.179515
2165,-0.149596,-0.209434,-0.179515
2166,-0.149596,-0.209434,-0.209434
2167,-0.179515,-0.239354,-0.239354
2168,-0.209434,-0.269273,-0.239354
2169,-0.209434,-0.269273,-0.269273
2170,-0.209434,-0.269273,-0.269273
2171,-0.209434,-0.269273,-0.239354
2172,-0.209434,-0.269273,-0.269273
2173,-0.209434,-0.269273,-0.269273
2174,-0.209434,-0.269273,-0.239354
2175,-0.209434,-0.239354,-0.239354
2176,-0.209434,-0.239354,-0.239354
2177,-0.209434,-0.239354,-0.239354
2178,-0.209434,-0.239354,-0.239354
2179,-0.239354,-0.269273,-0.269273
2180,-0.269273,-0.299192,-0.299192
2181,-0.239354,-0.299192,-0.269273
2182,-0.239354,-0.269273,-0.269273
2183,-0.209434,-0.239354,-0.239354
2184,-0.179515,-0.239354,-0.239354
2185,-0.179515,-0.209434,-0.209434
2186,-0.179515,-0.209434,-0.209434
2187,-0.179515,-0.209434,-0.209434
2188,-0.179515,-0.209434,-0.209434
2189,-0.179515,-0.209434,-0.209434
2190,-0.179515,-0.239354,-0.209434
2191,-0.179515,-0.239354,-0.239354
2192,-0.179515,-0.239354,-0.239354
2193,-0.179515,-0.239354,-0.239354
2194,-0.179515,-0.239354,-0.239354
2195,-0.149596,-0.209434,-0.209434
2196,-0.119677,-0.179515,-0.179515
2197,-0.149596,-0.179515,-0.179515
2198,-0.149596,-0.209434,-0.209434
2199,-0.179515,-0.239354,-0.209434
2200,-0.209434,-0.239354,-0.239354
2201,-0.209434,-0.269273,-0.239354
2202,-0.209434,-0.269273,-0.269273
2203,-0.209434,-0.269273,-0.269273
2204,-0.209434,-0.269273,-0.239354
2205,-0.209434,-0.269273,-0.239354
2206,-0.209434,-0.269273,-0.239354
2207,-0.209434,-0.239354,-0.239354
2208,-0.209434,-0.239354,-0.239354
2209,-0.209434,-0.239354,-0.239354
2210,-0.209434,-0.239354,-0.239354
2211,-0.239354,-0.269273,-0.269273
2212,-0.269273,-0.299192,-0.299192
2213,-0.239354,-0.269273,-0.269273
2214,-0.209434,-0.269273,-0.269273
2215,-0.209434,-0.269273,-0.239354
2216,-0.179515,-0.239354,-0.239354
2217,-0.179515,-0.209434,-0.209434
2218,-0.179515,-0.209434,-0.209434
2219,-0.179515,-0.209434,-0.209434
2220,-0.179515,-0.209434,-0.209434
2221,-0.179515,-0.209434,-0.209434
2222,-0.179515,-0.239354,-0.209434
2223,-0.179515,-0.239354,-0.239354
2224,-0.179515,-0.239354,-0.239354
2225,-0.179515,-0.239354,-0.239354
2226,-0.179515,-0.239354,-0.239354
2227,-0.149596,-0.209434,-0.209434
2228,-0.119677,-0.179515,-0.179515
2229,-0.149596,-0.179515,-0.179515
2230,-0.179515,-0.209434,-0.209434
2231,-0.179515,-0.239354,-0.239354
2232,-0.209434,-0.239354,-0.239354
2233,-0.209434,-0.269273,-0.239354
2234,-0.209434,-0.269273,-0.239354
2235,-0.209434,-0.269273,-0.239354
2236,-0.209434,-0.269273,-0.239354
2237,-0.209434,-0.269273,-0.269273
2238,-0.209434,-0.269273,-0.239354
2239,-0.209434,-0.239354,-0.239354
2240,-0.209434,-0.239354,-0.239354
2241,-0.209434,-0.239354,-0.239354
2242,-0.209434,-0.239354,-0.239354
2243,-0.239354,-0.269273,-0.269273
2244,-0.239354,-0.299192,-0.299192
2245,-0.239354,-0.269273,-0.269273
2246,-0.239354,-0.269273,-0.269273
2247,-0.209434,-0.239354,-0.239354
2248,-0.179515,-0.239354,-0.239354
2249,-0.179515,-0.239354,-0.209434
2250,-0.179515,-0.209434,-0.209434
2251,-0.179515,-0.209434,-0.209434
2252,-0.179515,-0.209434,-0.209434
2253,-0.179515,-0.209434,-0.209434
2254,-0.179515,-0.239354,-0.209434
2255,-0.179515,-0.239354,-0.239354
2256,-0.179515,-0.239354,-0.209434
2257,-0.179515,-0.239354,-0.239354
2258,-0.179515,-0.239354,-0.239354
2259,-0.149596,-0.209434,-0.209434
2260,-0.149596,-0.179515,-0.179515
2261,-0.149596,-0.179515,-0.179515
2262,-0.149596,-0.209434,-0.209434
2263,-0.179515,-0.239354,-0.239354
2264,-0.209434,-0.269273,-0.239354
2265,-0.209434,-0.269273,-0.239354
2266,-0.209434,-0.269273,-0.239354
2267,-0.209434,-0.269273,-0.239354
2268,-0.209434,-0.269273,-0.239354
2269,-0.209434,-0.269273,-0.239354
2270,-0.209434,-0.269273,-0.239354
2271,-0.209434,-0.239354,-0.239354
2272,-0.209434,-0.239354,-0.239354
2273,-0.209434,-0.239354,-0.239354
2274,-0.209434,-0.239354,-0.239354
2275,-0.239354,-0.269273,-0.269273
2276,-0.269273,-0.299192,-0.299192
2277,-0.239354,-0.299192,-0.269273
2278,-0.209434,-0.269273,-0.269273
2279,-0.209434,-0.269273,-0.239354
2280,-0.179515,-0.239354,-0.239354
2281,-0.179515,-0.239354,-0.209434
2282,-0.179515,-0.239354,-0.209434
2283,-0.179515,-0.209434,-0.209434
2284,-0.179515,-0.209434,-0.209434
2285,-0.179515,-0.209434,-0.209434
2286,-0.179515,-0.239354,-0.209434
2287,-0.179515,-0.239354,-0.239354
2288,-0.179515,-0.239354,-0.239354
2289,-0.179515,-0.239354,-0.239354
2290,-0.179515,-0.239354,-0.239354
2291,-0.149596,-0.209434,-0.209434
2292,-0.119677,-0.179515,-0.179515
2293,-0.149596,-0.209434,-0.179515
2294,-0.149596,-0.209434,-0.209434
2295,-0.179515,-0.239354,-0.239354
2296,-0.209434,-0.269273,-0.239354
2297,-0.209434,-0.269273,-0.239354
2298,-0.209434,-0.269273,-0.239354
2299,-0.209434,-0.269273,-0.239354
2300,-0.209434,-0.269273,-0.239354
2301,-0.209434,-0.269273,-0.239354
2302,-0.209434,-0.269273,-0.239354
2303,-0.209434,-0.239354,-0.239354
2304,-0.209434,-0.239354,-0.239354
2305,-0.209434,-0.239354,-0.239354
2306,-0.209434,-0.239354,-0.239354
2307,-0.239354,-0.269273,-0.269273
2308,-0.239354,-0.299192,-0.299192
2309,-0.239354,-0.299192,-0.269273
2310,-0.239354,-0.269273,-0.269273
2311,-0.209434,-0.269273,-0.239354
2312,-0.179515,-0.239354,-0.239354
2313,-0.179515,-0.239354,-0.209434
2314,-0.179515,-0.239354,-0.209434
2315,-0.179515,-0.239354,-0.209434
2316,-0.179515,-0.239354,-0.209434
2317,-0.179515,-0.239354,-0.209434
2318,-0.179515,-0.239354,-0.209434
2319,-0.179515,-0.239354,-0.239354
2320,-0.179515,-0.239354,-0.239354
2321,-0.179515,-0.239354,-0.239354
2322,-0.179515,-0.239354,-0.239354
2323,-0.149596,-0.209434,-0.209434
2324,-0.149596,-0.179515,-0.179515
2325,-0.149596,-0.209434,-0.209434
2326,-0.179515,-0.209434,-0.209434
2327,-0.179515,-0.239354,-0.239354
2328,-0.209434,-0.269273,-0.239354
2329,-0.209434,-0.269273,-0.269273
2330,-0.209434,-0.269273,-0.269273
2331,-0.209434,-0.269273,-0.269273
2332,-0.209434,-0.269273,-0.269273
2333,-0.209434,-0.269273,-0.269273
2334,-0.209434,-0.269273,-0.239354
2335,-0.209434,-0.269273,-0.239354
2336,-0.209434,-0.239354,-0.239354
2337,-0.209434,-0.239354,-0.239354
2338,-0.209434,-0.239354,-0.239354
2339,-0.239354,-0.299192,-0.269273
2340,-0.269273,-0.299192,-0.299192
2341,-0.239354,-0.299192,-0.269273
2342,-0.239354,-0.269273,-0.269273
2343,-0.209434,-0.269273,-0.239354
2344,-0.179515,-0.239354,-0.209434
2345,-0.179515,-0.239354,-0.209434
2346,-0.179515,-0.239354,-0.209434
2347,-0.179515,-0.239354,-0.209434
2348,-0.179515,-0.239354,-0.209434
2349,-0.179515,-0.209434,-0.209434
2350,-0.179515,-0.239354,-0.209434
2351,-0.179515,-0.239354,-0.239354
2352,-0.179515,-0.239354,-0.239354
2353,-0.179515,-0.239354,-0.239354
2354,-0.179515,-0.239354,-0.239354
2355,-0.149596,-0.209434,-0.179515
2356,-0.149596,-0.179515,-0.179515
2357,-0.149596,-0.209434,-0.209434
2358,-0.179515,-0.209434,-0.209434
2359,-0.179515,-0.239354,-0.239354
2360,-0.209434,-0.269273,-0.239354
2361,-0.209434,-0.269273,-0.269273
2362,-0.209434,-0.269273,-0.269273
2363,-0.209434,-0.269273,-0.269273
2364,-0.209434,-0.269273,-0.269273
2365,-0.209434,-0.269273,-0.269273
2366,-0.209434,-0.269273,-0.239354
2367,-0.209434,-0.269273,-0.239354
2368,-0.209434,-0.239354,-0.239354
2369,-0.209434,-0.239354,-0.239354
2370,-0.209434,-0.239354,-0.239354
2371,-0.239354,-0.269273,-0.269273
2372,-0.239354,-0.299192,-0.299192
2373,-0.239354,-0.269273,-0.269273
2374,-0.239354,-0.269273,-0.269273
2375,-0.209434,-0.269273,-0.239354
2376,-0.179515,-0.239354,-0.209434
2377,-0.179515,-0.239354,-0.209434
2378,-0.179515,-0.209434,-0.209434
2379,-0.179515,-0.209434,-0.209434
2380,-0.179515,-0.239354,-0.209434
2381,-0.179515,-0.239354,-0.209434
2382,-0.179515,-0.239354,-0.239354
2383,-0.179515,-0.239354,-0.239354
2384,-0.179515,-0.239354,-0.239354
2385,-0.209434,-0.239354,-0.239354
2386,-0.179515,-0.239354,-0.239354
2387,-0.179515,-0.209434,-0.209434
2388,-0.149596,-0.209434,-0.209434
2389,-0.149596,-0.209434,-0.209434
2390,-0.179515,-0.239354,-0.209434
2391,-0.209434,-0.239354,-0.239354
2392,-0.239354,-0.269273,-0.269273
2393,-0.239354,-0.269273,-0.269273
2394,-0.239354,-0.269273,-0.269273
2395,-0.239354,-0.269273,-0.269273
2396,-0.239354,-0.269273,-0.269273
2397,-0.239354,-0.299192,-0.269273
2398,-0.239354,-0.269273,-0.269273
2399,-0.209434,-0.269273,-0.269273
2400,-0.209434,-0.269273,-0.269273
2401,-0.209434,-0.269273,-0.269273
2402,-0.209434,-0.269273,-0.269273
2403,-0.239354,-0.299192,-0.299192
2404,-0.269273,-0.329111,-0.299192
2405,-0.239354,-0.299192,-0.299192
2406,-0.239354,-0.299192,-0.299192
2407,-0.239354,-0.269273,-0.269273
2408,-0.209434,-0.239354,-0.239354
2409,-0.179515,-0.239354,-0.239354
2410,-0.179515,-0.239354,-0.239354
2411,-0.179515,-0.239354,-0.239354
2412,-0.209434,-0.239354,-0.239354
2413,-0.179515,-0.239354,-0.239354
2414,-0.179515,-0.239354,-0.239354
2415,-0.209434,-0.239354,-0.239354
2416,-0.209434,-0.269273,-0.239354
2417,-0.209434,-0.269273,-0.239354
2418,-0.209434,-0.269273,-0.239354
2419,-0.179515,-0.209434,-0.209434
2420,-0.149596,-0.209434,-0.209434
2421,-0.179515,-0.209434,-0.209434
2422,-0.179515,-0.239354,-0.239354
2423,-0.209434,-0.269273,-0.239354
2424,-0.239354,-0.269273,-0.269273
2425,-0.239354,-0.269273,-0.269273
2426,-0.239354,-0.269273,-0.269273
2427,-0.239354,-0.269273,-0.269273
2428,-0.239354,-0.299192,-0.269273
2429,-0.239354,-0.269273,-0.269273
2430,-0.239354,-0.269273,-0.269273
2431,-0.209434,-0.269273,-0.269273
2432,-0.209434,-0.269273,-0.269273
2433,-0.209434,-0.269273,-0.269273
2434,-0.209434,-0.269273,-0.269273
2435,-0.239354,-0.299192,-0.299192
2436,-0.269273,-0.329111,-0.299192
2437,-0.269273,-0.299192,-0.299192
2438,-0.239354,-0.299192,-0.269273
2439,-0.209434,-0.269273,-0.269273
2440,-0.209434,-0.239354,-0.239354
2441,-0.179515,-0.239354,-0.239354
2442,-0.179515,-0.239354,-0.239354
2443,-0.179515,-0.239354,-0.239354
2444,-0.179515,-0.239354,-0.239354
2445,-0.179515,-0.239354,-0.239354
2446,-0.209434,-0.239354,-0.239354
2447,-0.209434,-0.239354,-0.239354
2448,-0.209434,-0.269273,-0.239354
2449,-0.209434,-0.269273,-0.239354
2450,-0.209434,-0.269273,-0.239354
2451,-0.179515,-0.209434,-0.209434
2452,-0.149596,-0.209434,-0.179515
2453,-0.179515,-0.209434,-0.209434
2454,-0.179515,-0.239354,-0.239354
2455,-0.209434,-0.239354,-0.239354
2456,-0.239354,-0.269273,-0.269273
2457,-0.239354,-0.269273,-0.269273
2458,-0.239354,-0.269273,-0.269273
2459,-0.209434,-0.269273,-0.269273
2460,-0.239354,-0.269273,-0.269273
2461,-0.239354,-0.269273,-0.269273
2462,-0.209434,-0.269273,-0.269273
2463,-0.209434,-0.269273,-0.269273
2464,-0.209434,-0.269273,-0.269273
2465,-0.209434,-0.269273,-0.269273
2466,-0.209434,-0.269273,-0.269273
2467,-0.269273,-0.299192,-0.299192
2468,-0.269273,-0.329111,-0.299192
2469,-0.239354,-0.299192,-0.299192
2470,-0.239354,-0.299192,-0.269273
2471,-0.209434,-0.269273,-0.269273
2472,-0.209434,-0.239354,-0.239354
2473,-0.179515,-0.239354,-0.239354
2474,-0.179515,-0.239354,-0.239354
2475,-0.179515,-0.239354,-0.239354
2476,-0.179515,-0.239354,-0.239354
2477,-0.179515,-0.239354,-0.239354
2478,-0.209434,-0.239354,-0.239354
2479,-0.209434,-0.239354,-0.239354
2480,-0.209434,-0.239354,-0.239354
2481,-0.209434,-0.269273,-0.239354
2482,-0.209434,-0.239354,-0.239354
2483,-0.149596,-0.209434,-0.209434
2484,-0.149596,-0.209434,-0.179515
2485,-0.179515,-0.209434,-0.209434
2486,-0.179515,-0.239354,-0.239354
2487,-0.209434,-0.269273,-0.239354
2488,-0.239354,-0.269273,-0.269273
2489,-0.239354,-0.269273,-0.269273
2490,-0.239354,-0.269273,-0.269273
2491,-0.239354,-0.269273,-0.269273
2492,-0.239354,-0.269273,-0.269273
2493,-0.239354,-0.269273,-0.269273
2494,-0.209434,-0.269273,-0.269273
2495,-0.209434,-0.269273,-0.269273
2496,-0.209434,-0.269273,-0.239354
2497,-0.209434,-0.269273,-0.239354
2498,-0.209434,-0.269273,-0.269273
2499,-0.269273,-0.299192,-0.299192
2500,-0.269273,-0.299192,-0.299192
2501,-0.239354,-0.299192,-0.269273
2502,-0.239354,-0.269273,-0.269273
2503,-0.209434,-0.269273,-0.239354
2504,-0.179515,-0.239354,-0.239354
2505,-0.179515,-0.239354,-0.209434
2506,-0.179515,-0.239354,-0.209434
2507,-0.179515,-0.239354,-0.239354
2508,-0.179515,-0.239354,-0.209434
2509,-0.179515,-0.239354,-0.239354
2510,-0.179515,-0.239354,-0.239354
2511,-0.209434,-0.239354,-0.239354
2512,-0.209434,-0.239354,-0.239354
2513,-0.209434,-0.239354,-0.239354
2514,-0.209434,-0.239354,-0.239354
2515,-0.149596,-0.209434,-0.209434
2516,-0.149596,-0.209434,-0.179515
2517,-0.149596,-0.209434,-0.209434
2518,-0.179515,-0.209434,-0.209434
2519,-0.209434,-0.239354,-0.239354
2520,-0.209434,-0.269273,-0.269273
2521,-0.239354,-0.269273,-0.269273
2522,-0.239354,-0.269273,-0.269273
2523,-0.239354,-0.269273,-0.269273
2524,-0.209434,-0.269273,-0.269273
2525,-0.209434,-0.269273,-0.269273
2526,-0.209434,-0.269273,-0.269273
2527,-0.209434,-0.269273,-0.239354
2528,-0.209434,-0.269273,-0.239354
2529,-0.209434,-0.269273,-0.239354
2530,-0.209434,-0.269273,-0.269273
2531,-0.239354,-0.299192,-0.299192
2532,-0.269273,-0.299192,-0.299192
2533,-0.239354,-0.299192,-0.299192
2534,-0.239354,-0.269273,-0.269273
2535,-0.209434,-0.269273,-0.239354
2536,-0.179515,-0.239354,-0.239354
2537,-0.179515,-0.239354,-0.209434
2538,-0.179515,-0.239354,-0.209434
2539,-0.179515,-0.239354,-0.239354
2540,-0.179515,-0.239354,-0.239354
2541,-0.179515,-0.239354,-0.209434
2542,-0.209434,-0.239354,-0.239354
2543,-0.179515,-0.239354,-0.239354
2544,-0.209434,-0.239354,-0.239354
2545,-0.209434,-0.239354,-0.239354
2546,-0.179515,-0.239354,-0.239354
2547,-0.149596,-0.209434,-0.179515
2548,-0.149596,-0.179515,-0.179515
2549,-0.149596,-0.209434,-0.209434
2550,-0.179515,-0.239354,-0.209434
2551,-0.209434,-0.239354,-0.239354
2552,-0.209434,-0.269273,-0.269273
2553,-0.239354,-0.269273,-0.269273
2554,-0.209434,-0.269273,-0.269273
2555,-0.209434,-0.269273,-0.269273
2556,-0.239354,-0.269273,-0.269273
2557,-0.239354,-0.269273,-0.269273
2558,-0.209434,-0.269273,-0.269273
2559,-0.209434,-0.269273,-0.239354
2560,-0.209434,-0.269273,-0.239354
2561,-0.209434,-0.269273,-0.239354
2562,-0.209434,-0.269273,-0.239354
2563,-0.239354,-0.299192,-0.299192
2564,-0.269273,-0.299192,-0.299192
2565,-0.239354,-0.299192,-0.269273
2566,-0.239354,-0.269273,-0.269273
2567,-0.209434,-0.269273,-0.239354
2568,-0.179515,-0.239354,-0.239354
2569,-0.179515,-0.239354,-0.239354
2570,-0.179515,-0.239354,-0.209434
2571,-0.179515,-0.239354,-0.209434
2572,-0.179515,-0.239354,-0.239354
2573,-0.179515,-0.239354,-0.239354
2574,-0.179515,-0.239354,-0.239354
2575,-0.209434,-0.239354,-0.239354
2576,-0.209434,-0.239354,-0.239354
2577,-0.209434,-0.239354,-0.239354
2578,-0.209434,-0.239354,-0.239354
2579,-0.149596,-0.209434,-0.209434
2580,-0.149596,-0.209434,-0.179515
2581,-0.179515,-0.209434,-0.209434
2582,-0.179515,-0.209434,-0.209434
2583,-0.209434,-0.239354,-0.239354
2584,-0.209434,-0.269273,-0.269273
2585,-0.239354,-0.269273,-0.269273
2586,-0.209434,-0.269273,-0.269273
2587,-0.209434,-0.269273,-0.269273
2588,-0.239354,-0.269273,-0.269273
2589,-0.209434,-0.269273,-0.269273
2590,-0.209434,-0.269273,-0.269273
2591,-0.209434,-0.269273,-0.239354
2592,-0.209434,-0.269273,-0.239354
2593,-0.209434,-0.269273,-0.239354
2594,-0.209434,-0.269273,-0.239354
2595,-0.239354,-0.299192,-0.299192
2596,-0.269273,-0.299192,-0.299192
2597,-0.239354,-0.299192,-0.269273
2598,-0.239354,-0.269273,-0.269273
2599,-0.209434,-0.269273,-0.239354
2600,-0.179515,-0.239354,-0.239354
2601,-0.179515,-0.239354,-0.239354
2602,-0.179515,-0.239354,-0.239354
2603,-0.179515,-0.239354,-0.209434
2604,-0.179515,-0.239354,-0.239354
2605,-0.179515,-0.239354,-0.239354
2606,-0.179515,-0.239354,-0.239354
2607,-0.179515,-0.239354,-0.239354
2608,-0.209434,-0.239354,-0.239354
2609,-0.209434,-0.239354,-0.239354
2610,-0.179515,-0.239354,-0.239354
2611,-0.149596,-0.209434,-0.209434
2612,-0.149596,-0.179515,-0.179515
2613,-0.149596,-0.209434,-0.209434
2614,-0.179515,-0.239354,-0.209434
2615,-0.209434,-0.239354,-0.239354
2616,-0.209434,-0.269273,-0.269273
2617,-0.209434,-0.269273,-0.269273
2618,-0.209434,-0.269273,-0.269273
2619,-0.209434,-0.269273,-0.269273
2620,-0.209434,-0.269273,-0.269273
2621,-0.209434,-0.269273,-0.269273
2622,-0.209434,-0.269273,-0.269273
2623,-0.209434,-0.269273,-0.269273
2624,-0.209434,-0.269273,-0.239354
2625,-0.209434,-0.239354,-0.239354
2626,-0.209434,-0.269273,-0.269273
2627,-0.239354,-0.299192,-0.299192
2628,-0.269273,-0.299192,-0.299192
2629,-0.239354,-0.299192,-0.269273
2630,-0.239354,-0.269273,-0.269273
2631,-0.209434,-0.269273,-0.239354
2632,-0.179515,-0.239354,-0.239354
2633,-0.179515,-0.239354,-0.209434
2634,-0.179515,-0.239354,-0.209434
2635,-0.179515,-0.239354,-0.209434
2636,-0.179515,-0.239354,-0.239354
2637,-0.179515,-0.239354,-0.239354
2638,-0.179515,-0.239354,-0.239354
2639,-0.209434,-0.239354,-0.239354
2640,-0.209434,-0.239354,-0.239354
2641,-0.209434,-0.239354,-0.239354
2642,-0.209434,-0.239354,-0.239354
2643,-0.149596,-0.209434,-0.209434
2644,-0.149596,-0.209434,-0.179515
2645,-0.149596,-0.209434,-0.209434
2646,-0.179515,-0.239354,-0.209434
2647,-0.209434,-0.239354,-0.239354
2648,-0.209434,-0.269273,-0.269273
2649,-0.239354,-0.269273,-0.269273
2650,-0.209434,-0.269273,-0.269273
2651,-0.209434,-0.269273,-0.269273
2652,-0.209434,-0.269273,-0.269273
2653,-0.209434,-0.269273,-0.269273
2654,-0.209434,-0.269273,-0.239354
2655,-0.209434,-0.269273,-0.239354
2656,-0.209434,-0.239354,-0.239354
2657,-0.209434,-0.239354,-0.239354
2658,-0.209434,-0.269273,-0.239354
2659,-0.239354,-0.299192,-0.299192
2660,-0.269273,-0.299192,-0.299192
2661,-0.239354,-0.299192,-0.269273
2662,-0.239354,-0.269273,-0.269273
2663,-0.209434,-0.269273,-0.239354
2664,-0.179515,-0.239354,-0.239354
2665,-0.179515,-0.239354,-0.239354
2666,-0.179515,-0.239354,-0.239354
2667,-0.179515,-0.239354,-0.239354
2668,-0.179515,-0.239354,-0.239354
2669,-0.179515,-0.239354,-0.239354
2670,-0.209434,-0.239354,-0.239354
2671,-0.209434,-0.239354,-0.239354
2672,-0.209434,-0.239354,-0.239354
2673,-0.209434,-0.239354,-0.239354
2674,-0.209434,-0.239354,-0.239354
2675,-0.149596,-0.209434,-0.209434
2676,-0.149596,-0.209434,-0.179515
2677,-0.179515,-0.209434,-0.209434
2678,-0.179515,-0.239354,-0.239354
2679,-0.209434,-0.269273,-0.269273
2680,-0.239354,-0.269273,-0.269273
2681,-0.239354,-0.269273,-0.269273
2682,-0.239354,-0.269273,-0.269273
2683,-0.239354,-0.269273,-0.269273
2684,-0.239354,-0.269273,-0.269273
2685,-0.239354,-0.269273,-0.269273
2686,-0.239354,-0.269273,-0.269273
2687,-0.209434,-0.269273,-0.269273
2688,-0.209434,-0.269273,-0.269273
2689,-0.209434,-0.269273,-0.269273
2690,-0.209434,-0.269273,-0.269273
2691,-0.269273,-0.299192,-0.299192
2692,-0.269273,-0.299192,-0.299192
2693,-0.239354,-0.299192,-0.299192
2694,-0.239354,-0.269273,-0.269273
2695,-0.209434,-0.269273,-0.269273
2696,-0.209434,-0.239354,-0.239354
2697,-0.179515,-0.239354,-0.239354
2698,-0.209434,-0.239354,-0.239354
2699,-0.209434,-0.239354,-0.239354
2700,-0.179515,-0.239354,-0.239354
2701,-0.179515,-0.239354,-0.239354
2702,-0.209434,-0.239354,-0.239354
2703,-0.209434,-0.239354,-0.239354
2704,-0.209434,-0.239354,-0.239354
2705,-0.209434,-0.239354,-0.239354
2706,-0.209434,-0.239354,-0.239354
2707,-0.149596,-0.209434,-0.209434
2708,-0.149596,-0.209434,-0.209434
2709,-0.179515,-0.209434,-0.209434
2710,-0.179515,-0.239354,-0.239354
2711,-0.209434,-0.269273,-0.239354
2712,-0.239354,-0.269273,-0.269273
2713,-0.239354,-0.269273,-0.269273
2714,-0.239354,-0.269273,-0.269273
2715,-0.239354,-0.269273,-0.269273
2716,-0.239354,-0.269273,-0.269273
2717,-0.239354,-0.269273,-0.269273
2718,-0.209434,-0.269273,-0.269273
2719,-0.209434,-0.269273,-0.269273
2720,-0.209434,-0.269273,-0.269273
2721,-0.209434,-0.269273,-0.239354
2722,-0.209434,-0.269273,-0.269273
2723,-0.239354,-0.299192,-0.299192
2724,-0.269273,-0.299192,-0.299192
2725,-0.239354,-0.299192,-0.269273
2726,-0.239354,-0.269273,-0.269273
2727,-0.209434,-0.269273,-0.239354
2728,-0.179515,-0.239354,-0.239354
2729,-0.179515,-0.239354,-0.239354
2730,-0.179515,-0.239354,-0.209434
2731,-0.179515,-0.239354,-0.209434
2732,-0.179515,-0.239354,-0.209434
2733,-0.179515,-0.239354,-0.239354
2734,-0.179515,-0.239354,-0.239354
2735,-0.179515,-0.239354,-0.239354
2736,-0.179515,-0.239354,-0.239354
2737,-0.179515,-0.239354,-0.239354
2738,-0.179515,-0.239354,-0.239354
2739,-0.149596,-0.179515,-0.179515
2740,-0.149596,-0.179515,-0.179515
2741,-0.149596,-0.209434,-0.209434
2742,-0.179515,-0.209434,-0.209434
2743,-0.209434,-0.239354,-0.239354
2744,-0.209434,-0.269273,-0.239354
2745,-0.209434,-0.269273,-0.239354
2746,-0.209434,-0.269273,-0.269273
2747,-0.209434,-0.239354,-0.239354
2748,-0.209434,-0.269273,-0.239354
2749,-0.209434,-0.239354,-0.239354
2750,-0.209434,-0.239354,-0.239354
2751,-0.209434,-0.239354,-0.239354
2752,-0.209434,-0.239354,-0.239354
2753,-0.179515,-0.239354,-0.239354
2754,-0.209434,-0.239354,-0.239354
2755,-0.239354,-0.269273,-0.269273
2756,-0.239354,-0.299192,-0.269273
2757,-0.239354,-0.269273,-0.269273
2758,-0.209434,-0.269273,-0.269273
2759,-0.179515,-0.239354,-0.239354
2760,-0.179515,-0.239354,-0.209434
2761,-0.179515,-0.209434,-0.209434
2762,-0.179515,-0.209434,-0.209434
2763,-0.179515,-0.209434,-0.209434
2764,-0.179515,-0.209434,-0.209434
2765,-0.179515,-0.209434,-0.209434
2766,-0.179515,-0.209434,-0.209434
2767,-0.179515,-0.239354,-0.209434
2768,-0.179515,-0.239354,-0.209434
2769,-0.179515,-0.239354,-0.209434
2770,-0.179515,-0.209434,-0.209434
2771,-0.149596,-0.179515,-0.179515
2772,-0.119677,-0.179515,-0.179515
2773,-0.149596,-0.209434,-0.179515
2774,-0.179515,-0.209434,-0.209434
2775,-0.179515,-0.239354,-0.239354
2776,-0.209434,-0.269273,-0.239354
2777,-0.209434,-0.269273,-0.239354
2778,-0.209434,-0.239354,-0.239354
2779,-0.209434,-0.269273,-0.239354
2780,-0.209434,-0.269273,-0.239354
2781,-0.209434,-0.269273,-0.239354
2782,-0.209434,-0.239354,-0.239354
2783,-0.209434,-0.239354,-0.239354
2784,-0.209434,-0.239354,-0.239354
2785,-0.179515,-0.239354,-0.239354
2786,-0.209434,-0.239354,-0.239354
2787,-0.239354,-0.299192,-0.269273
2788,-0.239354,-0.299192,-0.269273
2789,-0.239354,-0.269273,-0.269273
2790,-0.209434,-0.269273,-0.269273
2791,-0.209434,-0.239354,-0.239354
2792,-0.179515,-0.209434,-0.209434
2793,-0.179515,-0.209434,-0.209434
2794,-0.179515,-0.209434,-0.209434
2795,-0.179515,-0.209434,-0.209434
2796,-0.179515,-0.209434,-0.209434
2797,-0.179515,-0.209434,-0.209434
2798,-0.179515,-0.209434,-0.209434
2799,-0.179515,-0.209434,-0.209434
2800,-0.179515,-0.239354,-0.209434
2801,-0.179515,-0.239354,-0.209434
2802,-0.179515,-0.209434,-0.209434
2803,-0.119677,-0.179515,-0.179515
2804,-0.119677,-0.179515,-0.179515
2805,-0.149596,-0.179515,-0.179515
2806,-0.149596,-0.209434,-0.209434
2807,-0.179515,-0.239354,-0.209434
2808,-0.179515,-0.239354,-0.239354
2809,-0.209434,-0.239354,-0.239354
2810,-0.179515,-0.239354,-0.239354
2811,-0.179515,-0.239354,-0.239354
2812,-0.179515,-0.239354,-0.239354
2813,-0.179515,-0.239354,-0.239354
2814,-0.179515,-0.239354,-0.209434
2815,-0.179515,-0.239354,-0.209434
2816,-0.179515,-0.239354,-0.209434
2817,-0.179515,-0.209434,-0.209434
2818,-0.179515,-0.239354,-0.239354
2819,-0.239354,-0.269273,-0.269273
2820,-0.239354,-0.269273,-0.269273
2821,-0.209434,-0.269273,-0.239354
2822,-0.179515,-0.239354,-0.239354
2823,-0.179515,-0.209434,-0.209434
2824,-0.149596,-0.209434,-0.179515
2825,-0.149596,-0.209434,-0.179515
2826,-0.149596,-0.179515,-0.179515
2827,-0.149596,-0.209434,-0.179515
2828,-0.149596,-0.209434,-0.179515
2829,-0.149596,-0.179515,-0.179515
2830,-0.149596,-0.209434,-0.179515
2831,-0.149596,-0.209434,-0.209434
2832,-0.149596,-0.209434,-0.209434
2833,-0.149596,-0.209434,-0.209434
2834,-0.149596,-0.179515,-0.179515
2835,-0.089758,-0.149596,-0.149596
2836,-0.119677,-0.149596,-0.149596
2837,-0.119677,-0.179515,-0.179515
2838,-0.149596,-0.179515,-0.179515
2839,-0.149596,-0.209434,-0.209434
2840,-0.179515,-0.209434,-0.209434
2841,-0.179515,-0.239354,-0.209434
2842,-0.179515,-0.239354,-0.209434
2843,-0.179515,-0.209434,-0.209434
2844,-0.179515,-0.209434,-0.209434
2845,-0.179515,-0.239354,-0.209434
2846,-0.149596,-0.209434,-0.209434
2847,-0.179515,-0.209434,-0.209434
2848,-0.149596,-0.209434,-0.209434
2849,-0.149596,-0.209434,-0.209434
2850,-0.179515,-0.209434,-0.209434
2851,-0.209434,-0.269273,-0.239354
2852,-0.209434,-0.269273,-0.239354
2853,-0.179515,-0.239354,-0.239354
2854,-0.179515,-0.239354,-0.209434
2855,-0.149596,-0.209434,-0.209434
2856,-0.149596,-0.179515,-0.179515
2857,-0.149596,-0.179515,-0.179515
2858,-0.119677,-0.179515,-0.179515
2859,-0.119677,-0.179515,-0.179515
2860,-0.119677,-0.179515,-0.179515
2861,-0.119677,-0.179515,-0.179515
2862,-0.149596,-0.179515,-0.179515
2863,-0.149596,-0.179515,-0.179515
2864,-0.149596,-0.179515,-0.179515
2865,-0.149596,-0.179515,-0.179515
2866,-0.149596,-0.179515,-0.179515
2867,-0.089758,-0.149596,-0.149596
2868,-0.089758,-0.149596,-0.149596
2869,-0.119677,-0.149596,-0.149596
2870,-0.119677,-0.179515,-0.179515
2871,-0.149596,-0.209434,-0.179515
2872,-0.149596,-0.209434,-0.209434
2873,-0.179515,-0.209434,-0.209434
2874,-0.179515,-0.209434,-0.209434
2875,-0.179515,-0.209434,-0.209434
2876,-0.179515,-0.209434,-0.209434
2877,-0.149596,-0.209434,-0.209434
2878,-0.149596,-0.209434,-0.209434
2879,-0.149596,-0.209434,-0.209434
2880,-0.149596,-0.209434,-0.209434
2881,-0.149596,-0.209434,-0.179515
2882,-0.179515,-0.209434,-0.209434
2883,-0.209434,-0.239354,-0.239354
2884,-0.209434,-0.239354,-0.239354
2885,-0.179515,-0.239354,-0.209434
2886,-0.179515,-0.209434,-0.209434
2887,-0.149596,-0.179515,-0.179515
2888,-0.119677,-0.179515,-0.179515
2889,-0.119677,-0.179515,-0.179515
2890,-0.119677,-0.179515,-0.149596
2891,-0.119677,-0.179515,-0.149596
2892,-0.119677,-0.179515,-0.149596
2893,-0.119677,-0.179515,-0.149596
2894,-0.119677,-0.179515,-0.179515
2895,-0.119677,-0.179515,-0.179515
2896,-0.119677,-0.179515,-0.179515
2897,-0.149596,-0.179515,-0.179515
2898,-0.119677,-0.179515,-0.149596
2899,-0.089758,-0.119677,-0.119677
2900,-0.089758,-0.119677,-0.119677
2901,-0.089758,-0.149596,-0.149596
2902,-0.119677,-0.179515,-0.149596
2903,-0.149596,-0.179515,-0.179515
2904,-0.149596,-0.209434,-0.179515
2905,-0.149596,-0.209434,-0.209434
2906,-0.149596,-0.209434,-0.209434
2907,-0.149596,-0.209434,-0.209434
2908,-0.149596,-0.209434,-0.209434
2909,-0.149596,-0.209434,-0.209434
2910,-0.149596,-0.209434,-0.179515
2911,-0.149596,-0.179515,-0.179515
2912,-0.149596,-0.179515,-0.179515
2913,-0.149596,-0.179515,-0.179515
2914,-0.149596,-0.209434,-0.179515
2915,-0.179515,-0.239354,-0.239354
2916,-0.179515,-0.239354,-0.239354
2917,-0.179515,-0.209434,-0.209434
2918,-0.149596,-0.209434,-0.209434
2919,-0.119677,-0.179515,-0.179515
2920,-0.119677,-0.179515,-0.149596
2921,-0.119677,-0.179515,-0.149596
2922,-0.119677,-0.149596,-0.149596
2923,-0.119677,-0.149596,-0.149596
2924,-0.119677,-0.149596,-0.149596
2925,-0.119677,-0.179515,-0.149596
2926,-0.119677,-0.179515,-0.179515
2927,-0.119677,-0.179515,-0.179515
2928,-0.119677,-0.179515,-0.179515
2929,-0.119677,-0.179515,-0.179515
2930,-0.119677,-0.179515,-0.149596
2931,-0.089758,-0.119677,-0.119677
2932,-0.089758,-0.119677,-0.119677
2933,-0.089758,-0.149596,-0.149596
2934,-0.119677,-0.149596,-0.149596
2935,-0.149596,-0.179515,-0.179515
2936,-0.149596,-0.209434,-0.209434
2937,-0.149596,-0.209434,-0.179515
2938,-0.149596,-0.209434,-0.179515
2939,-0.149596,-0.209434,-0.179515
2940,-0.149596,-0.209434,-0.209434
2941,-0.149596,-0.209434,-0.209434
2942,-0.149596,-0.209434,-0.179515
2943,-0.149596,-0.179515,-0.179515
2944,-0.149596,-0.209434,-0.179515
2945,-0.149596,-0.179515,-0.179515
2946,-0.149596,-0.209434,-0.209434
2947,-0.209434,-0.239354,-0.239354
2948,-0.179515,-0.239354,-0.239354
2949,-0.149596,-0.209434,-0.209434
2950,-0.149596,-0.179515,-0.179515
2951,-0.119677,-0.179515,-0.179515
2952,-0.119677,-0.149596,-0.149596
2953,-0.119677,-0.149596,-0.149596
2954,-0.119677,-0.149596,-0.149596
2955,-0.119677,-0.149596,-0.149596
2956,-0.119677,-0.149596,-0.149596
2957,-0.089758,-0.149596,-0.149596
2958,-0.119677,-0.149596,-0.149596
2959,-0.119677,-0.149596,-0.149596
2960,-0.119677,-0.179515,-0.149596
2961,-0.119677,-0.179515,-0.149596
2962,-0.119677,-0.149596,-0.149596
2963,-0.059838,-0.119677,-0.119677
2964,-0.059838,-0.119677,-0.119677
2965,-0.089758,-0.149596,-0.149596
2966,-0.089758,-0.149596,-0.149596
2967,-0.119677,-0.179515,-0.179515
2968,-0.149596,-0.179515,-0.179515
2969,-0.149596,-0.179515,-0.179515
2970,-0.149596,-0.179515,-0.179515
2971,-0.149596,-0.179515,-0.179515
2972,-0.149596,-0.179515,-0.179515
2973,-0.149596,-0.179515,-0.179515
2974,-0.149596,-0.179515,-0.179515
2975,-0.149596,-0.179515,-0.179515
2976,-0.119677,-0.179515,-0.179515
2977,-0.119677,-0.179515,-0.179515
2978,-0.149596,-0.179515,-0.179515
2979,-0.179515,-0.209434,-0.209434
2980,-0.179515,-0.209434,-0.209434
2981,-0.149596,-0.209434,-0.209434
2982,-0.149596,-0.179515,-0.179515
2983,-0.119677,-0.149596,-0.149596
2984,-0.119677,-0.149596,-0.149596
2985,-0.089758,-0.149596,-0.149596
2986,-0.089758,-0.149596,-0.149596
2987,-0.089758,-0.149596,-0.149596
2988,-0.089758,-0.149596,-0.149596
2989,-0.089758,-0.149596,-0.149596
2990,-0.089758,-0.149596,-0.149596
2991,-0.119677,-0.149596,-0.149596
2992,-0.119677,-0.149596,-0.149596
2993,-0.119677,-0.149596,-0.149596
2994,-0.089758,-0.149596,-0.149596
2995,-0.059838,-0.119677,-0.089758
2996,-0.059838,-0.119677,-0.119677
2997,-0.089758,-0.119677,-0.119677
2998,-0.089758,-0.149596,-0.149596
2999,-0.119677,-0.179515,-0.179515
3000,-0.119677,-0.179515,-0.179515
3001,-0.149596,-0.179515,-0.179515
3002,-0.149596,-0.179515,-0.179515
3003,-0.119677,-0.179515,-0.179515
3004,-0.149596,-0.179515,-0.179515
3005,-0.119677,-0.179515,-0.179515
3006,-0.119677,-0.179515,-0.179515
3007,-0.119677,-0.179515,-0.179515
3008,-0.119677,-0.179515,-0.179515
3009,-0.119677,-0.149596,-0.149596
3010,-0.119677,-0.179515,-0.179515
3011,-0.179515,-0.209434,-0.209434
3012,-0.179515,-0.209434,-0.209434
3013,-0.149596,-0.209434,-0.209434
3014,-0.149596,-0.179515,-0.179515
3015,-0.119677,-0.149596,-0.149596
3016,-0.089758,-0.149596,-0.149596
3017,-0.089758,-0.149596,-0.149596
3018,-0.089758,-0.149596,-0.149596
3019,-0.089758,-0.149596,-0.149596
3020,-0.089758,-0.149596,-0.149596
3021,-0.089758,-0.149596,-0.149596
3022,-0.119677,-0.149596,-0.149596
3023,-0.119677,-0.149596,-0.149596
3024,-0.119677,-0.149596,-0.149596
3025,-0.119677,-0.179515,-0.149596
3026,-0.089758,-0.149596,-0.149596
3027,-0.059838,-0.119677,-0.089758
3028,-0.059838,-0.119677,-0.119677
3029,-0.089758,-0.149596,-0.119677
3030,-0.089758,-0.149596,-0.149596
3031,-0.119677,-0.179515,-0.179515
3032,-0.149596,-0.179515,-0.179515
3033,-0.149596,-0.179515,-0.179515
3034,-0.149596,-0.179515,-0.179515
3035,-0.149596,-0.179515,-0.179515
3036,-0.149596,-0.209434,-0.179515
3037,-0.149596,-0.179515,-0.179515
3038,-0.119677,-0.179515,-0.179515
3039,-0.119677,-0.179515,-0.179515
3040,-0.119677,-0.179515,-0.179515
3041,-0.119677,-0.179515,-0.179515
3042,-0.149596,-0.179515,-0.179515
3043,-0.179515,-0.239354,-0.209434
3044,-0.179515,-0.209434,-0.209434
3045,-0.149596,-0.209434,-0.209434
3046,-0.149596,-0.209434,-0.179515
3047,-0.119677,-0.179515,-0.179515
3048,-0.119677,-0.149596,-0.149596
3049,-0.119677,-0.149596,-0.149596
3050,-0.119677,-0.149596,-0.149596
3051,-0.119677,-0.149596,-0.149596
3052,-0.119677,-0.149596,-0.149596
3053,-0.119677,-0.149596,-0.149596
3054,-0.119677,-0.149596,-0.149596
3055,-0.119677,-0.179515,-0.149596
3056,-0.119677,-0.179515,-0.179515
3057,-0.119677,-0.179515,-0.179515
3058,-0.089758,-0.149596,-0.149596
3059,-0.059838,-0.119677,-0.119677
3060,-0.089758,-0.119677,-0.119677
3061,-0.089758,-0.149596,-0.149596
3062,-0.119677,-0.149596,-0.149596
3063,-0.149596,-0.179515,-0.179515
3064,-0.149596,-0.209434,-0.179515
3065,-0.149596,-0.209434,-0.179515
3066,-0.149596,-0.209434,-0.209434
3067,-0.149596,-0.209434,-0.179515
3068,-0.149596,-0.209434,-0.209434
3069,-0.149596,-0.209434,-0.209434
3070,-0.149596,-0.209434,-0.209434
3071,-0.149596,-0.209434,-0.179515
3072,-0.149596,-0.179515,-0.179515
3073,-0.149596,-0.179515,-0.179515
3074,-0.149596,-0.209434,-0.209434
3075,-0.209434,-0.239354,-0.239354
3076,-0.179515,-0.239354,-0.239354
3077,-0.179515,-0.239354,-0.209434
3078,-0.179515,-0.209434,-0.209434
3079,-0.149596,-0.209434,-0.179515
3080,-0.119677,-0.179515,-0.179515
3081,-0.119677,-0.179515,-0.179515
3082,-0.149596,-0.209434,-0.179515
3083,-0.149596,-0.209434,-0.209434
3084,-0.149596,-0.179515,-0.179515
3085,-0.149596,-0.209434,-0.179515
3086,-0.149596,-0.209434,-0.209434
3087,-0.149596,-0.209434,-0.209434
3088,-0.179515,-0.209434,-0.209434
3089,-0.179515,-0.209434,-0.209434
3090,-0.149596,-0.209434,-0.179515
3091,-0.119677,-0.149596,-0.149596
3092,-0.119677,-0.179515,-0.149596
3093,-0.149596,-0.179515,-0.179515
3094,-0.149596,-0.209434,-0.209434
3095,-0.179515,-0.239354,-0.209434
3096,-0.209434,-0.239354,-0.239354
3097,-0.209434,-0.239354,-0.239354
3098,-0.209434,-0.239354,-0.239354
3099,-0.209434,-0.239354,-0.239354
3100,-0.209434,-0.239354,-0.239354
3101,-0.209434,-0.239354,-0.239354
3102,-0.179515,-0.239354,-0.239354
3103,-0.179515,-0.239354,-0.239354
3104,-0.179515,-0.239354,-0.239354
3105,-0.179515,-0.239354,-0.239354
3106,-0.209434,-0.269273,-0.239354
3107,-0.239354,-0.269273,-0.269273
3108,-0.239354,-0.269273,-0.269273
3109,-0.209434,-0.269273,-0.269273
3110,-0.209434,-0.269273,-0.239354
3111,-0.179515,-0.239354,-0.239354
3112,-0.179515,-0.209434,-0.209434
3113,-0.179515,-0.209434,-0.209434
3114,-0.179515,-0.209434,-0.209434
3115,-0.179515,-0.209434,-0.209434
3116,-0.179515,-0.239354,-0.209434
3117,-0.179515,-0.209434,-0.209434
3118,-0.179515,-0.239354,-0.239354
3119,-0.179515,-0.239354,-0.239354
3120,-0.179515,-0.239354,-0.239354
3121,-0.209434,-0.239354,-0.239354
3122,-0.179515,-0.209434,-0.209434
3123,-0.149596,-0.179515,-0.179515
3124,-0.149596,-0.209434,-0.209434
3125,-0.179515,-0.209434,-0.209434
3126,-0.179515,-0.239354,-0.239354
3127,-0.209434,-0.269273,-0.269273
3128,-0.239354,-0.269273,-0.269273
3129,-0.239354,-0.269273,-0.269273
3130,-0.239354,-0.269273,-0.269273
3131,-0.239354,-0.269273,-0.269273
3132,-0.239354,-0.269273,-0.269273
3133,-0.239354,-0.269273,-0.269273
3134,-0.239354,-0.269273,-0.269273
3135,-0.209434,-0.269273,-0.269273
3136,-0.209434,-0.269273,-0.269273
3137,-0.209434,-0.269273,-0.269273
3138,-0.239354,-0.299192,-0.269273
3139,-0.269273,-0.329111,-0.299192
3140,-0.269273,-0.299192,-0.299192
3141,-0.269273,-0.299192,-0.299192
3142,-0.239354,-0.299192,-0.269273
3143,-0.209434,-0.269273,-0.269273
3144,-0.209434,-0.269273,-0.239354
3145,-0.209434,-0.269273,-0.239354
3146,-0.209434,-0.239354,-0.239354
3147,-0.209434,-0.239354,-0.239354
3148,-0.209434,-0.239354,-0.239354
3149,-0.209434,-0.269273,-0.239354
3150,-0.209434,-0.269273,-0.269273
3151,-0.209434,-0.269273,-0.269273
3152,-0.209434,-0.269273,-0.269273
3153,-0.209434,-0.269273,-0.269273
3154,-0.209434,-0.239354,-0.239354
3155,-0.179515,-0.209434,-0.209434
3156,-0.179515,-0.239354,-0.239354
3157,-0.209434,-0.239354,-0.239354
3158,-0.209434,-0.269273,-0.269273
3159,-0.239354,-0.299192,-0.269273
3160,-0.239354,-0.299192,-0.299192
3161,-0.239354,-0.299192,-0.299192
3162,-0.269273,-0.299192,-0.299192
3163,-0.269273,-0.299192,-0.299192
3164,-0.269273,-0.299192,-0.299192
3165,-0.269273,-0.299192,-0.299192
3166,-0.239354,-0.299192,-0.299192
3167,-0.239354,-0.299192,-0.299192
3168,-0.239354,-0.299192,-0.299192
3169,-0.239354,-0.299192,-0.299192
3170,-0.269273,-0.299192,-0.299192
3171,-0.299192,-0.359030,-0.329111
3172,-0.269273,-0.329111,-0.329111
3173,-0.269273,-0.329111,-0.329111
3174,-0.269273,-0.299192,-0.299192
3175,-0.239354,-0.299192,-0.269273
3176,-0.239354,-0.269273,-0.269273
3177,-0.239354,-0.269273,-0.269273
3178,-0.209434,-0.269273,-0.269273
3179,-0.239354,-0.269273,-0.269273
3180,-0.239354,-0.269273,-0.269273
3181,-0.239354,-0.269273,-0.269273
3182,-0.239354,-0.269273,-0.269273
3183,-0.239354,-0.269273,-0.269273
3184,-0.239354,-0.269273,-0.269273
3185,-0.239354,-0.299192,-0.269273
3186,-0.209434,-0.269273,-0.239354
3187,-0.179515,-0.239354,-0.209434
3188,-0.179515,-0.239354,-0.239354
3189,-0.209434,-0.269273,-0.239354
3190,-0.239354,-0.269273,-0.269273
3191,-0.239354,-0.299192,-0.299192
3192,-0.269273,-0.299192,-0.299192
3193,-0.269273,-0.299192,-0.299192
3194,-0.269273,-0.299192,-0.299192
3195,-0.269273,-0.299192,-0.299192
3196,-0.269273,-0.299192,-0.299192
3197,-0.239354,-0.299192,-0.299192
3198,-0.239354,-0.299192,-0.299192
3199,-0.239354,-0.299192,-0.299192
3200,-0.239354,-0.299192,-0.299192
3201,-0.239354,-0.299192,-0.269273
3202,-0.269273,-0.299192,-0.299192
3203,-0.299192,-0.329111,-0.329111
3204,-0.269273,-0.329111,-0.329111
3205,-0.269273,-0.329111,-0.299192
3206,-0.269273,-0.299192,-0.299192
3207,-0.239354,-0.269273,-0.269273
3208,-0.209434,-0.269273,-0.269273
3209,-0.209434,-0.269273,-0.269273
3210,-0.209434,-0.269273,-0.269273
3211,-0.209434,-0.269273,-0.269273
3212,-0.209434,-0.269273,-0.269273
3213,-0.209434,-0.269273,-0.269273
3214,-0.239354,-0.269273,-0.269273
3215,-0.239354,-0.269273,-0.269273
3216,-0.239354,-0.299192,-0.269273
3217,-0.239354,-0.299192,-0.269273
3218,-0.209434,-0.269273,-0.269273
3219,-0.179515,-0.239354,-0.209434
3220,-0.179515,-0.239354,-0.239354
3221,-0.209434,-0.269273,-0.239354
3222,-0.239354,-0.269273,-0.269273
3223,-0.239354,-0.299192,-0.299192
3224,-0.269273,-0.299192,-0.299192
3225,-0.269273,-0.299192,-0.299192
3226,-0.269273,-0.299192,-0.299192
3227,-0.239354,-0.299192,-0.299192
3228,-0.269273,-0.299192,-0.299192
3229,-0.269273,-0.299192,-0.299192
3230,-0.239354,-0.299192,-0.299192
3231,-0.239354,-0.299192,-0.299192
3232,-0.239354,-0.299192,-0.299192
3233,-0.239354,-0.299192,-0.269273
3234,-0.269273,-0.329111,-0.299192
3235,-0.299192,-0.329111,-0.329111
3236,-0.269273,-0.329111,-0.329111
3237,-0.269273,-0.299192,-0.299192
3238,-0.269273,-0.299192,-0.299192
3239,-0.239354,-0.269273,-0.269273
3240,-0.209434,-0.269273,-0.269273
3241,-0.209434,-0.269273,-0.269273
3242,-0.209434,-0.269273,-0.269273
3243,-0.209434,-0.269273,-0.269273
3244,-0.209434,-0.269273,-0.269273
3245,-0.209434,-0.269273,-0.269273
3246,-0.239354,-0.269273,-0.269273
3247,-0.239354,-0.269273,-0.269273
3248,-0.239354,-0.269273,-0.269273
3249,-0.239354,-0.269273,-0.269273
3250,-0.209434,-0.269273,-0.269273
3251,-0.179515,-0.239354,-0.239354
3252,-0.179515,-0.239354,-0.239354
3253,-0.209434,-0.269273,-0.239354
3254,-0.209434,-0.269273,-0.269273
3255,-0.239354,-0.299192,-0.299192
3256,-0.269273,-0.299192,-0.299192
3257,-0.269273,-0.299192,-0.299192
3258,-0.239354,-0.299192,-0.299192
3259,-0.239354,-0.299192,-0.299192
3260,-0.269273,-0.299192,-0.299192
3261,-0.269273,-0.299192,-0.299192
3262,-0.239354,-0.299192,-0.299192
3263,-0.239354,-0.299192,-0.299192
3264,-0.239354,-0.299192,-0.299192
3265,-0.239354,-0.299192,-0.269273
3266,-0.269273,-0.329111,-0.299192
3267,-0.299192,-0.329111,-0.329111
3268,-0.269273,-0.329111,-0.329111
3269,-0.269273,-0.329111,-0.299192
3270,-0.269273,-0.299192,-0.299192
3271,-0.239354,-0.299192,-0.269273
3272,-0.239354,-0.269273,-0.269273
3273,-0.239354,-0.269273,-0.269273
3274,-0.239354,-0.269273,-0.269273
3275,-0.239354,-0.269273,-0.269273
3276,-0.209434,-0.269273,-0.269273
3277,-0.239354,-0.269273,-0.269273
3278,-0.239354,-0.269273,-0.269273
3279,-0.239354,-0.269273,-0.269273
3280,-0.239354,-0.299192,-0.269273
3281,-0.239354,-0.299192,-0.269273
3282,-0.209434,-0.269273,-0.269273
3283,-0.179515,-0.239354,-0.209434
3284,-0.209434,-0.239354,-0.239354
3285,-0.209434,-0.239354,-0.239354
3286,-0.209434,-0.269273,-0.269273
3287,-0.239354,-0.299192,-0.299192
3288,-0.269273,-0.299192,-0.299192
3289,-0.269273,-0.299192,-0.299192
3290,-0.239354,-0.299192,-0.299192
3291,-0.239354,-0.299192,-0.299192
3292,-0.239354,-0.299192,-0.299192
3293,-0.239354,-0.299192,-0.299192
3294,-0.239354,-0.299192,-0.269273
3295,-0.239354,-0.299192,-0.269273
3296,-0.239354,-0.299192,-0.269273
3297,-0.239354,-0.269273,-0.269273
3298,-0.269273,-0.299192,-0.299192
3299,-0.299192,-0.329111,-0.329111
3300,-0.269273,-0.329111,-0.299192
3301,-0.269273,-0.299192,-0.299192
3302,-0.239354,-0.299192,-0.299192
3303,-0.209434,-0.269273,-0.269273
3304,-0.209434,-0.269273,-0.269273
3305,-0.209434,-0.269273,-0.269273
3306,-0.209434,-0.239354,-0.269273
3307,-0.209434,-0.269273,-0.269273
3308,-0.209434,-0.269273,-0.239354
3309,-0.209434,-0.269273,-0.269273
3310,-0.209434,-0.269273,-0.269273
3311,-0.209434,-0.269273,-0.269273
3312,-0.209434,-0.269273,-0.269273
3313,-0.239354,-0.269273,-0.269273
3314,-0.209434,-0.239354,-0.239354
3315,-0.179515,-0.209434,-0.209434
3316,-0.179515,-0.239354,-0.239354
3317,-0.209434,-0.239354,-0.239354
3318,-0.209434,-0.269273,-0.269273
3319,-0.239354,-0.299192,-0.269273
3320,-0.239354,-0.299192,-0.299192
3321,-0.239354,-0.299192,-0.299192
3322,-0.239354,-0.299192,-0.299192
3323,-0.239354,-0.299192,-0.299192
3324,-0.239354,-0.299192,-0.299192
3325,-0.239354,-0.299192,-0.299192
3326,-0.239354,-0.269273,-0.269273
3327,-0.239354,-0.269273,-0.269273
3328,-0.239354,-0.269273,-0.269273
3329,-0.239354,-0.269273,-0.269273
3330,-0.239354,-0.299192,-0.299192
3331,-0.269273,-0.329111,-0.329111
3332,-0.269273,-0.329111,-0.299192
3333,-0.269273,-0.299192,-0.299192
3334,-0.239354,-0.299192,-0.299192
3335,-0.209434,-0.269273,-0.269273
3336,-0.209434,-0.269273,-0.239354
3337,-0.209434,-0.239354,-0.239354
3338,-0.209434,-0.239354,-0.239354
3339,-0.209434,-0.269273,-0.239354
3340,-0.209434,-0.269273,-0.239354
3341,-0.209434,-0.269273,-0.269273
3342,-0.209434,-0.269273,-0.269273
3343,-0.209434,-0.269273,-0.269273
3344,-0.209434,-0.269273,-0.269273
3345,-0.239354,-0.269273,-0.269273
3346,-0.209434,-0.239354,-0.239354
3347,-0.149596,-0.209434,-0.209434
3348,-0.179515,-0.239354,-0.209434
3349,-0.209434,-0.239354,-0.239354
3350,-0.209434,-0.269273,-0.269273
3351,-0.239354,-0.269273,-0.269273
3352,-0.239354,-0.299192,-0.299192
3353,-0.239354,-0.299192,-0.299192
3354,-0.239354,-0.299192,-0.269273
3355,-0.239354,-0.299192,-0.269273
3356,-0.239354,-0.299192,-0.299192
3357,-0.239354,-0.299192,-0.269273
3358,-0.239354,-0.269273,-0.269273
3359,-0.239354,-0.269273,-0.269273
3360,-0.239354,-0.269273,-0.269273
3361,-0.239354,-0.269273,-0.269273
3362,-0.239354,-0.299192,-0.299192
3363,-0.269273,-0.329111,-0.329111
3364,-0.269273,-0.329111,-0.299192
3365,-0.239354,-0.299192,-0.299192
3366,-0.239354,-0.269273,-0.269273
3367,-0.209434,-0.269273,-0.239354
3368,-0.209434,-0.239354,-0.239354
3369,-0.209434,-0.239354,-0.239354
3370,-0.209434,-0.239354,-0.239354
3371,-0.209434,-0.269273,-0.239354
3372,-0.209434,-0.239354,-0.239354
3373,-0.209434,-0.239354,-0.239354
3374,-0.209434,-0.269273,-0.239354
3375,-0.209434,-0.269273,-0.269273
3376,-0.209434,-0.269273,-0.269273
3377,-0.209434,-0.269273,-0.269273
3378,-0.179515,-0.239354,-0.239354
3379,-0.149596,-0.209434,-0.209434
3380,-0.179515,-0.239354,-0.209434
3381,-0.179515,-0.239354,-0.239354
3382,-0.209434,-0.239354,-0.239354
3383,-0.239354,-0.269273,-0.269273
3384,-0.239354,-0.299192,-0.269273
3385,-0.239354,-0.269273,-0.269273
3386,-0.239354,-0.269273,-0.269273
3387,-0.239354,-0.269273,-0.269273
3388,-0.239354,-0.299192,-0.269273
3389,-0.239354,-0.269273,-0.269273
3390,-0.209434,-0.269273,-0.269273
3391,-0.209434,-0.269273,-0.269273
3392,-0.209434,-0.269273,-0.269273
3393,-0.209434,-0.269273,-0.269273
3394,-0.239354,-0.299192,-0.299192
3395,-0.269273,-0.329111,-0.329111
3396,-0.269273,-0.299192,-0.299192
3397,-0.239354,-0.299192,-0.299192
3398,-0.239354,-0.269273,-0.269273
3399,-0.209434,-0.269273,-0.239354
3400,-0.209434,-0.239354,-0.239354
3401,-0.209434,-0.239354,-0.239354
3402,-0.209434,-0.239354,-0.239354
3403,-0.209434,-0.239354,-0.239354
3404,-0.209434,-0.239354,-0.239354
3405,-0.209434,-0.239354,-0.239354
3406,-0.209434,-0.239354,-0.239354
3407,-0.209434,-0.269273,-0.239354
3408,-0.209434,-0.269273,-0.239354
3409,-0.209434,-0.269273,-0.239354
3410,-0.179515,-0.239354,-0.239354
3411,-0.149596,-0.209434,-0.209434
3412,-0.179515,-0.209434,-0.209434
3413,-0.179515,-0.239354,-0.239354
3414,-0.209434,-0.239354,-0.239354
3415,-0.239354,-0.269273,-0.269273
3416,-0.239354,-0.269273,-0.269273
3417,-0.239354,-0.269273,-0.269273
3418,-0.239354,-0.269273,-0.269273
3419,-0.239354,-0.269273,-0.269273
3420,-0.239354,-0.269273,-0.269273
3421,-0.239354,-0.269273,-0.269273
3422,-0.209434,-0.269273,-0.269273
3423,-0.209434,-0.269273,-0.269273
3424,-0.209434,-0.269273,-0.269273
3425,-0.209434,-0.269273,-0.269273
3426,-0.239354,-0.299192,-0.299192
3427,-0.269273,-0.329111,-0.299192
3428,-0.239354,-0.299192,-0.299192
3429,-0.239354,-0.299192,-0.299192
3430,-0.239354,-0.269273,-0.269273
3431,-0.209434,-0.239354,-0.239354
3432,-0.209434,-0.239354,-0.239354
3433,-0.179515,-0.239354,-0.239354
3434,-0.179515,-0.239354,-0.239354
3435,-0.209434,-0.239354,-0.239354
3436,-0.209434,-0.239354,-0.239354
3437,-0.209434,-0.239354,-0.239354
3438,-0.209434,-0.239354,-0.239354
3439,-0.209434,-0.239354,-0.239354
3440,-0.209434,-0.269273,-0.239354
3441,-0.209434,-0.269273,-0.239354
3442,-0.179515,-0.239354,-0.209434
3443,-0.149596,-0.209434,-0.209434
3444,-0.179515,-0.209434,-0.209434
3445,-0.179515,-0.239354,-0.239354
3446,-0.209434,-0.239354,-0.239354
3447,-0.239354,-0.269273,-0.269273
3448,-0.239354,-0.269273,-0.269273
3449,-0.239354,-0.269273,-0.269273
3450,-0.239354,-0.269273,-0.269273
3451,-0.239354,-0.269273,-0.269273
3452,-0.239354,-0.269273,-0.269273
3453,-0.209434,-0.269273,-0.269273
3454,-0.209434,-0.269273,-0.269273
3455,-0.209434,-0.269273,-0.269273
3456,-0.209434,-0.269273,-0.239354
3457,-0.209434,-0.269273,-0.269273
3458,-0.239354,-0.299192,-0.299192
3459,-0.269273,-0.299192,-0.299192
3460,-0.269273,-0.299192,-0.299192
3461,-0.239354,-0.269273,-0.269273
3462,-0.239354,-0.269273,-0.269273
3463,-0.209434,-0.239354,-0.239354
3464,-0.179515,-0.239354,-0.239354
3465,-0.179515,-0.239354,-0.239354
3466,-0.179515,-0.239354,-0.239354
3467,-0.209434,-0.239354,-0.239354
3468,-0.209434,-0.239354,-0.239354
3469,-0.209434,-0.239354,-0.239354
3470,-0.209434,-0.239354,-0.239354
3471,-0.209434,-0.239354,-0.239354
3472,-0.209434,-0.239354,-0.239354
3473,-0.209434,-0.239354,-0.239354
3474,-0.179515,-0.209434,-0.209434
3475,-0.149596,-0.209434,-0.179515
3476,-0.179515,-0.209434,-0.209434
3477,-0.179515,-0.239354,-0.239354
3478,-0.209434,-0.239354,-0.239354
3479,-0.209434,-0.269273,-0.269273
3480,-0.209434,-0.269273,-0.269273
3481,-0.239354,-0.269273,-0.269273
3482,-0.239354,-0.269273,-0.269273
3483,-0.239354,-0.269273,-0.269273
3484,-0.239354,-0.269273,-0.269273
3485,-0.209434,-0.269273,-0.269273
3486,-0.209434,-0.269273,-0.269273
3487,-0.209434,-0.269273,-0.269273
3488,-0.209434,-0.269273,-0.269273
3489,-0.209434,-0.269273,-0.269273
3490,-0.239354,-0.299192,-0.299192
3491,-0.269273,-0.329111,-0.299192
3492,-0.239354,-0.299192,-0.299192
3493,-0.239354,-0.299192,-0.269273
3494,-0.209434,-0.269273,-0.269273
3495,-0.209434,-0.239354,-0.239354
3496,-0.179515,-0.239354,-0.239354
3497,-0.179515,-0.239354,-0.239354
3498,-0.179515,-0.239354,-0.239354
3499,-0.179515,-0.239354,-0.239354
3500,-0.179515,-0.239354,-0.239354
3501,-0.209434,-0.239354,-0.239354
3502,-0.209434,-0.239354,-0.239354
3503,-0.209434,-0.239354,-0.239354
3504,-0.209434,-0.239354,-0.239354
3505,-0.209434,-0.239354,-0.239354
3506,-0.179515,-0.209434,-0.209434
3507,-0.149596,-0.209434,-0.179515
3508,-0.179515,-0.209434,-0.209434
3509,-0.179515,-0.239354,-0.209434
3510,-0.209434,-0.239354,-0.239354
3511,-0.209434,-0.269273,-0.269273
3512,-0.239354,-0.269273,-0.269273
3513,-0.239354,-0.269273,-0.269273
3514,-0.239354,-0.269273,-0.269273
3515,-0.239354,-0.269273,-0.269273
3516,-0.239354,-0.269273,-0.269273
3517,-0.209434,-0.269273,-0.269273
3518,-0.209434,-0.269273,-0.269273
3519,-0.209434,-0.269273,-0.269273
3520,-0.209434,-0.269273,-0.269273
3521,-0.209434,-0.269273,-0.239354
3522,-0.239354,-0.299192,-0.269273
3523,-0.269273,-0.299192,-0.299192
3524,-0.239354,-0.299192,-0.299192
3525,-0.239354,-0.269273,-0.269273
3526,-0.209434,-0.269273,-0.269273
3527,-0.209434,-0.239354,-0.239354
3528,-0.179515,-0.239354,-0.239354
3529,-0.179515,-0.239354,-0.239354
3530,-0.179515,-0.239354,-0.239354
3531,-0.179515,-0.239354,-0.239354
3532,-0.179515,-0.239354,-0.239354
3533,-0.209434,-0.239354,-0.239354
3534,-0.209434,-0.239354,-0.239354
3535,-0.209434,-0.239354,-0.239354
3536,-0.209434,-0.239354,-0.239354
3537,-0.209434,-0.239354,-0.239354
3538,-0.179515,-0.209434,-0.209434
3539,-0.149596,-0.209434,-0.179515
3540,-0.149596,-0.209434,-0.209434
3541,-0.179515,-0.239354,-0.209434
3542,-0.209434,-0.239354,-0.239354
3543,-0.209434,-0.269273,-0.269273
3544,-0.239354,-0.269273,-0.269273
3545,-0.209434,-0.269273,-0.269273
3546,-0.209434,-0.269273,-0.269273
3547,-0.209434,-0.269273,-0.269273
3548,-0.239354,-0.269273,-0.269273
3549,-0.209434,-0.269273,-0.269273
3550,-0.209434,-0.269273,-0.239354
3551,-0.209434,-0.269273,-0.239354
3552,-0.209434,-0.269273,-0.269273
3553,-0.209434,-0.269273,-0.239354
3554,-0.239354,-0.299192,-0.269273
3555,-0.269273,-0.299192,-0.299192
3556,-0.239354,-0.299192,-0.299192
3557,-0.239354,-0.269273,-0.269273
3558,-0.209434,-0.269273,-0.269273
3559,-0.209434,-0.239354,-0.239354
3560,-0.179515,-0.239354,-0.239354
3561,-0.179515,-0.239354,-0.239354
3562,-0.179515,-0.239354,-0.239354
3563,-0.179515,-0.239354,-0.239354
3564,-0.179515,-0.239354,-0.239354
3565,-0.179515,-0.239354,-0.239354
3566,-0.179515,-0.239354,-0.239354
3567,-0.209434,-0.239354,-0.239354
3568,-0.209434,-0.239354,-0.239354
3569,-0.209434,-0.239354,-0.239354
3570,-0.179515,-0.209434,-0.209434
3571,-0.149596,-0.209434,-0.179515
3572,-0.149596,-0.209434,-0.209434
3573,-0.179515,-0.239354,-0.239354
3574,-0.209434,-0.239354,-0.239354
3575,-0.209434,-0.269273,-0.269273
3576,-0.239354,-0.269273,-0.269273
3577,-0.239354,-0.269273,-0.269273
3578,-0.209434,-0.269273,-0.269273
3579,-0.209434,-0.269273,-0.269273
3580,-0.239354,-0.269273,-0.269273
3581,-0.209434,-0.269273,-0.269273
3582,-0.209434,-0.269273,-0.269273
3583,-0.209434,-0.269273,-0.239354
3584,-0.209434,-0.269273,-0.239354
3585,-0.209434,-0.269273,-0.269273
3586,-0.239354,-0.299192,-0.299192
3587,-0.269273,-0.299192,-0.299192
3588,-0.239354,-0.299192,-0.269273
3589,-0.239354,-0.269273,-0.269273
3590,-0.209434,-0.269273,-0.269273
3591,-0.209434,-0.239354,-0.239354
3592,-0.179515,-0.239354,-0.239354
3593,-0.179515,-0.239354,-0.239354
3594,-0.179515,-0.239354,-0.239354
3595,-0.179515,-0.239354,-0.239354
3596,-0.179515,-0.239354,-0.239354
3597,-0.179515,-0.239354,-0.239354
3598,-0.209434,-0.239354,-0.239354
3599,-0.209434,-0.239354,-0.239354
3600,-0.209434,-0.239354,-0.239354
3601,-0.209434,-0.239354,-0.239354
3602,-0.149596,-0.209434,-0.209434
3603,-0.149596,-0.209434,-0.179515
3604,-0.179515,-0.209434,-0.209434
3605,-0.179515,-0.239354,-0.209434
3606,-0.209434,-0.239354,-0.239354
3607,-0.209434,-0.269273,-0.269273
3608,-0.239354,-0.269273,-0.269273
3609,-0.239354,-0.269273,-0.269273
3610,-0.239354,-0.269273,-0.269273
3611,-0.239354,-0.269273,-0.269273
3612,-0.239354,-0.269273,-0.269273
3613,-0.209434,-0.269273,-0.269273
3614,-0.209434,-0.269273,-0.269273
3615,-0.209434,-0.269273,-0.269273
3616,-0.209434,-0.269273,-0.239354
3617,-0.209434,-0.269273,-0.239354
3618,-0.239354,-0.299192,-0.299192
3619,-0.269273,-0.299192,-0.299192
3620,-0.239354,-0.299192,-0.299192
3621,-0.239354,-0.269273,-0.269273
3622,-0.209434,-0.269273,-0.269273
3623,-0.209434,-0.239354,-0.239354
3624,-0.179515,-0.239354,-0.239354
3625,-0.179515,-0.239354,-0.239354
3626,-0.179515,-0.239354,-0.239354
3627,-0.179515,-0.239354,-0.239354
3628,-0.179515,-0.239354,-0.239354
3629,-0.179515,-0.239354,-0.239354
3630,-0.179515,-0.239354,-0.239354
3631,-0.209434,-0.239354,-0.239354
3632,-0.209434,-0.239354,-0.239354
3633,-0.209434,-0.239354,-0.239354
3634,-0.179515,-0.209434,-0.209434
3635,-0.149596,-0.209434,-0.179515
3636,-0.179515,-0.209434,-0.209434
3637,-0.179515,-0.239354,-0.239354
3638,-0.209434,-0.239354,-0.239354
3639,-0.209434,-0.269273,-0.269273
3640,-0.239354,-0.269273,-0.269273
3641,-0.239354,-0.269273,-0.269273
3642,-0.209434,-0.269273,-0.269273
3643,-0.239354,-0.269273,-0.269273
3644,-0.239354,-0.269273,-0.269273
3645,-0.209434,-0.269273,-0.269273
3646,-0.209434,-0.269273,-0.269273
3647,-0.209434,-0.269273,-0.239354
3648,-0.209434,-0.269273,-0.239354
3649,-0.209434,-0.269273,-0.269273
3650,-0.239354,-0.299192,-0.299192
3651,-0.269273,-0.299192,-0.299192
3652,-0.239354,-0.299192,-0.299192
3653,-0.239354,-0.269273,-0.269273
3654,-0.209434,-0.269273,-0.269273
3655,-0.209434,-0.239354,-0.239354
3656,-0.179515,-0.239354,-0.239354
3657,-0.179515,-0.239354,-0.239354
3658,-0.179515,-0.239354,-0.239354
3659,-0.209434,-0.239354,-0.239354
3660,-0.209434,-0.239354,-0.239354
3661,-0.209434,-0.239354,-0.239354
3662,-0.209434,-0.239354,-0.239354
3663,-0.209434,-0.239354,-0.239354
3664,-0.209434,-0.239354,-0.239354
3665,-0.209434,-0.239354,-0.239354
3666,-0.179515,-0.209434,-0.209434
3667,-0.149596,-0.209434,-0.179515
3668,-0.179515,-0.209434,-0.209434
3669,-0.179515,-0.239354,-0.239354
3670,-0.209434,-0.269273,-0.239354
3671,-0.209434,-0.269273,-0.269273
3672,-0.239354,-0.269273,-0.269273
3673,-0.239354,-0.269273,-0.269273
3674,-0.239354,-0.269273,-0.269273
3675,-0.239354,-0.269273,-0.269273
3676,-0.239354,-0.269273,-0.269273
3677,-0.209434,-0.269273,-0.269273
3678,-0.209434,-0.269273,-0.269273
3679,-0.209434,-0.269273,-0.269273
3680,-0.209434,-0.269273,-0.269273
3681,-0.209434,-0.269273,-0.269273
3682,-0.239354,-0.299192,-0.299192
3683,-0.269273,-0.299192,-0.299192
3684,-0.239354,-0.299192,-0.299192
3685,-0.239354,-0.299192,-0.299192
3686,-0.239354,-0.269273,-0.269273
3687,-0.209434,-0.239354,-0.239354
3688,-0.209434,-0.239354,-0.239354
3689,-0.209434,-0.239354,-0.239354
3690,-0.209434,-0.239354,-0.239354
3691,-0.209434,-0.239354,-0.239354
3692,-0.209434,-0.239354,-0.239354
3693,-0.209434,-0.239354,-0.239354
3694,-0.209434,-0.269273,-0.239354
3695,-0.209434,-0.269273,-0.269273
3696,-0.209434,-0.269273,-0.239354
3697,-0.209434,-0.269273,-0.239354
3698,-0.179515,-0.209434,-0.209434
3699,-0.149596,-0.209434,-0.209434
3700,-0.179515,-0.239354,-0.209434
3701,-0.179515,-0.239354,-0.239354
3702,-0.209434,-0.269273,-0.269273
3703,-0.239354,-0.269273,-0.269273
3704,-0.239354,-0.269273,-0.269273
3705,-0.239354,-0.269273,-0.269273
3706,-0.239354,-0.269273,-0.269273
3707,-0.239354,-0.269273,-0.269273
3708,-0.239354,-0.269273,-0.269273
3709,-0.239354,-0.269273,-0.269273
3710,-0.209434,-0.269273,-0.269273
3711,-0.209434,-0.269273,-0.269273
3712,-0.209434,-0.269273,-0.269273
3713,-0.239354,-0.269273,-0.269273
3714,-0.269273,-0.299192,-0.299192
3715,-0.269273,-0.329111,-0.299192
3716,-0.269273,-0.299192,-0.299192
3717,-0.239354,-0.299192,-0.269273
3718,-0.209434,-0.269273,-0.269273
3719,-0.209434,-0.239354,-0.239354
3720,-0.209434,-0.239354,-0.239354
3721,-0.209434,-0.239354,-0.239354
3722,-0.209434,-0.239354,-0.239354
3723,-0.209434,-0.239354,-0.239354
3724,-0.209434,-0.239354,-0.239354
3725,-0.209434,-0.239354,-0.239354
3726,-0.209434,-0.269273,-0.239354
3727,-0.209434,-0.269273,-0.239354
3728,-0.209434,-0.269273,-0.239354
3729,-0.209434,-0.269273,-0.239354
3730,-0.179515,-0.209434,-0.209434
3731,-0.149596,-0.209434,-0.209434
3732,-0.179515,-0.239354,-0.209434
3733,-0.179515,-0.239354,-0.239354
3734,-0.209434,-0.269273,-0.269273
3735,-0.239354,-0.269273,-0.269273
3736,-0.239354,-0.269273,-0.269273
3737,-0.239354,-0.269273,-0.269273
3738,-0.239354,-0.269273,-0.269273
3739,-0.239354,-0.269273,-0.269273
3740,-0.239354,-0.299192,-0.269273
3741,-0.239354,-0.269273,-0.269273
3742,-0.239354,-0.269273,-0.269273
3743,-0.209434,-0.269273,-0.269273
3744,-0.209434,-0.269273,-0.269273
3745,-0.239354,-0.269273,-0.269273
3746,-0.269273,-0.299192,-0.299192
3747,-0.269273,-0.329111,-0.299192
3748,-0.269273,-0.299192,-0.299192
3749,-0.239354,-0.299192,-0.269273
3750,-0.239354,-0.269273,-0.269273
3751,-0.209434,-0.239354,-0.239354
3752,-0.209434,-0.239354,-0.239354
3753,-0.209434,-0.239354,-0.239354
3754,-0.209434,-0.239354,-0.239354
3755,-0.209434,-0.239354,-0.239354
3756,-0.209434,-0.239354,-0.239354
3757,-0.209434,-0.239354,-0.239354
3758,-0.209434,-0.269273,-0.239354
3759,-0.209434,-0.269273,-0.239354
3760,-0.209434,-0.269273,-0.269273
3761,-0.209434,-0.269273,-0.269273
3762,-0.179515,-0.209434,-0.209434
3763,-0.149596,-0.209434,-0.209434
3764,-0.179515,-0.239354,-0.239354
3765,-0.179515,-0.239354,-0.239354
3766,-0.209434,-0.269273,-0.239354
3767,-0.239354,-0.269273,-0.269273
3768,-0.239354,-0.299192,-0.269273
3769,-0.239354,-0.269273,-0.269273
3770,-0.239354,-0.269273,-0.269273
3771,-0.239354,-0.299192,-0.269273
3772,-0.239354,-0.299192,-0.269273
3773,-0.239354,-0.269273,-0.269273
3774,-0.239354,-0.269273,-0.269273
3775,-0.209434,-0.269273,-0.269273
3776,-0.209434,-0.269273,-0.269273
3777,-0.239354,-0.269273,-0.269273
3778,-0.269273,-0.329111,-0.299192
3779,-0.269273,-0.329111,-0.329111
3780,-0.269273,-0.299192,-0.299192
3781,-0.239354,-0.299192,-0.299192
3782,-0.239354,-0.269273,-0.269273
3783,-0.209434,-0.239354,-0.239354
3784,-0.209434,-0.239354,-0.239354
3785,-0.209434,-0.239354,-0.239354
3786,-0.209434,-0.239354,-0.239354
3787,-0.209434,-0.239354,-0.239354
3788,-0.209434,-0.239354,-0.239354
3789,-0.209434,-0.269273,-0.239354
3790,-0.209434,-0.269273,-0.239354
3791,-0.209434,-0.269273,-0.239354
3792,-0.209434,-0.269273,-0.269273
3793,-0.209434,-0.269273,-0.239354
3794,-0.179515,-0.209434,-0.209434
3795,-0.149596,-0.209434,-0.209434
3796,-0.179515,-0.239354,-0.239354
3797,-0.179515,-0.239354,-0.239354
3798,-0.209434,-0.269273,-0.269273
3799,-0.239354,-0.269273,-0.269273
3800,-0.239354,-0.269273,-0.269273
3801,-0.239354,-0.299192,-0.269273
3802,-0.239354,-0.269273,-0.269273
3803,-0.239354,-0.269273,-0.269273
3804,-0.239354,-0.299192,-0.269273
3805,-0.239354,-0.269273,-0.269273
3806,-0.239354,-0.269273,-0.269273
3807,-0.239354,-0.269273,-0.269273
3808,-0.239354,-0.269273,-0.269273
3809,-0.239354,-0.269273,-0.269273
3810,-0.269273,-0.299192,-0.299192
3811,-0.269273,-0.329111,-0.329111
3812,-0.269273,-0.299192,-0.299192
3813,-0.239354,-0.299192,-0.299192
3814,-0.239354,-0.269273,-0.269273
3815,-0.209434,-0.269273,-0.239354
3816,-0.209434,-0.239354,-0.239354
3817,-0.209434,-0.239354,-0.239354
3818,-0.209434,-0.239354,-0.239354
3819,-0.209434,-0.239354,-0.239354
3820,-0.209434,-0.239354,-0.239354
3821,-0.209434,-0.239354,-0.239354
3822,-0.209434,-0.239354,-0.269273
3823,-0.209434,-0.269273,-0.269273
3824,-0.209434,-0.269273,-0.239354
3825,-0.209434,-0.269273,-0.239354
3826,-0.179515,-0.209434,-0.209434
3827,-0.149596,-0.209434,-0.209434
3828,-0.179515,-0.239354,-0.209434
3829,-0.179515,-0.239354,-0.239354
3830,-0.209434,-0.269273,-0.269273
3831,-0.239354,-0.299192,-0.269273
3832,-0.239354,-0.269273,-0.269273
3833,-0.239354,-0.299192,-0.269273
3834,-0.239354,-0.299192,-0.269273
3835,-0.239354,-0.299192,-0.269273
3836,-0.239354,-0.299192,-0.269273
3837,-0.239354,-0.269273,-0.269273
3838,-0.239354,-0.269273,-0.269273
3839,-0.239354,-0.269273,-0.269273
3840,-0.239354,-0.269273,-0.269273
3841,-0.239354,-0.269273,-0.269273
3842,-0.269273,-0.299192,-0.299192
3843,-0.269273,-0.329111,-0.329111
3844,-0.269273,-0.299192,-0.299192
3845,-0.239354,-0.299192,-0.299192
3846,-0.239354,-0.269273,-0.269273
3847,-0.209434,-0.239354,-0.239354
3848,-0.209434,-0.239354,-0.239354
3849,-0.179515,-0.239354,-0.239354
3850,-0.209434,-0.239354,-0.239354
3851,-0.209434,-0.239354,-0.239354
3852,-0.209434,-0.239354,-0.239354
3853,-0.209434,-0.269273,-0.239354
3854,-0.209434,-0.269273,-0.269273
3855,-0.209434,-0.269273,-0.269273
3856,-0.209434,-0.269273,-0.269273
3857,-0.209434,-0.269273,-0.239354
3858,-0.179515,-0.209434,-0.209434
3859,-0.179515,-0.209434,-0.209434
3860,-0.179515,-0.239354,-0.239354
3861,-0.209434,-0.239354,-0.239354
3862,-0.209434,-0.269273,-0.269273
3863,-0.239354,-0.269273,-0.269273
3864,-0.239354,-0.299192,-0.269273
3865,-0.239354,-0.269273,-0.269273
3866,-0.239354,-0.269273,-0.269273
3867,-0.239354,-0.299192,-0.269273
3868,-0.239354,-0.269273,-0.269273
3869,-0.239354,-0.269273,-0.269273
3870,-0.239354,-0.269273,-0.269273
3871,-0.239354,-0.269273,-0.269273
3872,-0.239354,-0.269273,-0.269273
3873,-0.239354,-0.269273,-0.269273
3874,-0.269273,-0.299192,-0.299192
3875,-0.269273,-0.329111,-0.299192
3876,-0.269273,-0.299192,-0.299192
3877,-0.239354,-0.299192,-0.299192
3878,-0.239354,-0.269273,-0.269273
3879,-0.209434,-0.239354,-0.239354
3880,-0.209434,-0.239354,-0.239354
3881,-0.209434,-0.239354,-0.239354
3882,-0.209434,-0.239354,-0.239354
3883,-0.209434,-0.239354,-0.239354
3884,-0.209434,-0.239354,-0.239354
3885,-0.209434,-0.269273,-0.239354
3886,-0.209434,-0.269273,-0.239354
3887,-0.209434,-0.269273,-0.269273
3888,-0.209434,-0.269273,-0.269273
3889,-0.209434,-0.239354,-0.239354
3890,-0.179515,-0.209434,-0.209434
3891,-0.149596,-0.209434,-0.209434
3892,-0.179515,-0.239354,-0.209434
3893,-0.179515,-0.239354,-0.239354
3894,-0.209434,-0.269273,-0.269273
3895,-0.239354,-0.269273,-0.269273
3896,-0.239354,-0.269273,-0.269273
3897,-0.239354,-0.299192,-0.269273
3898,-0.239354,-0.269273,-0.269273
3899,-0.239354,-0.299192,-0.269273
3900,-0.239354,-0.269273,-0.269273
3901,-0.239354,-0.269273,-0.269273
3902,-0.209434,-0.269273,-0.269273
3903,-0.209434,-0.269273,-0.269273
3904,-0.209434,-0.269273,-0.269273
3905,-0.209434,-0.269273,-0.269273
3906,-0.269273,-0.299192,-0.299192
3907,-0.269273,-0.299192,-0.299192
3908,-0.239354,-0.299192,-0.299192
3909,-0.239354,-0.299192,-0.269273
3910,-0.209434,-0.269273,-0.239354
3911,-0.209434,-0.239354,-0.239354
3912,-0.179515,-0.239354,-0.239354
3913,-0.179515,-0.239354,-0.239354
3914,-0.179515,-0.239354,-0.239354
3915,-0.179515,-0.239354,-0.239354
3916,-0.179515,-0.239354,-0.239354
3917,-0.209434,-0.239354,-0.239354
3918,-0.209434,-0.239354,-0.239354
3919,-0.209434,-0.239354,-0.239354
3920,-0.209434,-0.269273,-0.239354
3921,-0.209434,-0.239354,-0.239354
3922,-0.149596,-0.209434,-0.209434
3923,-0.149596,-0.209434,-0.209434
3924,-0.179515,-0.239354,-0.209434
3925,-0.179515,-0.239354,-0.239354
3926,-0.209434,-0.269273,-0.269273
3927,-0.239354,-0.269273,-0.269273
3928,-0.239354,-0.269273,-0.269273
3929,-0.239354,-0.269273,-0.269273
3930,-0.239354,-0.269273,-0.269273
3931,-0.239354,-0.269273,-0.269273
3932,-0.239354,-0.269273,-0.269273
3933,-0.209434,-0.269273,-0.269273
3934,-0.209434,-0.269273,-0.269273
3935,-0.209434,-0.269273,-0.269273
3936,-0.209434,-0.269273,-0.269273
3937,-0.209434,-0.269273,-0.269273
3938,-0.269273,-0.299192,-0.299192
3939,-0.269273,-0.299192,-0.299192
3940,-0.239354,-0.299192,-0.269273
3941,-0.239354,-0.269273,-0.269273
3942,-0.209434,-0.269273,-0.239354
3943,-0.179515,-0.239354,-0.239354
3944,-0.179515,-0.239354,-0.239354
3945,-0.179515,-0.239354,-0.239354
3946,-0.179515,-0.239354,-0.209434
3947,-0.179515,-0.239354,-0.209434
3948,-0.179515,-0.239354,-0.239354
3949,-0.179515,-0.239354,-0.239354
3950,-0.179515,-0.239354,-0.239354
3951,-0.179515,-0.239354,-0.239354
3952,-0.209434,-0.239354,-0.239354
3953,-0.179515,-0.239354,-0.239354
3954,-0.149596,-0.179515,-0.179515
3955,-0.149596,-0.179515,-0.179515
3956,-0.149596,-0.209434,-0.209434
3957,-0.179515,-0.239354,-0.209434
3958,-0.209434,-0.239354,-0.239354
3959,-0.209434,-0.269273,-0.269273
3960,-0.209434,-0.269273,-0.269273
3961,-0.209434,-0.269273,-0.269273
3962,-0.209434,-0.269273,-0.269273
3963,-0.209434,-0.269273,-0.269273
3964,-0.209434,-0.269273,-0.269273
3965,-0.209434,-0.269273,-0.239354
3966,-0.209434,-0.239354,-0.239354
3967,-0.209434,-0.239354,-0.239354
3968,-0.209434,-0.239354,-0.239354
3969,-0.209434,-0.269273,-0.239354
3970,-0.239354,-0.299192,-0.299192
3971,-0.239354,-0.299192,-0.299192
3972,-0.239354,-0.269273,-0.269273
3973,-0.209434,-0.269273,-0.269273
3974,-0.209434,-0.239354,-0.239354
3975,-0.179515,-0.239354,-0.209434
3976,-0.179515,-0.209434,-0.209434
3977,-0.179515,-0.209434,-0.209434
3978,-0.179515,-0.209434,-0.209434
3979,-0.179515,-0.209434,-0.209434
3980,-0.179515,-0.209434,-0.209434
3981,-0.179515,-0.239354,-0.209434
3982,-0.179515,-0.239354,-0.209434
3983,-0.179515,-0.239354,-0.239354
3984,-0.179515,-0.239354,-0.239354
3985,-0.179515,-0.239354,-0.209434
3986,-0.149596,-0.179515,-0.179515
3987,-0.119677,-0.179515,-0.179515
3988,-0.149596,-0.209434,-0.179515
3989,-0.149596,-0.209434,-0.209434
3990,-0.179515,-0.239354,-0.239354
3991,-0.209434,-0.239354,-0.239354
3992,-0.209434,-0.239354,-0.239354
3993,-0.209434,-0.239354,-0.239354
3994,-0.209434,-0.239354,-0.239354
3995,-0.209434,-0.239354,-0.239354
3996,-0.209434,-0.239354,-0.239354
3997,-0.179515,-0.239354,-0.239354
3998,-0.179515,-0.239354,-0.239354
3999,-0.179515,-0.239354,-0.239354
4000,-0.179515,-0.239354,-0.239354
4001,-0.179515,-0.239354,-0.239354
4002,-0.239354,-0.269273,-0.269273
4003,-0.239354,-0.269273,-0.269273
4004,-0.209434,-0.269273,-0.239354
4005,-0.209434,-0.239354,-0.239354
4006,-0.179515,-0.239354,-0.209434
4007,-0.149596,-0.209434,-0.209434
4008,-0.149596,-0.209434,-0.209434
4009,-0.149596,-0.179515,-0.179515
4010,-0.149596,-0.209434,-0.179515
4011,-0.149596,-0.209434,-0.179515
4012,-0.149596,-0.209434,-0.179515
4013,-0.149596,-0.209434,-0.209434
4014,-0.149596,-0.209434,-0.209434
4015,-0.149596,-0.209434,-0.209434
4016,-0.149596,-0.209434,-0.209434
4017,-0.149596,-0.179515,-0.179515
4018,-0.119677,-0.149596,-0.149596
4019,-0.119677,-0.149596,-0.149596
4020,-0.119677,-0.179515,-0.179515
4021,-0.149596,-0.179515,-0.179515
4022,-0.149596,-0.209434,-0.209434
4023,-0.179515,-0.209434,-0.209434
4024,-0.179515,-0.209434,-0.209434
4025,-0.179515,-0.209434,-0.209434
4026,-0.179515,-0.209434,-0.209434
4027,-0.179515,-0.209434,-0.209434
4028,-0.179515,-0.209434,-0.209434
4029,-0.149596,-0.209434,-0.209434
4030,-0.149596,-0.179515,-0.179515
4031,-0.149596,-0.179515,-0.179515
4032,-0.149596,-0.179515,-0.179515
4033,-0.149596,-0.179515,-0.179515
4034,-0.179515,-0.239354,-0.239354
4035,-0.179515,-0.209434,-0.239354
4036,-0.179515,-0.209434,-0.209434
4037,-0.149596,-0.209434,-0.209434
4038,-0.119677,-0.179515,-0.179515
4039,-0.119677,-0.149596,-0.149596
4040,-0.119677,-0.149596,-0.149596
4041,-0.089758,-0.149596,-0.149596
4042,-0.119677,-0.149596,-0.149596
4043,-0.119677,-0.149596,-0.149596
4044,-0.089758,-0.149596,-0.149596
4045,-0.119677,-0.149596,-0.149596
4046,-0.119677,-0.149596,-0.149596
4047,-0.119677,-0.149596,-0.149596
4048,-0.119677,-0.149596,-0.149596
4049,-0.089758,-0.149596,-0.149596
4050,-0.059838,-0.089758,-0.089758
4051,-0.059838,-0.089758,-0.089758
4052,-0.059838,-0.119677,-0.119677
4053,-0.089758,-0.119677,-0.119677
4054,-0.089758,-0.149596,-0.149596
4055,-0.119677,-0.149596,-0.149596
4056,-0.119677,-0.149596,-0.149596
4057,-0.119677,-0.149596,-0.149596
4058,-0.089758,-0.149596,-0.149596
4059,-0.119677,-0.149596,-0.149596
4060,-0.119677,-0.149596,-0.149596
4061,-0.089758,-0.149596,-0.149596
4062,-0.089758,-0.149596,-0.149596
4063,-0.089758,-0.149596,-0.119677
4064,-0.089758,-0.119677,-0.119677
4065,-0.089758,-0.149596,-0.149596
4066,-0.119677,-0.179515,-0.179515
4067,-0.119677,-0.179515,-0.149596
4068,-0.089758,-0.149596,-0.149596
4069,-0.089758,-0.149596,-0.149596
4070,-0.059838,-0.119677,-0.119677
4071,-0.059838,-0.089758,-0.089758
4072,-0.059838,-0.089758,-0.089758
4073,-0.029919,-0.089758,-0.089758
4074,-0.029919,-0.089758,-0.089758
4075,-0.029919,-0.089758,-0.089758
4076,-0.059838,-0.089758,-0.089758
4077,-0.059838,-0.089758,-0.089758
4078,-0.059838,-0.089758,-0.089758
4079,-0.059838,-0.089758,-0.089758
4080,-0.059838,-0.089758,-0.089758
4081,-0.029919,-0.089758,-0.089758
4082,0.000000,-0.059838,-0.059838
4083,0.000000,-0.059838,-0.059838
4084,-0.029919,-0.059838,-0.059838
4085,-0.029919,-0.089758,-0.089758
4086,-0.059838,-0.119677,-0.089758
4087,-0.089758,-0.119677,-0.119677
4088,-0.089758,-0.119677,-0.119677
4089,-0.059838,-0.119677,-0.119677
4090,-0.089758,-0.119677,-0.119677
4091,-0.089758,-0.119677,-0.119677
4092,-0.059838,-0.119677,-0.119677
4093,-0.059838,-0.119677,-0.119677
4094,-0.059838,-0.119677,-0.119677
4095,-0.059838,-0.119677,-0.119677
4096,-0.059838,-0.119677,-0.119677
4097,-0.059838,-0.119677,-0.119677
4098,-0.119677,-0.149596,-0.149596
4099,-0.119677,-0.149596,-0.149596
4100,-0.089758,-0.149596,-0.149596
4101,-0.089758,-0.119677,-0.119677
4102,-0.059838,-0.119677,-0.119677
4103,-0.029919,-0.089758,-0.089758
4104,-0.029919,-0.089758,-0.089758
4105,-0.029919,-0.089758,-0.089758
4106,-0.059838,-0.089758,-0.089758
4107,-0.059838,-0.089758,-0.089758
4108,-0.029919,-0.089758,-0.089758
4109,-0.059838,-0.089758,-0.089758
4110,-0.059838,-0.089758,-0.089758
4111,-0.059838,-0.119677,-0.089758
4112,-0.059838,-0.119677,-0.119677
4113,-0.059838,-0.089758,-0.089758
4114,-0.029919,-0.059838,-0.059838
4115,-0.029919,-0.059838,-0.059838
4116,-0.059838,-0.089758,-0.089758
4117,-0.059838,-0.119677,-0.089758
4118,-0.089758,-0.119677,-0.119677
4119,-0.089758,-0.149596,-0.149596
4120,-0.089758,-0.149596,-0.149596
4121,-0.089758,-0.149596,-0.149596
4122,-0.089758,-0.149596,-0.149596
4123,-0.089758,-0.149596,-0.149596
4124,-0.089758,-0.149596,-0.149596
4125,-0.089758,-0.149596,-0.149596
4126,-0.089758,-0.149596,-0.119677
4127,-0.089758,-0.149596,-0.149596
4128,-0.089758,-0.149596,-0.149596
4129,-0.119677,-0.149596,-0.149596
4130,-0.149596,-0.179515,-0.179515
4131,-0.149596,-0.179515,-0.179515
4132,-0.119677,-0.179515,-0.179515
4133,-0.119677,-0.149596,-0.149596
4134,-0.089758,-0.149596,-0.149596
4135,-0.089758,-0.119677,-0.119677
4136,-0.059838,-0.119677,-0.119677
4137,-0.059838,-0.119677,-0.119677
4138,-0.059838,-0.119677,-0.119677
4139,-0.089758,-0.119677,-0.119677
4140,-0.089758,-0.119677,-0.119677
4141,-0.089758,-0.119677,-0.119677
4142,-0.089758,-0.119677,-0.119677
4143,-0.089758,-0.149596,-0.119677
4144,-0.089758,-0.149596,-0.119677
4145,-0.059838,-0.119677,-0.119677
4146,-0.029919,-0.089758,-0.089758
4147,-0.029919,-0.089758,-0.089758
4148,-0.059838,-0.119677,-0.089758
4149,-0.089758,-0.119677,-0.119677
4150,-0.089758,-0.149596,-0.149596
4151,-0.119677,-0.149596,-0.149596
4152,-0.119677,-0.149596,-0.149596
4153,-0.119677,-0.149596,-0.149596
4154,-0.119677,-0.179515,-0.149596
4155,-0.119677,-0.149596,-0.149596
4156,-0.119677,-0.179515,-0.149596
4157,-0.119677,-0.149596,-0.149596
4158,-0.119677,-0.149596,-0.149596
4159,-0.119677,-0.149596,-0.149596
4160,-0.089758,-0.149596,-0.149596
4161,-0.119677,-0.179515,-0.149596
4162,-0.149596,-0.209434,-0.209434
4163,-0.149596,-0.209434,-0.179515
4164,-0.149596,-0.179515,-0.179515
4165,-0.119677,-0.179515,-0.179515
4166,-0.089758,-0.149596,-0.149596
4167,-0.089758,-0.119677,-0.119677
4168,-0.089758,-0.119677,-0.119677
4169,-0.089758,-0.119677,-0.119677
4170,-0.089758,-0.119677,-0.119677
4171,-0.089758,-0.119677,-0.119677
4172,-0.089758,-0.149596,-0.149596
4173,-0.089758,-0.149596,-0.149596
4174,-0.089758,-0.149596,-0.149596
4175,-0.119677,-0.149596,-0.149596
4176,-0.119677,-0.149596,-0.149596
4177,-0.089758,-0.149596,-0.149596
4178,-0.059838,-0.089758,-0.089758
4179,-0.059838,-0.119677,-0.089758
4180,-0.089758,-0.119677,-0.119677
4181,-0.089758,-0.149596,-0.149596
4182,-0.119677,-0.149596,-0.149596
4183,-0.119677,-0.179515,-0.179515
4184,-0.119677,-0.179515,-0.179515
4185,-0.119677,-0.179515,-0.179515
4186,-0.119677,-0.179515,-0.179515
4187,-0.149596,-0.179515,-0.179515
4188,-0.149596,-0.179515,-0.179515
4189,-0.119677,-0.179515,-0.179515
4190,-0.119677,-0.179515,-0.179515
4191,-0.119677,-0.179515,-0.149596
4192,-0.119677,-0.179515,-0.149596
4193,-0.149596,-0.179515,-0.179515
4194,-0.179515,-0.209434,-0.209434
4195,-0.179515,-0.209434,-0.209434
4196,-0.149596,-0.209434,-0.179515
4197,-0.149596,-0.179515,-0.179515
4198,-0.119677,-0.149596,-0.149596
4199,-0.119677,-0.149596,-0.149596
4200,-0.089758,-0.149596,-0.149596
4201,-0.089758,-0.149596,-0.149596
4202,-0.089758,-0.149596,-0.149596
4203,-0.089758,-0.149596,-0.149596
4204,-0.089758,-0.149596,-0.149596
4205,-0.119677,-0.149596,-0.149596
4206,-0.119677,-0.149596,-0.149596
4207,-0.119677,-0.149596,-0.149596
4208,-0.119677,-0.149596,-0.149596
4209,-0.089758,-0.149596,-0.149596
4210,-0.059838,-0.119677,-0.089758
4211,-0.059838,-0.119677,-0.119677
4212,-0.089758,-0.119677,-0.119677
4213,-0.089758,-0.149596,-0.149596
4214,-0.119677,-0.179515,-0.179515
4215,-0.149596,-0.179515,-0.179515
4216,-0.119677,-0.179515,-0.179515
4217,-0.149596,-0.179515,-0.179515
4218,-0.119677,-0.179515,-0.179515
4219,-0.149596,-0.179515,-0.179515
4220,-0.149596,-0.179515,-0.179515
4221,-0.119677,-0.179515,-0.179515
4222,-0.119677,-0.179515,-0.179515
4223,-0.119677,-0.179515,-0.179515
4224,-0.119677,-0.179515,-0.179515
4225,-0.149596,-0.179515,-0.179515
4226,-0.179515,-0.209434,-0.209434
4227,-0.179515,-0.209434,-0.209434
4228,-0.149596,-0.209434,-0.179515
4229,-0.149596,-0.179515,-0.179515
4230,-0.119677,-0.149596,-0.149596
4231,-0.089758,-0.149596,-0.149596
4232,-0.089758,-0.149596,-0.149596
4233,-0.119677,-0.149596,-0.149596
4234,-0.089758,-0.149596,-0.149596
4235,-0.089758,-0.149596,-0.149596
4236,-0.119677,-0.149596,-0.149596
4237,-0.119677,-0.149596,-0.149596
4238,-0.119677,-0.179515,-0.149596
4239,-0.119677,-0.179515,-0.149596
4240,-0.119677,-0.179515,-0.179515
4241,-0.119677,-0.149596,-0.149596
4242,-0.059838,-0.119677,-0.119677
4243,-0.089758,-0.119677,-0.119677
4244,-0.089758,-0.149596,-0.149596
4245,-0.119677,-0.149596,-0.149596
4246,-0.119677,-0.179515,-0.179515
4247,-0.149596,-0.209434,-0.179515
4248,-0.149596,-0.209434,-0.179515
4249,-0.149596,-0.179515,-0.179515
4250,-0.149596,-0.209434,-0.179515
4251,-0.149596,-0.209434,-0.179515
4252,-0.149596,-0.179515,-0.179515
4253,-0.149596,-0.179515,-0.179515
4254,-0.149596,-0.179515,-0.179515
4255,-0.149596,-0.179515,-0.179515
4256,-0.149596,-0.179515,-0.179515
4257,-0.149596,-0.209434,-0.209434
4258,-0.179515,-0.239354,-0.239354
4259,-0.179515,-0.239354,-0.239354
4260,-0.179515,-0.209434,-0.209434
4261,-0.149596,-0.209434,-0.209434
4262,-0.149596,-0.179515,-0.179515
4263,-0.119677,-0.179515,-0.149596
4264,-0.119677,-0.179515,-0.149596
4265,-0.119677,-0.149596,-0.149596
4266,-0.119677,-0.179515,-0.179515
4267,-0.119677,-0.149596,-0.179515
4268,-0.119677,-0.179515,-0.149596
4269,-0.119677,-0.179515,-0.179515
4270,-0.119677,-0.179515,-0.179515
4271,-0.149596,-0.179515,-0.179515
4272,-0.119677,-0.179515,-0.179515
4273,-0.119677,-0.149596,-0.149596
4274,-0.089758,-0.149596,-0.119677
4275,-0.089758,-0.149596,-0.149596
4276,-0.119677,-0.149596,-0.149596
4277,-0.119677,-0.179515,-0.179515
4278,-0.149596,-0.209434,-0.179515
4279,-0.149596,-0.209434,-0.209434
4280,-0.149596,-0.209434,-0.209434
4281,-0.149596,-0.209434,-0.209434
4282,-0.149596,-0.209434,-0.209434
4283,-0.179515,-0.209434,-0.209434
4284,-0.149596,-0.209434,-0.209434
4285,-0.149596,-0.209434,-0.209434
4286,-0.149596,-0.209434,-0.179515
4287,-0.149596,-0.179515,-0.179515
4288,-0.149596,-0.179515,-0.179515
4289,-0.149596,-0.209434,-0.209434
4290,-0.209434,-0.239354,-0.239354
4291,-0.179515,-0.239354,-0.239354
4292,-0.179515,-0.209434,-0.209434
4293,-0.149596,-0.209434,-0.209434
4294,-0.149596,-0.179515,-0.179515
4295,-0.119677,-0.179515,-0.179515
4296,-0.119677,-0.179515,-0.179515
4297,-0.119677,-0.179515,-0.179515
4298,-0.119677,-0.179515,-0.179515
4299,-0.119677,-0.179515,-0.179515
4300,-0.119677,-0.179515,-0.179515
4301,-0.119677,-0.179515,-0.179515
4302,-0.149596,-0.179515,-0.179515
4303,-0.149596,-0.179515,-0.179515
4304,-0.149596,-0.179515,-0.179515
4305,-0.119677,-0.179515,-0.179515
4306,-0.089758,-0.119677,-0.149596
4307,-0.089758,-0.149596,-0.149596
4308,-0.119677,-0.179515,-0.149596
4309,-0.149596,-0.179515,-0.179515
4310,-0.149596,-0.209434,-0.209434
4311,-0.179515,-0.209434,-0.209434
4312,-0.179515,-0.209434,-0.209434
4313,-0.149596,-0.209434,-0.209434
4314,-0.149596,-0.209434,-0.209434
4315,-0.179515,-0.209434,-0.209434
4316,-0.179515,-0.209434,-0.209434
4317,-0.149596,-0.209434,-0.209434
4318,-0.149596,-0.209434,-0.209434
4319,-0.149596,-0.209434,-0.209434
4320,-0.149596,-0.209434,-0.209434
4321,-0.179515,-0.209434,-0.209434
4322,-0.209434,-0.239354,-0.239354
4323,-0.209434,-0.239354,-0.239354
4324,-0.179515,-0.239354,-0.239354
4325,-0.179515,-0.209434,-0.209434
4326,-0.149596,-0.209434,-0.209434
4327,-0.149596,-0.179515,-0.179515
4328,-0.119677,-0.179515,-0.179515
4329,-0.119677,-0.179515,-0.179515
4330,-0.149596,-0.179515,-0.179515
4331,-0.149596,-0.179515,-0.179515
4332,-0.149596,-0.179515,-0.179515
4333,-0.149596,-0.209434,-0.179515
4334,-0.149596,-0.209434,-0.179515
4335,-0.149596,-0.209434,-0.209434
4336,-0.149596,-0.209434,-0.209434
4337,-0.119677,-0.179515,-0.179515
4338,-0.089758,-0.149596,-0.149596
4339,-0.119677,-0.149596,-0.149596
4340,-0.119677,-0.179515,-0.179515
4341,-0.149596,-0.179515,-0.179515
4342,-0.179515,-0.209434,-0.209434
4343,-0.179515,-0.209434,-0.209434
4344,-0.179515,-0.209434,-0.209434
4345,-0.179515,-0.209434,-0.209434
4346,-0.179515,-0.209434,-0.209434
4347,-0.179515,-0.239354,-0.209434
4348,-0.179515,-0.239354,-0.209434
4349,-0.179515,-0.209434,-0.209434
4350,-0.149596,-0.209434,-0.209434
4351,-0.179515,-0.209434,-0.209434
4352,-0.179515,-0.209434,-0.209434
4353,-0.179515,-0.239354,-0.239354
4354,-0.209434,-0.269273,-0.269273
4355,-0.209434,-0.269273,-0.239354
4356,-0.209434,-0.239354,-0.239354
4357,-0.179515,-0.239354,-0.239354
4358,-0.149596,-0.209434,-0.209434
4359,-0.149596,-0.179515,-0.179515
4360,-0.149596,-0.209434,-0.179515
4361,-0.149596,-0.179515,-0.179515
4362,-0.149596,-0.209434,-0.179515
4363,-0.149596,-0.179515,-0.179515
4364,-0.149596,-0.209434,-0.179515
4365,-0.149596,-0.209434,-0.209434
4366,-0.149596,-0.209434,-0.209434
4367,-0.149596,-0.209434,-0.209434
4368,-0.149596,-0.209434,-0.209434
4369,-0.149596,-0.179515,-0.179515
4370,-0.119677,-0.149596,-0.149596
4371,-0.119677,-0.179515,-0.179515
4372,-0.149596,-0.179515,-0.179515
4373,-0.149596,-0.209434,-0.209434
4374,-0.179515,-0.239354,-0.209434
4375,-0.179515,-0.239354,-0.239354
4376,-0.179515,-0.239354,-0.239354
4377,-0.179515,-0.239354,-0.239354
4378,-0.179515,-0.239354,-0.239354
4379,-0.179515,-0.239354,-0.239354
4380,-0.179515,-0.239354,-0.239354
4381,-0.179515,-0.209434,-0.209434
4382,-0.179515,-0.209434,-0.209434
4383,-0.179515,-0.209434,-0.209434
4384,-0.179515,-0.209434,-0.209434
4385,-0.179515,-0.239354,-0.239354
4386,-0.209434,-0.269273,-0.269273
4387,-0.209434,-0.269273,-0.239354
4388,-0.209434,-0.239354,-0.239354
4389,-0.179515,-0.239354,-0.239354
4390,-0.149596,-0.209434,-0.209434
4391,-0.149596,-0.209434,-0.209434
4392,-0.149596,-0.209434,-0.179515
4393,-0.149596,-0.209434,-0.179515
4394,-0.149596,-0.209434,-0.179515
4395,-0.149596,-0.209434,-0.179515
4396,-0.149596,-0.209434,-0.209434
4397,-0.149596,-0.209434,-0.209434
4398,-0.149596,-0.209434,-0.209434
4399,-0.149596,-0.209434,-0.209434
4400,-0.149596,-0.209434,-0.209434
4401,-0.149596,-0.179515,-0.179515
4402,-0.119677,-0.149596,-0.149596
4403,-0.119677,-0.179515,-0.179515
4404,-0.119677,-0.179515,-0.179515
4405,-0.149596,-0.209434,-0.209434
4406,-0.179515,-0.239354,-0.209434
4407,-0.179515,-0.239354,-0.239354
4408,-0.179515,-0.239354,-0.239354
4409,-0.179515,-0.239354,-0.239354
4410,-0.179515,-0.239354,-0.239354
4411,-0.179515,-0.239354,-0.239354
4412,-0.179515,-0.239354,-0.209434
4413,-0.179515,-0.239354,-0.209434
4414,-0.179515,-0.209434,-0.209434
4415,-0.179515,-0.209434,-0.209434
4416,-0.179515,-0.209434,-0.209434
4417,-0.179515,-0.239354,-0.239354
4418,-0.209434,-0.269273,-0.269273
4419,-0.209434,-0.269273,-0.239354
4420,-0.209434,-0.239354,-0.239354
4421,-0.179515,-0.239354,-0.239354
4422,-0.149596,-0.209434,-0.209434
4423,-0.149596,-0.209434,-0.179515
4424,-0.149596,-0.179515,-0.179515
4425,-0.149596,-0.179515,-0.179515
4426,-0.149596,-0.209434,-0.179515
4427,-0.149596,-0.179515,-0.179515
4428,-0.149596,-0.179515,-0.179515
4429,-0.149596,-0.209434,-0.179515
4430,-0.149596,-0.209434,-0.179515
4431,-0.149596,-0.209434,-0.209434
4432,-0.149596,-0.209434,-0.209434
4433,-0.149596,-0.179515,-0.179515
4434,-0.089758,-0.149596,-0.149596
4435,-0.119677,-0.149596,-0.149596
4436,-0.119677,-0.179515,-0.179515
4437,-0.149596,-0.209434,-0.179515
4438,-0.179515,-0.209434,-0.209434
4439,-0.179515,-0.239354,-0.209434
4440,-0.179515,-0.239354,-0.239354
4441,-0.179515,-0.209434,-0.209434
4442,-0.179515,-0.239354,-0.209434
4443,-0.179515,-0.239354,-0.239354
4444,-0.179515,-0.239354,-0.209434
4445,-0.179515,-0.209434,-0.209434
4446,-0.179515,-0.209434,-0.209434
4447,-0.179515,-0.209434,-0.209434
4448,-0.179515,-0.209434,-0.209434
4449,-0.179515,-0.239354,-0.239354
4450,-0.209434,-0.269273,-0.269273
4451,-0.209434,-0.269273,-0.269273
4452,-0.209434,-0.239354,-0.239354
4453,-0.179515,-0.239354,-0.239354
4454,-0.149596,-0.209434,-0.209434
4455,-0.149596,-0.209434,-0.209434
4456,-0.149596,-0.209434,-0.209434
4457,-0.149596,-0.209434,-0.209434
4458,-0.179515,-0.209434,-0.209434
4459,-0.149596,-0.209434,-0.209434
4460,-0.179515,-0.209434,-0.209434
4461,-0.179515,-0.239354,-0.209434
4462,-0.179515,-0.239354,-0.209434
4463,-0.179515,-0.239354,-0.209434
4464,-0.179515,-0.239354,-0.239354
4465,-0.149596,-0.209434,-0.209434
4466,-0.149596,-0.179515,-0.179515
4467,-0.149596,-0.209434,-0.179515
4468,-0.179515,-0.209434,-0.209434
4469,-0.179515,-0.239354,-0.239354
4470,-0.209434,-0.269273,-0.239354
4471,-0.209434,-0.269273,-0.269273
4472,-0.239354,-0.269273,-0.269273
4473,-0.209434,-0.269273,-0.269273
4474,-0.239354,-0.269273,-0.269273
4475,-0.239354,-0.299192,-0.269273
4476,-0.239354,-0.269273,-0.269273
4477,-0.239354,-0.269273,-0.269273
4478,-0.239354,-0.269273,-0.269273
4479,-0.239354,-0.299192,-0.269273
4480,-0.239354,-0.299192,-0.299192
4481,-0.269273,-0.299192,-0.299192
4482,-0.299192,-0.329111,-0.329111
4483,-0.299192,-0.329111,-0.329111
4484,-0.269273,-0.329111,-0.329111
4485,-0.269273,-0.299192,-0.299192
4486,-0.239354,-0.299192,-0.299192
4487,-0.239354,-0.269273,-0.269273
4488,-0.239354,-0.269273,-0.269273
4489,-0.239354,-0.269273,-0.269273
4490,-0.239354,-0.269273,-0.269273
4491,-0.239354,-0.269273,-0.269273
4492,-0.239354,-0.299192,-0.299192
4493,-0.239354,-0.299192,-0.299192
4494,-0.269273,-0.299192,-0.299192
4495,-0.239354,-0.299192,-0.299192
4496,-0.239354,-0.299192,-0.299192
4497,-0.239354,-0.299192,-0.269273
4498,-0.209434,-0.269273,-0.239354
4499,-0.239354,-0.269273,-0.269273
4500,-0.239354,-0.269273,-0.269273
4501,-0.269273,-0.299192,-0.299192
4502,-0.299192,-0.329111,-0.329111
4503,-0.299192,-0.329111,-0.329111
4504,-0.269273,-0.329111,-0.329111
4505,-0.299192,-0.329111,-0.329111
4506,-0.299192,-0.329111,-0.329111
4507,-0.299192,-0.329111,-0.329111
4508,-0.299192,-0.329111,-0.329111
4509,-0.269273,-0.329111,-0.329111
4510,-0.269273,-0.329111,-0.329111
4511,-0.269273,-0.329111,-0.329111
4512,-0.269273,-0.329111,-0.329111
4513,-0.299192,-0.359030,-0.359030
4514,-0.329111,-0.388950,-0.388950
4515,-0.329111,-0.388950,-0.359030
4516,-0.329111,-0.359030,-0.359030
4517,-0.299192,-0.359030,-0.329111
4518,-0.269273,-0.329111,-0.329111
4519,-0.269273,-0.329111,-0.329111
4520,-0.269273,-0.299192,-0.299192
4521,-0.269273,-0.299192,-0.299192
4522,-0.269273,-0.329111,-0.329111
4523,-0.269273,-0.329111,-0.329111
4524,-0.269273,-0.329111,-0.329111
4525,-0.269273,-0.329111,-0.329111
4526,-0.269273,-0.329111,-0.329111
4527,-0.269273,-0.329111,-0.329111
4528,-0.299192,-0.329111,-0.329111
4529,-0.269273,-0.299192,-0.299192
4530,-0.239354,-0.269273,-0.269273
4531,-0.239354,-0.299192,-0.299192
4532,-0.269273,-0.299192,-0.299192
4533,-0.269273,-0.329111,-0.329111
4534,-0.299192,-0.359030,-0.359030
4535,-0.299192,-0.359030,-0.359030
4536,-0.329111,-0.359030,-0.359030
4537,-0.299192,-0.359030,-0.359030
4538,-0.299192,-0.359030,-0.359030
4539,-0.299192,-0.359030,-0.359030
4540,-0.299192,-0.359030,-0.359030
4541,-0.299192,-0.359030,-0.359030
4542,-0.299192,-0.329111,-0.329111
4543,-0.299192,-0.359030,-0.329111
4544,-0.299192,-0.329111,-0.329111
4545,-0.329111,-0.359030,-0.359030
4546,-0.329111,-0.388950,-0.388950
4547,-0.329111,-0.388950,-0.359030
4548,-0.329111,-0.388950,-0.359030
4549,-0.299192,-0.359030,-0.359030
4550,-0.299192,-0.329111,-0.329111
4551,-0.269273,-0.329111,-0.329111
4552,-0.269273,-0.329111,-0.329111
4553,-0.269273,-0.329111,-0.329111
4554,-0.269273,-0.329111,-0.329111
4555,-0.269273,-0.329111,-0.329111
4556,-0.269273,-0.329111,-0.329111
4557,-0.269273,-0.329111,-0.329111
4558,-0.299192,-0.329111,-0.329111
4559,-0.269273,-0.329111,-0.329111
4560,-0.269273,-0.329111,-0.329111
4561,-0.269273,-0.299192,-0.299192
4562,-0.239354,-0.269273,-0.269273
4563,-0.239354,-0.299192,-0.299192
4564,-0.269273,-0.299192,-0.299192
4565,-0.269273,-0.329111,-0.329111
4566,-0.299192,-0.359030,-0.359030
4567,-0.299192,-0.359030,-0.359030
4568,-0.299192,-0.359030,-0.359030
4569,-0.299192,-0.359030,-0.359030
4570,-0.299192,-0.359030,-0.359030
4571,-0.329111,-0.359030,-0.359030
4572,-0.299192,-0.359030,-0.359030
4573,-0.299192,-0.359030,-0.329111
4574,-0.299192,-0.359030,-0.359030
4575,-0.299192,-0.359030,-0.329111
4576,-0.299192,-0.329111,-0.329111
4577,-0.329111,-0.388950,-0.359030
4578,-0.359030,-0.388950,-0.388950
4579,-0.329111,-0.388950,-0.388950
4580,-0.329111,-0.359030,-0.359030
4581,-0.299192,-0.359030,-0.359030
4582,-0.269273,-0.329111,-0.329111
4583,-0.269273,-0.329111,-0.299192
4584,-0.269273,-0.329111,-0.299192
4585,-0.269273,-0.329111,-0.299192
4586,-0.269273,-0.329111,-0.299192
4587,-0.269273,-0.329111,-0.299192
4588,-0.269273,-0.329111,-0.299192
4589,-0.269273,-0.329111,-0.329111
4590,-0.269273,-0.329111,-0.329111
4591,-0.269273,-0.329111,-0.329111
4592,-0.269273,-0.329111,-0.329111
4593,-0.239354,-0.299192,-0.299192
4594,-0.209434,-0.269273,-0.269273
4595,-0.239354,-0.269273,-0.269273
4596,-0.239354,-0.299192,-0.299192
4597,-0.269273,-0.329111,-0.299192
4598,-0.299192,-0.329111,-0.329111
4599,-0.299192,-0.329111,-0.329111
4600,-0.299192,-0.329111,-0.329111
4601,-0.299192,-0.329111,-0.329111
4602,-0.299192,-0.329111,-0.329111
4603,-0.299192,-0.359030,-0.329111
4604,-0.299192,-0.329111,-0.329111
4605,-0.269273,-0.329111,-0.329111
4606,-0.269273,-0.329111,-0.329111
4607,-0.269273,-0.329111,-0.329111
4608,-0.269273,-0.329111,-0.329111
4609,-0.299192,-0.359030,-0.359030
4610,-0.329111,-0.388950,-0.388950
4611,-0.329111,-0.359030,-0.359030
4612,-0.299192,-0.359030,-0.359030
4613,-0.299192,-0.329111,-0.329111
4614,-0.269273,-0.299192,-0.299192
4615,-0.269273,-0.299192,-0.299192
4616,-0.269273,-0.299192,-0.299192
4617,-0.269273,-0.299192,-0.299192
4618,-0.269273,-0.299192,-0.299192
4619,-0.269273,-0.299192,-0.299192
4620,-0.269273,-0.299192,-0.299192
4621,-0.269273,-0.329111,-0.299192
4622,-0.269273,-0.329111,-0.299192
4623,-0.269273,-0.329111,-0.299192
4624,-0.269273,-0.329111,-0.329111
4625,-0.239354,-0.299192,-0.269273
4626,-0.209434,-0.269273,-0.269273
4627,-0.239354,-0.269273,-0.269273
4628,-0.239354,-0.299192,-0.299192
4629,-0.269273,-0.299192,-0.299192
4630,-0.299192,-0.329111,-0.329111
4631,-0.299192,-0.359030,-0.329111
4632,-0.299192,-0.329111,-0.329111
4633,-0.299192,-0.329111,-0.329111
4634,-0.299192,-0.329111,-0.329111
4635,-0.299192,-0.329111,-0.329111
4636,-0.299192,-0.329111,-0.329111
4637,-0.269273,-0.329111,-0.329111
4638,-0.269273,-0.329111,-0.329111
4639,-0.269273,-0.329111,-0.329111
4640,-0.269273,-0.329111,-0.329111
4641,-0.299192,-0.359030,-0.359030
4642,-0.329111,-0.388950,-0.388950
4643,-0.329111,-0.359030,-0.359030
4644,-0.299192,-0.359030,-0.329111
4645,-0.269273,-0.329111,-0.329111
4646,-0.269273,-0.299192,-0.299192
4647,-0.239354,-0.299192,-0.299192
4648,-0.239354,-0.299192,-0.299192
4649,-0.239354,-0.299192,-0.299192
4650,-0.269273,-0.299192,-0.299192
4651,-0.239354,-0.299192,-0.299192
4652,-0.239354,-0.299192,-0.299192
4653,-0.269273,-0.299192,-0.299192
4654,-0.269273,-0.299192,-0.299192
4655,-0.269273,-0.299192,-0.299192
4656,-0.269273,-0.299192,-0.299192
4657,-0.239354,-0.269273,-0.269273
4658,-0.209434,-0.269273,-0.239354
4659,-0.239354,-0.269273,-0.269273
4660,-0.239354,-0.299192,-0.269273
4661,-0.239354,-0.299192,-0.299192
4662,-0.269273,-0.329111,-0.329111
4663,-0.299192,-0.329111,-0.329111
4664,-0.299192,-0.329111,-0.329111
4665,-0.269273,-0.329111,-0.329111
4666,-0.299192,-0.329111,-0.329111
4667,-0.299192,-0.329111,-0.329111
4668,-0.269273,-0.329111,-0.329111
4669,-0.269273,-0.329111,-0.329111
4670,-0.269273,-0.329111,-0.329111
4671,-0.269273,-0.329111,-0.329111
4672,-0.269273,-0.329111,-0.329111
4673,-0.299192,-0.359030,-0.359030
4674,-0.329111,-0.388950,-0.359030
4675,-0.299192,-0.359030,-0.359030
4676,-0.299192,-0.359030,-0.329111
4677,-0.269273,-0.329111,-0.329111
4678,-0.269273,-0.299192,-0.299192
4679,-0.239354,-0.299192,-0.299192
4680,-0.239354,-0.299192,-0.299192
4681,-0.239354,-0.299192,-0.299192
4682,-0.239354,-0.299192,-0.299192
4683,-0.239354,-0.299192,-0.299192
4684,-0.269273,-0.299192,-0.299192
4685,-0.269273,-0.299192,-0.299192
4686,-0.269273,-0.299192,-0.299192
4687,-0.269273,-0.329111,-0.299192
4688,-0.269273,-0.329111,-0.299192
4689,-0.239354,-0.269273,-0.269273
4690,-0.209434,-0.239354,-0.239354
4691,-0.239354,-0.269273,-0.269273
4692,-0.239354,-0.299192,-0.299192
4693,-0.269273,-0.299192,-0.299192
4694,-0.299192,-0.329111,-0.329111
4695,-0.299192,-0.329111,-0.329111
4696,-0.299192,-0.329111,-0.329111
4697,-0.299192,-0.329111,-0.329111
4698,-0.299192,-0.329111,-0.329111
4699,-0.299192,-0.329111,-0.329111
4700,-0.299192,-0.329111,-0.329111
4701,-0.299192,-0.329111,-0.329111
4702,-0.269273,-0.329111,-0.329111
4703,-0.269273,-0.329111,-0.329111
4704,-0.269273,-0.329111,-0.329111
4705,-0.299192,-0.359030,-0.359030
4706,-0.329111,-0.359030,-0.359030
4707,-0.299192,-0.359030,-0.359030
4708,-0.299192,-0.359030,-0.359030
4709,-0.269273,-0.329111,-0.329111
4710,-0.269273,-0.299192,-0.299192
4711,-0.239354,-0.299192,-0.299192
4712,-0.239354,-0.299192,-0.299192
4713,-0.239354,-0.299192,-0.299192
4714,-0.239354,-0.299192,-0.299192
4715,-0.239354,-0.299192,-0.299192
4716,-0.239354,-0.299192,-0.299192
4717,-0.269273,-0.299192,-0.299192
4718,-0.269273,-0.299192,-0.299192
4719,-0.269273,-0.299192,-0.299192
4720,-0.269273,-0.299192,-0.299192
4721,-0.209434,-0.269273,-0.269273
4722,-0.209434,-0.239354,-0.239354
4723,-0.239354,-0.269273,-0.269273
4724,-0.239354,-0.269273,-0.269273
4725,-0.239354,-0.299192,-0.299192
4726,-0.269273,-0.329111,-0.329111
4727,-0.269273,-0.329111,-0.329111
4728,-0.269273,-0.329111,-0.329111
4729,-0.269273,-0.329111,-0.329111
4730,-0.269273,-0.329111,-0.329111
4731,-0.269273,-0.329111,-0.329111
4732,-0.269273,-0.329111,-0.329111
4733,-0.269273,-0.299192,-0.329111
4734,-0.269273,-0.299192,-0.299192
4735,-0.269273,-0.299192,-0.299192
4736,-0.269273,-0.299192,-0.299192
4737,-0.299192,-0.329111,-0.329111
4738,-0.329111,-0.359030,-0.359030
4739,-0.299192,-0.359030,-0.329111
4740,-0.299192,-0.329111,-0.329111
4741,-0.269273,-0.299192,-0.299192
4742,-0.239354,-0.299192,-0.299192
4743,-0.239354,-0.299192,-0.269273
4744,-0.239354,-0.269273,-0.269273
4745,-0.239354,-0.299192,-0.269273
4746,-0.239354,-0.299192,-0.269273
4747,-0.239354,-0.299192,-0.269273
4748,-0.239354,-0.299192,-0.299192
4749,-0.239354,-0.299192,-0.299192
4750,-0.239354,-0.299192,-0.299192
4751,-0.239354,-0.299192,-0.299192
4752,-0.239354,-0.299192,-0.299192
4753,-0.209434,-0.269273,-0.269273
4754,-0.209434,-0.239354,-0.239354
4755,-0.209434,-0.269273,-0.269273
4756,-0.239354,-0.269273,-0.269273
4757,-0.239354,-0.299192,-0.299192
4758,-0.269273,-0.329111,-0.299192
4759,-0.269273,-0.329111,-0.329111
4760,-0.269273,-0.329111,-0.329111
4761,-0.269273,-0.329111,-0.329111
4762,-0.269273,-0.329111,-0.329111
4763,-0.269273,-0.329111,-0.329111
4764,-0.269273,-0.329111,-0.329111
4765,-0.269273,-0.329111,-0.329111
4766,-0.269273,-0.299192,-0.299192
4767,-0.269273,-0.299192,-0.299192
4768,-0.269273,-0.329111,-0.299192
4769,-0.299192,-0.359030,-0.359030
4770,-0.329111,-0.359030,-0.359030
4771,-0.299192,-0.359030,-0.359030
4772,-0.299192,-0.329111,-0.329111
4773,-0.269273,-0.329111,-0.329111
4774,-0.239354,-0.299192,-0.299192
4775,-0.239354,-0.299192,-0.299192
4776,-0.239354,-0.299192,-0.299192
4777,-0.239354,-0.299192,-0.299192
4778,-0.239354,-0.299192,-0.299192
4779,-0.239354,-0.299192,-0.299192
4780,-0.269273,-0.299192,-0.299192
4781,-0.269273,-0.299192,-0.299192
4782,-0.269273,-0.299192,-0.299192
4783,-0.269273,-0.299192,-0.299192
4784,-0.269273,-0.299192,-0.299192
4785,-0.239354,-0.269273,-0.269273
4786,-0.209434,-0.239354,-0.269273
4787,-0.239354,-0.269273,-0.269273
4788,-0.239354,-0.299192,-0.269273
4789,-0.269273,-0.299192,-0.299192
4790,-0.269273,-0.329111,-0.329111
4791,-0.299192,-0.329111,-0.329111
4792,-0.299192,-0.329111,-0.329111
4793,-0.299192,-0.329111,-0.329111
4794,-0.299192,-0.329111,-0.329111
4795,-0.299192,-0.329111,-0.329111
4796,-0.269273,-0.329111,-0.329111
4797,-0.269273,-0.329111,-0.329111
4798,-0.269273,-0.329111,-0.299192
4799,-0.269273,-0.329111,-0.329111
4800,-0.269273,-0.329111,-0.329111
4801,-0.299192,-0.359030,-0.359030
4802,-0.329111,-0.388950,-0.359030
4803,-0.299192,-0.359030,-0.359030
4804,-0.299192,-0.359030,-0.329111
4805,-0.269273,-0.329111,-0.329111
4806,-0.269273,-0.299192,-0.299192
4807,-0.239354,-0.299192,-0.299192
4808,-0.239354,-0.299192,-0.299192
4809,-0.239354,-0.299192,-0.299192
4810,-0.239354,-0.299192,-0.299192
4811,-0.239354,-0.299192,-0.299192
4812,-0.239354,-0.299192,-0.299192
4813,-0.269273,-0.299192,-0.299192
4814,-0.269273,-0.299192,-0.299192
4815,-0.269273,-0.299192,-0.299192
4816,-0.269273,-0.299192,-0.299192
4817,-0.209434,-0.269273,-0.269273
4818,-0.209434,-0.239354,-0.239354
4819,-0.239354,-0.269273,-0.269273
4820,-0.239354,-0.269273,-0.269273
4821,-0.269273,-0.299192,-0.299192
4822,-0.269273,-0.329111,-0.329111
4823,-0.269273,-0.329111,-0.329111
4824,-0.299192,-0.329111,-0.329111
4825,-0.299192,-0.329111,-0.329111
4826,-0.299192,-0.329111,-0.329111
4827,-0.299192,-0.329111,-0.329111
4828,-0.269273,-0.329111,-0.329111
4829,-0.269273,-0.329111,-0.299192
4830,-0.269273,-0.329111,-0.299192
4831,-0.269273,-0.329111,-0.299192
4832,-0.269273,-0.329111,-0.299192
4833,-0.299192,-0.359030,-0.359030
4834,-0.329111,-0.359030,-0.359030
4835,-0.299192,-0.359030,-0.359030
4836,-0.299192,-0.329111,-0.329111
4837,-0.269273,-0.329111,-0.299192
4838,-0.239354,-0.299192,-0.299192
4839,-0.239354,-0.299192,-0.299192
4840,-0.239354,-0.299192,-0.269273
4841,-0.239354,-0.299192,-0.269273
4842,-0.239354,-0.299192,-0.299192
4843,-0.239354,-0.299192,-0.299192
4844,-0.239354,-0.299192,-0.299192
4845,-0.269273,-0.299192,-0.299192
4846,-0.269273,-0.299192,-0.299192
4847,-0.269273,-0.299192,-0.299192
4848,-0.269273,-0.299192,-0.299192
4849,-0.209434,-0.269273,-0.269273
4850,-0.209434,-0.239354,-0.239354
4851,-0.209434,-0.269273,-0.269273
4852,-0.239354,-0.269273,-0.269273
4853,-0.269273,-0.299192,-0.299192
4854,-0.269273,-0.329111,-0.329111
4855,-0.299192,-0.329111,-0.329111
4856,-0.269273,-0.329111,-0.329111
4857,-0.269273,-0.329111,-0.329111
4858,-0.269273,-0.329111,-0.329111
4859,-0.269273,-0.329111,-0.329111
4860,-0.269273,-0.329111,-0.329111
4861,-0.269273,-0.329111,-0.299192
4862,-0.269273,-0.329111,-0.299192
4863,-0.269273,-0.329111,-0.299192
4864,-0.269273,-0.329111,-0.329111
4865,-0.299192,-0.359030,-0.329111
4866,-0.329111,-0.359030,-0.359030
4867,-0.299192,-0.359030,-0.329111
4868,-0.299192,-0.329111,-0.329111
4869,-0.269273,-0.329111,-0.299192
4870,-0.239354,-0.299192,-0.299192
4871,-0.239354,-0.299192,-0.299192
4872,-0.239354,-0.299192,-0.299192
4873,-0.239354,-0.299192,-0.269273
4874,-0.239354,-0.299192,-0.299192
4875,-0.239354,-0.299192,-0.299192
4876,-0.239354,-0.299192,-0.299192
4877,-0.239354,-0.299192,-0.299192
4878,-0.239354,-0.299192,-0.299192
4879,-0.269273,-0.299192,-0.299192
4880,-0.269273,-0.299192,-0.299192
4881,-0.209434,-0.269273,-0.269273
4882,-0.209434,-0.239354,-0.239354
4883,-0.209434,-0.269273,-0.269273
4884,-0.239354,-0.269273,-0.269273
4885,-0.269273,-0.299192,-0.299192
4886,-0.269273,-0.329111,-0.329111
4887,-0.269273,-0.329111,-0.329111
4888,-0.269273,-0.329111,-0.329111
4889,-0.269273,-0.329111,-0.329111
4890,-0.269273,-0.329111,-0.329111
4891,-0.299192,-0.329111,-0.329111
4892,-0.269273,-0.329111,-0.329111
4893,-0.269273,-0.329111,-0.299192
4894,-0.269273,-0.299192,-0.299192
4895,-0.269273,-0.299192,-0.299192
4896,-0.269273,-0.329111,-0.299192
4897,-0.299192,-0.359030,-0.329111
4898,-0.299192,-0.359030,-0.359030
4899,-0.299192,-0.359030,-0.359030
4900,-0.269273,-0.329111,-0.329111
4901,-0.269273,-0.299192,-0.299192
4902,-0.239354,-0.299192,-0.299192
4903,-0.239354,-0.299192,-0.269273
4904,-0.239354,-0.299192,-0.269273
4905,-0.239354,-0.299192,-0.269273
4906,-0.239354,-0.299192,-0.299192
4907,-0.239354,-0.299192,-0.269273
4908,-0.239354,-0.299192,-0.299192
4909,-0.239354,-0.299192,-0.299192
4910,-0.239354,-0.299192,-0.299192
4911,-0.269273,-0.299192,-0.299192
4912,-0.239354,-0.299192,-0.299192
4913,-0.209434,-0.269273,-0.269273
4914,-0.209434,-0.239354,-0.239354
4915,-0.209434,-0.269273,-0.269273
4916,-0.239354,-0.269273,-0.269273
4917,-0.239354,-0.299192,-0.299192
4918,-0.269273,-0.329111,-0.299192
4919,-0.269273,-0.329111,-0.299192
4920,-0.269273,-0.329111,-0.329111
4921,-0.269273,-0.329111,-0.329111
4922,-0.269273,-0.329111,-0.329111
4923,-0.269273,-0.329111,-0.329111
4924,-0.269273,-0.329111,-0.299192
4925,-0.269273,-0.329111,-0.299192
4926,-0.269273,-0.329111,-0.299192
4927,-0.269273,-0.299192,-0.299192
4928,-0.269273,-0.299192,-0.299192
4929,-0.299192,-0.359030,-0.329111
4930,-0.329111,-0.359030,-0.359030
4931,-0.299192,-0.359030,-0.329111
4932,-0.269273,-0.329111,-0.329111
4933,-0.269273,-0.299192,-0.299192
4934,-0.239354,-0.299192,-0.299192
4935,-0.239354,-0.299192,-0.269273
4936,-0.239354,-0.269273,-0.269273
4937,-0.239354,-0.269273,-0.269273
4938,-0.239354,-0.299192,-0.269273
4939,-0.239354,-0.269273,-0.269273
4940,-0.239354,-0.299192,-0.299192
4941,-0.239354,-0.299192,-0.299192
4942,-0.239354,-0.299192,-0.299192
4943,-0.239354,-0.299192,-0.299192
4944,-0.239354,-0.299192,-0.299192
4945,-0.209434,-0.269273,-0.239354
4946,-0.179515,-0.239354,-0.239354
4947,-0.209434,-0.269273,-0.269273
4948,-0.239354,-0.269273,-0.269273
4949,-0.269273,-0.299192,-0.299192
4950,-0.269273,-0.329111,-0.299192
4951,-0.269273,-0.329111,-0.299192
4952,-0.269273,-0.329111,-0.299192
4953,-0.269273,-0.329111,-0.299192
4954,-0.269273,-0.329111,-0.299192
4955,-0.269273,-0.329111,-0.299192
4956,-0.269273,-0.299192,-0.299192
4957,-0.269273,-0.299192,-0.299192
4958,-0.269273,-0.299192,-0.299192
4959,-0.269273,-0.299192,-0.299192
4960,-0.269273,-0.299192,-0.299192
4961,-0.299192,-0.329111,-0.329111
4962,-0.299192,-0.359030,-0.329111
4963,-0.299192,-0.329111,-0.329111
4964,-0.269273,-0.329111,-0.299192
4965,-0.269273,-0.299192,-0.299192
4966,-0.239354,-0.269273,-0.269273
4967,-0.239354,-0.269273,-0.269273
4968,-0.239354,-0.269273,-0.269273
4969,-0.239354,-0.269273,-0.269273
4970,-0.239354,-0.269273,-0.269273
4971,-0.239354,-0.269273,-0.269273
4972,-0.239354,-0.299192,-0.269273
4973,-0.239354,-0.299192,-0.299192
4974,-0.239354,-0.299192,-0.299192
4975,-0.239354,-0.299192,-0.299192
4976,-0.239354,-0.299192,-0.269273
4977,-0.209434,-0.239354,-0.239354
4978,-0.209434,-0.239354,-0.239354
4979,-0.209434,-0.269273,-0.239354
4980,-0.239354,-0.269273,-0.269273
4981,-0.239354,-0.299192,-0.299192
4982,-0.269273,-0.329111,-0.299192
4983,-0.269273,-0.329111,-0.299192
4984,-0.269273,-0.329111,-0.299192
4985,-0.269273,-0.299192,-0.299192
4986,-0.269273,-0.329111,-0.299192
4987,-0.269273,-0.329111,-0.299192
4988,-0.269273,-0.299192,-0.299192
4989,-0.269273,-0.299192,-0.299192
4990,-0.269273,-0.299192,-0.299192
4991,-0.239354,-0.299192,-0.299192
4992,-0.269273,-0.299192,-0.299192
4993,-0.299192,-0.359030,-0.329111
4994,-0.299192,-0.359030,-0.329111
4995,-0.299192,-0.329111,-0.329111
4996,-0.269273,-0.329111,-0.329111
4997,-0.239354,-0.299192,-0.299192
4998,-0.239354,-0.269273,-0.269273
4999,-0.239354,-0.269273,-0.269273
5000,-0.239354,-0.269273,-0.269273
5001,-0.239354,-0.269273,-0.269273
5002,-0.239354,-0.269273,-0.269273
5003,-0.239354,-0.269273,-0.269273
5004,-0.239354,-0.269273,-0.269273
5005,-0.239354,-0.299192,-0.269273
5006,-0.239354,-0.299192,-0.269273
5007,-0.239354,-0.299192,-0.299192
5008,-0.239354,-0.269273,-0.269273
5009,-0.209434,-0.239354,-0.239354
5010,-0.179515,-0.239354,-0.239354
5011,-0.209434,-0.269273,-0.239354
5012,-0.209434,-0.269273,-0.269273
5013,-0.239354,-0.299192,-0.299192
5014,-0.269273,-0.299192,-0.299192
5015,-0.269273,-0.299192,-0.299192
5016,-0.269273,-0.299192,-0.299192
5017,-0.269273,-0.299192,-0.299192
5018,-0.269273,-0.299192,-0.299192
5019,-0.269273,-0.299192,-0.299192
5020,-0.269273,-0.299192,-0.299192
5021,-0.269273,-0.299192,-0.299192
5022,-0.269273,-0.299192,-0.299192
5023,-0.239354,-0.299192,-0.299192
5024,-0.269273,-0.299192,-0.299192
5025,-0.299192,-0.329111,-0.329111
5026,-0.299192,-0.359030,-0.329111
5027,-0.269273,-0.329111,-0.329111
5028,-0.269273,-0.329111,-0.299192
5029,-0.239354,-0.299192,-0.299192
5030,-0.239354,-0.269273,-0.269273
5031,-0.209434,-0.269273,-0.269273
5032,-0.209434,-0.269273,-0.269273
5033,-0.239354,-0.269273,-0.269273
5034,-0.239354,-0.269273,-0.269273
5035,-0.209434,-0.269273,-0.269273
5036,-0.239354,-0.269273,-0.269273
5037,-0.239354,-0.269273,-0.269273
5038,-0.239354,-0.269273,-0.269273
5039,-0.239354,-0.269273,-0.269273
5040,-0.239354,-0.269273,-0.269273
5041,-0.179515,-0.239354,-0.239354
5042,-0.179515,-0.239354,-0.239354
5043,-0.209434,-0.239354,-0.239354
5044,-0.209434,-0.269273,-0.269273
5045,-0.239354,-0.299192,-0.269273
5046,-0.269273,-0.299192,-0.299192
5047,-0.269273,-0.299192,-0.299192
5048,-0.269273,-0.299192,-0.299192
5049,-0.239354,-0.299192,-0.299192
5050,-0.239354,-0.299192,-0.299192
5051,-0.269273,-0.299192,-0.299192
5052,-0.269273,-0.299192,-0.299192
5053,-0.239354,-0.299192,-0.299192
5054,-0.239354,-0.299192,-0.299192
5055,-0.239354,-0.299192,-0.299192
5056,-0.239354,-0.299192,-0.299192
5057,-0.299192,-0.329111,-0.329111
5058,-0.299192,-0.329111,-0.329111
5059,-0.269273,-0.329111,-0.329111
5060,-0.269273,-0.299192,-0.299192
5061,-0.239354,-0.299192,-0.299192
5062,-0.239354,-0.269273,-0.269273
5063,-0.209434,-0.269273,-0.269273
5064,-0.209434,-0.269273,-0.269273
5065,-0.209434,-0.269273,-0.269273
5066,-0.209434,-0.269273,-0.269273
5067,-0.209434,-0.269273,-0.269273
5068,-0.209434,-0.269273,-0.269273
5069,-0.239354,-0.269273,-0.269273
5070,-0.239354,-0.269273,-0.269273
5071,-0.239354,-0.269273,-0.269273
5072,-0.239354,-0.269273,-0.269273
5073,-0.179515,-0.239354,-0.239354
5074,-0.179515,-0.239354,-0.239354
5075,-0.209434,-0.239354,-0.239354
5076,-0.209434,-0.269273,-0.269273
5077,-0.239354,-0.269273,-0.269273
5078,-0.239354,-0.299192,-0.299192
5079,-0.239354,-0.299192,-0.299192
5080,-0.269273,-0.299192,-0.299192
5081,-0.269273,-0.299192,-0.299192
5082,-0.269273,-0.299192,-0.299192
5083,-0.269273,-0.299192,-0.299192
5084,-0.239354,-0.299192,-0.299192
5085,-0.239354,-0.299192,-0.299192
5086,-0.239354,-0.299192,-0.269273
5087,-0.239354,-0.299192,-0.269273
5088,-0.239354,-0.299192,-0.299192
5089,-0.269273,-0.329111,-0.329111
5090,-0.299192,-0.329111,-0.329111
5091,-0.269273,-0.329111,-0.329111
5092,-0.269273,-0.299192,-0.299192
5093,-0.239354,-0.299192,-0.269273
5094,-0.209434,-0.269273,-0.269273
5095,-0.209434,-0.269273,-0.269273
5096,-0.209434,-0.269273,-0.269273
5097,-0.209434,-0.269273,-0.269273
5098,-0.209434,-0.269273,-0.269273
5099,-0.209434,-0.269273,-0.269273
5100,-0.209434,-0.269273,-0.269273
5101,-0.209434,-0.269273,-0.269273
5102,-0.239354,-0.269273,-0.269273
5103,-0.239354,-0.269273,-0.269273
5104,-0.209434,-0.269273,-0.269273
5105,-0.179515,-0.239354,-0.239354
5106,-0.179515,-0.209434,-0.209434
5107,-0.209434,-0.239354,-0.239354
5108,-0.209434,-0.269273,-0.239354
5109,-0.239354,-0.269273,-0.269273
5110,-0.239354,-0.299192,-0.299192
5111,-0.239354,-0.299192,-0.299192
5112,-0.239354,-0.299192,-0.299192
5113,-0.239354,-0.299192,-0.299192
5114,-0.239354,-0.299192,-0.299192
5115,-0.239354,-0.299192,-0.299192
5116,-0.239354,-0.299192,-0.269273
5117,-0.239354,-0.299192,-0.269273
5118,-0.239354,-0.269273,-0.269273
5119,-0.239354,-0.269273,-0.269273
5120,-0.239354,-0.299192,-0.299192
5121,-0.269273,-0.329111,-0.329111
5122,-0.269273,-0.329111,-0.329111
5123,-0.269273,-0.299192,-0.299192
5124,-0.269273,-0.299192,-0.299192
5125,-0.239354,-0.269273,-0.269273
5126,-0.209434,-0.269273,-0.269273
5127,-0.209434,-0.269273,-0.239354
5128,-0.209434,-0.269273,-0.239354
5129,-0.209434,-0.269273,-0.269273
5130,-0.209434,-0.239354,-0.239354
5131,-0.209434,-0.239354,-0.239354
5132,-0.209434,-0.269273,-0.269273
5133,-0.209434,-0.269273,-0.269273
5134,-0.209434,-0.269273,-0.269273
5135,-0.209434,-0.269273,-0.269273
5136,-0.209434,-0.269273,-0.269273
5137,-0.179515,-0.209434,-0.209434
5138,-0.179515,-0.209434,-0.209434
5139,-0.179515,-0.239354,-0.239354
5140,-0.209434,-0.239354,-0.239354
5141,-0.239354,-0.269273,-0.269273
5142,-0.239354,-0.299192,-0.269273
5143,-0.239354,-0.299192,-0.299192
5144,-0.239354,-0.299192,-0.299192
5145,-0.239354,-0.269273,-0.269273
5146,-0.239354,-0.299192,-0.299192
5147,-0.239354,-0.299192,-0.269273
5148,-0.239354,-0.269273,-0.269273
5149,-0.239354,-0.269273,-0.269273
5150,-0.239354,-0.269273,-0.269273
5151,-0.239354,-0.269273,-0.269273
5152,-0.239354,-0.269273,-0.269273
5153,-0.269273,-0.299192,-0.299192
5154,-0.269273,-0.329111,-0.329111
5155,-0.269273,-0.299192,-0.299192
5156,-0.239354,-0.299192,-0.299192
5157,-0.239354,-0.269273,-0.269273
5158,-0.209434,-0.239354,-0.239354
5159,-0.209434,-0.239354,-0.239354
5160,-0.209434,-0.239354,-0.239354
5161,-0.209434,-0.239354,-0.239354
5162,-0.209434,-0.239354,-0.239354
5163,-0.209434,-0.239354,-0.239354
5164,-0.209434,-0.239354,-0.239354
5165,-0.209434,-0.239354,-0.239354
5166,-0.209434,-0.269273,-0.239354
5167,-0.209434,-0.269273,-0.269273
5168,-0.209434,-0.239354,-0.239354
5169,-0.179515,-0.209434,-0.209434
5170,-0.179515,-0.209434,-0.209434
5171,-0.179515,-0.239354,-0.209434
5172,-0.209434,-0.239354,-0.239354
5173,-0.209434,-0.269273,-0.269273
5174,-0.239354,-0.269273,-0.269273
5175,-0.239354,-0.269273,-0.269273
5176,-0.239354,-0.269273,-0.269273
5177,-0.239354,-0.269273,-0.269273
5178,-0.239354,-0.269273,-0.269273
5179,-0.239354,-0.269273,-0.269273
5180,-0.239354,-0.269273,-0.269273
5181,-0.209434,-0.269273,-0.269273
5182,-0.209434,-0.269273,-0.269273
5183,-0.209434,-0.269273,-0.269273
5184,-0.239354,-0.269273,-0.269273
5185,-0.269273,-0.299192,-0.299192
5186,-0.269273,-0.299192,-0.299192
5187,-0.239354,-0.299192,-0.299192
5188,-0.239354,-0.299192,-0.269273
5189,-0.209434,-0.269273,-0.269273
5190,-0.209434,-0.239354,-0.239354
5191,-0.209434,-0.239354,-0.239354
5192,-0.209434,-0.239354,-0.239354
5193,-0.209434,-0.239354,-0.239354
5194,-0.209434,-0.239354,-0.239354
5195,-0.209434,-0.239354,-0.239354
5196,-0.209434,-0.239354,-0.239354
5197,-0.209434,-0.269273,-0.239354
5198,-0.209434,-0.269273,-0.269273
5199,-0.209434,-0.269273,-0.269273
5200,-0.209434,-0.239354,-0.239354
5201,-0.179515,-0.209434,-0.209434
5202,-0.179515,-0.209434,-0.209434
5203,-0.179515,-0.239354,-0.239354
5204,-0.209434,-0.239354,-0.239354
5205,-0.209434,-0.269273,-0.269273
5206,-0.239354,-0.269273,-0.269273
5207,-0.239354,-0.269273,-0.269273
5208,-0.239354,-0.269273,-0.269273
5209,-0.239354,-0.269273,-0.269273
5210,-0.239354,-0.269273,-0.269273
5211,-0.239354,-0.269273,-0.269273
5212,-0.209434,-0.269273,-0.269273
5213,-0.209434,-0.269273,-0.269273
5214,-0.209434,-0.269273,-0.269273
5215,-0.209434,-0.269273,-0.269273
5216,-0.239354,-0.269273,-0.269273
5217,-0.269273,-0.299192,-0.299192
5218,-0.239354,-0.299192,-0.299192
5219,-0.239354,-0.299192,-0.269273
5220,-0.239354,-0.269273,-0.269273
5221,-0.209434,-0.239354,-0.239354
5222,-0.179515,-0.239354,-0.239354
5223,-0.179515,-0.239354,-0.239354
5224,-0.179515,-0.209434,-0.239354
5225,-0.179515,-0.239354,-0.209434
5226,-0.179515,-0.239354,-0.209434
5227,-0.179515,-0.209434,-0.209434
5228,-0.179515,-0.239354,-0.239354
5229,-0.179515,-0.239354,-0.239354
5230,-0.179515,-0.239354,-0.239354
5231,-0.179515,-0.239354,-0.239354
5232,-0.179515,-0.209434,-0.209434
5233,-0.149596,-0.179515,-0.179515
5234,-0.149596,-0.179515,-0.179515
5235,-0.149596,-0.209434,-0.179515
5236,-0.149596,-0.209434,-0.209434
5237,-0.179515,-0.239354,-0.239354
5238,-0.209434,-0.239354,-0.239354
5239,-0.209434,-0.239354,-0.239354
5240,-0.209434,-0.239354,-0.239354
5241,-0.179515,-0.239354,-0.239354
5242,-0.179515,-0.239354,-0.239354
5243,-0.179515,-0.239354,-0.239354
5244,-0.179515,-0.239354,-0.239354
5245,-0.179515,-0.239354,-0.239354
5246,-0.179515,-0.239354,-0.239354
5247,-0.179515,-0.239354,-0.239354
5248,-0.209434,-0.239354,-0.239354
5249,-0.239354,-0.269273,-0.269273
5250,-0.209434,-0.269273,-0.269273
5251,-0.209434,-0.269273,-0.239354
5252,-0.209434,-0.239354,-0.239354
5253,-0.179515,-0.209434,-0.209434
5254,-0.149596,-0.209434,-0.209434
5255,-0.149596,-0.209434,-0.209434
5256,-0.149596,-0.209434,-0.179515
5257,-0.149596,-0.209434,-0.179515
5258,-0.149596,-0.209434,-0.179515
5259,-0.149596,-0.209434,-0.209434
5260,-0.149596,-0.209434,-0.209434
5261,-0.149596,-0.179515,-0.179515
5262,-0.119677,-0.179515,-0.179515
5263,-0.149596,-0.179515,-0.179515
5264,-0.119677,-0.179515,-0.179515
5265,-0.089758,-0.119677,-0.149596
5266,-0.089758,-0.119677,-0.119677
5267,-0.089758,-0.149596,-0.149596
5268,-0.119677,-0.179515,-0.149596
5269,-0.149596,-0.179515,-0.179515
5270,-0.149596,-0.209434,-0.209434
5271,-0.149596,-0.209434,-0.209434
5272,-0.149596,-0.209434,-0.209434
5273,-0.149596,-0.209434,-0.209434
5274,-0.149596,-0.209434,-0.179515
5275,-0.149596,-0.209434,-0.179515
5276,-0.119677,-0.179515,-0.179515
5277,-0.119677,-0.179515,-0.179515
5278,-0.119677,-0.179515,-0.179515
5279,-0.119677,-0.179515,-0.179515
5280,-0.119677,-0.179515,-0.179515
5281,-0.149596,-0.209434,-0.209434
5282,-0.149596,-0.209434,-0.209434
5283,-0.149596,-0.179515,-0.179515
5284,-0.119677,-0.179515,-0.179515
5285,-0.089758,-0.149596,-0.119677
5286,-0.059838,-0.119677,-0.119677
5287,-0.059838,-0.119677,-0.119677
5288,-0.059838,-0.119677,-0.119677
5289,-0.059838,-0.119677,-0.119677
5290,-0.059838,-0.119677,-0.119677
5291,-0.059838,-0.119677,-0.119677
5292,-0.089758,-0.119677,-0.119677
5293,-0.089758,-0.119677,-0.119677
5294,-0.089758,-0.119677,-0.119677
5295,-0.089758,-0.119677,-0.119677
5296,-0.059838,-0.119677,-0.119677
5297,-0.029919,-0.089758,-0.089758
5298,-0.029919,-0.089758,-0.089758
5299,-0.059838,-0.119677,-0.119677
5300,-0.089758,-0.119677,-0.119677
5301,-0.089758,-0.149596,-0.149596
5302,-0.119677,-0.149596,-0.149596
5303,-0.119677,-0.149596,-0.149596
5304,-0.119677,-0.149596,-0.149596
5305,-0.119677,-0.179515,-0.149596
5306,-0.119677,-0.179515,-0.149596
5307,-0.119677,-0.149596,-0.149596
5308,-0.119677,-0.149596,-0.149596
5309,-0.119677,-0.149596,-0.149596
5310,-0.089758,-0.149596,-0.149596
5311,-0.089758,-0.149596,-0.149596
5312,-0.119677,-0.149596,-0.149596
5313,-0.149596,-0.209434,-0.179515
5314,-0.149596,-0.209434,-0.179515
5315,-0.119677,-0.179515,-0.179515
5316,-0.119677,-0.179515,-0.179515
5317,-0.089758,-0.149596,-0.149596
5318,-0.089758,-0.119677,-0.119677
5319,-0.089758,-0.119677,-0.119677
5320,-0.089758,-0.119677,-0.119677
5321,-0.089758,-0.119677,-0.119677
5322,-0.089758,-0.119677,-0.119677
5323,-0.089758,-0.119677,-0.119677
5324,-0.089758,-0.149596,-0.119677
5325,-0.089758,-0.149596,-0.149596
5326,-0.089758,-0.149596,-0.149596
5327,-0.089758,-0.149596,-0.149596
5328,-0.089758,-0.119677,-0.119677
5329,-0.029919,-0.089758,-0.089758
5330,-0.059838,-0.089758,-0.089758
5331,-0.059838,-0.119677,-0.119677
5332,-0.089758,-0.119677,-0.119677
5333,-0.119677,-0.149596,-0.149596
5334,-0.119677,-0.179515,-0.149596
5335,-0.119677,-0.179515,-0.179515
5336,-0.119677,-0.149596,-0.179515
5337,-0.119677,-0.179515,-0.149596
5338,-0.119677,-0.179515,-0.179515
5339,-0.119677,-0.149596,-0.149596
5340,-0.119677,-0.149596,-0.149596
5341,-0.119677,-0.149596,-0.149596
5342,-0.089758,-0.149596,-0.149596
5343,-0.089758,-0.149596,-0.149596
5344,-0.119677,-0.149596,-0.149596
5345,-0.149596,-0.209434,-0.209434
5346,-0.149596,-0.209434,-0.209434
5347,-0.149596,-0.179515,-0.179515
5348,-0.119677,-0.179515,-0.179515
5349,-0.089758,-0.149596,-0.149596
5350,-0.089758,-0.119677,-0.119677
5351,-0.089758,-0.119677,-0.119677
5352,-0.089758,-0.119677,-0.119677
5353,-0.089758,-0.119677,-0.119677
5354,-0.089758,-0.119677,-0.119677
5355,-0.089758,-0.119677,-0.119677
5356,-0.089758,-0.149596,-0.149596
5357,-0.089758,-0.149596,-0.149596
5358,-0.089758,-0.149596,-0.149596
5359,-0.089758,-0.149596,-0.149596
5360,-0.089758,-0.119677,-0.119677
5361,-0.059838,-0.089758,-0.089758
5362,-0.059838,-0.089758,-0.089758
5363,-0.059838,-0.119677,-0.119677
5364,-0.089758,-0.119677,-0.119677
5365,-0.119677,-0.149596,-0.149596
5366,-0.119677,-0.179515,-0.179515
5367,-0.119677,-0.179515,-0.179515
5368,-0.119677,-0.179515,-0.179515
5369,-0.119677,-0.179515,-0.179515
5370,-0.119677,-0.179515,-0.179515
5371,-0.119677,-0.179515,-0.179515
5372,-0.119677,-0.149596,-0.149596
5373,-0.119677,-0.149596,-0.149596
5374,-0.119677,-0.149596,-0.149596
5375,-0.119677,-0.149596,-0.149596
5376,-0.119677,-0.179515,-0.179515
5377,-0.149596,-0.209434,-0.209434
5378,-0.149596,-0.209434,-0.209434
5379,-0.149596,-0.209434,-0.179515
5380,-0.119677,-0.179515,-0.179515
5381,-0.119677,-0.149596,-0.149596
5382,-0.089758,-0.149596,-0.149596
5383,-0.089758,-0.149596,-0.149596
5384,-0.089758,-0.149596,-0.149596
5385,-0.089758,-0.149596,-0.149596
5386,-0.089758,-0.149596,-0.149596
5387,-0.089758,-0.149596,-0.149596
5388,-0.089758,-0.149596,-0.149596
5389,-0.089758,-0.149596,-0.149596
5390,-0.119677,-0.149596,-0.149596
5391,-0.119677,-0.149596,-0.149596
5392,-0.089758,-0.149596,-0.149596
5393,-0.059838,-0.119677,-0.119677
5394,-0.059838,-0.119677,-0.119677
5395,-0.089758,-0.149596,-0.149596
5396,-0.119677,-0.149596,-0.149596
5397,-0.119677,-0.179515,-0.179515
5398,-0.149596,-0.209434,-0.179515
5399,-0.149596,-0.209434,-0.179515
5400,-0.149596,-0.179515,-0.179515
5401,-0.149596,-0.179515,-0.179515
5402,-0.149596,-0.209434,-0.179515
5403,-0.149596,-0.209434,-0.179515
5404,-0.149596,-0.179515,-0.179515
5405,-0.149596,-0.179515,-0.179515
5406,-0.149596,-0.179515,-0.179515
5407,-0.149596,-0.179515,-0.179515
5408,-0.149596,-0.209434,-0.209434
5409,-0.179515,-0.239354,-0.239354
5410,-0.179515,-0.239354,-0.239354
5411,-0.179515,-0.209434,-0.209434
5412,-0.149596,-0.209434,-0.209434
5413,-0.119677,-0.179515,-0.179515
5414,-0.119677,-0.149596,-0.149596
5415,-0.119677,-0.149596,-0.149596
5416,-0.119677,-0.149596,-0.149596
5417,-0.119677,-0.149596,-0.149596
5418,-0.089758,-0.149596,-0.149596
5419,-0.119677,-0.149596,-0.149596
5420,-0.119677,-0.149596,-0.149596
5421,-0.119677,-0.149596,-0.149596
5422,-0.119677,-0.149596,-0.149596
5423,-0.119677,-0.149596,-0.149596
5424,-0.089758,-0.149596,-0.119677
5425,-0.059838,-0.089758,-0.089758
5426,-0.059838,-0.119677,-0.119677
5427,-0.089758,-0.119677,-0.119677
5428,-0.089758,-0.149596,-0.149596
5429,-0.119677,-0.179515,-0.149596
5430,-0.119677,-0.179515,-0.179515
5431,-0.119677,-0.179515,-0.179515
5432,-0.149596,-0.179515,-0.179515
5433,-0.149596,-0.179515,-0.179515
5434,-0.149596,-0.179515,-0.179515
5435,-0.149596,-0.179515,-0.179515
5436,-0.119677,-0.179515,-0.179515
5437,-0.119677,-0.179515,-0.179515
5438,-0.119677,-0.179515,-0.179515
5439,-0.119677,-0.179515,-0.179515
5440,-0.149596,-0.179515,-0.179515
5441,-0.179515,-0.239354,-0.209434
5442,-0.179515,-0.209434,-0.209434
5443,-0.149596,-0.209434,-0.209434
5444,-0.149596,-0.209434,-0.179515
5445,-0.119677,-0.179515,-0.179515
5446,-0.119677,-0.149596,-0.149596
5447,-0.119677,-0.149596,-0.149596
5448,-0.119677,-0.149596,-0.149596
5449,-0.119677,-0.149596,-0.149596
5450,-0.119677,-0.149596,-0.149596
5451,-0.119677,-0.149596,-0.149596
5452,-0.119677,-0.179515,-0.149596
5453,-0.119677,-0.179515,-0.149596
5454,-0.119677,-0.179515,-0.179515
5455,-0.119677,-0.179515,-0.179515
5456,-0.119677,-0.149596,-0.149596
5457,-0.059838,-0.119677,-0.119677
5458,-0.089758,-0.119677,-0.119677
5459,-0.089758,-0.149596,-0.149596
5460,-0.119677,-0.149596,-0.149596
5461,-0.149596,-0.179515,-0.179515
5462,-0.149596,-0.209434,-0.209434
5463,-0.149596,-0.209434,-0.209434
5464,-0.149596,-0.209434,-0.209434
5465,-0.149596,-0.209434,-0.179515
5466,-0.149596,-0.209434,-0.209434
5467,-0.149596,-0.209434,-0.209434
5468,-0.149596,-0.179515,-0.179515
5469,-0.149596,-0.179515,-0.179515
5470,-0.149596,-0.179515,-0.179515
5471,-0.149596,-0.179515,-0.179515
5472,-0.179515,-0.209434,-0.209434
5473,-0.209434,-0.239354,-0.239354
5474,-0.209434,-0.239354,-0.239354
5475,-0.179515,-0.239354,-0.239354
5476,-0.179515,-0.209434,-0.209434
5477,-0.149596,-0.179515,-0.179515
5478,-0.119677,-0.179515,-0.179515
5479,-0.119677,-0.179515,-0.179515
5480,-0.119677,-0.179515,-0.179515
5481,-0.119677,-0.179515,-0.179515
5482,-0.119677,-0.179515,-0.179515
5483,-0.119677,-0.179515,-0.179515
5484,-0.119677,-0.179515,-0.179515
5485,-0.119677,-0.179515,-0.179515
5486,-0.149596,-0.179515,-0.179515
5487,-0.149596,-0.179515,-0.179515
5488,-0.119677,-0.149596,-0.149596
5489,-0.089758,-0.119677,-0.119677
5490,-0.089758,-0.149596,-0.119677
5491,-0.089758,-0.149596,-0.149596
5492,-0.119677,-0.179515,-0.179515
5493,-0.149596,-0.209434,-0.209434
5494,-0.149596,-0.209434,-0.209434
5495,-0.149596,-0.209434,-0.209434
5496,-0.149596,-0.209434,-0.209434
5497,-0.179515,-0.209434,-0.209434
5498,-0.179515,-0.209434,-0.209434
5499,-0.179515,-0.209434,-0.209434
5500,-0.149596,-0.209434,-0.209434
5501,-0.149596,-0.209434,-0.209434
5502,-0.149596,-0.209434,-0.209434
5503,-0.149596,-0.209434,-0.209434
5504,-0.179515,-0.239354,-0.209434
5505,-0.209434,-0.269273,-0.239354
5506,-0.209434,-0.239354,-0.239354
5507,-0.179515,-0.239354,-0.239354
5508,-0.179515,-0.209434,-0.209434
5509,-0.149596,-0.179515,-0.209434
5510,-0.119677,-0.179515,-0.179515
5511,-0.119677,-0.179515,-0.179515
5512,-0.119677,-0.179515,-0.179515
5513,-0.119677,-0.179515,-0.179515
5514,-0.119677,-0.179515,-0.179515
5515,-0.119677,-0.179515,-0.179515
5516,-0.149596,-0.179515,-0.179515
5517,-0.149596,-0.179515,-0.179515
5518,-0.149596,-0.179515,-0.179515
5519,-0.149596,-0.179515,-0.179515
5520,-0.119677,-0.179515,-0.179515
5521,-0.089758,-0.149596,-0.119677
5522,-0.089758,-0.149596,-0.149596
5523,-0.119677,-0.149596,-0.149596
5524,-0.119677,-0.179515,-0.179515
5525,-0.149596,-0.209434,-0.209434
5526,-0.179515,-0.209434,-0.209434
5527,-0.179515,-0.209434,-0.209434
5528,-0.179515,-0.209434,-0.209434
5529,-0.179515,-0.209434,-0.209434
5530,-0.179515,-0.209434,-0.209434
5531,-0.179515,-0.209434,-0.209434
5532,-0.149596,-0.209434,-0.209434
5533,-0.149596,-0.209434,-0.209434
5534,-0.149596,-0.209434,-0.209434
5535,-0.149596,-0.209434,-0.209434
5536,-0.179515,-0.239354,-0.209434
5537,-0.209434,-0.269273,-0.239354
5538,-0.209434,-0.239354,-0.239354
5539,-0.179515,-0.239354,-0.239354
5540,-0.179515,-0.209434,-0.209434
5541,-0.149596,-0.209434,-0.179515
5542,-0.149596,-0.179515,-0.179515
5543,-0.149596,-0.179515,-0.179515
5544,-0.149596,-0.179515,-0.179515
5545,-0.149596,-0.179515,-0.179515
5546,-0.149596,-0.179515,-0.179515
5547,-0.149596,-0.179515,-0.179515
5548,-0.149596,-0.179515,-0.179515
5549,-0.149596,-0.179515,-0.179515
5550,-0.149596,-0.209434,-0.179515
5551,-0.149596,-0.209434,-0.209434
5552,-0.119677,-0.179515,-0.179515
5553,-0.089758,-0.149596,-0.149596
5554,-0.119677,-0.149596,-0.149596
5555,-0.119677,-0.179515,-0.179515
5556,-0.149596,-0.179515,-0.179515
5557,-0.179515,-0.209434,-0.209434
5558,-0.179515,-0.239354,-0.209434
5559,-0.179515,-0.239354,-0.209434
5560,-0.179515,-0.239354,-0.209434
5561,-0.179515,-0.209434,-0.239354
5562,-0.179515,-0.239354,-0.239354
5563,-0.179515,-0.239354,-0.209434
5564,-0.179515,-0.209434,-0.209434
5565,-0.179515,-0.209434,-0.209434
5566,-0.179515,-0.209434,-0.209434
5567,-0.179515,-0.209434,-0.209434
5568,-0.179515,-0.239354,-0.239354
5569,-0.209434,-0.269273,-0.269273
5570,-0.209434,-0.269273,-0.269273
5571,-0.209434,-0.239354,-0.239354
5572,-0.179515,-0.239354,-0.239354
5573,-0.149596,-0.209434,-0.209434
5574,-0.149596,-0.209434,-0.209434
5575,-0.149596,-0.209434,-0.209434
5576,-0.149596,-0.209434,-0.209434
5577,-0.149596,-0.209434,-0.209434
5578,-0.149596,-0.209434,-0.179515
5579,-0.149596,-0.209434,-0.209434
5580,-0.179515,-0.209434,-0.209434
5581,-0.149596,-0.209434,-0.209434
5582,-0.149596,-0.209434,-0.209434
5583,-0.179515,-0.209434,-0.209434
5584,-0.149596,-0.209434,-0.179515
5585,-0.119677,-0.179515,-0.149596
5586,-0.119677,-0.179515,-0.179515
5587,-0.149596,-0.179515,-0.179515
5588,-0.149596,-0.209434,-0.209434
5589,-0.179515,-0.239354,-0.239354
5590,-0.179515,-0.239354,-0.239354
5591,-0.209434,-0.239354,-0.239354
5592,-0.179515,-0.239354,-0.239354
5593,-0.179515,-0.239354,-0.239354
5594,-0.209434,-0.239354,-0.239354
5595,-0.179515,-0.239354,-0.239354
5596,-0.179515,-0.239354,-0.239354
5597,-0.179515,-0.239354,-0.239354
5598,-0.179515,-0.239354,-0.209434
5599,-0.179515,-0.239354,-0.209434
5600,-0.209434,-0.239354,-0.239354
5601,-0.239354,-0.269273,-0.269273
5602,-0.209434,-0.269273,-0.269273
5603,-0.209434,-0.269273,-0.239354
5604,-0.179515,-0.239354,-0.239354
5605,-0.179515,-0.209434,-0.209434
5606,-0.149596,-0.209434,-0.209434
5607,-0.149596,-0.209434,-0.209434
5608,-0.149596,-0.209434,-0.209434
5609,-0.149596,-0.209434,-0.209434
5610,-0.149596,-0.209434,-0.209434
5611,-0.149596,-0.209434,-0.209434
5612,-0.179515,-0.209434,-0.209434
5613,-0.149596,-0.209434,-0.209434
5614,-0.149596,-0.209434,-0.209434
5615,-0.149596,-0.209434,-0.209434
5616,-0.119677,-0.179515,-0.179515
5617,-0.089758,-0.149596,-0.149596
5618,-0.119677,-0.179515,-0.179515
5619,-0.149596,-0.179515,-0.179515
5620,-0.149596,-0.179515,-0.179515
5621,-0.179515,-0.239354,-0.209434
5622,-0.179515,-0.239354,-0.239354
5623,-0.179515,-0.239354,-0.239354
5624,-0.179515,-0.239354,-0.239354
5625,-0.179515,-0.239354,-0.239354
5626,-0.179515,-0.239354,-0.239354
5627,-0.179515,-0.239354,-0.239354
5628,-0.179515,-0.239354,-0.209434
5629,-0.179515,-0.209434,-0.209434
5630,-0.179515,-0.209434,-0.209434
5631,-0.179515,-0.209434,-0.209434
5632,-0.209434,-0.239354,-0.239354
5633,-0.239354,-0.269273,-0.269273
5634,-0.209434,-0.269273,-0.269273
5635,-0.209434,-0.239354,-0.239354
5636,-0.179515,-0.239354,-0.239354
5637,-0.149596,-0.209434,-0.209434
5638,-0.149596,-0.209434,-0.209434
5639,-0.149596,-0.209434,-0.179515
5640,-0.149596,-0.209434,-0.209434
5641,-0.149596,-0.209434,-0.209434
5642,-0.149596,-0.209434,-0.209434
5643,-0.149596,-0.209434,-0.209434
5644,-0.149596,-0.209434,-0.209434
5645,-0.149596,-0.209434,-0.209434
5646,-0.179515,-0.209434,-0.209434
5647,-0.179515,-0.209434,-0.209434
5648,-0.149596,-0.179515,-0.179515
5649,-0.119677,-0.149596,-0.149596
5650,-0.119677,-0.179515,-0.179515
5651,-0.149596,-0.179515,-0.179515
5652,-0.149596,-0.209434,-0.209434
5653,-0.179515,-0.239354,-0.239354
5654,-0.179515,-0.239354,-0.239354
5655,-0.179515,-0.239354,-0.239354
5656,-0.179515,-0.239354,-0.239354
5657,-0.179515,-0.239354,-0.239354
5658,-0.179515,-0.239354,-0.239354
5659,-0.179515,-0.239354,-0.239354
5660,-0.179515,-0.239354,-0.239354
5661,-0.179515,-0.239354,-0.209434
5662,-0.179515,-0.209434,-0.209434
5663,-0.179515,-0.209434,-0.209434
5664,-0.209434,-0.239354,-0.239354
5665,-0.239354,-0.269273,-0.269273
5666,-0.209434,-0.269273,-0.269273
5667,-0.209434,-0.239354,-0.269273
5668,-0.179515,-0.239354,-0.239354
5669,-0.179515,-0.209434,-0.209434
5670,-0.149596,-0.209434,-0.209434
5671,-0.149596,-0.209434,-0.209434
5672,-0.149596,-0.209434,-0.209434
5673,-0.149596,-0.209434,-0.209434
5674,-0.149596,-0.209434,-0.209434
5675,-0.149596,-0.209434,-0.209434
5676,-0.179515,-0.209434,-0.209434
5677,-0.179515,-0.239354,-0.209434
5678,-0.179515,-0.239354,-0.209434
5679,-0.179515,-0.239354,-0.209434
5680,-0.149596,-0.209434,-0.209434
5681,-0.119677,-0.179515,-0.179515
5682,-0.119677,-0.179515,-0.179515
5683,-0.149596,-0.209434,-0.179515
5684,-0.179515,-0.209434,-0.209434
5685,-0.209434,-0.239354,-0.239354
5686,-0.209434,-0.269273,-0.239354
5687,-0.209434,-0.239354,-0.239354
5688,-0.209434,-0.239354,-0.239354
5689,-0.209434,-0.239354,-0.239354
5690,-0.209434,-0.239354,-0.239354
5691,-0.209434,-0.239354,-0.239354
5692,-0.209434,-0.239354,-0.239354
5693,-0.209434,-0.239354,-0.239354
5694,-0.179515,-0.239354,-0.239354
5695,-0.179515,-0.239354,-0.239354
5696,-0.209434,-0.269273,-0.269273
5697,-0.239354,-0.299192,-0.269273
5698,-0.239354,-0.269273,-0.269273
5699,-0.209434,-0.269273,-0.269273
5700,-0.209434,-0.239354,-0.239354
5701,-0.179515,-0.239354,-0.209434
5702,-0.179515,-0.209434,-0.209434
5703,-0.179515,-0.209434,-0.209434
5704,-0.179515,-0.209434,-0.209434
5705,-0.179515,-0.209434,-0.209434
5706,-0.179515,-0.209434,-0.209434
5707,-0.179515,-0.209434,-0.209434
5708,-0.179515,-0.239354,-0.209434
5709,-0.179515,-0.239354,-0.239354
5710,-0.179515,-0.239354,-0.239354
5711,-0.179515,-0.239354,-0.239354
5712,-0.149596,-0.209434,-0.209434
5713,-0.119677,-0.179515,-0.179515
5714,-0.149596,-0.179515,-0.179515
5715,-0.149596,-0.209434,-0.209434
5716,-0.179515,-0.239354,-0.209434
5717,-0.209434,-0.239354,-0.239354
5718,-0.209434,-0.269273,-0.239354
5719,-0.209434,-0.269273,-0.239354
5720,-0.209434,-0.269273,-0.269273
5721,-0.209434,-0.239354,-0.239354
5722,-0.209434,-0.269273,-0.269273
5723,-0.209434,-0.239354,-0.239354
5724,-0.209434,-0.239354,-0.239354
5725,-0.209434,-0.239354,-0.239354
5726,-0.209434,-0.239354,-0.239354
5727,-0.209434,-0.239354,-0.239354
5728,-0.209434,-0.269273,-0.269273
5729,-0.239354,-0.299192,-0.299192
5730,-0.239354,-0.269273,-0.269273
5731,-0.239354,-0.269273,-0.269273
5732,-0.209434,-0.239354,-0.239354
5733,-0.179515,-0.239354,-0.239354
5734,-0.179515,-0.209434,-0.209434
5735,-0.179515,-0.209434,-0.209434
5736,-0.179515,-0.209434,-0.209434
5737,-0.179515,-0.209434,-0.209434
5738,-0.179515,-0.209434,-0.209434
5739,-0.179515,-0.209434,-0.209434
5740,-0.179515,-0.239354,-0.209434
5741,-0.179515,-0.239354,-0.209434
5742,-0.179515,-0.239354,-0.239354
5743,-0.179515,-0.239354,-0.239354
5744,-0.149596,-0.209434,-0.209434
5745,-0.149596,-0.179515,-0.179515
5746,-0.149596,-0.209434,-0.179515
5747,-0.149596,-0.209434,-0.209434
5748,-0.179515,-0.239354,-0.209434
5749,-0.209434,-0.239354,-0.239354
5750,-0.209434,-0.269273,-0.239354
5751,-0.209434,-0.269273,-0.239354
5752,-0.209434,-0.269273,-0.239354
5753,-0.209434,-0.269273,-0.239354
5754,-0.209434,-0.269273,-0.269273
5755,-0.209434,-0.269273,-0.239354
5756,-0.209434,-0.239354,-0.239354
5757,-0.209434,-0.239354,-0.239354
5758,-0.209434,-0.239354,-0.239354
5759,-0.209434,-0.239354,-0.239354
5760,-0.239354,-0.299192,-0.269273
5761,-0.239354,-0.299192,-0.299192
5762,-0.239354,-0.299192,-0.299192
5763,-0.239354,-0.269273,-0.269273
5764,-0.209434,-0.269273,-0.269273
5765,-0.179515,-0.239354,-0.239354
5766,-0.179515,-0.239354,-0.239354
5767,-0.179515,-0.239354,-0.239354
5768,-0.179515,-0.239354,-0.239354
5769,-0.179515,-0.239354,-0.239354
5770,-0.179515,-0.239354,-0.239354
5771,-0.179515,-0.239354,-0.239354
5772,-0.209434,-0.239354,-0.239354
5773,-0.209434,-0.239354,-0.239354
5774,-0.209434,-0.269273,-0.239354
5775,-0.209434,-0.239354,-0.239354
5776,-0.179515,-0.239354,-0.239354
5777,-0.149596,-0.209434,-0.209434
5778,-0.179515,-0.209434,-0.209434
5779,-0.179515,-0.239354,-0.239354
5780,-0.209434,-0.269273,-0.269273
5781,-0.239354,-0.269273,-0.269273
5782,-0.239354,-0.299192,-0.299192
5783,-0.239354,-0.299192,-0.299192
5784,-0.239354,-0.299192,-0.299192
5785,-0.239354,-0.299192,-0.299192
5786,-0.239354,-0.299192,-0.299192
5787,-0.239354,-0.299192,-0.299192
5788,-0.239354,-0.299192,-0.299192
5789,-0.239354,-0.299192,-0.299192
5790,-0.239354,-0.299192,-0.299192
5791,-0.239354,-0.299192,-0.299192
5792,-0.269273,-0.329111,-0.299192
5793,-0.299192,-0.329111,-0.329111
5794,-0.269273,-0.329111,-0.329111
5795,-0.269273,-0.329111,-0.299192
5796,-0.269273,-0.299192,-0.299192
5797,-0.239354,-0.269273,-0.269273
5798,-0.239354,-0.269273,-0.269273
5799,-0.209434,-0.269273,-0.269273
5800,-0.209434,-0.269273,-0.269273
5801,-0.239354,-0.269273,-0.269273
5802,-0.239354,-0.269273,-0.269273
5803,-0.239354,-0.269273,-0.269273
5804,-0.239354,-0.299192,-0.269273
5805,-0.239354,-0.299192,-0.269273
5806,-0.239354,-0.299192,-0.299192
5807,-0.329111,-0.359030,-0.359030
5808,-0.299192,-0.359030,-0.329111
5809,-0.209434,-0.269273,-0.269273
5810,-0.209434,-0.239354,-0.239354
5811,-0.209434,-0.269273,-0.269273
5812,-0.239354,-0.269273,-0.269273
5813,-0.269273,-0.299192,-0.299192
5814,-0.299192,-0.329111,-0.329111
5815,-0.269273,-0.329111,-0.329111
5816,-0.269273,-0.329111,-0.299192
5817,-0.269273,-0.299192,-0.299192
5818,-0.269273,-0.299192,-0.299192
5819,-0.239354,-0.299192,-0.299192
5820,-0.239354,-0.269273,-0.269273
5821,-0.239354,-0.269273,-0.269273
5822,-0.209434,-0.269273,-0.239354
5823,-0.209434,-0.269273,-0.269273
5824,-0.239354,-0.299192,-0.299192
5825,-0.269273,-0.299192,-0.299192
5826,-0.239354,-0.299192,-0.299192
5827,-0.239354,-0.299192,-0.299192
5828,-0.239354,-0.269273,-0.269273
5829,-0.209434,-0.239354,-0.239354
5830,-0.209434,-0.239354,-0.239354
5831,-0.209434,-0.269273,-0.239354
5832,-0.209434,-0.269273,-0.269273
5833,-0.209434,-0.269273,-0.269273
5834,-0.209434,-0.269273,-0.269273
5835,-0.239354,-0.269273,-0.269273
5836,-0.239354,-0.269273,-0.269273
5837,-0.239354,-0.299192,-0.269273
5838,-0.239354,-0.269273,-0.269273
5839,-0.239354,-0.269273,-0.299192
5840,-0.209434,-0.269273,-0.269273
5841,-0.209434,-0.239354,-0.239354
5842,-0.239354,-0.269273,-0.269273
5843,-0.239354,-0.299192,-0.269273
5844,-0.269273,-0.299192,-0.299192
5845,-0.269273,-0.329111,-0.329111
5846,-0.269273,-0.329111,-0.329111
5847,-0.299192,-0.329111,-0.329111
5848,-0.269273,-0.329111,-0.329111
5849,-0.269273,-0.329111,-0.329111
5850,-0.299192,-0.329111,-0.329111
5851,-0.269273,-0.329111,-0.329111
5852,-0.269273,-0.329111,-0.329111
5853,-0.269273,-0.329111,-0.329111
5854,-0.269273,-0.329111,-0.329111
5855,-0.269273,-0.329111,-0.299192
5856,-0.299192,-0.359030,-0.359030
5857,-0.329111,-0.359030,-0.359030
5858,-0.299192,-0.359030,-0.359030
5859,-0.299192,-0.329111,-0.329111
5860,-0.269273,-0.329111,-0.329111
5861,-0.269273,-0.299192,-0.299192
5862,-0.239354,-0.299192,-0.299192
5863,-0.239354,-0.299192,-0.269273
5864,-0.239354,-0.299192,-0.269273
5865,-0.239354,-0.269273,-0.269273
5866,-0.239354,-0.269273,-0.269273
5867,-0.239354,-0.269273,-0.269273
5868,-0.239354,-0.269273,-0.269273
5869,-0.239354,-0.299192,-0.269273
5870,-0.239354,-0.269273,-0.269273
5871,-0.239354,-0.269273,-0.269273
5872,-0.179515,-0.239354,-0.239354
5873,-0.179515,-0.209434,-0.209434
5874,-0.179515,-0.239354,-0.239354
5875,-0.209434,-0.239354,-0.239354
5876,-0.209434,-0.269273,-0.269273
5877,-0.239354,-0.269273,-0.269273
5878,-0.239354,-0.299192,-0.269273
5879,-0.239354,-0.299192,-0.269273
5880,-0.239354,-0.269273,-0.269273
5881,-0.239354,-0.269273,-0.269273
5882,-0.239354,-0.269273,-0.269273
5883,-0.209434,-0.269273,-0.269273
5884,-0.209434,-0.269273,-0.239354
5885,-0.209434,-0.269273,-0.239354
5886,-0.209434,-0.269273,-0.239354
5887,-0.209434,-0.269273,-0.269273
5888,-0.269273,-0.299192,-0.299192
5889,-0.269273,-0.329111,-0.329111
5890,-0.269273,-0.299192,-0.299192
5891,-0.269273,-0.299192,-0.299192
5892,-0.239354,-0.299192,-0.269273
5893,-0.209434,-0.269273,-0.269273
5894,-0.209434,-0.269273,-0.269273
5895,-0.209434,-0.269273,-0.269273
5896,-0.209434,-0.269273,-0.269273
5897,-0.209434,-0.269273,-0.269273
5898,-0.209434,-0.269273,-0.269273
5899,-0.239354,-0.269273,-0.269273
5900,-0.239354,-0.269273,-0.269273
5901,-0.209434,-0.269273,-0.269273
5902,-0.209434,-0.269273,-0.269273
5903,-0.209434,-0.269273,-0.239354
5904,-0.179515,-0.209434,-0.209434
5905,-0.149596,-0.179515,-0.179515
5906,-0.149596,-0.209434,-0.209434
5907,-0.179515,-0.209434,-0.209434
5908,-0.179515,-0.239354,-0.239354
5909,-0.209434,-0.269273,-0.239354
5910,-0.209434,-0.269273,-0.269273
5911,-0.209434,-0.269273,-0.269273
5912,-0.209434,-0.269273,-0.269273
5913,-0.209434,-0.269273,-0.269273
5914,-0.209434,-0.269273,-0.269273
5915,-0.209434,-0.269273,-0.269273
5916,-0.209434,-0.269273,-0.239354
5917,-0.209434,-0.239354,-0.239354
5918,-0.209434,-0.239354,-0.239354
5919,-0.209434,-0.239354,-0.239354
5920,-0.239354,-0.299192,-0.269273
5921,-0.239354,-0.299192,-0.299192
5922,-0.239354,-0.299192,-0.299192
5923,-0.239354,-0.269273,-0.269273
5924,-0.209434,-0.269273,-0.239354
5925,-0.179515,-0.239354,-0.239354
5926,-0.179515,-0.239354,-0.239354
5927,-0.179515,-0.239354,-0.209434
5928,-0.179515,-0.239354,-0.209434
5929,-0.179515,-0.239354,-0.239354
5930,-0.179515,-0.239354,-0.239354
5931,-0.179515,-0.239354,-0.239354
5932,-0.179515,-0.239354,-0.239354
5933,-0.179515,-0.239354,-0.239354
5934,-0.179515,-0.239354,-0.239354
5935,-0.179515,-0.239354,-0.239354
5936,-0.149596,-0.209434,-0.209434
5937,-0.149596,-0.179515,-0.179515
5938,-0.149596,-0.209434,-0.209434
5939,-0.179515,-0.239354,-0.209434
5940,-0.179515,-0.239354,-0.239354
5941,-0.209434,-0.269273,-0.269273
5942,-0.209434,-0.269273,-0.269273
5943,-0.209434,-0.269273,-0.269273
5944,-0.209434,-0.269273,-0.269273
5945,-0.209434,-0.269273,-0.269273
5946,-0.209434,-0.269273,-0.269273
5947,-0.209434,-0.269273,-0.269273
5948,-0.209434,-0.269273,-0.269273
5949,-0.209434,-0.269273,-0.239354
5950,-0.209434,-0.269273,-0.239354
5951,-0.209434,-0.269273,-0.239354
5952,-0.239354,-0.299192,-0.269273
5953,-0.269273,-0.299192,-0.299192
5954,-0.239354,-0.299192,-0.269273
5955,-0.239354,-0.269273,-0.269273
5956,-0.209434,-0.269273,-0.269273
5957,-0.179515,-0.239354,-0.239354
5958,-0.179515,-0.239354,-0.239354
5959,-0.179515,-0.239354,-0.239354
5960,-0.179515,-0.239354,-0.239354
5961,-0.179515,-0.239354,-0.239354
5962,-0.179515,-0.239354,-0.239354
5963,-0.179515,-0.239354,-0.239354
5964,-0.179515,-0.239354,-0.239354
5965,-0.209434,-0.239354,-0.239354
5966,-0.209434,-0.239354,-0.239354
5967,-0.209434,-0.239354,-0.239354
5968,-0.179515,-0.209434,-0.209434
5969,-0.149596,-0.209434,-0.179515
5970,-0.149596,-0.209434,-0.209434
5971,-0.179515,-0.239354,-0.209434
5972,-0.209434,-0.239354,-0.239354
5973,-0.209434,-0.269273,-0.269273
5974,-0.239354,-0.269273,-0.269273
5975,-0.239354,-0.269273,-0.269273
5976,-0.239354,-0.269273,-0.269273
5977,-0.239354,-0.269273,-0.269273
5978,-0.239354,-0.269273,-0.269273
5979,-0.209434,-0.269273,-0.269273
5980,-0.209434,-0.269273,-0.269273
5981,-0.209434,-0.269273,-0.239354
5982,-0.209434,-0.269273,-0.269273
5983,-0.209434,-0.269273,-0.269273
5984,-0.239354,-0.299192,-0.299192
5985,-0.269273,-0.299192,-0.299192
5986,-0.239354,-0.299192,-0.299192
5987,-0.239354,-0.269273,-0.269273
5988,-0.209434,-0.269273,-0.269273
5989,-0.209434,-0.239354,-0.239354
5990,-0.179515,-0.239354,-0.239354
5991,-0.179515,-0.239354,-0.239354
5992,-0.179515,-0.239354,-0.239354
5993,-0.179515,-0.239354,-0.239354
5994,-0.179515,-0.239354,-0.239354
5995,-0.179515,-0.239354,-0.239354
5996,-0.179515,-0.239354,-0.239354
5997,-0.209434,-0.239354,-0.239354
5998,-0.209434,-0.239354,-0.239354
5999,-0.209434,-0.239354,-0.239354
6000,-0.179515,-0.209434,-0.209434
6001,-0.149596,-0.209434,-0.179515
6002,-0.179515,-0.209434,-0.209434
6003,-0.179515,-0.239354,-0.209434
6004,-0.209434,-0.239354,-0.239354
6005,-0.209434,-0.269273,-0.269273
6006,-0.209434,-0.269273,-0.269273
6007,-0.239354,-0.269273,-0.269273
6008,-0.209434,-0.269273,-0.269273
6009,-0.209434,-0.269273,-0.269273
6010,-0.239354,-0.269273,-0.269273
6011,-0.209434,-0.269273,-0.269273
6012,-0.209434,-0.269273,-0.269273
6013,-0.209434,-0.269273,-0.239354
6014,-0.209434,-0.269273,-0.239354
6015,-0.209434,-0.269273,-0.269273
6016,-0.239354,-0.299192,-0.299192
6017,-0.269273,-0.299192,-0.299192
6018,-0.239354,-0.299192,-0.299192
6019,-0.239354,-0.269273,-0.269273
6020,-0.209434,-0.269273,-0.269273
6021,-0.179515,-0.239354,-0.239354
6022,-0.179515,-0.239354,-0.239354
6023,-0.179515,-0.239354,-0.239354
6024,-0.179515,-0.239354,-0.209434
6025,-0.179515,-0.239354,-0.239354
6026,-0.179515,-0.239354,-0.209434
6027,-0.179515,-0.239354,-0.239354
6028,-0.179515,-0.239354,-0.239354
6029,-0.179515,-0.239354,-0.239354
6030,-0.179515,-0.239354,-0.239354
6031,-0.209434,-0.239354,-0.239354
6032,-0.149596,-0.209434,-0.209434
6033,-0.149596,-0.179515,-0.179515
6034,-0.149596,-0.209434,-0.209434
6035,-0.179515,-0.209434,-0.209434
6036,-0.209434,-0.239354,-0.239354
6037,-0.209434,-0.269273,-0.269273
6038,-0.209434,-0.269273,-0.269273
6039,-0.209434,-0.269273,-0.269273
6040,-0.209434,-0.269273,-0.269273
6041,-0.209434,-0.269273,-0.269273
6042,-0.209434,-0.269273,-0.269273
6043,-0.209434,-0.269273,-0.239354
6044,-0.209434,-0.269273,-0.239354
6045,-0.209434,-0.269273,-0.239354
6046,-0.209434,-0.239354,-0.239354
6047,-0.209434,-0.239354,-0.239354
6048,-0.239354,-0.299192,-0.299192
6049,-0.269273,-0.299192,-0.299192
6050,-0.239354,-0.299192,-0.269273
6051,-0.239354,-0.269273,-0.269273
6052,-0.209434,-0.239354,-0.239354
6053,-0.179515,-0.239354,-0.239354
6054,-0.179515,-0.239354,-0.239354
6055,-0.179515,-0.239354,-0.239354
6056,-0.179515,-0.239354,-0.239354
6057,-0.179515,-0.239354,-0.209434
6058,-0.179515,-0.209434,-0.209434
6059,-0.179515,-0.239354,-0.239354
6060,-0.179515,-0.239354,-0.239354
6061,-0.179515,-0.239354,-0.239354
6062,-0.179515,-0.239354,-0.239354
6063,-0.209434,-0.239354,-0.239354
6064,-0.149596,-0.209434,-0.209434
6065,-0.149596,-0.209434,-0.179515
6066,-0.149596,-0.209434,-0.209434
6067,-0.179515,-0.209434,-0.209434
6068,-0.209434,-0.239354,-0.239354
6069,-0.209434,-0.269273,-0.269273
6070,-0.209434,-0.269273,-0.269273
6071,-0.209434,-0.269273,-0.269273
6072,-0.209434,-0.269273,-0.269273
6073,-0.209434,-0.269273,-0.269273
6074,-0.209434,-0.269273,-0.269273
6075,-0.209434,-0.269273,-0.269273
6076,-0.209434,-0.269273,-0.239354
6077,-0.209434,-0.239354,-0.239354
6078,-0.209434,-0.239354,-0.239354
6079,-0.209434,-0.269273,-0.239354
6080,-0.239354,-0.299192,-0.269273
6081,-0.269273,-0.299192,-0.299192
6082,-0.239354,-0.269273,-0.269273
6083,-0.209434,-0.269273,-0.269273
6084,-0.209434,-0.239354,-0.239354
6085,-0.179515,-0.239354,-0.239354
6086,-0.179515,-0.239354,-0.239354
6087,-0.179515,-0.239354,-0.209434
6088,-0.179515,-0.239354,-0.239354
6089,-0.179515,-0.239354,-0.239354
6090,-0.179515,-0.239354,-0.209434
6091,-0.179515,-0.239354,-0.239354
6092,-0.179515,-0.239354,-0.239354
6093,-0.209434,-0.239354,-0.239354
6094,-0.209434,-0.239354,-0.239354
6095,-0.179515,-0.239354,-0.239354
6096,-0.149596,-0.209434,-0.209434
6097,-0.149596,-0.179515,-0.179515
6098,-0.149596,-0.209434,-0.209434
6099,-0.179515,-0.209434,-0.209434
6100,-0.209434,-0.239354,-0.239354
6101,-0.209434,-0.269273,-0.239354
6102,-0.209434,-0.269273,-0.269273
6103,-0.209434,-0.269273,-0.269273
6104,-0.209434,-0.269273,-0.269273
6105,-0.209434,-0.269273,-0.269273
6106,-0.209434,-0.269273,-0.269273
6107,-0.209434,-0.269273,-0.239354
6108,-0.209434,-0.239354,-0.269273
6109,-0.209434,-0.239354,-0.239354
6110,-0.209434,-0.269273,-0.239354
6111,-0.209434,-0.269273,-0.239354
6112,-0.239354,-0.299192,-0.269273
6113,-0.239354,-0.299192,-0.299192
6114,-0.239354,-0.269273,-0.269273
6115,-0.239354,-0.269273,-0.269273
6116,-0.209434,-0.239354,-0.239354
6117,-0.179515,-0.239354,-0.239354
6118,-0.179515,-0.239354,-0.239354
6119,-0.179515,-0.239354,-0.209434
6120,-0.179515,-0.239354,-0.209434
6121,-0.179515,-0.239354,-0.239354
6122,-0.179515,-0.239354,-0.209434
6123,-0.179515,-0.239354,-0.239354
6124,-0.179515,-0.239354,-0.239354
6125,-0.209434,-0.239354,-0.239354
6126,-0.209434,-0.239354,-0.239354
6127,-0.179515,-0.239354,-0.239354
6128,-0.149596,-0.209434,-0.209434
6129,-0.149596,-0.179515,-0.179515
6130,-0.179515,-0.209434,-0.209434
6131,-0.179515,-0.209434,-0.209434
6132,-0.209434,-0.239354,-0.239354
6133,-0.209434,-0.269273,-0.269273
6134,-0.209434,-0.269273,-0.269273
6135,-0.209434,-0.269273,-0.269273
6136,-0.209434,-0.269273,-0.269273
6137,-0.209434,-0.269273,-0.269273
6138,-0.239354,-0.269273,-0.269273
6139,-0.209434,-0.269273,-0.269273
6140,-0.209434,-0.269273,-0.239354
6141,-0.209434,-0.269273,-0.239354
6142,-0.209434,-0.269273,-0.239354
6143,-0.209434,-0.269273,-0.239354
6144,-0.239354,-0.299192,-0.299192
6145,-0.269273,-0.299192,-0.299192
6146,-0.239354,-0.299192,-0.269273
6147,-0.239354,-0.299192,-0.269273
6148,-0.209434,-0.269273,-0.269273
6149,-0.179515,-0.239354,-0.239354
6150,-0.209434,-0.239354,-0.239354
6151,-0.179515,-0.239354,-0.239354
6152,-0.179515,-0.239354,-0.239354
6153,-0.179515,-0.239354,-0.239354
6154,-0.179515,-0.239354,-0.239354
6155,-0.209434,-0.239354,-0.239354
6156,-0.209434,-0.239354,-0.239354
6157,-0.209434,-0.239354,-0.239354
6158,-0.209434,-0.239354,-0.239354
6159,-0.209434,-0.239354,-0.239354
6160,-0.149596,-0.209434,-0.209434
6161,-0.149596,-0.179515,-0.179515
6162,-0.179515,-0.209434,-0.209434
6163,-0.179515,-0.239354,-0.209434
6164,-0.209434,-0.239354,-0.239354
6165,-0.209434,-0.269273,-0.269273
6166,-0.239354,-0.269273,-0.269273
6167,-0.209434,-0.269273,-0.269273
6168,-0.209434,-0.269273,-0.269273
6169,-0.209434,-0.269273,-0.269273
6170,-0.209434,-0.269273,-0.269273
6171,-0.209434,-0.269273,-0.269273
6172,-0.209434,-0.269273,-0.269273
6173,-0.209434,-0.269273,-0.269273
6174,-0.209434,-0.269273,-0.239354
6175,-0.209434,-0.269273,-0.269273
6176,-0.269273,-0.299192,-0.299192
6177,-0.269273,-0.299192,-0.299192
6178,-0.239354,-0.299192,-0.269273
6179,-0.239354,-0.269273,-0.269273
6180,-0.209434,-0.269273,-0.269273
6181,-0.209434,-0.239354,-0.239354
6182,-0.179515,-0.239354,-0.239354
6183,-0.179515,-0.239354,-0.239354
6184,-0.179515,-0.239354,-0.239354
6185,-0.209434,-0.239354,-0.239354
6186,-0.209434,-0.239354,-0.239354
6187,-0.209434,-0.239354,-0.239354
6188,-0.209434,-0.269273,-0.239354
6189,-0.209434,-0.269273,-0.239354
6190,-0.209434,-0.269273,-0.269273
6191,-0.209434,-0.269273,-0.239354
6192,-0.179515,-0.209434,-0.209434
6193,-0.179515,-0.209434,-0.209434
6194,-0.179515,-0.239354,-0.239354
6195,-0.209434,-0.239354,-0.239354
6196,-0.239354,-0.269273,-0.269273
6197,-0.239354,-0.299192,-0.269273
6198,-0.239354,-0.299192,-0.299192
6199,-0.239354,-0.299192,-0.299192
6200,-0.239354,-0.299192,-0.299192
6201,-0.239354,-0.299192,-0.299192
6202,-0.239354,-0.299192,-0.299192
6203,-0.239354,-0.299192,-0.299192
6204,-0.239354,-0.299192,-0.299192
6205,-0.239354,-0.299192,-0.299192
6206,-0.239354,-0.299192,-0.269273
6207,-0.239354,-0.299192,-0.299192
6208,-0.269273,-0.329111,-0.329111
6209,-0.299192,-0.329111,-0.329111
6210,-0.269273,-0.329111,-0.329111
6211,-0.269273,-0.329111,-0.329111
6212,-0.239354,-0.299192,-0.299192
6213,-0.239354,-0.269273,-0.269273
6214,-0.239354,-0.269273,-0.269273
6215,-0.239354,-0.269273,-0.269273
6216,-0.239354,-0.269273,-0.269273
6217,-0.239354,-0.299192,-0.269273
6218,-0.239354,-0.269273,-0.269273
6219,-0.239354,-0.299192,-0.269273
6220,-0.239354,-0.299192,-0.299192
6221,-0.239354,-0.299192,-0.299192
6222,-0.239354,-0.299192,-0.299192
6223,-0.239354,-0.299192,-0.269273
6224,-0.209434,-0.239354,-0.239354
6225,-0.209434,-0.239354,-0.239354
6226,-0.209434,-0.269273,-0.269273
6227,-0.239354,-0.269273,-0.269273
6228,-0.269273,-0.299192,-0.299192
6229,-0.269273,-0.329111,-0.329111
6230,-0.269273,-0.329111,-0.329111
6231,-0.269273,-0.329111,-0.329111
6232,-0.269273,-0.329111,-0.329111
6233,-0.269273,-0.329111,-0.329111
6234,-0.269273,-0.329111,-0.329111
6235,-0.269273,-0.329111,-0.299192
6236,-0.269273,-0.299192,-0.299192
6237,-0.269273,-0.299192,-0.299192
6238,-0.269273,-0.329111,-0.299192
6239,-0.269273,-0.329111,-0.299192
6240,-0.299192,-0.359030,-0.359030
6241,-0.299192,-0.359030,-0.359030
6242,-0.299192,-0.329111,-0.329111
6243,-0.269273,-0.329111,-0.329111
6244,-0.269273,-0.299192,-0.299192
6245,-0.239354,-0.299192,-0.299192
6246,-0.239354,-0.299192,-0.299192
6247,-0.239354,-0.299192,-0.269273
6248,-0.239354,-0.299192,-0.269273
6249,-0.239354,-0.299192,-0.299192
6250,-0.239354,-0.299192,-0.269273
6251,-0.239354,-0.299192,-0.299192
6252,-0.239354,-0.299192,-0.299192
6253,-0.269273,-0.299192,-0.299192
6254,-0.269273,-0.299192,-0.299192
6255,-0.239354,-0.299192,-0.299192
6256,-0.209434,-0.269273,-0.269273
6257,-0.209434,-0.269273,-0.269273
6258,-0.239354,-0.269273,-0.269273
6259,-0.239354,-0.299192,-0.299192
6260,-0.269273,-0.299192,-0.299192
6261,-0.269273,-0.329111,-0.329111
6262,-0.269273,-0.329111,-0.329111
6263,-0.299192,-0.329111,-0.329111
6264,-0.299192,-0.329111,-0.329111
6265,-0.299192,-0.329111,-0.329111
6266,-0.299192,-0.329111,-0.329111
6267,-0.269273,-0.329111,-0.329111
6268,-0.269273,-0.329111,-0.329111
6269,-0.269273,-0.329111,-0.329111
6270,-0.269273,-0.329111,-0.329111
6271,-0.299192,-0.329111,-0.329111
6272,-0.329111,-0.359030,-0.359030
6273,-0.329111,-0.388950,-0.359030
6274,-0.299192,-0.359030,-0.359030
6275,-0.299192,-0.359030,-0.359030
6276,-0.269273,-0.329111,-0.329111
6277,-0.269273,-0.299192,-0.299192
6278,-0.269273,-0.299192,-0.299192
6279,-0.239354,-0.299192,-0.299192
6280,-0.269273,-0.299192,-0.299192
6281,-0.269273,-0.299192,-0.299192
6282,-0.269273,-0.299192,-0.299192
6283,-0.269273,-0.299192,-0.299192
6284,-0.269273,-0.329111,-0.299192
6285,-0.269273,-0.329111,-0.299192
6286,-0.269273,-0.329111,-0.299192
6287,-0.269273,-0.299192,-0.299192
6288,-0.239354,-0.269273,-0.269273
6289,-0.209434,-0.269273,-0.239354
6290,-0.209434,-0.239354,-0.239354
6291,-0.239354,-0.269273,-0.269273
6292,-0.269273,-0.299192,-0.299192
6293,-0.269273,-0.299192,-0.299192
6294,-0.269273,-0.329111,-0.329111
6295,-0.269273,-0.329111,-0.329111
6296,-0.269273,-0.329111,-0.329111
6297,-0.269273,-0.329111,-0.329111
6298,-0.269273,-0.329111,-0.329111
6299,-0.269273,-0.329111,-0.329111
6300,-0.269273,-0.329111,-0.329111
6301,-0.269273,-0.329111,-0.329111
6302,-0.269273,-0.329111,-0.329111
6303,-0.299192,-0.329111,-0.329111
6304,-0.329111,-0.359030,-0.359030
6305,-0.329111,-0.359030,-0.359030
6306,-0.299192,-0.359030,-0.359030
6307,-0.299192,-0.329111,-0.329111
6308,-0.269273,-0.329111,-0.329111
6309,-0.269273,-0.299192,-0.299192
6310,-0.239354,-0.299192,-0.299192
6311,-0.239354,-0.299192,-0.299192
6312,-0.239354,-0.299192,-0.299192
6313,-0.239354,-0.299192,-0.299192
6314,-0.239354,-0.299192,-0.299192
6315,-0.269273,-0.299192,-0.299192
6316,-0.269273,-0.299192,-0.299192
6317,-0.269273,-0.299192,-0.299192
6318,-0.269273,-0.299192,-0.299192
6319,-0.269273,-0.299192,-0.299192
6320,-0.209434,-0.269273,-0.269273
6321,-0.209434,-0.269273,-0.269273
6322,-0.239354,-0.269273,-0.269273
6323,-0.239354,-0.299192,-0.299192
6324,-0.269273,-0.329111,-0.299192
6325,-0.269273,-0.329111,-0.329111
6326,-0.299192,-0.329111,-0.329111
6327,-0.299192,-0.329111,-0.329111
6328,-0.299192,-0.329111,-0.329111
6329,-0.269273,-0.329111,-0.329111
6330,-0.269273,-0.329111,-0.329111
6331,-0.269273,-0.329111,-0.329111
6332,-0.269273,-0.329111,-0.329111
6333,-0.269273,-0.329111,-0.299192
6334,-0.269273,-0.329111,-0.299192
6335,-0.269273,-0.329111,-0.329111
6336,-0.329111,-0.359030,-0.359030
6337,-0.329111,-0.359030,-0.359030
6338,-0.299192,-0.359030,-0.359030
6339,-0.299192,-0.329111,-0.329111
6340,-0.269273,-0.299192,-0.299192
6341,-0.239354,-0.299192,-0.299192
6342,-0.239354,-0.299192,-0.299192
6343,-0.239354,-0.299192,-0.299192
6344,-0.239354,-0.299192,-0.299192
6345,-0.239354,-0.299192,-0.299192
6346,-0.239354,-0.299192,-0.299192
6347,-0.269273,-0.299192,-0.299192
6348,-0.269273,-0.299192,-0.299192
6349,-0.269273,-0.299192,-0.299192
6350,-0.269273,-0.299192,-0.299192
6351,-0.239354,-0.299192,-0.299192
6352,-0.209434,-0.269273,-0.239354
6353,-0.209434,-0.269273,-0.269273
6354,-0.239354,-0.269273,-0.269273
6355,-0.239354,-0.299192,-0.269273
6356,-0.269273,-0.329111,-0.299192
6357,-0.299192,-0.329111,-0.329111
6358,-0.299192,-0.329111,-0.329111
6359,-0.269273,-0.329111,-0.329111
6360,-0.269273,-0.329111,-0.329111
6361,-0.269273,-0.329111,-0.329111
6362,-0.269273,-0.329111,-0.329111
6363,-0.269273,-0.329111,-0.329111
6364,-0.269273,-0.329111,-0.329111
6365,-0.269273,-0.329111,-0.299192
6366,-0.269273,-0.299192,-0.329111
6367,-0.269273,-0.329111,-0.329111
6368,-0.299192,-0.359030,-0.359030
6369,-0.299192,-0.359030,-0.359030
6370,-0.299192,-0.359030,-0.329111
6371,-0.299192,-0.329111,-0.329111
6372,-0.269273,-0.299192,-0.299192
6373,-0.239354,-0.299192,-0.299192
6374,-0.239354,-0.299192,-0.269273
6375,-0.239354,-0.299192,-0.269273
6376,-0.239354,-0.299192,-0.299192
6377,-0.239354,-0.299192,-0.299192
6378,-0.239354,-0.299192,-0.269273
6379,-0.239354,-0.299192,-0.299192
6380,-0.239354,-0.299192,-0.299192
6381,-0.239354,-0.299192,-0.299192
6382,-0.239354,-0.299192,-0.299192
6383,-0.239354,-0.269273,-0.299192
6384,-0.209434,-0.239354,-0.239354
6385,-0.209434,-0.239354,-0.239354
6386,-0.209434,-0.269273,-0.269273
6387,-0.239354,-0.269273,-0.269273
6388,-0.269273,-0.299192,-0.299192
6389,-0.269273,-0.329111,-0.299192
6390,-0.269273,-0.329111,-0.329111
6391,-0.269273,-0.329111,-0.329111
6392,-0.269273,-0.329111,-0.299192
6393,-0.269273,-0.329111,-0.299192
6394,-0.269273,-0.329111,-0.299192
6395,-0.269273,-0.299192,-0.299192
6396,-0.269273,-0.299192,-0.299192
6397,-0.269273,-0.299192,-0.299192
6398,-0.269273,-0.299192,-0.299192
6399,-0.269273,-0.329111,-0.299192
6400,-0.299192,-0.359030,-0.329111
6401,-0.299192,-0.359030,-0.329111
6402,-0.269273,-0.329111,-0.329111
6403,-0.269273,-0.329111,-0.299192
6404,-0.239354,-0.299192,-0.299192
6405,-0.239354,-0.269273,-0.269273
6406,-0.239354,-0.269273,-0.269273
6407,-0.239354,-0.269273,-0.269273
6408,-0.239354,-0.269273,-0.269273
6409,-0.209434,-0.269273,-0.269273
6410,-0.209434,-0.269273,-0.269273
6411,-0.239354,-0.269273,-0.269273
6412,-0.239354,-0.269273,-0.269273
6413,-0.239354,-0.299192,-0.269273
6414,-0.239354,-0.269273,-0.269273
6415,-0.209434,-0.269273,-0.269273
6416,-0.179515,-0.239354,-0.239354
6417,-0.179515,-0.239354,-0.239354
6418,-0.209434,-0.239354,-0.239354
6419,-0.209434,-0.239354,-0.239354
6420,-0.239354,-0.269273,-0.269273
6421,-0.239354,-0.299192,-0.299192
6422,-0.239354,-0.299192,-0.299192
6423,-0.239354,-0.299192,-0.299192
6424,-0.239354,-0.299192,-0.299192
6425,-0.239354,-0.299192,-0.299192
6426,-0.239354,-0.299192,-0.299192
6427,-0.239354,-0.299192,-0.299192
6428,-0.239354,-0.299192,-0.269273
6429,-0.239354,-0.299192,-0.269273
6430,-0.239354,-0.269273,-0.269273
6431,-0.239354,-0.299192,-0.299192
6432,-0.269273,-0.329111,-0.329111
6433,-0.269273,-0.329111,-0.329111
6434,-0.269273,-0.299192,-0.299192
6435,-0.239354,-0.299192,-0.299192
6436,-0.239354,-0.269273,-0.269273
6437,-0.209434,-0.269273,-0.269273
6438,-0.209434,-0.269273,-0.239354
6439,-0.209434,-0.239354,-0.239354
6440,-0.209434,-0.239354,-0.269273
6441,-0.209434,-0.239354,-0.239354
6442,-0.209434,-0.239354,-0.239354
6443,-0.209434,-0.269273,-0.239354
6444,-0.209434,-0.269273,-0.269273
6445,-0.209434,-0.269273,-0.269273
6446,-0.209434,-0.269273,-0.269273
6447,-0.209434,-0.239354,-0.239354
6448,-0.179515,-0.209434,-0.209434
6449,-0.179515,-0.209434,-0.209434
6450,-0.179515,-0.239354,-0.239354
6451,-0.209434,-0.239354,-0.239354
6452,-0.239354,-0.269273,-0.269273
6453,-0.239354,-0.299192,-0.269273
6454,-0.239354,-0.269273,-0.269273
6455,-0.239354,-0.269273,-0.299192
6456,-0.239354,-0.299192,-0.269273
6457,-0.239354,-0.269273,-0.269273
6458,-0.239354,-0.269273,-0.269273
6459,-0.239354,-0.269273,-0.269273
6460,-0.239354,-0.269273,-0.269273
6461,-0.209434,-0.269273,-0.269273
6462,-0.209434,-0.269273,-0.269273
6463,-0.239354,-0.269273,-0.269273
6464,-0.269273,-0.299192,-0.299192
6465,-0.269273,-0.299192,-0.299192
6466,-0.239354,-0.299192,-0.269273
6467,-0.239354,-0.269273,-0.269273
6468,-0.209434,-0.239354,-0.239354
6469,-0.179515,-0.239354,-0.239354
6470,-0.179515,-0.239354,-0.239354
6471,-0.179515,-0.239354,-0.239354
6472,-0.179515,-0.239354,-0.239354
6473,-0.179515,-0.239354,-0.239354
6474,-0.179515,-0.239354,-0.239354
6475,-0.179515,-0.239354,-0.239354
6476,-0.209434,-0.239354,-0.239354
6477,-0.179515,-0.239354,-0.239354
6478,-0.179515,-0.239354,-0.239354
6479,-0.179515,-0.239354,-0.209434
6480,-0.149596,-0.209434,-0.179515
6481,-0.149596,-0.179515,-0.179515
6482,-0.149596,-0.209434,-0.209434
6483,-0.179515,-0.209434,-0.209434
6484,-0.209434,-0.239354,-0.239354
6485,-0.209434,-0.269273,-0.239354
6486,-0.209434,-0.269273,-0.239354
6487,-0.209434,-0.239354,-0.239354
6488,-0.209434,-0.239354,-0.239354
6489,-0.209434,-0.269273,-0.239354
6490,-0.209434,-0.239354,-0.239354
6491,-0.209434,-0.239354,-0.239354
6492,-0.179515,-0.239354,-0.239354
6493,-0.179515,-0.239354,-0.239354
6494,-0.179515,-0.239354,-0.239354
6495,-0.209434,-0.239354,-0.239354
6496,-0.239354,-0.269273,-0.269273
6497,-0.239354,-0.269273,-0.269273
6498,-0.209434,-0.269273,-0.269273
6499,-0.209434,-0.239354,-0.239354
6500,-0.179515,-0.209434,-0.209434
6501,-0.149596,-0.209434,-0.209434
6502,-0.149596,-0.209434,-0.209434
6503,-0.149596,-0.209434,-0.209434
6504,-0.149596,-0.209434,-0.209434
6505,-0.149596,-0.209434,-0.209434
6506,-0.149596,-0.209434,-0.209434
6507,-0.149596,-0.209434,-0.209434
6508,-0.179515,-0.209434,-0.209434
6509,-0.179515,-0.209434,-0.209434
6510,-0.179515,-0.209434,-0.209434
6511,-0.149596,-0.209434,-0.209434
6512,-0.119677,-0.179515,-0.149596
6513,-0.119677,-0.179515,-0.179515
6514,-0.119677,-0.179515,-0.179515
6515,-0.149596,-0.209434,-0.209434
6516,-0.179515,-0.209434,-0.209434
6517,-0.179515,-0.239354,-0.209434
6518,-0.179515,-0.239354,-0.239354
6519,-0.179515,-0.239354,-0.239354
6520,-0.179515,-0.239354,-0.239354
6521,-0.179515,-0.239354,-0.209434
6522,-0.179515,-0.239354,-0.239354
6523,-0.179515,-0.209434,-0.209434
6524,-0.179515,-0.209434,-0.209434
6525,-0.179515,-0.209434,-0.209434
6526,-0.179515,-0.209434,-0.209434
6527,-0.179515,-0.239354,-0.239354
6528,-0.209434,-0.269273,-0.269273
6529,-0.209434,-0.269273,-0.239354
6530,-0.209434,-0.239354,-0.239354
6531,-0.179515,-0.239354,-0.239354
6532,-0.179515,-0.209434,-0.209434
6533,-0.149596,-0.209434,-0.179515
6534,-0.149596,-0.209434,-0.179515
6535,-0.149596,-0.209434,-0.179515
6536,-0.149596,-0.209434,-0.179515
6537,-0.149596,-0.179515,-0.179515
6538,-0.149596,-0.179515,-0.179515
6539,-0.149596,-0.209434,-0.209434
6540,-0.149596,-0.209434,-0.209434
6541,-0.149596,-0.209434,-0.209434
6542,-0.149596,-0.209434,-0.209434
6543,-0.149596,-0.179515,-0.179515
6544,-0.119677,-0.149596,-0.149596
6545,-0.119677,-0.149596,-0.149596
6546,-0.119677,-0.179515,-0.179515
6547,-0.149596,-0.179515,-0.179515
6548,-0.149596,-0.209434,-0.209434
6549,-0.179515,-0.209434,-0.209434
6550,-0.179515,-0.239354,-0.239354
6551,-0.179515,-0.239354,-0.209434
6552,-0.179515,-0.209434,-0.209434
6553,-0.179515,-0.209434,-0.209434
6554,-0.179515,-0.209434,-0.209434
6555,-0.179515,-0.209434,-0.209434
6556,-0.179515,-0.209434,-0.209434
6557,-0.179515,-0.209434,-0.209434
6558,-0.179515,-0.209434,-0.209434
6559,-0.179515,-0.209434,-0.239354
6560,-0.209434,-0.269273,-0.239354
6561,-0.209434,-0.239354,-0.239354
6562,-0.179515,-0.239354,-0.239354
6563,-0.179515,-0.239354,-0.209434
6564,-0.149596,-0.209434,-0.209434
6565,-0.149596,-0.209434,-0.179515
6566,-0.149596,-0.179515,-0.179515
6567,-0.149596,-0.179515,-0.179515
6568,-0.149596,-0.179515,-0.179515
6569,-0.149596,-0.179515,-0.179515
6570,-0.149596,-0.179515,-0.179515
6571,-0.149596,-0.209434,-0.179515
6572,-0.149596,-0.209434,-0.179515
6573,-0.149596,-0.209434,-0.179515
6574,-0.149596,-0.209434,-0.209434
6575,-0.149596,-0.179515,-0.179515
6576,-0.119677,-0.149596,-0.149596
6577,-0.119677,-0.149596,-0.149596
6578,-0.119677,-0.179515,-0.179515
6579,-0.149596,-0.179515,-0.179515
6580,-0.149596,-0.209434,-0.209434
6581,-0.179515,-0.209434,-0.209434
6582,-0.179515,-0.209434,-0.209434
6583,-0.179515,-0.209434,-0.209434
6584,-0.179515,-0.209434,-0.209434
6585,-0.179515,-0.209434,-0.209434
6586,-0.179515,-0.209434,-0.209434
6587,-0.149596,-0.209434,-0.209434
6588,-0.149596,-0.209434,-0.209434
6589,-0.149596,-0.209434,-0.209434
6590,-0.149596,-0.209434,-0.209434
6591,-0.179515,-0.209434,-0.209434
6592,-0.209434,-0.239354,-0.239354
6593,-0.209434,-0.239354,-0.239354
6594,-0.179515,-0.239354,-0.209434
6595,-0.179515,-0.209434,-0.209434
6596,-0.149596,-0.209434,-0.179515
6597,-0.119677,-0.179515,-0.179515
6598,-0.119677,-0.179515,-0.179515
6599,-0.119677,-0.179515,-0.179515
6600,-0.119677,-0.179515,-0.179515
6601,-0.119677,-0.179515,-0.179515
6602,-0.119677,-0.179515,-0.179515
6603,-0.149596,-0.179515,-0.179515
6604,-0.149596,-0.179515,-0.179515
6605,-0.149596,-0.179515,-0.179515
6606,-0.149596,-0.179515,-0.179515
6607,-0.119677,-0.179515,-0.179515
6608,-0.089758,-0.149596,-0.149596
6609,-0.089758,-0.149596,-0.149596
6610,-0.119677,-0.149596,-0.149596
6611,-0.119677,-0.179515,-0.179515
6612,-0.149596,-0.209434,-0.209434
6613,-0.149596,-0.209434,-0.209434
6614,-0.149596,-0.209434,-0.209434
6615,-0.149596,-0.209434,-0.209434
6616,-0.149596,-0.209434,-0.209434
6617,-0.179515,-0.209434,-0.209434
6618,-0.149596,-0.209434,-0.209434
6619,-0.149596,-0.209434,-0.209434
6620,-0.149596,-0.209434,-0.209434
6621,-0.149596,-0.209434,-0.209434
6622,-0.149596,-0.209434,-0.209434
6623,-0.179515,-0.209434,-0.209434
6624,-0.209434,-0.239354,-0.239354
6625,-0.179515,-0.239354,-0.239354
6626,-0.179515,-0.239354,-0.209434
6627,-0.179515,-0.209434,-0.209434
6628,-0.149596,-0.179515,-0.179515
6629,-0.119677,-0.179515,-0.179515
6630,-0.119677,-0.179515,-0.179515
6631,-0.119677,-0.179515,-0.179515
6632,-0.119677,-0.179515,-0.179515
6633,-0.119677,-0.179515,-0.179515
6634,-0.119677,-0.179515,-0.179515
6635,-0.119677,-0.179515,-0.179515
6636,-0.149596,-0.179515,-0.179515
6637,-0.149596,-0.179515,-0.179515
6638,-0.149596,-0.179515,-0.179515
6639,-0.119677,-0.179515,-0.149596
6640,-0.089758,-0.119677,-0.119677
6641,-0.089758,-0.149596,-0.149596
6642,-0.119677,-0.149596,-0.149596
6643,-0.119677,-0.179515,-0.149596
6644,-0.149596,-0.179515,-0.179515
6645,-0.149596,-0.209434,-0.209434
6646,-0.149596,-0.209434,-0.209434
6647,-0.149596,-0.179515,-0.209434
6648,-0.149596,-0.179515,-0.179515
6649,-0.149596,-0.209434,-0.209434
6650,-0.149596,-0.209434,-0.179515
6651,-0.149596,-0.209434,-0.179515
6652,-0.149596,-0.179515,-0.179515
6653,-0.149596,-0.179515,-0.179515
6654,-0.149596,-0.179515,-0.179515
6655,-0.149596,-0.209434,-0.209434
6656,-0.179515,-0.239354,-0.239354
6657,-0.179515,-0.239354,-0.239354
6658,-0.179515,-0.209434,-0.209434
6659,-0.179515,-0.209434,-0.209434
6660,-0.149596,-0.179515,-0.179515
6661,-0.119677,-0.179515,-0.179515
6662,-0.119677,-0.179515,-0.179515
6663,-0.119677,-0.179515,-0.179515
6664,-0.119677,-0.179515,-0.179515
6665,-0.119677,-0.179515,-0.179515
6666,-0.119677,-0.179515,-0.179515
6667,-0.119677,-0.179515,-0.179515
6668,-0.149596,-0.179515,-0.179515
6669,-0.149596,-0.179515,-0.179515
6670,-0.149596,-0.179515,-0.179515
6671,-0.119677,-0.179515,-0.149596
6672,-0.089758,-0.149596,-0.119677
6673,-0.089758,-0.149596,-0.149596
6674,-0.119677,-0.149596,-0.149596
6675,-0.119677,-0.179515,-0.179515
6676,-0.149596,-0.209434,-0.209434
6677,-0.179515,-0.209434,-0.209434
6678,-0.179515,-0.209434,-0.209434
6679,-0.149596,-0.209434,-0.209434
6680,-0.179515,-0.209434,-0.209434
6681,-0.179515,-0.209434,-0.209434
6682,-0.179515,-0.209434,-0.209434
6683,-0.149596,-0.209434,-0.209434
6684,-0.149596,-0.209434,-0.209434
6685,-0.149596,-0.209434,-0.209434
6686,-0.149596,-0.209434,-0.209434
6687,-0.179515,-0.209434,-0.209434
6688,-0.209434,-0.239354,-0.239354
6689,-0.209434,-0.239354,-0.239354
6690,-0.179515,-0.239354,-0.239354
6691,-0.179515,-0.209434,-0.209434
6692,-0.149596,-0.209434,-0.179515
6693,-0.149596,-0.179515,-0.179515
6694,-0.149596,-0.179515,-0.179515
6695,-0.149596,-0.179515,-0.179515
6696,-0.149596,-0.179515,-0.179515
6697,-0.149596,-0.179515,-0.179515
6698,-0.149596,-0.179515,-0.179515
6699,-0.149596,-0.209434,-0.209434
6700,-0.149596,-0.209434,-0.209434
6701,-0.149596,-0.209434,-0.209434
6702,-0.149596,-0.209434,-0.209434
6703,-0.149596,-0.179515,-0.179515
6704,-0.119677,-0.149596,-0.149596
6705,-0.119677,-0.179515,-0.179515
6706,-0.149596,-0.179515,-0.179515
6707,-0.149596,-0.179515,-0.209434
6708,-0.179515,-0.209434,-0.209434
6709,-0.179515,-0.239354,-0.239354
6710,-0.179515,-0.239354,-0.239354
6711,-0.179515,-0.239354,-0.239354
6712,-0.179515,-0.239354,-0.239354
6713,-0.179515,-0.239354,-0.239354
6714,-0.179515,-0.239354,-0.239354
6715,-0.179515,-0.239354,-0.239354
6716,-0.179515,-0.239354,-0.209434
6717,-0.179515,-0.239354,-0.209434
6718,-0.179515,-0.209434,-0.209434
6719,-0.209434,-0.239354,-0.239354
6720,-0.239354,-0.269273,-0.269273
6721,-0.209434,-0.269273,-0.269273
6722,-0.209434,-0.269273,-0.239354
6723,-0.179515,-0.239354,-0.239354
6724,-0.179515,-0.209434,-0.209434
6725,-0.149596,-0.209434,-0.209434
6726,-0.149596,-0.209434,-0.209434
6727,-0.149596,-0.209434,-0.209434
6728,-0.149596,-0.209434,-0.209434
6729,-0.149596,-0.209434,-0.209434
6730,-0.149596,-0.209434,-0.209434
6731,-0.179515,-0.209434,-0.209434
6732,-0.179515,-0.209434,-0.209434
6733,-0.179515,-0.209434,-0.209434
6734,-0.179515,-0.209434,-0.209434
6735,-0.149596,-0.209434,-0.209434
6736,-0.119677,-0.179515,-0.179515
6737,-0.149596,-0.179515,-0.179515
6738,-0.149596,-0.209434,-0.179515
6739,-0.179515,-0.209434,-0.209434
6740,-0.179515,-0.239354,-0.239354
6741,-0.209434,-0.239354,-0.239354
6742,-0.209434,-0.239354,-0.239354
6743,-0.209434,-0.239354,-0.239354
6744,-0.209434,-0.239354,-0.239354
6745,-0.209434,-0.239354,-0.239354
6746,-0.209434,-0.239354,-0.239354
6747,-0.209434,-0.239354,-0.239354
6748,-0.179515,-0.239354,-0.239354
6749,-0.179515,-0.239354,-0.239354
6750,-0.179515,-0.239354,-0.239354
6751,-0.209434,-0.269273,-0.239354
6752,-0.239354,-0.299192,-0.269273
6753,-0.239354,-0.269273,-0.269273
6754,-0.209434,-0.269273,-0.269273
6755,-0.209434,-0.239354,-0.239354
6756,-0.179515,-0.239354,-0.239354
6757,-0.179515,-0.209434,-0.209434
6758,-0.179515,-0.209434,-0.209434
6759,-0.179515,-0.209434,-0.209434
6760,-0.179515,-0.209434,-0.209434
6761,-0.179515,-0.209434,-0.209434
6762,-0.179515,-0.209434,-0.209434
6763,-0.179515,-0.239354,-0.209434
6764,-0.179515,-0.239354,-0.239354
6765,-0.179515,-0.239354,-0.239354
6766,-0.179515,-0.239354,-0.239354
6767,-0.179515,-0.209434,-0.209434
6768,-0.149596,-0.179515,-0.179515
6769,-0.149596,-0.209434,-0.209434
6770,-0.179515,-0.239354,-0.209434
6771,-0.179515,-0.239354,-0.239354
6772,-0.209434,-0.269273,-0.269273
6773,-0.209434,-0.269273,-0.269273
6774,-0.209434,-0.269273,-0.269273
6775,-0.209434,-0.269273,-0.269273
6776,-0.209434,-0.269273,-0.269273
6777,-0.209434,-0.269273,-0.269273
6778,-0.209434,-0.269273,-0.269273
6779,-0.209434,-0.269273,-0.239354
6780,-0.209434,-0.269273,-0.269273
6781,-0.209434,-0.269273,-0.239354
6782,-0.209434,-0.239354,-0.239354
6783,-0.239354,-0.269273,-0.269273
6784,-0.239354,-0.299192,-0.299192
6785,-0.239354,-0.299192,-0.299192
6786,-0.239354,-0.269273,-0.269273
6787,-0.209434,-0.269273,-0.269273
6788,-0.209434,-0.239354,-0.239354
6789,-0.179515,-0.239354,-0.239354
6790,-0.179515,-0.239354,-0.239354
6791,-0.179515,-0.239354,-0.239354
6792,-0.179515,-0.239354,-0.239354
6793,-0.179515,-0.239354,-0.209434
6794,-0.179515,-0.239354,-0.239354
6795,-0.209434,-0.239354,-0.239354
6796,-0.209434,-0.239354,-0.239354
6797,-0.209434,-0.239354,-0.239354
6798,-0.209434,-0.239354,-0.239354
6799,-0.179515,-0.209434,-0.209434
6800,-0.149596,-0.179515,-0.179515
6801,-0.149596,-0.209434,-0.209434
6802,-0.179515,-0.209434,-0.209434
6803,-0.179515,-0.239354,-0.239354
6804,-0.209434,-0.269273,-0.269273
6805,-0.239354,-0.269273,-0.269273
6806,-0.209434,-0.269273,-0.269273
6807,-0.209434,-0.269273,-0.269273
6808,-0.209434,-0.269273,-0.269273
6809,-0.239354,-0.269273,-0.269273
6810,-0.209434,-0.269273,-0.269273
6811,-0.209434,-0.269273,-0.239354
6812,-0.209434,-0.269273,-0.239354
6813,-0.209434,-0.269273,-0.269273
6814,-0.209434,-0.239354,-0.239354
6815,-0.239354,-0.269273,-0.269273
6816,-0.269273,-0.299192,-0.299192
6817,-0.239354,-0.299192,-0.299192
6818,-0.239354,-0.269273,-0.269273
6819,-0.209434,-0.269273,-0.269273
6820,-0.209434,-0.239354,-0.239354
6821,-0.179515,-0.239354,-0.239354
6822,-0.179515,-0.239354,-0.239354
6823,-0.179515,-0.239354,-0.209434
6824,-0.179515,-0.239354,-0.239354
6825,-0.179515,-0.239354,-0.209434
6826,-0.179515,-0.239354,-0.239354
6827,-0.179515,-0.239354,-0.239354
6828,-0.179515,-0.239354,-0.239354
6829,-0.209434,-0.239354,-0.239354
6830,-0.179515,-0.239354,-0.239354
6831,-0.149596,-0.209434,-0.209434
6832,-0.149596,-0.179515,-0.179515
6833,-0.149596,-0.209434,-0.209434
6834,-0.179515,-0.209434,-0.209434
6835,-0.179515,-0.239354,-0.239354
6836,-0.209434,-0.239354,-0.239354
6837,-0.209434,-0.269273,-0.269273
6838,-0.209434,-0.269273,-0.269273
6839,-0.209434,-0.269273,-0.269273
6840,-0.209434,-0.269273,-0.269273
6841,-0.209434,-0.269273,-0.269273
6842,-0.209434,-0.269273,-0.269273
6843,-0.209434,-0.239354,-0.239354
6844,-0.209434,-0.239354,-0.239354
6845,-0.209434,-0.239354,-0.239354
6846,-0.209434,-0.239354,-0.239354
6847,-0.239354,-0.269273,-0.269273
6848,-0.269273,-0.299192,-0.299192
6849,-0.239354,-0.299192,-0.299192
6850,-0.239354,-0.269273,-0.269273
6851,-0.209434,-0.269273,-0.269273
6852,-0.179515,-0.239354,-0.239354
6853,-0.179515,-0.239354,-0.209434
6854,-0.179515,-0.239354,-0.209434
6855,-0.179515,-0.239354,-0.239354
6856,-0.179515,-0.239354,-0.209434
6857,-0.179515,-0.239354,-0.209434
6858,-0.179515,-0.239354,-0.239354
6859,-0.179515,-0.239354,-0.239354
6860,-0.179515,-0.239354,-0.239354
6861,-0.179515,-0.239354,-0.239354
6862,-0.179515,-0.239354,-0.239354
6863,-0.179515,-0.209434,-0.209434
6864,-0.149596,-0.179515,-0.179515
6865,-0.149596,-0.209434,-0.209434
6866,-0.179515,-0.209434,-0.209434
6867,-0.179515,-0.239354,-0.239354
6868,-0.209434,-0.269273,-0.269273
6869,-0.209434,-0.269273,-0.269273
6870,-0.209434,-0.269273,-0.269273
6871,-0.209434,-0.269273,-0.269273
6872,-0.209434,-0.269273,-0.269273
6873,-0.209434,-0.269273,-0.269273
6874,-0.209434,-0.269273,-0.269273
6875,-0.209434,-0.269273,-0.239354
6876,-0.209434,-0.269273,-0.239354
6877,-0.209434,-0.239354,-0.239354
6878,-0.209434,-0.239354,-0.239354
6879,-0.239354,-0.299192,-0.269273
6880,-0.269273,-0.299192,-0.299192
6881,-0.239354,-0.299192,-0.299192
6882,-0.239354,-0.269273,-0.269273
6883,-0.209434,-0.269273,-0.269273
6884,-0.179515,-0.239354,-0.239354
6885,-0.179515,-0.239354,-0.239354
6886,-0.179515,-0.239354,-0.239354
6887,-0.179515,-0.239354,-0.239354
6888,-0.179515,-0.239354,-0.239354
6889,-0.179515,-0.239354,-0.239354
6890,-0.179515,-0.239354,-0.239354
6891,-0.179515,-0.239354,-0.239354
6892,-0.209434,-0.239354,-0.239354
6893,-0.209434,-0.239354,-0.239354
6894,-0.209434,-0.239354,-0.239354
6895,-0.179515,-0.209434,-0.209434
6896,-0.149596,-0.179515,-0.179515
6897,-0.149596,-0.209434,-0.209434
6898,-0.179515,-0.209434,-0.209434
6899,-0.179515,-0.239354,-0.239354
6900,-0.209434,-0.269273,-0.269273
6901,-0.209434,-0.269273,-0.269273
6902,-0.209434,-0.269273,-0.269273
6903,-0.209434,-0.269273,-0.269273
6904,-0.209434,-0.269273,-0.269273
6905,-0.209434,-0.269273,-0.269273
6906,-0.209434,-0.269273,-0.269273
6907,-0.209434,-0.269273,-0.269273
6908,-0.209434,-0.239354,-0.239354
6909,-0.209434,-0.239354,-0.239354
6910,-0.209434,-0.239354,-0.239354
6911,-0.239354,-0.269273,-0.269273
6912,-0.239354,-0.299192,-0.299192
6913,-0.239354,-0.299192,-0.299192
6914,-0.239354,-0.269273,-0.269273
6915,-0.209434,-0.269273,-0.269273
6916,-0.179515,-0.239354,-0.239354
6917,-0.179515,-0.239354,-0.239354
6918,-0.179515,-0.239354,-0.209434
6919,-0.179515,-0.239354,-0.209434
6920,-0.179515,-0.239354,-0.239354
6921,-0.179515,-0.239354,-0.239354
6922,-0.179515,-0.239354,-0.239354
6923,-0.179515,-0.239354,-0.239354
6924,-0.179515,-0.239354,-0.239354
6925,-0.209434,-0.239354,-0.239354
6926,-0.209434,-0.239354,-0.239354
6927,-0.179515,-0.209434,-0.209434
6928,-0.149596,-0.179515,-0.179515
6929,-0.149596,-0.209434,-0.209434
6930,-0.179515,-0.209434,-0.209434
6931,-0.179515,-0.239354,-0.239354
6932,-0.209434,-0.269273,-0.269273
6933,-0.209434,-0.269273,-0.269273
6934,-0.209434,-0.269273,-0.269273
6935,-0.209434,-0.269273,-0.269273
6936,-0.209434,-0.269273,-0.269273
6937,-0.239354,-0.269273,-0.269273
6938,-0.209434,-0.269273,-0.269273
6939,-0.209434,-0.269273,-0.269273
6940,-0.209434,-0.269273,-0.239354
6941,-0.209434,-0.269273,-0.239354
6942,-0.209434,-0.239354,-0.239354
6943,-0.239354,-0.269273,-0.269273
6944,-0.269273,-0.299192,-0.299192
6945,-0.239354,-0.299192,-0.269273
6946,-0.239354,-0.269273,-0.269273
6947,-0.209434,-0.269273,-0.269273
6948,-0.179515,-0.239354,-0.239354
6949,-0.179515,-0.239354,-0.239354
6950,-0.179515,-0.239354,-0.239354
6951,-0.179515,-0.239354,-0.239354
6952,-0.179515,-0.239354,-0.239354
6953,-0.179515,-0.239354,-0.239354
6954,-0.179515,-0.239354,-0.239354
6955,-0.179515,-0.239354,-0.239354
6956,-0.209434,-0.239354,-0.239354
6957,-0.179515,-0.239354,-0.239354
6958,-0.209434,-0.239354,-0.239354
6959,-0.179515,-0.209434,-0.209434
6960,-0.149596,-0.179515,-0.179515
6961,-0.149596,-0.209434,-0.209434
6962,-0.179515,-0.209434,-0.209434
6963,-0.209434,-0.239354,-0.239354
6964,-0.209434,-0.269273,-0.269273
6965,-0.209434,-0.269273,-0.269273
6966,-0.209434,-0.269273,-0.269273
6967,-0.209434,-0.269273,-0.269273
6968,-0.209434,-0.269273,-0.269273
6969,-0.209434,-0.269273,-0.269273
6970,-0.209434,-0.269273,-0.269273
6971,-0.209434,-0.269273,-0.239354
6972,-0.209434,-0.269273,-0.239354
6973,-0.209434,-0.269273,-0.239354
6974,-0.209434,-0.269273,-0.239354
6975,-0.239354,-0.299192,-0.269273
6976,-0.269273,-0.299192,-0.299192
6977,-0.239354,-0.299192,-0.299192
6978,-0.239354,-0.269273,-0.269273
6979,-0.209434,-0.269273,-0.269273
6980,-0.179515,-0.239354,-0.239354
6981,-0.179515,-0.239354,-0.239354
6982,-0.179515,-0.239354,-0.239354
6983,-0.179515,-0.239354,-0.239354
6984,-0.179515,-0.239354,-0.239354
6985,-0.179515,-0.239354,-0.239354
6986,-0.179515,-0.239354,-0.239354
6987,-0.209434,-0.239354,-0.239354
6988,-0.209434,-0.239354,-0.239354
6989,-0.209434,-0.239354,-0.239354
6990,-0.179515,-0.239354,-0.239354
6991,-0.149596,-0.209434,-0.209434
6992,-0.149596,-0.179515,-0.179515
6993,-0.149596,-0.209434,-0.179515
6994,-0.179515,-0.209434,-0.209434
6995,-0.179515,-0.239354,-0.239354
6996,-0.209434,-0.269273,-0.239354
6997,-0.209434,-0.269273,-0.239354
6998,-0.209434,-0.269273,-0.269273
6999,-0.209434,-0.269273,-0.239354
7000,-0.209434,-0.269273,-0.239354
7001,-0.209434,-0.269273,-0.269273
7002,-0.209434,-0.269273,-0.239354
7003,-0.209434,-0.269273,-0.239354
7004,-0.209434,-0.239354,-0.239354
7005,-0.209434,-0.239354,-0.239354
7006,-0.209434,-0.239354,-0.239354
7007,-0.239354,-0.269273,-0.269273
7008,-0.269273,-0.299192,-0.299192
7009,-0.239354,-0.299192,-0.269273
7010,-0.239354,-0.269273,-0.269273
7011,-0.209434,-0.269273,-0.269273
7012,-0.179515,-0.239354,-0.239354
7013,-0.179515,-0.239354,-0.239354
7014,-0.179515,-0.239354,-0.209434
7015,-0.179515,-0.239354,-0.239354
7016,-0.179515,-0.239354,-0.239354
7017,-0.179515,-0.239354,-0.239354
7018,-0.179515,-0.239354,-0.239354
7019,-0.209434,-0.239354,-0.239354
7020,-0.209434,-0.239354,-0.239354
7021,-0.209434,-0.239354,-0.239354
7022,-0.209434,-0.239354,-0.239354
7023,-0.179515,-0.209434,-0.209434
7024,-0.149596,-0.209434,-0.209434
7025,-0.179515,-0.209434,-0.209434
7026,-0.179515,-0.239354,-0.209434
7027,-0.209434,-0.239354,-0.239354
7028,-0.239354,-0.269273,-0.269273
7029,-0.239354,-0.269273,-0.269273
7030,-0.239354,-0.269273,-0.269273
7031,-0.239354,-0.269273,-0.269273
7032,-0.239354,-0.269273,-0.269273
7033,-0.239354,-0.269273,-0.269273
7034,-0.239354,-0.269273,-0.269273
7035,-0.209434,-0.269273,-0.269273
7036,-0.209434,-0.269273,-0.269273
7037,-0.209434,-0.269273,-0.269273
7038,-0.209434,-0.269273,-0.269273
7039,-0.239354,-0.299192,-0.299192
7040,-0.269273,-0.329111,-0.299192
7041,-0.269273,-0.299192,-0.299192
7042,-0.269273,-0.299192,-0.299192
7043,-0.239354,-0.269273,-0.269273
7044,-0.209434,-0.269273,-0.239354
7045,-0.209434,-0.239354,-0.239354
7046,-0.209434,-0.239354,-0.239354
7047,-0.209434,-0.239354,-0.239354
7048,-0.209434,-0.239354,-0.239354
7049,-0.209434,-0.239354,-0.239354
7050,-0.209434,-0.269273,-0.239354
7051,-0.209434,-0.269273,-0.239354
7052,-0.209434,-0.269273,-0.239354
7053,-0.209434,-0.269273,-0.269273
7054,-0.209434,-0.269273,-0.269273
7055,-0.179515,-0.239354,-0.209434
7056,-0.149596,-0.209434,-0.209434
7057,-0.179515,-0.239354,-0.209434
7058,-0.179515,-0.239354,-0.239354
7059,-0.209434,-0.269273,-0.269273
7060,-0.239354,-0.269273,-0.269273
7061,-0.239354,-0.269273,-0.269273
7062,-0.239354,-0.299192,-0.269273
7063,-0.239354,-0.299192,-0.269273
7064,-0.239354,-0.269273,-0.299192
7065,-0.239354,-0.299192,-0.299192
7066,-0.239354,-0.269273,-0.269273
7067,-0.239354,-0.269273,-0.269273
7068,-0.239354,-0.269273,-0.269273
7069,-0.239354,-0.269273,-0.269273
7070,-0.239354,-0.269273,-0.269273
7071,-0.269273,-0.299192,-0.299192
7072,-0.269273,-0.329111,-0.329111
7073,-0.269273,-0.299192,-0.299192
7074,-0.269273,-0.299192,-0.299192
7075,-0.239354,-0.269273,-0.269273
7076,-0.209434,-0.269273,-0.269273
7077,-0.209434,-0.269273,-0.269273
7078,-0.209434,-0.239354,-0.239354
7079,-0.209434,-0.269273,-0.239354
7080,-0.209434,-0.269273,-0.239354
7081,-0.209434,-0.269273,-0.239354
7082,-0.209434,-0.269273,-0.269273
7083,-0.209434,-0.269273,-0.269273
7084,-0.209434,-0.269273,-0.269273
7085,-0.209434,-0.269273,-0.269273
7086,-0.209434,-0.269273,-0.269273
7087,-0.179515,-0.239354,-0.239354
7088,-0.179515,-0.209434,-0.209434
7089,-0.179515,-0.239354,-0.239354
7090,-0.209434,-0.239354,-0.239354
7091,-0.209434,-0.269273,-0.269273
7092,-0.239354,-0.299192,-0.299192
7093,-0.239354,-0.299192,-0.299192
7094,-0.239354,-0.299192,-0.299192
7095,-0.239354,-0.299192,-0.269273
7096,-0.239354,-0.299192,-0.299192
7097,-0.239354,-0.299192,-0.299192
7098,-0.239354,-0.299192,-0.269273
7099,-0.239354,-0.299192,-0.269273
7100,-0.239354,-0.299192,-0.269273
7101,-0.239354,-0.269273,-0.269273
7102,-0.239354,-0.299192,-0.269273
7103,-0.269273,-0.329111,-0.299192
7104,-0.299192,-0.329111,-0.329111
7105,-0.269273,-0.329111,-0.329111
7106,-0.269273,-0.299192,-0.299192
7107,-0.239354,-0.299192,-0.299192
7108,-0.239354,-0.269273,-0.269273
7109,-0.239354,-0.269273,-0.269273
7110,-0.239354,-0.269273,-0.269273
7111,-0.209434,-0.269273,-0.269273
7112,-0.209434,-0.269273,-0.269273
7113,-0.209434,-0.269273,-0.269273
7114,-0.239354,-0.269273,-0.269273
7115,-0.239354,-0.269273,-0.269273
7116,-0.239354,-0.269273,-0.269273
7117,-0.239354,-0.269273,-0.299192
7118,-0.239354,-0.269273,-0.269273
7119,-0.209434,-0.239354,-0.239354
7120,-0.179515,-0.239354,-0.239354
7121,-0.209434,-0.239354,-0.239354
7122,-0.209434,-0.269273,-0.269273
7123,-0.239354,-0.299192,-0.269273
7124,-0.269273,-0.299192,-0.299192
7125,-0.269273,-0.299192,-0.299192
7126,-0.269273,-0.299192,-0.299192
7127,-0.269273,-0.299192,-0.299192
7128,-0.269273,-0.299192,-0.299192
7129,-0.269273,-0.299192,-0.299192
7130,-0.269273,-0.299192,-0.299192
7131,-0.269273,-0.299192,-0.299192
7132,-0.269273,-0.299192,-0.299192
7133,-0.269273,-0.299192,-0.299192
7134,-0.269273,-0.299192,-0.299192
7135,-0.299192,-0.329111,-0.329111
7136,-0.299192,-0.359030,-0.359030
7137,-0.299192,-0.329111,-0.329111
7138,-0.269273,-0.329111,-0.329111
7139,-0.269273,-0.299192,-0.299192
7140,-0.239354,-0.299192,-0.269273
7141,-0.239354,-0.299192,-0.269273
7142,-0.239354,-0.269273,-0.269273
7143,-0.239354,-0.269273,-0.269273
7144,-0.239354,-0.269273,-0.269273
7145,-0.239354,-0.269273,-0.269273
7146,-0.239354,-0.299192,-0.269273
7147,-0.239354,-0.299192,-0.269273
7148,-0.239354,-0.299192,-0.299192
7149,-0.239354,-0.299192,-0.299192
7150,-0.239354,-0.299192,-0.299192
7151,-0.209434,-0.269273,-0.269273
7152,-0.209434,-0.239354,-0.239354
7153,-0.209434,-0.269273,-0.269273
7154,-0.239354,-0.269273,-0.269273
7155,-0.269273,-0.299192,-0.299192
7156,-0.269273,-0.329111,-0.329111
7157,-0.269273,-0.329111,-0.329111
7158,-0.269273,-0.329111,-0.329111
7159,-0.299192,-0.329111,-0.329111
7160,-0.299192,-0.329111,-0.329111
7161,-0.299192,-0.329111,-0.329111
7162,-0.299192,-0.329111,-0.329111
7163,-0.269273,-0.329111,-0.329111
7164,-0.269273,-0.329111,-0.299192
7165,-0.269273,-0.329111,-0.299192
7166,-0.269273,-0.329111,-0.329111
7167,-0.299192,-0.359030,-0.359030
7168,-0.329111,-0.359030,-0.359030
7169,-0.299192,-0.359030,-0.359030
7170,-0.299192,-0.359030,-0.329111
7171,-0.269273,-0.329111,-0.329111
7172,-0.269273,-0.299192,-0.299192
7173,-0.239354,-0.299192,-0.299192
7174,-0.239354,-0.299192,-0.299192
7175,-0.239354,-0.299192,-0.299192
7176,-0.239354,-0.299192,-0.299192
7177,-0.239354,-0.299192,-0.299192
7178,-0.239354,-0.299192,-0.299192
7179,-0.239354,-0.299192,-0.299192
7180,-0.269273,-0.299192,-0.299192
7181,-0.269273,-0.299192,-0.299192
7182,-0.269273,-0.299192,-0.299192
7183,-0.209434,-0.269273,-0.269273
7184,-0.209434,-0.239354,-0.269273
7185,-0.239354,-0.269273,-0.269273
7186,-0.239354,-0.299192,-0.269273
7187,-0.269273,-0.299192,-0.299192
7188,-0.299192,-0.329111,-0.329111
7189,-0.269273,-0.329111,-0.329111
7190,-0.299192,-0.329111,-0.329111
7191,-0.299192,-0.329111,-0.329111
7192,-0.299192,-0.329111,-0.329111
7193,-0.299192,-0.329111,-0.329111
7194,-0.269273,-0.329111,-0.329111
7195,-0.269273,-0.329111,-0.329111
7196,-0.269273,-0.329111,-0.329111
7197,-0.269273,-0.329111,-0.329111
7198,-0.269273,-0.329111,-0.329111
7199,-0.329111,-0.359030,-0.359030
7200,-0.329111,-0.388950,-0.388950
7201,-0.329111,-0.359030,-0.359030
7202,-0.299192,-0.359030,-0.329111
7203,-0.269273,-0.329111,-0.329111
7204,-0.239354,-0.299192,-0.299192
7205,-0.239354,-0.269273,-0.299192
7206,-0.239354,-0.299192,-0.269273
7207,-0.239354,-0.299192,-0.269273
7208,-0.239354,-0.299192,-0.299192
7209,-0.239354,-0.299192,-0.299192
7210,-0.269273,-0.299192,-0.299192
7211,-0.269273,-0.299192,-0.299192
7212,-0.269273,-0.299192,-0.299192
7213,-0.269273,-0.329111,-0.299192
7214,-0.269273,-0.329111,-0.299192
7215,-0.209434,-0.269273,-0.239354
7216,-0.179515,-0.239354,-0.239354
7217,-0.209434,-0.269273,-0.269273
7218,-0.239354,-0.269273,-0.269273
7219,-0.269273,-0.329111,-0.329111
7220,-0.299192,-0.359030,-0.329111
7221,-0.299192,-0.359030,-0.359030
7222,-0.299192,-0.359030,-0.359030
7223,-0.299192,-0.359030,-0.359030
7224,-0.299192,-0.359030,-0.359030
7225,-0.299192,-0.359030,-0.359030
7226,-0.299192,-0.329111,-0.329111
7227,-0.299192,-0.329111,-0.329111
7228,-0.269273,-0.329111,-0.329111
7229,-0.269273,-0.329111,-0.329111
7230,-0.299192,-0.329111,-0.329111
7231,-0.329111,-0.388950,-0.388950
7232,-0.359030,-0.388950,-0.388950
7233,-0.329111,-0.388950,-0.359030
7234,-0.299192,-0.359030,-0.359030
7235,-0.269273,-0.329111,-0.329111
7236,-0.239354,-0.299192,-0.299192
7237,-0.239354,-0.299192,-0.269273
7238,-0.239354,-0.299192,-0.269273
7239,-0.239354,-0.299192,-0.269273
7240,-0.239354,-0.299192,-0.269273
7241,-0.239354,-0.299192,-0.269273
7242,-0.269273,-0.299192,-0.299192
7243,-0.269273,-0.299192,-0.299192
7244,-0.269273,-0.299192,-0.299192
7245,-0.269273,-0.329111,-0.299192
7246,-0.269273,-0.299192,-0.299192
7247,-0.209434,-0.239354,-0.239354
7248,-0.179515,-0.239354,-0.239354
7249,-0.209434,-0.269273,-0.239354
7250,-0.239354,-0.269273,-0.269273
7251,-0.269273,-0.299192,-0.299192
7252,-0.299192,-0.329111,-0.329111
7253,-0.299192,-0.359030,-0.329111
7254,-0.299192,-0.329111,-0.329111
7255,-0.299192,-0.329111,-0.329111
7256,-0.299192,-0.329111,-0.329111
7257,-0.299192,-0.329111,-0.329111
7258,-0.269273,-0.329111,-0.329111
7259,-0.269273,-0.329111,-0.299192
7260,-0.269273,-0.299192,-0.299192
7261,-0.269273,-0.329111,-0.299192
7262,-0.269273,-0.329111,-0.299192
7263,-0.329111,-0.359030,-0.359030
7264,-0.329111,-0.388950,-0.388950
7265,-0.299192,-0.359030,-0.359030
7266,-0.299192,-0.329111,-0.329111
7267,-0.269273,-0.299192,-0.299192
7268,-0.239354,-0.299192,-0.299192
7269,-0.239354,-0.299192,-0.269273
7270,-0.239354,-0.299192,-0.269273
7271,-0.239354,-0.299192,-0.269273
7272,-0.239354,-0.299192,-0.269273
7273,-0.239354,-0.269273,-0.269273
7274,-0.239354,-0.269273,-0.269273
7275,-0.239354,-0.299192,-0.299192
7276,-0.239354,-0.299192,-0.299192
7277,-0.239354,-0.299192,-0.299192
7278,-0.239354,-0.299192,-0.299192
7279,-0.209434,-0.239354,-0.239354
7280,-0.179515,-0.239354,-0.239354
7281,-0.209434,-0.269273,-0.269273
7282,-0.239354,-0.269273,-0.269273
7283,-0.239354,-0.299192,-0.299192
7284,-0.269273,-0.299192,-0.299192
7285,-0.269273,-0.329111,-0.299192
7286,-0.269273,-0.299192,-0.299192
7287,-0.269273,-0.299192,-0.299192
7288,-0.269273,-0.299192,-0.299192
7289,-0.269273,-0.299192,-0.299192
7290,-0.269273,-0.299192,-0.299192
7291,-0.269273,-0.299192,-0.299192
7292,-0.269273,-0.299192,-0.299192
7293,-0.269273,-0.299192,-0.299192
7294,-0.269273,-0.299192,-0.299192
7295,-0.299192,-0.329111,-0.329111
7296,-0.299192,-0.359030,-0.329111
7297,-0.299192,-0.329111,-0.329111
7298,-0.269273,-0.329111,-0.329111
7299,-0.269273,-0.299192,-0.299192
7300,-0.239354,-0.269273,-0.269273
7301,-0.239354,-0.269273,-0.269273
7302,-0.239354,-0.269273,-0.269273
7303,-0.239354,-0.269273,-0.269273
7304,-0.239354,-0.269273,-0.269273
7305,-0.239354,-0.269273,-0.269273
7306,-0.239354,-0.269273,-0.269273
7307,-0.239354,-0.269273,-0.269273
7308,-0.239354,-0.299192,-0.269273
7309,-0.239354,-0.299192,-0.269273
7310,-0.239354,-0.299192,-0.269273
7311,-0.209434,-0.239354,-0.239354
7312,-0.179515,-0.239354,-0.239354
7313,-0.209434,-0.269273,-0.239354
7314,-0.209434,-0.269273,-0.269273
7315,-0.239354,-0.299192,-0.299192
7316,-0.269273,-0.299192,-0.299192
7317,-0.269273,-0.299192,-0.299192
7318,-0.269273,-0.299192,-0.299192
7319,-0.269273,-0.299192,-0.299192
7320,-0.269273,-0.299192,-0.299192
7321,-0.269273,-0.299192,-0.299192
7322,-0.269273,-0.299192,-0.299192
7323,-0.269273,-0.299192,-0.299192
7324,-0.269273,-0.299192,-0.299192
7325,-0.239354,-0.299192,-0.299192
7326,-0.269273,-0.299192,-0.299192
7327,-0.299192,-0.329111,-0.329111
7328,-0.299192,-0.359030,-0.359030
7329,-0.299192,-0.329111,-0.329111
7330,-0.269273,-0.329111,-0.299192
7331,-0.239354,-0.299192,-0.299192
7332,-0.239354,-0.269273,-0.269273
7333,-0.239354,-0.269273,-0.269273
7334,-0.239354,-0.269273,-0.269273
7335,-0.239354,-0.269273,-0.269273
7336,-0.209434,-0.269273,-0.269273
7337,-0.239354,-0.269273,-0.269273
7338,-0.239354,-0.269273,-0.269273
7339,-0.239354,-0.269273,-0.269273
7340,-0.239354,-0.269273,-0.269273
7341,-0.239354,-0.299192,-0.269273
7342,-0.239354,-0.269273,-0.269273
7343,-0.179515,-0.239354,-0.239354
7344,-0.179515,-0.239354,-0.239354
7345,-0.209434,-0.239354,-0.239354
7346,-0.209434,-0.269273,-0.269273
7347,-0.239354,-0.299192,-0.269273
7348,-0.269273,-0.299192,-0.299192
7349,-0.269273,-0.299192,-0.299192
7350,-0.269273,-0.299192,-0.299192
7351,-0.269273,-0.299192,-0.299192
7352,-0.269273,-0.329111,-0.299192
7353,-0.269273,-0.299192,-0.299192
7354,-0.269273,-0.299192,-0.299192
7355,-0.239354,-0.299192,-0.299192
7356,-0.239354,-0.299192,-0.299192
7357,-0.239354,-0.299192,-0.299192
7358,-0.269273,-0.299192,-0.299192
7359,-0.299192,-0.329111,-0.329111
7360,-0.299192,-0.329111,-0.329111
7361,-0.269273,-0.329111,-0.329111
7362,-0.269273,-0.329111,-0.299192
7363,-0.239354,-0.299192,-0.299192
7364,-0.239354,-0.269273,-0.269273
7365,-0.239354,-0.269273,-0.269273
7366,-0.239354,-0.269273,-0.269273
7367,-0.209434,-0.269273,-0.269273
7368,-0.209434,-0.269273,-0.269273
7369,-0.209434,-0.269273,-0.269273
7370,-0.239354,-0.269273,-0.269273
7371,-0.239354,-0.269273,-0.269273
7372,-0.239354,-0.269273,-0.269273
7373,-0.239354,-0.269273,-0.269273
7374,-0.239354,-0.269273,-0.269273
7375,-0.179515,-0.239354,-0.239354
7376,-0.179515,-0.239354,-0.209434
7377,-0.209434,-0.239354,-0.239354
7378,-0.209434,-0.269273,-0.269273
7379,-0.239354,-0.299192,-0.269273
7380,-0.269273,-0.299192,-0.299192
7381,-0.269273,-0.299192,-0.299192
7382,-0.269273,-0.299192,-0.299192
7383,-0.269273,-0.299192,-0.299192
7384,-0.269273,-0.299192,-0.299192
7385,-0.269273,-0.299192,-0.299192
7386,-0.239354,-0.299192,-0.299192
7387,-0.239354,-0.299192,-0.299192
7388,-0.239354,-0.299192,-0.299192
7389,-0.239354,-0.299192,-0.299192
7390,-0.239354,-0.299192,-0.299192
7391,-0.299192,-0.329111,-0.329111
7392,-0.299192,-0.329111,-0.329111
7393,-0.269273,-0.329111,-0.329111
7394,-0.269273,-0.329111,-0.299192
7395,-0.239354,-0.299192,-0.299192
7396,-0.209434,-0.269273,-0.269273
7397,-0.209434,-0.269273,-0.269273
7398,-0.209434,-0.269273,-0.269273
7399,-0.209434,-0.269273,-0.269273
7400,-0.209434,-0.269273,-0.269273
7401,-0.209434,-0.269273,-0.269273
7402,-0.239354,-0.269273,-0.269273
7403,-0.239354,-0.269273,-0.269273
7404,-0.239354,-0.269273,-0.269273
7405,-0.239354,-0.299192,-0.269273
7406,-0.239354,-0.269273,-0.269273
7407,-0.179515,-0.239354,-0.239354
7408,-0.179515,-0.239354,-0.239354
7409,-0.209434,-0.239354,-0.239354
7410,-0.209434,-0.269273,-0.239354
7411,-0.239354,-0.299192,-0.269273
7412,-0.269273,-0.299192,-0.299192
7413,-0.269273,-0.299192,-0.299192
7414,-0.269273,-0.299192,-0.299192
7415,-0.239354,-0.299192,-0.299192
7416,-0.239354,-0.299192,-0.299192
7417,-0.269273,-0.299192,-0.299192
7418,-0.239354,-0.299192,-0.299192
7419,-0.239354,-0.299192,-0.299192
7420,-0.239354,-0.269273,-0.299192
7421,-0.239354,-0.299192,-0.269273
7422,-0.269273,-0.299192,-0.299192
7423,-0.299192,-0.329111,-0.329111
7424,-0.299192,-0.329111,-0.329111
7425,-0.269273,-0.329111,-0.299192
7426,-0.269273,-0.299192,-0.299192
7427,-0.239354,-0.299192,-0.269273
7428,-0.209434,-0.269273,-0.269273
7429,-0.209434,-0.269273,-0.269273
7430,-0.209434,-0.269273,-0.269273
7431,-0.209434,-0.269273,-0.269273
7432,-0.209434,-0.269273,-0.269273
7433,-0.209434,-0.269273,-0.269273
7434,-0.209434,-0.269273,-0.269273
7435,-0.239354,-0.269273,-0.269273
7436,-0.239354,-0.269273,-0.269273
7437,-0.239354,-0.269273,-0.269273
7438,-0.209434,-0.269273,-0.269273
7439,-0.179515,-0.239354,-0.209434
7440,-0.179515,-0.239354,-0.209434
7441,-0.209434,-0.239354,-0.239354
7442,-0.209434,-0.269273,-0.269273
7443,-0.239354,-0.269273,-0.269273
7444,-0.269273,-0.299192,-0.299192
7445,-0.269273,-0.299192,-0.299192
7446,-0.239354,-0.299192,-0.299192
7447,-0.239354,-0.299192,-0.299192
7448,-0.239354,-0.299192,-0.299192
7449,-0.239354,-0.299192,-0.299192
7450,-0.239354,-0.299192,-0.299192
7451,-0.239354,-0.299192,-0.299192
7452,-0.239354,-0.299192,-0.269273
7453,-0.239354,-0.299192,-0.269273
7454,-0.239354,-0.299192,-0.299192
7455,-0.269273,-0.329111,-0.329111
7456,-0.299192,-0.329111,-0.329111
7457,-0.269273,-0.329111,-0.329111
7458,-0.269273,-0.299192,-0.299192
7459,-0.239354,-0.269273,-0.269273
7460,-0.209434,-0.269273,-0.269273
7461,-0.209434,-0.269273,-0.269273
7462,-0.209434,-0.269273,-0.269273
7463,-0.209434,-0.269273,-0.269273
7464,-0.209434,-0.269273,-0.269273
7465,-0.209434,-0.269273,-0.269273
7466,-0.209434,-0.269273,-0.269273
7467,-0.239354,-0.269273,-0.269273
7468,-0.239354,-0.269273,-0.269273
7469,-0.239354,-0.269273,-0.269273
7470,-0.209434,-0.269273,-0.269273
7471,-0.179515,-0.209434,-0.209434
7472,-0.179515,-0.239354,-0.209434
7473,-0.209434,-0.239354,-0.239354
7474,-0.209434,-0.269273,-0.239354
7475,-0.239354,-0.299192,-0.269273
7476,-0.239354,-0.299192,-0.299192
7477,-0.239354,-0.299192,-0.299192
7478,-0.239354,-0.299192,-0.299192
7479,-0.239354,-0.299192,-0.299192
7480,-0.269273,-0.299192,-0.299192
7481,-0.239354,-0.299192,-0.299192
7482,-0.239354,-0.299192,-0.299192
7483,-0.239354,-0.299192,-0.269273
7484,-0.239354,-0.269273,-0.269273
7485,-0.239354,-0.269273,-0.269273
7486,-0.239354,-0.299192,-0.299192
7487,-0.269273,-0.329111,-0.329111
7488,-0.299192,-0.329111,-0.329111
7489,-0.269273,-0.329111,-0.299192
7490,-0.269273,-0.299192,-0.299192
7491,-0.239354,-0.269273,-0.269273
7492,-0.209434,-0.269273,-0.269273
7493,-0.209434,-0.269273,-0.239354
7494,-0.209434,-0.269273,-0.239354
7495,-0.209434,-0.269273,-0.269273
7496,-0.209434,-0.269273,-0.269273
7497,-0.209434,-0.269273,-0.269273
7498,-0.209434,-0.269273,-0.269273
7499,-0.239354,-0.269273,-0.269273
7500,-0.239354,-0.269273,-0.269273
7501,-0.209434,-0.269273,-0.269273
7502,-0.209434,-0.269273,-0.239354
7503,-0.179515,-0.239354,-0.209434
7504,-0.179515,-0.239354,-0.209434
7505,-0.179515,-0.239354,-0.239354
7506,-0.209434,-0.269273,-0.239354
7507,-0.239354,-0.269273,-0.269273
7508,-0.239354,-0.299192,-0.299192
7509,-0.239354,-0.299192,-0.299192
7510,-0.239354,-0.299192,-0.299192
7511,-0.239354,-0.299192,-0.299192
7512,-0.239354,-0.299192,-0.299192
7513,-0.239354,-0.299192,-0.299192
7514,-0.239354,-0.299192,-0.269273
7515,-0.239354,-0.269273,-0.269273
7516,-0.239354,-0.269273,-0.269273
7517,-0.239354,-0.269273,-0.269273
7518,-0.239354,-0.299192,-0.299192
7519,-0.269273,-0.329111,-0.329111
7520,-0.269273,-0.329111,-0.329111
7521,-0.269273,-0.299192,-0.299192
7522,-0.239354,-0.299192,-0.299192
7523,-0.239354,-0.269273,-0.269273
7524,-0.209434,-0.269273,-0.269273
7525,-0.209434,-0.269273,-0.269273
7526,-0.209434,-0.269273,-0.239354
7527,-0.209434,-0.269273,-0.239354
7528,-0.209434,-0.269273,-0.269273
7529,-0.209434,-0.269273,-0.239354
7530,-0.209434,-0.269273,-0.269273
7531,-0.209434,-0.269273,-0.269273
7532,-0.209434,-0.269273,-0.269273
7533,-0.209434,-0.269273,-0.269273
7534,-0.209434,-0.269273,-0.269273
7535,-0.179515,-0.209434,-0.209434
7536,-0.179515,-0.239354,-0.209434
7537,-0.209434,-0.239354,-0.239354
7538,-0.209434,-0.239354,-0.239354
7539,-0.239354,-0.269273,-0.269273
7540,-0.239354,-0.299192,-0.269273
7541,-0.239354,-0.299192,-0.299192
7542,-0.239354,-0.299192,-0.299192
7543,-0.239354,-0.299192,-0.299192
7544,-0.239354,-0.299192,-0.299192
7545,-0.239354,-0.299192,-0.269273
7546,-0.239354,-0.299192,-0.269273
7547,-0.239354,-0.269273,-0.269273
7548,-0.239354,-0.269273,-0.269273
7549,-0.239354,-0.269273,-0.269273
7550,-0.239354,-0.299192,-0.269273
7551,-0.269273,-0.329111,-0.299192
7552,-0.269273,-0.329111,-0.329111
7553,-0.269273,-0.299192,-0.299192
7554,-0.239354,-0.299192,-0.299192
7555,-0.239354,-0.269273,-0.269273
7556,-0.209434,-0.269273,-0.269273
7557,-0.209434,-0.269273,-0.239354
7558,-0.209434,-0.239354,-0.239354
7559,-0.209434,-0.239354,-0.239354
7560,-0.209434,-0.239354,-0.239354
7561,-0.209434,-0.239354,-0.239354
7562,-0.209434,-0.239354,-0.269273
7563,-0.209434,-0.269273,-0.269273
7564,-0.209434,-0.269273,-0.269273
7565,-0.209434,-0.269273,-0.269273
7566,-0.209434,-0.239354,-0.239354
7567,-0.179515,-0.209434,-0.209434
7568,-0.179515,-0.209434,-0.209434
7569,-0.179515,-0.239354,-0.239354
7570,-0.209434,-0.239354,-0.239354
7571,-0.209434,-0.269273,-0.269273
7572,-0.239354,-0.299192,-0.269273
7573,-0.239354,-0.299192,-0.269273
7574,-0.239354,-0.299192,-0.269273
7575,-0.239354,-0.299192,-0.269273
7576,-0.239354,-0.299192,-0.269273
7577,-0.239354,-0.269273,-0.269273
7578,-0.239354,-0.269273,-0.269273
7579,-0.239354,-0.269273,-0.269273
7580,-0.209434,-0.269273,-0.269273
7581,-0.239354,-0.269273,-0.269273
7582,-0.239354,-0.269273,-0.269273
7583,-0.269273,-0.329111,-0.299192
7584,-0.269273,-0.329111,-0.299192
7585,-0.269273,-0.299192,-0.299192
7586,-0.239354,-0.299192,-0.269273
7587,-0.209434,-0.269273,-0.269273
7588,-0.209434,-0.239354,-0.239354
7589,-0.209434,-0.239354,-0.239354
7590,-0.209434,-0.239354,-0.239354
7591,-0.209434,-0.239354,-0.239354
7592,-0.209434,-0.239354,-0.239354
7593,-0.209434,-0.239354,-0.239354
7594,-0.209434,-0.269273,-0.239354
7595,-0.209434,-0.239354,-0.239354
7596,-0.209434,-0.269273,-0.269273
7597,-0.209434,-0.269273,-0.239354
7598,-0.209434,-0.239354,-0.239354
7599,-0.149596,-0.209434,-0.209434
7600,-0.149596,-0.209434,-0.209434
7601,-0.179515,-0.239354,-0.209434
7602,-0.209434,-0.239354,-0.239354
7603,-0.209434,-0.269273,-0.269273
7604,-0.239354,-0.269273,-0.269273
7605,-0.239354,-0.269273,-0.269273
7606,-0.239354,-0.269273,-0.269273
7607,-0.239354,-0.269273,-0.269273
7608,-0.239354,-0.269273,-0.269273
7609,-0.239354,-0.269273,-0.269273
7610,-0.209434,-0.269273,-0.269273
7611,-0.209434,-0.269273,-0.269273
7612,-0.209434,-0.269273,-0.269273
7613,-0.209434,-0.269273,-0.269273
7614,-0.239354,-0.269273,-0.269273
7615,-0.269273,-0.299192,-0.299192
7616,-0.269273,-0.299192,-0.299192
7617,-0.239354,-0.299192,-0.299192
7618,-0.239354,-0.269273,-0.269273
7619,-0.209434,-0.269273,-0.239354
7620,-0.209434,-0.239354,-0.239354
7621,-0.209434,-0.239354,-0.239354
7622,-0.179515,-0.239354,-0.239354
7623,-0.179515,-0.239354,-0.239354
7624,-0.179515,-0.239354,-0.239354
7625,-0.179515,-0.239354,-0.239354
7626,-0.209434,-0.239354,-0.239354
7627,-0.209434,-0.239354,-0.239354
7628,-0.209434,-0.239354,-0.239354
7629,-0.209434,-0.239354,-0.239354
7630,-0.179515,-0.239354,-0.239354
7631,-0.149596,-0.209434,-0.209434
7632,-0.149596,-0.209434,-0.209434
7633,-0.179515,-0.209434,-0.209434
7634,-0.179515,-0.239354,-0.239354
7635,-0.209434,-0.269273,-0.269273
7636,-0.209434,-0.269273,-0.269273
7637,-0.209434,-0.269273,-0.269273
7638,-0.209434,-0.269273,-0.269273
7639,-0.239354,-0.269273,-0.269273
7640,-0.239354,-0.269273,-0.269273
7641,-0.209434,-0.269273,-0.269273
7642,-0.209434,-0.269273,-0.269273
7643,-0.209434,-0.269273,-0.269273
7644,-0.209434,-0.269273,-0.269273
7645,-0.209434,-0.239354,-0.239354
7646,-0.209434,-0.269273,-0.269273
7647,-0.269273,-0.299192,-0.299192
7648,-0.239354,-0.299192,-0.299192
7649,-0.239354,-0.269273,-0.269273
7650,-0.209434,-0.269273,-0.269273
7651,-0.209434,-0.239354,-0.239354
7652,-0.209434,-0.239354,-0.239354
7653,-0.179515,-0.239354,-0.239354
7654,-0.179515,-0.239354,-0.209434
7655,-0.179515,-0.239354,-0.239354
7656,-0.179515,-0.239354,-0.209434
7657,-0.179515,-0.239354,-0.209434
7658,-0.179515,-0.239354,-0.239354
7659,-0.179515,-0.239354,-0.239354
7660,-0.179515,-0.239354,-0.239354
7661,-0.179515,-0.239354,-0.239354
7662,-0.179515,-0.239354,-0.209434
7663,-0.149596,-0.179515,-0.179515
7664,-0.149596,-0.179515,-0.179515
7665,-0.149596,-0.209434,-0.209434
7666,-0.179515,-0.209434,-0.209434
7667,-0.209434,-0.239354,-0.239354
7668,-0.209434,-0.269273,-0.239354
7669,-0.209434,-0.239354,-0.239354
7670,-0.209434,-0.269273,-0.239354
7671,-0.209434,-0.239354,-0.239354
7672,-0.209434,-0.239354,-0.239354
7673,-0.209434,-0.239354,-0.239354
7674,-0.209434,-0.239354,-0.239354
7675,-0.209434,-0.239354,-0.239354
7676,-0.179515,-0.239354,-0.239354
7677,-0.179515,-0.239354,-0.239354
7678,-0.209434,-0.239354,-0.239354
7679,-0.239354,-0.269273,-0.269273
7680,-0.239354,-0.269273,-0.269273
7681,-0.209434,-0.269273,-0.269273
7682,-0.209434,-0.239354,-0.239354
7683,-0.179515,-0.209434,-0.209434
7684,-0.179515,-0.209434,-0.209434
7685,-0.149596,-0.209434,-0.209434
7686,-0.149596,-0.209434,-0.209434
7687,-0.149596,-0.209434,-0.209434
7688,-0.149596,-0.209434,-0.209434
7689,-0.149596,-0.209434,-0.209434
7690,-0.179515,-0.209434,-0.209434
7691,-0.179515,-0.209434,-0.209434
7692,-0.179515,-0.209434,-0.209434
7693,-0.179515,-0.209434,-0.209434
7694,-0.149596,-0.209434,-0.209434
7695,-0.119677,-0.179515,-0.179515
7696,-0.119677,-0.179515,-0.179515
7697,-0.149596,-0.179515,-0.179515
7698,-0.149596,-0.209434,-0.209434
7699,-0.179515,-0.239354,-0.209434
7700,-0.179515,-0.239354,-0.239354
7701,-0.179515,-0.239354,-0.239354
7702,-0.179515,-0.239354,-0.239354
7703,-0.179515,-0.239354,-0.239354
7704,-0.179515,-0.239354,-0.239354
7705,-0.179515,-0.239354,-0.239354
7706,-0.179515,-0.239354,-0.239354
7707,-0.179515,-0.239354,-0.209434
7708,-0.179515,-0.209434,-0.209434
7709,-0.179515,-0.239354,-0.209434
7710,-0.179515,-0.239354,-0.239354
7711,-0.209434,-0.269273,-0.269273
7712,-0.209434,-0.269273,-0.269273
7713,-0.209434,-0.239354,-0.239354
7714,-0.179515,-0.239354,-0.239354
7715,-0.179515,-0.209434,-0.209434
7716,-0.149596,-0.209434,-0.209434
7717,-0.149596,-0.209434,-0.179515
7718,-0.149596,-0.209434,-0.179515
7719,-0.149596,-0.209434,-0.209434
7720,-0.149596,-0.209434,-0.179515
7721,-0.149596,-0.209434,-0.179515
7722,-0.149596,-0.209434,-0.209434
7723,-0.149596,-0.209434,-0.209434
7724,-0.149596,-0.209434,-0.209434
7725,-0.149596,-0.209434,-0.209434
7726,-0.149596,-0.179515,-0.179515
7727,-0.089758,-0.149596,-0.149596
7728,-0.119677,-0.149596,-0.149596
7729,-0.119677,-0.179515,-0.179515
7730,-0.149596,-0.179515,-0.179515
7731,-0.179515,-0.209434,-0.209434
7732,-0.179515,-0.239354,-0.239354
7733,-0.179515,-0.239354,-0.209434
7734,-0.179515,-0.239354,-0.209434
7735,-0.179515,-0.209434,-0.209434
7736,-0.179515,-0.239354,-0.209434
7737,-0.179515,-0.209434,-0.209434
7738,-0.179515,-0.209434,-0.209434
7739,-0.149596,-0.209434,-0.209434
7740,-0.149596,-0.209434,-0.209434
7741,-0.149596,-0.209434,-0.209434
7742,-0.179515,-0.239354,-0.239354
7743,-0.209434,-0.269273,-0.239354
7744,-0.209434,-0.239354,-0.239354
7745,-0.179515,-0.239354,-0.239354
7746,-0.179515,-0.209434,-0.209434
7747,-0.149596,-0.209434,-0.179515
7748,-0.149596,-0.179515,-0.179515
7749,-0.149596,-0.179515,-0.179515
7750,-0.119677,-0.179515,-0.179515
7751,-0.119677,-0.179515,-0.179515
7752,-0.119677,-0.179515,-0.179515
7753,-0.149596,-0.179515,-0.179515
7754,-0.149596,-0.179515,-0.179515
7755,-0.149596,-0.179515,-0.179515
7756,-0.149596,-0.209434,-0.179515
7757,-0.149596,-0.179515,-0.179515
7758,-0.119677,-0.179515,-0.179515
7759,-0.089758,-0.149596,-0.149596
7760,-0.089758,-0.149596,-0.149596
7761,-0.119677,-0.149596,-0.149596
7762,-0.119677,-0.179515,-0.179515
7763,-0.149596,-0.209434,-0.209434
7764,-0.179515,-0.209434,-0.209434
7765,-0.179515,-0.209434,-0.209434
7766,-0.149596,-0.209434,-0.209434
7767,-0.149596,-0.209434,-0.209434
7768,-0.179515,-0.209434,-0.209434
7769,-0.179515,-0.209434,-0.209434
7770,-0.149596,-0.209434,-0.209434
7771,-0.149596,-0.209434,-0.209434
7772,-0.149596,-0.209434,-0.179515
7773,-0.149596,-0.209434,-0.179515
7774,-0.179515,-0.209434,-0.209434
7775,-0.179515,-0.239354,-0.239354
7776,-0.179515,-0.239354,-0.239354
7777,-0.179515,-0.209434,-0.209434
7778,-0.149596,-0.209434,-0.209434
7779,-0.119677,-0.179515,-0.179515
7780,-0.119677,-0.179515,-0.179515
7781,-0.119677,-0.149596,-0.149596
7782,-0.119677,-0.179515,-0.149596
7783,-0.119677,-0.179515,-0.179515
7784,-0.119677,-0.149596,-0.149596
7785,-0.119677,-0.179515,-0.149596
7786,-0.119677,-0.179515,-0.179515
7787,-0.119677,-0.179515,-0.179515
7788,-0.119677,-0.179515,-0.179515
7789,-0.119677,-0.179515,-0.179515
7790,-0.119677,-0.149596,-0.149596
7791,-0.059838,-0.119677,-0.119677
7792,-0.089758,-0.119677,-0.119677
7793,-0.089758,-0.149596,-0.149596
7794,-0.119677,-0.149596,-0.149596
7795,-0.149596,-0.179515,-0.179515
7796,-0.149596,-0.209434,-0.209434
7797,-0.149596,-0.209434,-0.179515
7798,-0.149596,-0.209434,-0.179515
7799,-0.149596,-0.179515,-0.179515
7800,-0.149596,-0.209434,-0.209434
7801,-0.149596,-0.209434,-0.179515
7802,-0.149596,-0.209434,-0.179515
7803,-0.149596,-0.179515,-0.179515
7804,-0.149596,-0.179515,-0.179515
7805,-0.149596,-0.179515,-0.179515
7806,-0.149596,-0.209434,-0.209434
7807,-0.179515,-0.239354,-0.239354
7808,-0.179515,-0.209434,-0.209434
7809,-0.179515,-0.209434,-0.209434
7810,-0.149596,-0.209434,-0.209434
7811,-0.119677,-0.179515,-0.179515
7812,-0.119677,-0.179515,-0.149596
7813,-0.119677,-0.149596,-0.149596
7814,-0.119677,-0.149596,-0.149596
7815,-0.119677,-0.179515,-0.149596
7816,-0.119677,-0.149596,-0.149596
7817,-0.119677,-0.149596,-0.149596
7818,-0.119677,-0.179515,-0.149596
7819,-0.119677,-0.179515,-0.179515
7820,-0.119677,-0.179515,-0.179515
7821,-0.119677,-0.179515,-0.179515
7822,-0.089758,-0.149596,-0.149596
7823,-0.089758,-0.119677,-0.119677
7824,-0.089758,-0.119677,-0.119677
7825,-0.089758,-0.149596,-0.149596
7826,-0.119677,-0.149596,-0.149596
7827,-0.149596,-0.179515,-0.179515
7828,-0.149596,-0.179515,-0.209434
7829,-0.149596,-0.179515,-0.179515
7830,-0.149596,-0.209434,-0.209434
7831,-0.149596,-0.209434,-0.179515
7832,-0.149596,-0.209434,-0.209434
7833,-0.149596,-0.209434,-0.179515
7834,-0.149596,-0.179515,-0.179515
7835,-0.149596,-0.179515,-0.179515
7836,-0.149596,-0.179515,-0.179515
7837,-0.149596,-0.179515,-0.179515
7838,-0.149596,-0.209434,-0.209434
7839,-0.179515,-0.239354,-0.239354
7840,-0.179515,-0.209434,-0.209434
7841,-0.179515,-0.209434,-0.209434
7842,-0.149596,-0.209434,-0.179515
7843,-0.119677,-0.179515,-0.179515
7844,-0.119677,-0.149596,-0.149596
7845,-0.119677,-0.149596,-0.149596
7846,-0.119677,-0.149596,-0.149596
7847,-0.119677,-0.149596,-0.149596
7848,-0.119677,-0.149596,-0.149596
7849,-0.119677,-0.179515,-0.149596
7850,-0.119677,-0.179515,-0.149596
7851,-0.119677,-0.179515,-0.179515
7852,-0.119677,-0.179515,-0.179515
7853,-0.119677,-0.179515,-0.179515
7854,-0.119677,-0.149596,-0.149596
7855,-0.059838,-0.119677,-0.119677
7856,-0.089758,-0.119677,-0.119677
7857,-0.089758,-0.149596,-0.149596
7858,-0.119677,-0.149596,-0.149596
7859,-0.149596,-0.179515,-0.179515
7860,-0.149596,-0.179515,-0.179515
7861,-0.149596,-0.209434,-0.209434
7862,-0.149596,-0.209434,-0.209434
7863,-0.149596,-0.209434,-0.179515
7864,-0.149596,-0.209434,-0.209434
7865,-0.149596,-0.209434,-0.179515
7866,-0.149596,-0.179515,-0.179515
7867,-0.149596,-0.179515,-0.179515
7868,-0.149596,-0.179515,-0.179515
7869,-0.149596,-0.179515,-0.179515
7870,-0.149596,-0.209434,-0.209434
7871,-0.179515,-0.239354,-0.239354
7872,-0.179515,-0.239354,-0.239354
7873,-0.179515,-0.209434,-0.209434
7874,-0.149596,-0.209434,-0.209434
7875,-0.119677,-0.179515,-0.179515
7876,-0.119677,-0.179515,-0.179515
7877,-0.119677,-0.179515,-0.149596
7878,-0.119677,-0.179515,-0.149596
7879,-0.119677,-0.179515,-0.179515
7880,-0.119677,-0.179515,-0.179515
7881,-0.119677,-0.179515,-0.179515
7882,-0.119677,-0.179515,-0.179515
7883,-0.119677,-0.179515,-0.179515
7884,-0.119677,-0.179515,-0.179515
7885,-0.119677,-0.179515,-0.179515
7886,-0.119677,-0.149596,-0.149596
7887,-0.089758,-0.119677,-0.119677
7888,-0.089758,-0.149596,-0.149596
7889,-0.119677,-0.149596,-0.149596
7890,-0.149596,-0.179515,-0.179515
7891,-0.149596,-0.209434,-0.209434
7892,-0.149596,-0.209434,-0.209434
7893,-0.179515,-0.209434,-0.209434
7894,-0.179515,-0.209434,-0.209434
7895,-0.149596,-0.209434,-0.209434
7896,-0.179515,-0.209434,-0.209434
7897,-0.149596,-0.209434,-0.209434
7898,-0.149596,-0.209434,-0.209434
7899,-0.149596,-0.209434,-0.209434
7900,-0.149596,-0.209434,-0.209434
7901,-0.149596,-0.209434,-0.179515
7902,-0.179515,-0.209434,-0.209434
7903,-0.209434,-0.239354,-0.239354
7904,-0.209434,-0.239354,-0.239354
7905,-0.179515,-0.239354,-0.239354
7906,-0.149596,-0.209434,-0.209434
7907,-0.149596,-0.179515,-0.179515
7908,-0.149596,-0.179515,-0.179515
7909,-0.119677,-0.179515,-0.179515
7910,-0.119677,-0.179515,-0.179515
7911,-0.119677,-0.179515,-0.179515
7912,-0.119677,-0.179515,-0.179515
7913,-0.149596,-0.179515,-0.179515
7914,-0.149596,-0.179515,-0.179515
7915,-0.149596,-0.179515,-0.179515
7916,-0.149596,-0.179515,-0.179515
7917,-0.149596,-0.209434,-0.179515
7918,-0.119677,-0.179515,-0.149596
7919,-0.089758,-0.149596,-0.119677
7920,-0.119677,-0.149596,-0.149596
7921,-0.119677,-0.179515,-0.179515
7922,-0.149596,-0.179515,-0.179515
7923,-0.179515,-0.209434,-0.209434
7924,-0.179515,-0.209434,-0.209434
7925,-0.179515,-0.239354,-0.209434
7926,-0.179515,-0.209434,-0.209434
7927,-0.179515,-0.209434,-0.209434
7928,-0.179515,-0.209434,-0.209434
7929,-0.179515,-0.209434,-0.209434
7930,-0.179515,-0.209434,-0.209434
7931,-0.149596,-0.209434,-0.209434
7932,-0.149596,-0.209434,-0.209434
7933,-0.149596,-0.209434,-0.209434
7934,-0.179515,-0.239354,-0.239354
7935,-0.209434,-0.269273,-0.239354
7936,-0.209434,-0.239354,-0.239354
7937,-0.179515,-0.239354,-0.239354
7938,-0.179515,-0.209434,-0.209434
7939,-0.149596,-0.209434,-0.209434
7940,-0.149596,-0.179515,-0.179515
7941,-0.149596,-0.179515,-0.179515
7942,-0.149596,-0.179515,-0.179515
7943,-0.149596,-0.179515,-0.179515
7944,-0.149596,-0.179515,-0.179515
7945,-0.149596,-0.179515,-0.179515
7946,-0.149596,-0.209434,-0.209434
7947,-0.149596,-0.209434,-0.209434
7948,-0.149596,-0.209434,-0.209434
7949,-0.149596,-0.209434,-0.209434
7950,-0.119677,-0.179515,-0.179515
7951,-0.119677,-0.149596,-0.149596
7952,-0.119677,-0.179515,-0.149596
7953,-0.119677,-0.179515,-0.179515
7954,-0.149596,-0.209434,-0.209434
7955,-0.179515,-0.209434,-0.209434
7956,-0.179515,-0.239354,-0.209434
7957,-0.179515,-0.239354,-0.239354
7958,-0.179515,-0.209434,-0.209434
7959,-0.179515,-0.239354,-0.209434
7960,-0.179515,-0.239354,-0.239354
7961,-0.179515,-0.209434,-0.239354
7962,-0.179515,-0.209434,-0.209434
7963,-0.179515,-0.209434,-0.209434
7964,-0.179515,-0.209434,-0.209434
7965,-0.179515,-0.209434,-0.209434
7966,-0.209434,-0.239354,-0.239354
7967,-0.209434,-0.269273,-0.269273
7968,-0.209434,-0.269273,-0.269273
7969,-0.209434,-0.239354,-0.239354
7970,-0.179515,-0.239354,-0.239354
7971,-0.149596,-0.209434,-0.209434
7972,-0.149596,-0.209434,-0.209434
7973,-0.149596,-0.179515,-0.179515
7974,-0.149596,-0.209434,-0.179515
7975,-0.149596,-0.209434,-0.179515
7976,-0.149596,-0.209434,-0.179515
7977,-0.149596,-0.209434,-0.209434
7978,-0.149596,-0.209434,-0.209434
7979,-0.179515,-0.209434,-0.209434
7980,-0.149596,-0.209434,-0.209434
7981,-0.179515,-0.209434,-0.209434
7982,-0.149596,-0.179515,-0.179515
7983,-0.119677,-0.149596,-0.149596
7984,-0.119677,-0.179515,-0.179515
7985,-0.149596,-0.179515,-0.179515
7986,-0.149596,-0.209434,-0.209434
7987,-0.179515,-0.239354,-0.239354
7988,-0.179515,-0.239354,-0.239354
7989,-0.179515,-0.239354,-0.239354
7990,-0.179515,-0.239354,-0.239354
7991,-0.179515,-0.239354,-0.239354
7992,-0.179515,-0.239354,-0.239354
7993,-0.179515,-0.239354,-0.239354
7994,-0.179515,-0.209434,-0.209434
7995,-0.179515,-0.209434,-0.209434
7996,-0.179515,-0.209434,-0.209434
7997,-0.179515,-0.209434,-0.209434
7998,-0.209434,-0.239354,-0.239354
7999,-0.209434,-0.269273,-0.269273
8000,-0.209434,-0.269273,-0.269273
8001,-0.209434,-0.239354,-0.239354
8002,-0.179515,-0.239354,-0.239354
8003,-0.149596,-0.209434,-0.209434
8004,-0.149596,-0.209434,-0.179515
8005,-0.149596,-0.209434,-0.209434
8006,-0.149596,-0.209434,-0.179515
8007,-0.149596,-0.179515,-0.209434
8008,-0.149596,-0.179515,-0.209434
8009,-0.149596,-0.209434,-0.209434
8010,-0.179515,-0.209434,-0.209434
8011,-0.179515,-0.209434,-0.209434
8012,-0.179515,-0.209434,-0.209434
8013,-0.179515,-0.209434,-0.209434
8014,-0.149596,-0.179515,-0.179515
8015,-0.119677,-0.149596,-0.149596
8016,-0.119677,-0.179515,-0.179515
8017,-0.149596,-0.179515,-0.179515
8018,-0.149596,-0.209434,-0.209434
8019,-0.179515,-0.239354,-0.239354
8020,-0.179515,-0.239354,-0.239354
8021,-0.209434,-0.239354,-0.239354
8022,-0.179515,-0.239354,-0.239354
8023,-0.179515,-0.239354,-0.239354
8024,-0.209434,-0.239354,-0.239354
8025,-0.179515,-0.239354,-0.239354
8026,-0.179515,-0.239354,-0.239354
8027,-0.179515,-0.239354,-0.239354
8028,-0.179515,-0.239354,-0.239354
8029,-0.179515,-0.239354,-0.239354
8030,-0.209434,-0.269273,-0.269273
8031,-0.239354,-0.269273,-0.269273
8032,-0.209434,-0.269273,-0.269273
8033,-0.209434,-0.269273,-0.269273
8034,-0.209434,-0.239354,-0.239354
8035,-0.179515,-0.209434,-0.209434
8036,-0.149596,-0.209434,-0.209434
8037,-0.149596,-0.209434,-0.209434
8038,-0.149596,-0.209434,-0.209434
8039,-0.149596,-0.209434,-0.209434
8040,-0.149596,-0.209434,-0.209434
8041,-0.179515,-0.209434,-0.209434
8042,-0.179515,-0.209434,-0.209434
8043,-0.179515,-0.209434,-0.209434
8044,-0.179515,-0.209434,-0.209434
8045,-0.179515,-0.239354,-0.209434
8046,-0.149596,-0.209434,-0.179515
8047,-0.119677,-0.179515,-0.179515
8048,-0.149596,-0.179515,-0.179515
8049,-0.149596,-0.209434,-0.209434
8050,-0.179515,-0.209434,-0.209434
8051,-0.209434,-0.239354,-0.239354
8052,-0.209434,-0.239354,-0.239354
8053,-0.209434,-0.239354,-0.239354
8054,-0.209434,-0.239354,-0.239354
8055,-0.209434,-0.239354,-0.239354
8056,-0.209434,-0.239354,-0.239354
8057,-0.209434,-0.239354,-0.239354
8058,-0.209434,-0.239354,-0.239354
8059,-0.179515,-0.239354,-0.239354
8060,-0.179515,-0.239354,-0.239354
8061,-0.179515,-0.239354,-0.239354
8062,-0.209434,-0.269273,-0.269273
8063,-0.239354,-0.299192,-0.269273
8064,-0.239354,-0.269273,-0.269273
8065,-0.209434,-0.269273,-0.269273
8066,-0.209434,-0.239354,-0.239354
8067,-0.179515,-0.239354,-0.209434
8068,-0.179515,-0.209434,-0.209434
8069,-0.179515,-0.209434,-0.209434
8070,-0.179515,-0.209434,-0.209434
8071,-0.179515,-0.209434,-0.209434
8072,-0.149596,-0.209434,-0.209434
8073,-0.179515,-0.209434,-0.209434
8074,-0.179515,-0.209434,-0.209434
8075,-0.179515,-0.209434,-0.209434
8076,-0.179515,-0.239354,-0.209434
8077,-0.179515,-0.239354,-0.239354
8078,-0.149596,-0.209434,-0.179515
8079,-0.119677,-0.179515,-0.179515
8080,-0.149596,-0.179515,-0.179515
8081,-0.149596,-0.209434,-0.209434
8082,-0.179515,-0.209434,-0.209434
8083,-0.209434,-0.239354,-0.239354
8084,-0.209434,-0.239354,-0.239354
8085,-0.209434,-0.239354,-0.239354
8086,-0.209434,-0.239354,-0.239354
8087,-0.209434,-0.239354,-0.239354
8088,-0.209434,-0.239354,-0.239354
8089,-0.209434,-0.239354,-0.239354
8090,-0.209434,-0.239354,-0.239354
8091,-0.179515,-0.239354,-0.239354
8092,-0.179515,-0.239354,-0.239354
8093,-0.179515,-0.239354,-0.239354
8094,-0.209434,-0.269273,-0.269273
8095,-0.239354,-0.299192,-0.269273
8096,-0.209434,-0.269273,-0.269273
8097,-0.209434,-0.269273,-0.269273
8098,-0.209434,-0.239354,-0.239354
8099,-0.179515,-0.209434,-0.209434
8100,-0.179515,-0.209434,-0.209434
8101,-0.149596,-0.209434,-0.209434
8102,-0.149596,-0.209434,-0.209434
8103,-0.179515,-0.209434,-0.209434
8104,-0.149596,-0.209434,-0.209434
8105,-0.179515,-0.209434,-0.209434
8106,-0.179515,-0.209434,-0.209434
8107,-0.179515,-0.209434,-0.209434
8108,-0.179515,-0.209434,-0.209434
8109,-0.179515,-0.239354,-0.239354
8110,-0.149596,-0.209434,-0.179515
8111,-0.119677,-0.179515,-0.179515
8112,-0.149596,-0.179515,-0.179515
8113,-0.149596,-0.209434,-0.209434
8114,-0.179515,-0.209434,-0.209434
8115,-0.209434,-0.239354,-0.239354
8116,-0.209434,-0.239354,-0.239354
8117,-0.209434,-0.239354,-0.239354
8118,-0.209434,-0.239354,-0.239354
8119,-0.209434,-0.239354,-0.239354
8120,-0.209434,-0.239354,-0.239354
8121,-0.209434,-0.239354,-0.239354
8122,-0.179515,-0.239354,-0.239354
8123,-0.179515,-0.239354,-0.239354
8124,-0.179515,-0.239354,-0.239354
8125,-0.179515,-0.239354,-0.239354
8126,-0.209434,-0.269273,-0.269273
8127,-0.239354,-0.299192,-0.269273
8128,-0.239354,-0.269273,-0.269273
8129,-0.209434,-0.269273,-0.269273
8130,-0.209434,-0.239354,-0.239354
8131,-0.179515,-0.209434,-0.209434
8132,-0.179515,-0.209434,-0.209434
8133,-0.149596,-0.209434,-0.209434
8134,-0.149596,-0.209434,-0.209434
8135,-0.179515,-0.209434,-0.209434
8136,-0.179515,-0.209434,-0.209434
8137,-0.179515,-0.209434,-0.209434
8138,-0.179515,-0.209434,-0.209434
8139,-0.179515,-0.209434,-0.209434
8140,-0.179515,-0.209434,-0.209434
8141,-0.179515,-0.209434,-0.209434
8142,-0.149596,-0.179515,-0.179515
8143,-0.119677,-0.179515,-0.179515
8144,-0.149596,-0.179515,-0.179515
8145,-0.149596,-0.209434,-0.209434
8146,-0.179515,-0.209434,-0.209434
8147,-0.209434,-0.239354,-0.239354
8148,-0.209434,-0.239354,-0.239354
8149,-0.209434,-0.239354,-0.239354
8150,-0.209434,-0.239354,-0.239354
8151,-0.209434,-0.239354,-0.239354
8152,-0.209434,-0.239354,-0.239354
8153,-0.209434,-0.239354,-0.239354
8154,-0.179515,-0.239354,-0.239354
8155,-0.179515,-0.239354,-0.239354
8156,-0.179515,-0.239354,-0.239354
8157,-0.179515,-0.239354,-0.239354
8158,-0.209434,-0.269273,-0.269273
8159,-0.239354,-0.269273,-0.269273
8160,-0.239354,-0.269273,-0.269273
8161,-0.209434,-0.269273,-0.269273
8162,-0.179515,-0.239354,-0.239354
8163,-0.179515,-0.209434,-0.209434
8164,-0.179515,-0.209434,-0.209434
8165,-0.179515,-0.209434,-0.209434
8166,-0.179515,-0.209434,-0.209434
8167,-0.179515,-0.209434,-0.209434
8168,-0.179515,-0.209434,-0.209434
8169,-0.179515,-0.209434,-0.209434
8170,-0.179515,-0.239354,-0.209434
8171,-0.179515,-0.239354,-0.209434
8172,-0.179515,-0.239354,-0.239354
8173,-0.179515,-0.239354,-0.239354
8174,-0.149596,-0.209434,-0.179515
8175,-0.119677,-0.179515,-0.179515
8176,-0.149596,-0.179515,-0.179515
8177,-0.149596,-0.209434,-0.209434
8178,-0.179515,-0.239354,-0.239354
8179,-0.209434,-0.239354,-0.239354
8180,-0.209434,-0.269273,-0.239354
8181,-0.209434,-0.269273,-0.239354
8182,-0.209434,-0.239354,-0.239354
8183,-0.209434,-0.239354,-0.239354
8184,-0.209434,-0.269273,-0.239354
8185,-0.209434,-0.239354,-0.239354
8186,-0.209434,-0.239354,-0.239354
8187,-0.209434,-0.239354,-0.239354
8188,-0.209434,-0.239354,-0.239354
8189,-0.209434,-0.239354,-0.239354
8190,-0.239354,-0.269273,-0.269273
8191,-0.239354,-0.299192,-0.299192
8192,-0.239354,-0.269273,-0.269273
8193,-0.209434,-0.269273,-0.269273
8194,-0.209434,-0.239354,-0.239354
8195,-0.179515,-0.239354,-0.209434
8196,-0.179515,-0.209434,-0.209434
8197,-0.179515,-0.209434,-0.209434
8198,-0.179515,-0.239354,-0.209434
8199,-0.179515,-0.209434,-0.209434
8200,-0.179515,-0.209434,-0.209434
8201,-0.179515,-0.239354,-0.239354
8202,-0.179515,-0.239354,-0.239354
8203,-0.179515,-0.239354,-0.239354
8204,-0.179515,-0.239354,-0.239354
8205,-0.179515,-0.239354,-0.239354
8206,-0.149596,-0.209434,-0.209434
8207,-0.149596,-0.179515,-0.179515
8208,-0.149596,-0.209434,-0.209434
8209,-0.179515,-0.209434,-0.209434
8210,-0.179515,-0.239354,-0.239354
8211,-0.209434,-0.269273,-0.239354
8212,-0.209434,-0.269273,-0.269273
8213,-0.209434,-0.269273,-0.269273
8214,-0.209434,-0.269273,-0.269273
8215,-0.209434,-0.269273,-0.269273
8216,-0.209434,-0.269273,-0.269273
8217,-0.209434,-0.269273,-0.239354
8218,-0.209434,-0.239354,-0.269273
8219,-0.209434,-0.239354,-0.239354
8220,-0.209434,-0.239354,-0.239354
8221,-0.209434,-0.269273,-0.239354
8222,-0.239354,-0.299192,-0.269273
8223,-0.239354,-0.299192,-0.299192
8224,-0.239354,-0.299192,-0.269273
8225,-0.239354,-0.269273,-0.269273
8226,-0.209434,-0.269273,-0.269273
8227,-0.179515,-0.239354,-0.239354
8228,-0.179515,-0.239354,-0.209434
8229,-0.179515,-0.239354,-0.239354
8230,-0.179515,-0.239354,-0.239354
8231,-0.179515,-0.239354,-0.209434
8232,-0.179515,-0.239354,-0.239354
8233,-0.179515,-0.239354,-0.239354
8234,-0.209434,-0.239354,-0.239354
8235,-0.179515,-0.239354,-0.239354
8236,-0.209434,-0.239354,-0.239354
8237,-0.209434,-0.239354,-0.239354
8238,-0.149596,-0.209434,-0.209434
8239,-0.149596,-0.179515,-0.179515
8240,-0.149596,-0.209434,-0.209434
8241,-0.179515,-0.209434,-0.209434
8242,-0.209434,-0.239354,-0.239354
8243,-0.209434,-0.269273,-0.239354
8244,-0.209434,-0.269273,-0.269273
8245,-0.209434,-0.269273,-0.269273
8246,-0.209434,-0.269273,-0.269273
8247,-0.209434,-0.269273,-0.269273
8248,-0.239354,-0.269273,-0.269273
8249,-0.209434,-0.269273,-0.269273
8250,-0.209434,-0.269273,-0.269273
8251,-0.209434,-0.239354,-0.239354
8252,-0.209434,-0.239354,-0.239354
8253,-0.209434,-0.239354,-0.239354
8254,-0.239354,-0.299192,-0.269273
8255,-0.239354,-0.299192,-0.299192
8256,-0.239354,-0.269273,-0.299192
8257,-0.239354,-0.269273,-0.269273
8258,-0.209434,-0.269273,-0.239354
8259,-0.179515,-0.239354,-0.239354
8260,-0.179515,-0.239354,-0.239354
8261,-0.179515,-0.239354,-0.209434
8262,-0.179515,-0.239354,-0.209434
8263,-0.179515,-0.239354,-0.239354
8264,-0.179515,-0.239354,-0.239354
8265,-0.179515,-0.239354,-0.239354
8266,-0.179515,-0.239354,-0.239354
8267,-0.179515,-0.239354,-0.239354
8268,-0.179515,-0.239354,-0.239354
8269,-0.179515,-0.239354,-0.239354
8270,-0.149596,-0.209434,-0.209434
8271,-0.149596,-0.179515,-0.179515
8272,-0.149596,-0.209434,-0.209434
8273,-0.179515,-0.239354,-0.209434
8274,-0.209434,-0.239354,-0.239354
8275,-0.209434,-0.269273,-0.269273
8276,-0.209434,-0.269273,-0.269273
8277,-0.209434,-0.269273,-0.269273
8278,-0.209434,-0.269273,-0.269273
8279,-0.209434,-0.269273,-0.269273
8280,-0.209434,-0.269273,-0.269273
8281,-0.209434,-0.269273,-0.269273
8282,-0.209434,-0.269273,-0.269273
8283,-0.209434,-0.239354,-0.239354
8284,-0.209434,-0.239354,-0.239354
8285,-0.209434,-0.269273,-0.239354
8286,-0.239354,-0.299192,-0.299192
8287,-0.269273,-0.299192,-0.299192
8288,-0.239354,-0.299192,-0.299192
8289,-0.239354,-0.269273,-0.269273
8290,-0.209434,-0.269273,-0.269273
8291,-0.179515,-0.239354,-0.239354
8292,-0.179515,-0.239354,-0.239354
8293,-0.179515,-0.239354,-0.239354
8294,-0.179515,-0.239354,-0.239354
8295,-0.179515,-0.239354,-0.239354
8296,-0.179515,-0.239354,-0.239354
8297,-0.209434,-0.239354,-0.239354
8298,-0.209434,-0.239354,-0.239354
8299,-0.209434,-0.239354,-0.239354
8300,-0.209434,-0.239354,-0.239354
8301,-0.209434,-0.239354,-0.239354
8302,-0.149596,-0.209434,-0.209434
8303,-0.149596,-0.179515,-0.179515
8304,-0.149596,-0.209434,-0.209434
8305,-0.179515,-0.239354,-0.209434
8306,-0.209434,-0.239354,-0.239354
8307,-0.209434,-0.269273,-0.269273
8308,-0.239354,-0.269273,-0.269273
8309,-0.209434,-0.269273,-0.269273
8310,-0.209434,-0.269273,-0.269273
8311,-0.239354,-0.269273,-0.269273
8312,-0.209434,-0.269273,-0.269273
8313,-0.209434,-0.269273,-0.269273
8314,-0.209434,-0.269273,-0.269273
8315,-0.209434,-0.269273,-0.239354
8316,-0.209434,-0.269273,-0.239354
8317,-0.209434,-0.269273,-0.269273
8318,-0.239354,-0.299192,-0.299192
8319,-0.269273,-0.299192,-0.299192
8320,-0.239354,-0.299192,-0.299192
8321,-0.239354,-0.269273,-0.269273
8322,-0.209434,-0.269273,-0.269273
8323,-0.209434,-0.239354,-0.239354
8324,-0.179515,-0.239354,-0.239354
8325,-0.179515,-0.239354,-0.239354
8326,-0.179515,-0.239354,-0.239354
8327,-0.179515,-0.239354,-0.239354
8328,-0.179515,-0.239354,-0.239354
8329,-0.179515,-0.239354,-0.239354
8330,-0.209434,-0.239354,-0.239354
8331,-0.209434,-0.239354,-0.239354
8332,-0.209434,-0.239354,-0.239354
8333,-0.209434,-0.239354,-0.239354
8334,-0.149596,-0.209434,-0.209434
8335,-0.149596,-0.209434,-0.209434
8336,-0.179515,-0.209434,-0.209434
8337,-0.179515,-0.239354,-0.239354
8338,-0.209434,-0.269273,-0.239354
8339,-0.239354,-0.269273,-0.269273
8340,-0.239354,-0.269273,-0.269273
8341,-0.239354,-0.269273,-0.269273
8342,-0.209434,-0.269273,-0.269273
8343,-0.239354,-0.269273,-0.269273
8344,-0.239354,-0.269273,-0.269273
8345,-0.239354,-0.269273,-0.269273
8346,-0.209434,-0.269273,-0.269273
8347,-0.209434,-0.269273,-0.269273
8348,-0.209434,-0.269273,-0.269273
8349,-0.209434,-0.269273,-0.269273
8350,-0.239354,-0.299192,-0.299192
8351,-0.269273,-0.299192,-0.299192
8352,-0.269273,-0.299192,-0.299192
8353,-0.239354,-0.299192,-0.269273
8354,-0.209434,-0.269273,-0.269273
8355,-0.209434,-0.239354,-0.239354
8356,-0.209434,-0.239354,-0.239354
8357,-0.209434,-0.239354,-0.239354
8358,-0.209434,-0.239354,-0.239354
8359,-0.209434,-0.239354,-0.239354
8360,-0.209434,-0.239354,-0.239354
8361,-0.209434,-0.239354,-0.239354
8362,-0.209434,-0.239354,-0.239354
8363,-0.209434,-0.269273,-0.239354
8364,-0.209434,-0.269273,-0.239354
8365,-0.209434,-0.269273,-0.239354
8366,-0.179515,-0.209434,-0.209434
8367,-0.149596,-0.209434,-0.209434
8368,-0.179515,-0.239354,-0.209434
8369,-0.179515,-0.239354,-0.239354
8370,-0.209434,-0.269273,-0.239354
8371,-0.239354,-0.269273,-0.269273
8372,-0.239354,-0.269273,-0.269273
8373,-0.239354,-0.269273,-0.269273
8374,-0.239354,-0.269273,-0.269273
8375,-0.239354,-0.269273,-0.269273
8376,-0.239354,-0.269273,-0.269273
8377,-0.239354,-0.269273,-0.269273
8378,-0.239354,-0.269273,-0.269273
8379,-0.239354,-0.269273,-0.269273
8380,-0.209434,-0.269273,-0.269273
8381,-0.209434,-0.269273,-0.269273
8382,-0.269273,-0.329111,-0.299192
8383,-0.269273,-0.329111,-0.299192
8384,-0.269273,-0.299192,-0.299192
8385,-0.239354,-0.299192,-0.299192
8386,-0.239354,-0.269273,-0.269273
8387,-0.209434,-0.239354,-0.239354
8388,-0.209434,-0.239354,-0.239354
8389,-0.209434,-0.239354,-0.239354
8390,-0.209434,-0.239354,-0.239354
8391,-0.209434,-0.239354,-0.239354
8392,-0.209434,-0.239354,-0.239354
8393,-0.209434,-0.239354,-0.239354
8394,-0.209434,-0.269273,-0.269273
8395,-0.209434,-0.269273,-0.269273
8396,-0.209434,-0.269273,-0.269273
8397,-0.209434,-0.269273,-0.269273
8398,-0.179515,-0.209434,-0.209434
8399,-0.179515,-0.209434,-0.209434
8400,-0.179515,-0.239354,-0.239354
8401,-0.209434,-0.239354,-0.239354
8402,-0.209434,-0.269273,-0.269273
8403,-0.239354,-0.299192,-0.269273
8404,-0.239354,-0.299192,-0.299192
8405,-0.239354,-0.299192,-0.269273
8406,-0.239354,-0.299192,-0.269273
8407,-0.239354,-0.299192,-0.299192
8408,-0.239354,-0.299192,-0.299192
8409,-0.239354,-0.299192,-0.269273
8410,-0.239354,-0.299192,-0.269273
8411,-0.239354,-0.269273,-0.269273
8412,-0.239354,-0.269273,-0.269273
8413,-0.239354,-0.269273,-0.269273
8414,-0.269273,-0.329111,-0.329111
8415,-0.269273,-0.329111,-0.329111
8416,-0.269273,-0.329111,-0.299192
8417,-0.269273,-0.299192,-0.299192
8418,-0.239354,-0.269273,-0.269273
8419,-0.209434,-0.269273,-0.269273
8420,-0.209434,-0.269273,-0.239354
8421,-0.209434,-0.269273,-0.239354
8422,-0.209434,-0.269273,-0.239354
8423,-0.209434,-0.269273,-0.239354
8424,-0.209434,-0.269273,-0.239354
8425,-0.209434,-0.269273,-0.269273
8426,-0.209434,-0.269273,-0.269273
8427,-0.239354,-0.269273,-0.269273
8428,-0.209434,-0.269273,-0.269273
8429,-0.209434,-0.269273,-0.269273
8430,-0.179515,-0.239354,-0.209434
8431,-0.179515,-0.209434,-0.209434
8432,-0.179515,-0.239354,-0.239354
8433,-0.209434,-0.239354,-0.239354
8434,-0.239354,-0.269273,-0.269273
8435,-0.239354,-0.299192,-0.269273
8436,-0.269273,-0.299192,-0.299192
8437,-0.239354,-0.299192,-0.299192
8438,-0.269273,-0.299192,-0.299192
8439,-0.239354,-0.299192,-0.299192
8440,-0.239354,-0.299192,-0.299192
8441,-0.239354,-0.299192,-0.269273
8442,-0.239354,-0.299192,-0.269273
8443,-0.239354,-0.299192,-0.269273
8444,-0.239354,-0.299192,-0.269273
8445,-0.239354,-0.299192,-0.299192
8446,-0.269273,-0.329111,-0.329111
8447,-0.299192,-0.329111,-0.329111
8448,-0.269273,-0.329111,-0.329111
8449,-0.269273,-0.299192,-0.299192
8450,-0.239354,-0.299192,-0.269273
8451,-0.209434,-0.269273,-0.269273
8452,-0.209434,-0.269273,-0.269273
8453,-0.209434,-0.269273,-0.239354
8454,-0.209434,-0.269273,-0.269273
8455,-0.209434,-0.269273,-0.269273
8456,-0.209434,-0.269273,-0.269273
8457,-0.209434,-0.269273,-0.269273
8458,-0.209434,-0.269273,-0.269273
8459,-0.239354,-0.269273,-0.269273
8460,-0.239354,-0.269273,-0.269273
8461,-0.239354,-0.269273,-0.269273
8462,-0.179515,-0.239354,-0.239354
8463,-0.179515,-0.239354,-0.209434
8464,-0.209434,-0.239354,-0.239354
8465,-0.209434,-0.269273,-0.269273
8466,-0.239354,-0.299192,-0.269273
8467,-0.239354,-0.299192,-0.299192
8468,-0.269273,-0.299192,-0.299192
8469,-0.239354,-0.299192,-0.299192
8470,-0.269273,-0.299192,-0.299192
8471,-0.269273,-0.299192,-0.299192
8472,-0.269273,-0.299192,-0.299192
8473,-0.239354,-0.299192,-0.299192
8474,-0.239354,-0.299192,-0.299192
8475,-0.239354,-0.299192,-0.299192
8476,-0.239354,-0.299192,-0.299192
8477,-0.239354,-0.299192,-0.299192
8478,-0.269273,-0.329111,-0.329111
8479,-0.299192,-0.329111,-0.329111
8480,-0.269273,-0.329111,-0.329111
8481,-0.269273,-0.329111,-0.299192
8482,-0.239354,-0.299192,-0.299192
8483,-0.239354,-0.269273,-0.269273
8484,-0.209434,-0.269273,-0.269273
8485,-0.209434,-0.269273,-0.269273
8486,-0.209434,-0.269273,-0.269273
8487,-0.209434,-0.269273,-0.269273
8488,-0.209434,-0.269273,-0.269273
8489,-0.209434,-0.269273,-0.269273
8490,-0.239354,-0.269273,-0.269273
8491,-0.239354,-0.269273,-0.269273
8492,-0.239354,-0.299192,-0.269273
8493,-0.239354,-0.269273,-0.269273
8494,-0.179515,-0.239354,-0.239354
8495,-0.179515,-0.239354,-0.239354
8496,-0.209434,-0.239354,-0.239354
8497,-0.209434,-0.269273,-0.269273
8498,-0.239354,-0.269273,-0.299192
8499,-0.269273,-0.299192,-0.299192
8500,-0.269273,-0.299192,-0.299192
8501,-0.269273,-0.299192,-0.299192
8502,-0.239354,-0.299192,-0.299192
8503,-0.269273,-0.299192,-0.299192
8504,-0.269273,-0.299192,-0.299192
8505,-0.239354,-0.299192,-0.299192
8506,-0.239354,-0.299192,-0.299192
8507,-0.239354,-0.299192,-0.269273
8508,-0.239354,-0.299192,-0.299192
8509,-0.239354,-0.299192,-0.299192
8510,-0.299192,-0.329111,-0.329111
8511,-0.299192,-0.329111,-0.329111
8512,-0.299192,-0.329111,-0.329111
8513,-0.269273,-0.329111,-0.299192
8514,-0.239354,-0.299192,-0.269273
8515,-0.239354,-0.269273,-0.269273
8516,-0.209434,-0.269273,-0.269273
8517,-0.209434,-0.269273,-0.269273
8518,-0.209434,-0.269273,-0.269273
8519,-0.209434,-0.269273,-0.269273
8520,-0.209434,-0.269273,-0.269273
8521,-0.239354,-0.269273,-0.269273
8522,-0.239354,-0.269273,-0.269273
8523,-0.239354,-0.269273,-0.269273
8524,-0.239354,-0.269273,-0.269273
8525,-0.239354,-0.269273,-0.269273
8526,-0.179515,-0.239354,-0.239354
8527,-0.179515,-0.209434,-0.209434
8528,-0.209434,-0.239354,-0.239354
8529,-0.209434,-0.269273,-0.239354
8530,-0.239354,-0.299192,-0.269273
8531,-0.239354,-0.299192,-0.299192
8532,-0.269273,-0.299192,-0.299192
8533,-0.269273,-0.299192,-0.299192
8534,-0.269273,-0.299192,-0.299192
8535,-0.269273,-0.299192,-0.299192
8536,-0.269273,-0.299192,-0.299192
8537,-0.239354,-0.299192,-0.299192
8538,-0.239354,-0.299192,-0.299192
8539,-0.239354,-0.299192,-0.299192
8540,-0.239354,-0.299192,-0.269273
8541,-0.239354,-0.299192,-0.299192
8542,-0.299192,-0.329111,-0.329111
8543,-0.299192,-0.329111,-0.329111
8544,-0.269273,-0.329111,-0.329111
8545,-0.269273,-0.299192,-0.299192
8546,-0.239354,-0.299192,-0.269273
8547,-0.209434,-0.269273,-0.269273
8548,-0.209434,-0.269273,-0.269273
8549,-0.209434,-0.269273,-0.269273
8550,-0.209434,-0.269273,-0.269273
8551,-0.209434,-0.269273,-0.269273
8552,-0.209434,-0.269273,-0.239354
8553,-0.209434,-0.269273,-0.269273
8554,-0.209434,-0.269273,-0.269273
8555,-0.239354,-0.269273,-0.269273
8556,-0.239354,-0.269273,-0.269273
8557,-0.209434,-0.269273,-0.269273
8558,-0.179515,-0.239354,-0.209434
8559,-0.179515,-0.239354,-0.209434
8560,-0.209434,-0.239354,-0.239354
8561,-0.209434,-0.239354,-0.239354
8562,-0.239354,-0.269273,-0.269273
8563,-0.239354,-0.299192,-0.299192
8564,-0.239354,-0.299192,-0.299192
8565,-0.239354,-0.299192,-0.299192
8566,-0.269273,-0.299192,-0.299192
8567,-0.239354,-0.299192,-0.299192
8568,-0.239354,-0.299192,-0.299192
8569,-0.239354,-0.299192,-0.299192
8570,-0.239354,-0.299192,-0.269273
8571,-0.239354,-0.269273,-0.269273
8572,-0.239354,-0.269273,-0.269273
8573,-0.239354,-0.299192,-0.299192
8574,-0.269273,-0.329111,-0.329111
8575,-0.299192,-0.329111,-0.329111
8576,-0.269273,-0.329111,-0.299192
8577,-0.269273,-0.299192,-0.299192
8578,-0.239354,-0.269273,-0.269273
8579,-0.209434,-0.269273,-0.269273
8580,-0.209434,-0.269273,-0.239354
8581,-0.209434,-0.269273,-0.269273
8582,-0.209434,-0.269273,-0.269273
8583,-0.209434,-0.269273,-0.239354
8584,-0.209434,-0.269273,-0.239354
8585,-0.209434,-0.269273,-0.269273
8586,-0.209434,-0.269273,-0.269273
8587,-0.209434,-0.269273,-0.269273
8588,-0.239354,-0.269273,-0.269273
8589,-0.209434,-0.269273,-0.269273
8590,-0.179515,-0.209434,-0.209434
8591,-0.179515,-0.209434,-0.209434
8592,-0.179515,-0.239354,-0.239354
8593,-0.209434,-0.269273,-0.239354
8594,-0.239354,-0.269273,-0.269273
8595,-0.239354,-0.299192,-0.299192
8596,-0.239354,-0.299192,-0.299192
8597,-0.239354,-0.299192,-0.299192
8598,-0.239354,-0.299192,-0.299192
8599,-0.239354,-0.299192,-0.299192
8600,-0.239354,-0.299192,-0.299192
8601,-0.239354,-0.299192,-0.269273
8602,-0.239354,-0.299192,-0.269273
8603,-0.239354,-0.269273,-0.269273
8604,-0.239354,-0.269273,-0.269273
8605,-0.239354,-0.299192,-0.269273
8606,-0.299192,-0.329111,-0.329111
8607,-0.269273,-0.329111,-0.329111
8608,-0.269273,-0.329111,-0.299192
8609,-0.239354,-0.299192,-0.299192
8610,-0.239354,-0.269273,-0.269273
8611,-0.209434,-0.269273,-0.239354
8612,-0.209434,-0.239354,-0.239354
8613,-0.209434,-0.239354,-0.239354
8614,-0.209434,-0.239354,-0.239354
8615,-0.209434,-0.239354,-0.239354
8616,-0.209434,-0.269273,-0.239354
8617,-0.209434,-0.269273,-0.239354
8618,-0.209434,-0.269273,-0.269273
8619,-0.209434,-0.269273,-0.269273
8620,-0.209434,-0.269273,-0.269273
8621,-0.209434,-0.269273,-0.239354
8622,-0.179515,-0.209434,-0.209434
8623,-0.179515,-0.209434,-0.209434
8624,-0.179515,-0.239354,-0.239354
8625,-0.209434,-0.239354,-0.239354
8626,-0.239354,-0.269273,-0.269273
8627,-0.239354,-0.299192,-0.269273
8628,-0.239354,-0.299192,-0.299192
8629,-0.239354,-0.299192,-0.269273
8630,-0.239354,-0.299192,-0.269273
8631,-0.239354,-0.299192,-0.299192
8632,-0.239354,-0.299192,-0.269273
8633,-0.239354,-0.269273,-0.269273
8634,-0.239354,-0.269273,-0.269273
8635,-0.239354,-0.269273,-0.269273
8636,-0.209434,-0.269273,-0.269273
8637,-0.239354,-0.299192,-0.299192
8638,-0.269273,-0.329111,-0.329111
8639,-0.269273,-0.329111,-0.329111
8640,-0.269273,-0.299192,-0.299192
8641,-0.239354,-0.299192,-0.299192
8642,-0.209434,-0.269273,-0.269273
8643,-0.209434,-0.269273,-0.269273
8644,-0.209434,-0.239354,-0.239354
8645,-0.209434,-0.239354,-0.239354
8646,-0.209434,-0.269273,-0.239354
8647,-0.209434,-0.239354,-0.239354
8648,-0.209434,-0.239354,-0.239354
8649,-0.209434,-0.269273,-0.269273
8650,-0.209434,-0.269273,-0.269273
8651,-0.209434,-0.269273,-0.269273
8652,-0.209434,-0.269273,-0.269273
8653,-0.209434,-0.239354,-0.239354
8654,-0.179515,-0.209434,-0.209434
8655,-0.149596,-0.209434,-0.209434
8656,-0.179515,-0.239354,-0.239354
8657,-0.209434,-0.239354,-0.239354
8658,-0.239354,-0.269273,-0.269273
8659,-0.239354,-0.299192,-0.269273
8660,-0.239354,-0.299192,-0.299192
8661,-0.239354,-0.299192,-0.299192
8662,-0.239354,-0.299192,-0.269273
8663,-0.239354,-0.299192,-0.299192
8664,-0.239354,-0.299192,-0.299192
8665,-0.239354,-0.269273,-0.269273
8666,-0.239354,-0.269273,-0.269273
8667,-0.239354,-0.269273,-0.269273
8668,-0.209434,-0.269273,-0.269273
8669,-0.239354,-0.299192,-0.269273
8670,-0.269273,-0.329111,-0.299192
8671,-0.269273,-0.329111,-0.329111
8672,-0.269273,-0.299192,-0.299192
8673,-0.239354,-0.299192,-0.299192
8674,-0.209434,-0.269273,-0.269273
8675,-0.209434,-0.239354,-0.239354
8676,-0.209434,-0.239354,-0.239354
8677,-0.209434,-0.239354,-0.239354
8678,-0.209434,-0.239354,-0.239354
8679,-0.209434,-0.239354,-0.239354
8680,-0.209434,-0.239354,-0.239354
8681,-0.209434,-0.269273,-0.239354
8682,-0.209434,-0.269273,-0.239354
8683,-0.209434,-0.269273,-0.239354
8684,-0.209434,-0.269273,-0.269273
8685,-0.209434,-0.239354,-0.239354
8686,-0.149596,-0.209434,-0.209434
8687,-0.149596,-0.209434,-0.209434
8688,-0.179515,-0.239354,-0.209434
8689,-0.209434,-0.239354,-0.239354
8690,-0.239354,-0.269273,-0.269273
8691,-0.239354,-0.299192,-0.269273
8692,-0.239354,-0.299192,-0.269273
8693,-0.239354,-0.269273,-0.269273
8694,-0.239354,-0.269273,-0.269273
8695,-0.239354,-0.299192,-0.269273
8696,-0.239354,-0.269273,-0.269273
8697,-0.239354,-0.269273,-0.269273
8698,-0.239354,-0.269273,-0.269273
8699,-0.239354,-0.269273,-0.269273
8700,-0.209434,-0.269273,-0.269273
8701,-0.239354,-0.269273,-0.299192
8702,-0.269273,-0.329111,-0.329111
8703,-0.269273,-0.329111,-0.329111
8704,-0.269273,-0.299192,-0.299192
8705,-0.239354,-0.299192,-0.299192
8706,-0.209434,-0.269273,-0.269273
8707,-0.209434,-0.239354,-0.239354
8708,-0.209434,-0.239354,-0.239354
8709,-0.209434,-0.239354,-0.239354
8710,-0.209434,-0.239354,-0.239354
8711,-0.179515,-0.239354,-0.239354
8712,-0.179515,-0.239354,-0.239354
8713,-0.209434,-0.239354,-0.239354
8714,-0.209434,-0.239354,-0.239354
8715,-0.209434,-0.269273,-0.239354
8716,-0.209434,-0.269273,-0.269273
8717,-0.209434,-0.239354,-0.239354
8718,-0.149596,-0.209434,-0.209434
8719,-0.149596,-0.209434,-0.209434
8720,-0.179515,-0.239354,-0.239354
8721,-0.209434,-0.239354,-0.239354
8722,-0.209434,-0.269273,-0.269273
8723,-0.239354,-0.269273,-0.269273
8724,-0.239354,-0.299192,-0.269273
8725,-0.239354,-0.299192,-0.269273
8726,-0.239354,-0.269273,-0.269273
8727,-0.239354,-0.299192,-0.299192
8728,-0.239354,-0.269273,-0.269273
8729,-0.239354,-0.269273,-0.269273
8730,-0.209434,-0.269273,-0.269273
8731,-0.209434,-0.269273,-0.269273
8732,-0.209434,-0.269273,-0.269273
8733,-0.239354,-0.299192,-0.269273
8734,-0.269273,-0.299192,-0.299192
8735,-0.269273,-0.329111,-0.299192
8736,-0.269273,-0.299192,-0.299192
8737,-0.239354,-0.299192,-0.269273
8738,-0.209434,-0.269273,-0.269273
8739,-0.209434,-0.239354,-0.239354
8740,-0.209434,-0.239354,-0.239354
8741,-0.209434,-0.239354,-0.239354
8742,-0.209434,-0.239354,-0.239354
8743,-0.209434,-0.239354,-0.239354
8744,-0.209434,-0.239354,-0.239354
8745,-0.209434,-0.239354,-0.239354
8746,-0.209434,-0.239354,-0.239354
8747,-0.209434,-0.269273,-0.239354
8748,-0.209434,-0.269273,-0.239354
8749,-0.209434,-0.239354,-0.239354
8750,-0.149596,-0.209434,-0.209434
8751,-0.149596,-0.209434,-0.209434
8752,-0.179515,-0.239354,-0.239354
8753,-0.179515,-0.239354,-0.239354
8754,-0.209434,-0.269273,-0.269273
8755,-0.239354,-0.269273,-0.269273
8756,-0.239354,-0.269273,-0.269273
8757,-0.239354,-0.269273,-0.269273
8758,-0.239354,-0.269273,-0.269273
8759,-0.239354,-0.299192,-0.269273
8760,-0.239354,-0.269273,-0.269273
8761,-0.209434,-0.269273,-0.269273
8762,-0.239354,-0.269273,-0.269273
8763,-0.209434,-0.269273,-0.269273
8764,-0.209434,-0.269273,-0.269273
8765,-0.239354,-0.299192,-0.269273
8766,-0.269273,-0.329111,-0.299192
8767,-0.269273,-0.329111,-0.299192
8768,-0.269273,-0.299192,-0.299192
8769,-0.239354,-0.299192,-0.269273
8770,-0.209434,-0.269273,-0.239354
8771,-0.209434,-0.239354,-0.239354
8772,-0.209434,-0.239354,-0.239354
8773,-0.179515,-0.239354,-0.239354
8774,-0.209434,-0.239354,-0.239354
8775,-0.209434,-0.239354,-0.239354
8776,-0.209434,-0.239354,-0.239354
8777,-0.209434,-0.239354,-0.239354
8778,-0.209434,-0.239354,-0.239354
8779,-0.209434,-0.239354,-0.269273
8780,-0.209434,-0.269273,-0.239354
8781,-0.209434,-0.239354,-0.239354
8782,-0.149596,-0.209434,-0.209434
8783,-0.149596,-0.209434,-0.209434
8784,-0.179515,-0.239354,-0.209434
8785,-0.209434,-0.239354,-0.239354
8786,-0.209434,-0.269273,-0.269273
8787,-0.239354,-0.269273,-0.269273
8788,-0.239354,-0.269273,-0.269273
8789,-0.239354,-0.269273,-0.269273
8790,-0.239354,-0.269273,-0.269273
8791,-0.239354,-0.269273,-0.269273
8792,-0.239354,-0.269273,-0.269273
8793,-0.239354,-0.269273,-0.269273
8794,-0.239354,-0.269273,-0.269273
8795,-0.209434,-0.269273,-0.269273
8796,-0.209434,-0.269273,-0.269273
8797,-0.239354,-0.269273,-0.269273
8798,-0.269273,-0.329111,-0.299192
8799,-0.269273,-0.299192,-0.299192
8800,-0.239354,-0.299192,-0.299192
8801,-0.239354,-0.299192,-0.269273
8802,-0.209434,-0.269273,-0.269273
8803,-0.209434,-0.239354,-0.239354
8804,-0.209434,-0.239354,-0.239354
8805,-0.179515,-0.239354,-0.239354
8806,-0.209434,-0.239354,-0.239354
8807,-0.179515,-0.239354,-0.239354
8808,-0.209434,-0.239354,-0.239354
8809,-0.209434,-0.239354,-0.239354
8810,-0.209434,-0.269273,-0.239354
8811,-0.209434,-0.269273,-0.239354
8812,-0.209434,-0.239354,-0.239354
8813,-0.179515,-0.239354,-0.239354
8814,-0.149596,-0.209434,-0.209434
8815,-0.149596,-0.209434,-0.209434
8816,-0.179515,-0.239354,-0.239354
8817,-0.179515,-0.239354,-0.239354
8818,-0.209434,-0.269273,-0.269273
8819,-0.239354,-0.269273,-0.269273
8820,-0.239354,-0.269273,-0.269273
8821,-0.239354,-0.269273,-0.269273
8822,-0.239354,-0.269273,-0.269273
8823,-0.239354,-0.269273,-0.269273
8824,-0.239354,-0.269273,-0.269273
8825,-0.239354,-0.269273,-0.269273
8826,-0.209434,-0.269273,-0.269273
8827,-0.209434,-0.269273,-0.239354
8828,-0.209434,-0.269273,-0.269273
8829,-0.239354,-0.269273,-0.269273
8830,-0.269273,-0.299192,-0.299192
8831,-0.269273,-0.299192,-0.299192
8832,-0.239354,-0.299192,-0.299192
8833,-0.239354,-0.269273,-0.269273
8834,-0.209434,-0.269273,-0.239354
8835,-0.209434,-0.239354,-0.239354
8836,-0.179515,-0.239354,-0.239354
8837,-0.179515,-0.239354,-0.239354
8838,-0.209434,-0.239354,-0.239354
8839,-0.179515,-0.239354,-0.239354
8840,-0.209434,-0.239354,-0.239354
8841,-0.209434,-0.239354,-0.239354
8842,-0.209434,-0.239354,-0.239354
8843,-0.209434,-0.239354,-0.239354
8844,-0.209434,-0.239354,-0.239354
8845,-0.179515,-0.239354,-0.239354
8846,-0.149596,-0.209434,-0.209434
8847,-0.149596,-0.209434,-0.209434
8848,-0.179515,-0.209434,-0.209434
8849,-0.179515,-0.239354,-0.239354
8850,-0.209434,-0.269273,-0.269273
8851,-0.239354,-0.269273,-0.269273
8852,-0.239354,-0.269273,-0.269273
8853,-0.239354,-0.269273,-0.269273
8854,-0.239354,-0.269273,-0.269273
8855,-0.239354,-0.269273,-0.269273
8856,-0.239354,-0.269273,-0.269273
8857,-0.209434,-0.269273,-0.269273
8858,-0.209434,-0.269273,-0.269273
8859,-0.209434,-0.269273,-0.269273
8860,-0.209434,-0.269273,-0.269273
8861,-0.239354,-0.269273,-0.269273
8862,-0.269273,-0.299192,-0.299192
8863,-0.269273,-0.299192,-0.299192
8864,-0.239354,-0.299192,-0.299192
8865,-0.239354,-0.269273,-0.269273
8866,-0.209434,-0.239354,-0.239354
8867,-0.209434,-0.239354,-0.239354
8868,-0.179515,-0.239354,-0.239354
8869,-0.179515,-0.239354,-0.239354
8870,-0.179515,-0.239354,-0.239354
8871,-0.179515,-0.239354,-0.239354
8872,-0.179515,-0.239354,-0.239354
8873,-0.209434,-0.239354,-0.239354
8874,-0.209434,-0.239354,-0.239354
8875,-0.209434,-0.239354,-0.239354
8876,-0.209434,-0.239354,-0.239354
8877,-0.179515,-0.239354,-0.239354
8878,-0.149596,-0.209434,-0.209434
8879,-0.149596,-0.209434,-0.209434
8880,-0.179515,-0.209434,-0.209434
8881,-0.179515,-0.239354,-0.239354
8882,-0.209434,-0.269273,-0.269273
8883,-0.239354,-0.269273,-0.269273
8884,-0.239354,-0.269273,-0.269273
8885,-0.209434,-0.269273,-0.269273
8886,-0.239354,-0.269273,-0.269273
8887,-0.239354,-0.269273,-0.269273
8888,-0.209434,-0.269273,-0.269273
8889,-0.209434,-0.269273,-0.269273
8890,-0.209434,-0.269273,-0.269273
8891,-0.209434,-0.269273,-0.269273
8892,-0.209434,-0.269273,-0.269273
8893,-0.239354,-0.269273,-0.269273
8894,-0.269273,-0.299192,-0.299192
8895,-0.269273,-0.299192,-0.299192
8896,-0.239354,-0.299192,-0.299192
8897,-0.239354,-0.269273,-0.269273
8898,-0.209434,-0.239354,-0.239354
8899,-0.179515,-0.239354,-0.239354
8900,-0.209434,-0.239354,-0.239354
8901,-0.179515,-0.239354,-0.239354
8902,-0.179515,-0.239354,-0.239354
8903,-0.179515,-0.239354,-0.239354
8904,-0.179515,-0.239354,-0.239354
8905,-0.209434,-0.239354,-0.239354
8906,-0.209434,-0.239354,-0.239354
8907,-0.209434,-0.239354,-0.239354
8908,-0.209434,-0.239354,-0.239354
8909,-0.179515,-0.239354,-0.239354
8910,-0.149596,-0.209434,-0.179515
8911,-0.149596,-0.209434,-0.209434
8912,-0.179515,-0.209434,-0.209434
8913,-0.179515,-0.239354,-0.239354
8914,-0.209434,-0.269273,-0.269273
8915,-0.239354,-0.269273,-0.269273
8916,-0.239354,-0.269273,-0.269273
8917,-0.209434,-0.269273,-0.269273
8918,-0.209434,-0.269273,-0.269273
8919,-0.239354,-0.269273,-0.269273
8920,-0.209434,-0.269273,-0.269273
8921,-0.209434,-0.269273,-0.269273
8922,-0.209434,-0.269273,-0.269273
8923,-0.209434,-0.269273,-0.239354
8924,-0.209434,-0.269273,-0.239354
8925,-0.239354,-0.269273,-0.269273
8926,-0.269273,-0.299192,-0.299192
8927,-0.269273,-0.299192,-0.299192
8928,-0.239354,-0.269273,-0.269273
8929,-0.239354,-0.269273,-0.269273
8930,-0.209434,-0.239354,-0.239354
8931,-0.209434,-0.239354,-0.239354
8932,-0.179515,-0.239354,-0.239354
8933,-0.179515,-0.239354,-0.239354
8934,-0.179515,-0.239354,-0.239354
8935,-0.179515,-0.239354,-0.239354
8936,-0.179515,-0.239354,-0.239354
8937,-0.179515,-0.239354,-0.239354
8938,-0.179515,-0.239354,-0.239354
8939,-0.209434,-0.239354,-0.239354
8940,-0.209434,-0.239354,-0.239354
8941,-0.179515,-0.239354,-0.209434
8942,-0.149596,-0.179515,-0.179515
8943,-0.149596,-0.209434,-0.209434
8944,-0.179515,-0.209434,-0.209434
8945,-0.179515,-0.239354,-0.239354
8946,-0.209434,-0.269273,-0.239354
8947,-0.209434,-0.269273,-0.269273
8948,-0.209434,-0.269273,-0.269273
8949,-0.209434,-0.269273,-0.269273
8950,-0.209434,-0.269273,-0.269273
8951,-0.209434,-0.269273,-0.269273
8952,-0.209434,-0.269273,-0.269273
8953,-0.209434,-0.269273,-0.239354
8954,-0.209434,-0.269273,-0.239354
8955,-0.209434,-0.269273,-0.239354
8956,-0.209434,-0.239354,-0.239354
8957,-0.209434,-0.269273,-0.269273
8958,-0.239354,-0.299192,-0.299192
8959,-0.239354,-0.299192,-0.299192
8960,-0.239354,-0.269273,-0.269273
8961,-0.239354,-0.269273,-0.269273
8962,-0.209434,-0.239354,-0.239354
8963,-0.179515,-0.239354,-0.239354
8964,-0.179515,-0.239354,-0.239354
8965,-0.179515,-0.239354,-0.239354
8966,-0.179515,-0.239354,-0.239354
8967,-0.179515,-0.209434,-0.239354
8968,-0.179515,-0.239354,-0.239354
8969,-0.179515,-0.239354,-0.239354
8970,-0.179515,-0.239354,-0.239354
8971,-0.209434,-0.239354,-0.239354
8972,-0.209434,-0.239354,-0.239354
8973,-0.179515,-0.209434,-0.209434
8974,-0.149596,-0.179515,-0.179515
8975,-0.149596,-0.209434,-0.179515
8976,-0.149596,-0.209434,-0.209434
8977,-0.179515,-0.239354,-0.209434
8978,-0.209434,-0.239354,-0.239354
8979,-0.209434,-0.269273,-0.269273
8980,-0.209434,-0.269273,-0.269273
8981,-0.209434,-0.269273,-0.269273
8982,-0.209434,-0.269273,-0.269273
8983,-0.209434,-0.269273,-0.269273
8984,-0.209434,-0.269273,-0.239354
8985,-0.209434,-0.239354,-0.239354
8986,-0.209434,-0.239354,-0.239354
8987,-0.209434,-0.239354,-0.239354
8988,-0.209434,-0.239354,-0.239354
8989,-0.209434,-0.269273,-0.269273
8990,-0.239354,-0.299192,-0.299192
8991,-0.239354,-0.299192,-0.269273
8992,-0.239354,-0.269273,-0.269273
8993,-0.209434,-0.269273,-0.239354
8994,-0.179515,-0.239354,-0.239354
8995,-0.179515,-0.239354,-0.209434
8996,-0.179515,-0.209434,-0.209434
8997,-0.179515,-0.209434,-0.209434
8998,-0.179515,-0.209434,-0.209434
8999,-0.179515,-0.209434,-0.209434
9000,-0.179515,-0.239354,-0.209434
9001,-0.179515,-0.239354,-0.239354
9002,-0.179515,-0.239354,-0.239354
9003,-0.179515,-0.239354,-0.239354
9004,-0.179515,-0.239354,-0.239354
9005,-0.179515,-0.209434,-0.209434
9006,-0.119677,-0.179515,-0.179515
9007,-0.149596,-0.179515,-0.179515
9008,-0.149596,-0.209434,-0.209434
9009,-0.179515,-0.239354,-0.209434
9010,-0.209434,-0.239354,-0.239354
9011,-0.209434,-0.239354,-0.239354
9012,-0.209434,-0.239354,-0.269273
9013,-0.209434,-0.269273,-0.239354
9014,-0.209434,-0.239354,-0.239354
9015,-0.209434,-0.239354,-0.239354
9016,-0.209434,-0.239354,-0.239354
9017,-0.209434,-0.239354,-0.239354
9018,-0.209434,-0.239354,-0.239354
9019,-0.209434,-0.239354,-0.239354
9020,-0.209434,-0.239354,-0.239354
9021,-0.209434,-0.269273,-0.269273
9022,-0.239354,-0.299192,-0.299192
9023,-0.239354,-0.269273,-0.269273
9024,-0.239354,-0.269273,-0.269273
9025,-0.209434,-0.239354,-0.239354
9026,-0.179515,-0.239354,-0.239354
9027,-0.179515,-0.209434,-0.209434
9028,-0.179515,-0.209434,-0.209434
9029,-0.179515,-0.209434,-0.209434
9030,-0.179515,-0.209434,-0.209434
9031,-0.179515,-0.209434,-0.209434
9032,-0.179515,-0.209434,-0.209434
9033,-0.179515,-0.209434,-0.209434
9034,-0.179515,-0.239354,-0.209434
9035,-0.179515,-0.239354,-0.209434
9036,-0.179515,-0.239354,-0.239354
9037,-0.149596,-0.209434,-0.209434
9038,-0.119677,-0.179515,-0.179515
9039,-0.149596,-0.179515,-0.179515
9040,-0.149596,-0.179515,-0.179515
9041,-0.179515,-0.209434,-0.209434
9042,-0.179515,-0.239354,-0.239354
9043,-0.209434,-0.239354,-0.239354
9044,-0.209434,-0.239354,-0.239354
9045,-0.209434,-0.239354,-0.239354
9046,-0.209434,-0.239354,-0.239354
9047,-0.209434,-0.239354,-0.239354
9048,-0.179515,-0.239354,-0.239354
9049,-0.179515,-0.239354,-0.239354
9050,-0.179515,-0.239354,-0.239354
9051,-0.179515,-0.239354,-0.239354
9052,-0.179515,-0.239354,-0.239354
9053,-0.209434,-0.239354,-0.239354
9054,-0.239354,-0.269273,-0.269273
9055,-0.239354,-0.269273,-0.269273
9056,-0.209434,-0.269273,-0.239354
9057,-0.179515,-0.239354,-0.239354
9058,-0.179515,-0.209434,-0.209434
9059,-0.179515,-0.209434,-0.209434
9060,-0.149596,-0.209434,-0.209434
9061,-0.149596,-0.209434,-0.209434
9062,-0.149596,-0.209434,-0.209434
9063,-0.149596,-0.209434,-0.209434
9064,-0.149596,-0.209434,-0.209434
9065,-0.179515,-0.209434,-0.209434
9066,-0.179515,-0.209434,-0.209434
9067,-0.179515,-0.209434,-0.209434
9068,-0.179515,-0.209434,-0.209434
9069,-0.149596,-0.179515,-0.179515
9070,-0.119677,-0.179515,-0.149596
9071,-0.119677,-0.179515,-0.179515
9072,-0.149596,-0.179515,-0.179515
9073,-0.149596,-0.209434,-0.209434
9074,-0.179515,-0.239354,-0.239354
9075,-0.209434,-0.239354,-0.239354
9076,-0.179515,-0.239354,-0.239354
9077,-0.179515,-0.239354,-0.239354
9078,-0.179515,-0.239354,-0.239354
9079,-0.179515,-0.239354,-0.239354
9080,-0.179515,-0.239354,-0.239354
9081,-0.179515,-0.209434,-0.239354
9082,-0.179515,-0.239354,-0.209434
9083,-0.179515,-0.239354,-0.209434
9084,-0.179515,-0.209434,-0.239354
9085,-0.209434,-0.239354,-0.239354
9086,-0.239354,-0.269273,-0.269273
9087,-0.209434,-0.269273,-0.269273
9088,-0.209434,-0.239354,-0.239354
9089,-0.179515,-0.239354,-0.239354
9090,-0.179515,-0.209434,-0.209434
9091,-0.149596,-0.209434,-0.209434
9092,-0.149596,-0.209434,-0.209434
9093,-0.149596,-0.179515,-0.179515
9094,-0.149596,-0.209434,-0.209434
9095,-0.149596,-0.209434,-0.179515
9096,-0.149596,-0.209434,-0.209434
9097,-0.149596,-0.209434,-0.209434
9098,-0.149596,-0.209434,-0.209434
9099,-0.149596,-0.209434,-0.209434
9100,-0.179515,-0.209434,-0.209434
9101,-0.149596,-0.179515,-0.179515
9102,-0.119677,-0.149596,-0.149596
9103,-0.119677,-0.179515,-0.179515
9104,-0.119677,-0.179515,-0.179515
9105,-0.149596,-0.209434,-0.179515
9106,-0.179515,-0.239354,-0.209434
9107,-0.179515,-0.239354,-0.209434
9108,-0.179515,-0.239354,-0.239354
9109,-0.179515,-0.239354,-0.209434
9110,-0.179515,-0.239354,-0.209434
9111,-0.179515,-0.239354,-0.239354
9112,-0.179515,-0.209434,-0.209434
9113,-0.179515,-0.209434,-0.209434
9114,-0.179515,-0.209434,-0.209434
9115,-0.179515,-0.209434,-0.209434
9116,-0.179515,-0.209434,-0.209434
9117,-0.179515,-0.239354,-0.239354
9118,-0.209434,-0.269273,-0.269273
9119,-0.209434,-0.239354,-0.239354
9120,-0.179515,-0.239354,-0.239354
9121,-0.179515,-0.239354,-0.209434
9122,-0.149596,-0.209434,-0.209434
9123,-0.149596,-0.179515,-0.179515
9124,-0.149596,-0.179515,-0.179515
9125,-0.149596,-0.179515,-0.179515
9126,-0.149596,-0.179515,-0.179515
9127,-0.149596,-0.179515,-0.179515
9128,-0.149596,-0.179515,-0.179515
9129,-0.149596,-0.209434,-0.179515
9130,-0.149596,-0.209434,-0.179515
9131,-0.149596,-0.179515,-0.179515
9132,-0.149596,-0.179515,-0.179515
9133,-0.119677,-0.149596,-0.149596
9134,-0.089758,-0.149596,-0.119677
9135,-0.089758,-0.149596,-0.149596
9136,-0.119677,-0.149596,-0.149596
9137,-0.119677,-0.179515,-0.179515
9138,-0.149596,-0.209434,-0.209434
9139,-0.149596,-0.209434,-0.209434
9140,-0.149596,-0.209434,-0.209434
9141,-0.149596,-0.209434,-0.209434
9142,-0.149596,-0.209434,-0.209434
9143,-0.149596,-0.209434,-0.209434
9144,-0.149596,-0.179515,-0.179515
9145,-0.149596,-0.179515,-0.179515
9146,-0.149596,-0.179515,-0.179515
9147,-0.149596,-0.179515,-0.179515
9148,-0.149596,-0.179515,-0.179515
9149,-0.179515,-0.209434,-0.209434
9150,-0.179515,-0.239354,-0.239354
9151,-0.179515,-0.209434,-0.209434
9152,-0.149596,-0.209434,-0.209434
9153,-0.149596,-0.179515,-0.179515
9154,-0.119677,-0.179515,-0.149596
9155,-0.119677,-0.149596,-0.149596
9156,-0.119677,-0.149596,-0.149596
9157,-0.119677,-0.149596,-0.149596
9158,-0.119677,-0.149596,-0.149596
9159,-0.119677,-0.149596,-0.149596
9160,-0.119677,-0.149596,-0.149596
9161,-0.119677,-0.149596,-0.149596
9162,-0.119677,-0.149596,-0.179515
9163,-0.119677,-0.179515,-0.179515
9164,-0.119677,-0.179515,-0.179515
9165,-0.089758,-0.149596,-0.149596
9166,-0.059838,-0.119677,-0.119677
9167,-0.089758,-0.119677,-0.119677
9168,-0.089758,-0.149596,-0.149596
9169,-0.119677,-0.179515,-0.149596
9170,-0.149596,-0.179515,-0.179515
9171,-0.149596,-0.209434,-0.179515
9172,-0.149596,-0.209434,-0.179515
9173,-0.149596,-0.179515,-0.179515
9174,-0.149596,-0.179515,-0.179515
9175,-0.149596,-0.209434,-0.209434
9176,-0.149596,-0.179515,-0.179515
9177,-0.149596,-0.179515,-0.179515
9178,-0.149596,-0.179515,-0.179515
9179,-0.149596,-0.179515,-0.179515
9180,-0.119677,-0.179515,-0.179515
9181,-0.179515,-0.209434,-0.209434
9182,-0.179515,-0.239354,-0.239354
9183,-0.179515,-0.209434,-0.209434
9184,-0.179515,-0.209434,-0.209434
9185,-0.149596,-0.179515,-0.179515
9186,-0.119677,-0.179515,-0.179515
9187,-0.119677,-0.179515,-0.149596
9188,-0.119677,-0.149596,-0.149596
9189,-0.119677,-0.149596,-0.149596
9190,-0.119677,-0.179515,-0.149596
9191,-0.119677,-0.149596,-0.149596
9192,-0.119677,-0.179515,-0.149596
9193,-0.119677,-0.179515,-0.179515
9194,-0.119677,-0.179515,-0.179515
9195,-0.119677,-0.179515,-0.179515
9196,-0.119677,-0.179515,-0.179515
9197,-0.089758,-0.149596,-0.149596
9198,-0.059838,-0.119677,-0.119677
9199,-0.089758,-0.119677,-0.119677
9200,-0.089758,-0.149596,-0.149596
9201,-0.119677,-0.179515,-0.149596
9202,-0.149596,-0.179515,-0.179515
9203,-0.149596,-0.179515,-0.179515
9204,-0.149596,-0.209434,-0.179515
9205,-0.149596,-0.209434,-0.179515
9206,-0.149596,-0.209434,-0.179515
9207,-0.149596,-0.209434,-0.179515
9208,-0.149596,-0.179515,-0.179515
9209,-0.149596,-0.179515,-0.179515
9210,-0.149596,-0.179515,-0.179515
9211,-0.149596,-0.179515,-0.179515
9212,-0.149596,-0.179515,-0.179515
9213,-0.179515,-0.209434,-0.209434
9214,-0.179515,-0.239354,-0.239354
9215,-0.179515,-0.239354,-0.209434
9216,-0.179515,-0.209434,-0.209434
9217,-0.149596,-0.179515,-0.179515
9218,-0.119677,-0.179515,-0.179515
9219,-0.119677,-0.179515,-0.179515
9220,-0.119677,-0.179515,-0.149596
9221,-0.119677,-0.179515,-0.149596
9222,-0.119677,-0.179515,-0.149596
9223,-0.119677,-0.179515,-0.149596
9224,-0.119677,-0.179515,-0.149596
9225,-0.119677,-0.179515,-0.179515
9226,-0.119677,-0.179515,-0.179515
9227,-0.119677,-0.179515,-0.179515
9228,-0.119677,-0.179515,-0.179515
9229,-0.089758,-0.149596,-0.149596
9230,-0.059838,-0.119677,-0.119677
9231,-0.089758,-0.119677,-0.149596
9232,-0.119677,-0.149596,-0.149596
9233,-0.119677,-0.179515,-0.179515
9234,-0.149596,-0.209434,-0.209434
9235,-0.149596,-0.209434,-0.209434
9236,-0.149596,-0.209434,-0.209434
9237,-0.149596,-0.209434,-0.209434
9238,-0.149596,-0.209434,-0.209434
9239,-0.149596,-0.209434,-0.209434
9240,-0.149596,-0.209434,-0.209434
9241,-0.149596,-0.209434,-0.179515
9242,-0.149596,-0.209434,-0.179515
9243,-0.149596,-0.179515,-0.179515
9244,-0.149596,-0.209434,-0.179515
9245,-0.179515,-0.209434,-0.209434
9246,-0.209434,-0.239354,-0.239354
9247,-0.179515,-0.239354,-0.239354
9248,-0.179515,-0.209434,-0.209434
9249,-0.149596,-0.209434,-0.209434
9250,-0.119677,-0.179515,-0.179515
9251,-0.119677,-0.179515,-0.179515
9252,-0.119677,-0.179515,-0.149596
9253,-0.119677,-0.179515,-0.179515
9254,-0.119677,-0.179515,-0.179515
9255,-0.119677,-0.179515,-0.149596
9256,-0.119677,-0.179515,-0.179515
9257,-0.119677,-0.179515,-0.179515
9258,-0.149596,-0.179515,-0.179515
9259,-0.149596,-0.179515,-0.179515
9260,-0.149596,-0.179515,-0.179515
9261,-0.119677,-0.149596,-0.149596
9262,-0.089758,-0.119677,-0.119677
9263,-0.089758,-0.149596,-0.149596
9264,-0.119677,-0.149596,-0.149596
9265,-0.149596,-0.179515,-0.179515
9266,-0.149596,-0.209434,-0.209434
9267,-0.179515,-0.209434,-0.209434
9268,-0.179515,-0.209434,-0.209434
9269,-0.179515,-0.209434,-0.209434
9270,-0.149596,-0.209434,-0.209434
9271,-0.179515,-0.239354,-0.209434
9272,-0.179515,-0.209434,-0.209434
9273,-0.149596,-0.209434,-0.209434
9274,-0.149596,-0.209434,-0.209434
9275,-0.149596,-0.209434,-0.209434
9276,-0.149596,-0.209434,-0.209434
9277,-0.179515,-0.239354,-0.239354
9278,-0.209434,-0.269273,-0.239354
9279,-0.209434,-0.239354,-0.239354
9280,-0.179515,-0.239354,-0.239354
9281,-0.179515,-0.209434,-0.209434
9282,-0.149596,-0.209434,-0.179515
9283,-0.149596,-0.179515,-0.179515
9284,-0.149596,-0.179515,-0.179515
9285,-0.149596,-0.179515,-0.179515
9286,-0.149596,-0.179515,-0.179515
9287,-0.119677,-0.179515,-0.179515
9288,-0.149596,-0.179515,-0.179515
9289,-0.149596,-0.179515,-0.179515
9290,-0.149596,-0.209434,-0.179515
9291,-0.149596,-0.209434,-0.179515
9292,-0.149596,-0.209434,-0.209434
9293,-0.119677,-0.179515,-0.179515
9294,-0.089758,-0.149596,-0.149596
9295,-0.119677,-0.149596,-0.149596
9296,-0.119677,-0.179515,-0.179515
9297,-0.149596,-0.209434,-0.209434
9298,-0.179515,-0.209434,-0.209434
9299,-0.179515,-0.209434,-0.209434
9300,-0.179515,-0.209434,-0.209434
9301,-0.179515,-0.239354,-0.209434
9302,-0.179515,-0.239354,-0.209434
9303,-0.179515,-0.239354,-0.239354
9304,-0.179515,-0.209434,-0.209434
9305,-0.179515,-0.209434,-0.209434
9306,-0.179515,-0.209434,-0.209434
9307,-0.179515,-0.209434,-0.209434
9308,-0.179515,-0.209434,-0.209434
9309,-0.209434,-0.239354,-0.239354
9310,-0.239354,-0.269273,-0.269273
9311,-0.209434,-0.269273,-0.239354
9312,-0.209434,-0.239354,-0.239354
9313,-0.179515,-0.239354,-0.209434
9314,-0.149596,-0.209434,-0.209434
9315,-0.149596,-0.209434,-0.179515
9316,-0.149596,-0.209434,-0.179515
9317,-0.149596,-0.179515,-0.179515
9318,-0.149596,-0.179515,-0.179515
9319,-0.149596,-0.179515,-0.179515
9320,-0.149596,-0.209434,-0.179515
9321,-0.149596,-0.209434,-0.209434
9322,-0.149596,-0.209434,-0.209434
9323,-0.149596,-0.209434,-0.209434
9324,-0.149596,-0.209434,-0.209434
9325,-0.119677,-0.179515,-0.179515
9326,-0.119677,-0.149596,-0.149596
9327,-0.119677,-0.179515,-0.149596
9328,-0.149596,-0.179515,-0.179515
9329,-0.149596,-0.209434,-0.209434
9330,-0.179515,-0.239354,-0.239354
9331,-0.179515,-0.239354,-0.239354
9332,-0.179515,-0.239354,-0.239354
9333,-0.179515,-0.239354,-0.239354
9334,-0.179515,-0.239354,-0.239354
9335,-0.179515,-0.239354,-0.239354
9336,-0.179515,-0.239354,-0.209434
9337,-0.179515,-0.209434,-0.209434
9338,-0.179515,-0.209434,-0.209434
9339,-0.179515,-0.209434,-0.209434
9340,-0.179515,-0.209434,-0.209434
9341,-0.209434,-0.239354,-0.239354
9342,-0.239354,-0.269273,-0.269273
9343,-0.209434,-0.269273,-0.269273
9344,-0.209434,-0.239354,-0.239354
9345,-0.179515,-0.239354,-0.209434
9346,-0.149596,-0.209434,-0.209434
9347,-0.149596,-0.209434,-0.209434
9348,-0.149596,-0.179515,-0.179515
9349,-0.149596,-0.179515,-0.179515
9350,-0.149596,-0.209434,-0.179515
9351,-0.149596,-0.179515,-0.179515
9352,-0.149596,-0.209434,-0.209434
9353,-0.149596,-0.209434,-0.209434
9354,-0.149596,-0.209434,-0.209434
9355,-0.149596,-0.209434,-0.209434
9356,-0.149596,-0.209434,-0.209434
9357,-0.119677,-0.179515,-0.179515
9358,-0.119677,-0.149596,-0.149596
9359,-0.119677,-0.179515,-0.179515
9360,-0.149596,-0.179515,-0.179515
9361,-0.149596,-0.209434,-0.209434
9362,-0.179515,-0.209434,-0.209434
9363,-0.179515,-0.239354,-0.239354
9364,-0.179515,-0.239354,-0.239354
9365,-0.179515,-0.239354,-0.239354
9366,-0.179515,-0.239354,-0.239354
9367,-0.179515,-0.239354,-0.239354
9368,-0.179515,-0.239354,-0.239354
9369,-0.179515,-0.209434,-0.209434
9370,-0.179515,-0.209434,-0.209434
9371,-0.179515,-0.209434,-0.209434
9372,-0.179515,-0.209434,-0.209434
9373,-0.209434,-0.269273,-0.239354
9374,-0.209434,-0.269273,-0.269273
9375,-0.209434,-0.269273,-0.269273
9376,-0.209434,-0.239354,-0.239354
9377,-0.179515,-0.239354,-0.209434
9378,-0.149596,-0.209434,-0.209434
9379,-0.149596,-0.209434,-0.179515
9380,-0.149596,-0.209434,-0.179515
9381,-0.149596,-0.209434,-0.179515
9382,-0.149596,-0.209434,-0.179515
9383,-0.149596,-0.179515,-0.209434
9384,-0.149596,-0.209434,-0.209434
9385,-0.149596,-0.209434,-0.209434
9386,-0.149596,-0.209434,-0.209434
9387,-0.179515,-0.209434,-0.209434
9388,-0.179515,-0.209434,-0.209434
9389,-0.119677,-0.179515,-0.179515
9390,-0.119677,-0.149596,-0.149596
9391,-0.119677,-0.179515,-0.179515
9392,-0.149596,-0.179515,-0.179515
9393,-0.149596,-0.209434,-0.209434
9394,-0.179515,-0.239354,-0.209434
9395,-0.179515,-0.239354,-0.239354
9396,-0.179515,-0.239354,-0.239354
9397,-0.179515,-0.239354,-0.239354
9398,-0.179515,-0.239354,-0.239354
9399,-0.179515,-0.239354,-0.239354
9400,-0.179515,-0.239354,-0.209434
9401,-0.179515,-0.239354,-0.209434
9402,-0.179515,-0.209434,-0.209434
9403,-0.179515,-0.209434,-0.209434
9404,-0.179515,-0.209434,-0.209434
9405,-0.209434,-0.269273,-0.239354
9406,-0.239354,-0.269273,-0.269273
9407,-0.209434,-0.269273,-0.239354
9408,-0.209434,-0.239354,-0.239354
9409,-0.179515,-0.239354,-0.209434
9410,-0.149596,-0.209434,-0.209434
9411,-0.149596,-0.209434,-0.179515
9412,-0.149596,-0.209434,-0.179515
9413,-0.149596,-0.209434,-0.179515
9414,-0.149596,-0.209434,-0.179515
9415,-0.149596,-0.179515,-0.209434
9416,-0.149596,-0.209434,-0.209434
9417,-0.149596,-0.209434,-0.209434
9418,-0.149596,-0.209434,-0.209434
9419,-0.149596,-0.209434,-0.209434
9420,-0.179515,-0.209434,-0.209434
9421,-0.119677,-0.179515,-0.179515
9422,-0.119677,-0.149596,-0.149596
9423,-0.119677,-0.179515,-0.149596
9424,-0.149596,-0.179515,-0.179515
9425,-0.149596,-0.209434,-0.209434
9426,-0.179515,-0.209434,-0.239354
9427,-0.179515,-0.239354,-0.239354
9428,-0.179515,-0.239354,-0.239354
9429,-0.179515,-0.239354,-0.239354
9430,-0.179515,-0.239354,-0.239354
9431,-0.179515,-0.239354,-0.239354
9432,-0.179515,-0.239354,-0.239354
9433,-0.179515,-0.209434,-0.239354
9434,-0.179515,-0.239354,-0.209434
9435,-0.179515,-0.239354,-0.209434
9436,-0.179515,-0.239354,-0.209434
9437,-0.209434,-0.269273,-0.239354
9438,-0.209434,-0.269273,-0.269273
9439,-0.209434,-0.269273,-0.269273
9440,-0.209434,-0.239354,-0.239354
9441,-0.179515,-0.239354,-0.209434
9442,-0.179515,-0.209434,-0.209434
9443,-0.149596,-0.209434,-0.209434
9444,-0.149596,-0.209434,-0.209434
9445,-0.149596,-0.209434,-0.209434
9446,-0.149596,-0.209434,-0.209434
9447,-0.149596,-0.209434,-0.209434
9448,-0.149596,-0.209434,-0.209434
9449,-0.149596,-0.209434,-0.209434
9450,-0.179515,-0.209434,-0.209434
9451,-0.179515,-0.209434,-0.209434
9452,-0.179515,-0.209434,-0.209434
9453,-0.119677,-0.179515,-0.179515
9454,-0.119677,-0.149596,-0.149596
9455,-0.149596,-0.179515,-0.179515
9456,-0.149596,-0.209434,-0.179515
9457,-0.179515,-0.209434,-0.209434
9458,-0.179515,-0.239354,-0.239354
9459,-0.209434,-0.239354,-0.239354
9460,-0.209434,-0.239354,-0.239354
9461,-0.209434,-0.239354,-0.239354
9462,-0.209434,-0.239354,-0.239354
9463,-0.209434,-0.239354,-0.239354
9464,-0.209434,-0.239354,-0.239354
9465,-0.179515,-0.239354,-0.239354
9466,-0.179515,-0.239354,-0.239354
9467,-0.179515,-0.239354,-0.239354
9468,-0.179515,-0.239354,-0.239354
9469,-0.209434,-0.269273,-0.269273
9470,-0.239354,-0.299192,-0.299192
9471,-0.239354,-0.269273,-0.269273
9472,-0.209434,-0.269273,-0.239354
9473,-0.179515,-0.239354,-0.239354
9474,-0.179515,-0.209434,-0.209434
9475,-0.179515,-0.209434,-0.209434
9476,-0.179515,-0.209434,-0.209434
9477,-0.149596,-0.209434,-0.209434
9478,-0.149596,-0.209434,-0.209434
9479,-0.179515,-0.209434,-0.209434
9480,-0.179515,-0.209434,-0.209434
9481,-0.179515,-0.209434,-0.209434
9482,-0.179515,-0.239354,-0.209434
9483,-0.179515,-0.239354,-0.239354
9484,-0.179515,-0.209434,-0.209434
9485,-0.149596,-0.179515,-0.179515
9486,-0.119677,-0.179515,-0.179515
9487,-0.149596,-0.179515,-0.179515
9488,-0.149596,-0.209434,-0.209434
9489,-0.179515,-0.239354,-0.239354
9490,-0.209434,-0.239354,-0.239354
9491,-0.209434,-0.239354,-0.239354
9492,-0.209434,-0.269273,-0.239354
9493,-0.209434,-0.269273,-0.239354
9494,-0.209434,-0.239354,-0.239354
9495,-0.209434,-0.239354,-0.269273
9496,-0.209434,-0.239354,-0.239354
9497,-0.209434,-0.239354,-0.239354
9498,-0.209434,-0.239354,-0.239354
9499,-0.209434,-0.239354,-0.239354
9500,-0.209434,-0.239354,-0.239354
9501,-0.239354,-0.269273,-0.269273
9502,-0.239354,-0.299192,-0.269273
9503,-0.239354,-0.269273,-0.269273
9504,-0.209434,-0.269273,-0.269273
9505,-0.209434,-0.239354,-0.239354
9506,-0.179515,-0.239354,-0.209434
9507,-0.179515,-0.209434,-0.209434
9508,-0.179515,-0.209434,-0.209434
9509,-0.179515,-0.209434,-0.209434
9510,-0.179515,-0.209434,-0.209434
9511,-0.179515,-0.209434,-0.209434
9512,-0.179515,-0.209434,-0.209434
9513,-0.179515,-0.239354,-0.239354
9514,-0.179515,-0.239354,-0.239354
9515,-0.179515,-0.239354,-0.239354
9516,-0.179515,-0.239354,-0.239354
9517,-0.149596,-0.179515,-0.179515
9518,-0.149596,-0.179515,-0.179515
9519,-0.149596,-0.209434,-0.209434
9520,-0.149596,-0.209434,-0.209434
9521,-0.179515,-0.239354,-0.239354
9522,-0.209434,-0.239354,-0.239354
9523,-0.209434,-0.269273,-0.239354
9524,-0.209434,-0.269273,-0.239354
9525,-0.209434,-0.269273,-0.239354
9526,-0.209434,-0.269273,-0.269273
9527,-0.209434,-0.269273,-0.239354
9528,-0.209434,-0.269273,-0.239354
9529,-0.209434,-0.269273,-0.239354
9530,-0.209434,-0.239354,-0.239354
9531,-0.209434,-0.239354,-0.239354
9532,-0.209434,-0.239354,-0.239354
9533,-0.239354,-0.299192,-0.269273
9534,-0.239354,-0.299192,-0.299192
9535,-0.239354,-0.269273,-0.269273
9536,-0.239354,-0.269273,-0.269273
9537,-0.209434,-0.239354,-0.239354
9538,-0.179515,-0.239354,-0.239354
9539,-0.179515,-0.239354,-0.209434
9540,-0.179515,-0.239354,-0.209434
9541,-0.179515,-0.209434,-0.209434
9542,-0.179515,-0.239354,-0.209434
9543,-0.179515,-0.209434,-0.209434
9544,-0.179515,-0.239354,-0.239354
9545,-0.179515,-0.239354,-0.239354
9546,-0.179515,-0.239354,-0.239354
9547,-0.179515,-0.239354,-0.239354
9548,-0.179515,-0.239354,-0.239354
9549,-0.149596,-0.209434,-0.209434
9550,-0.149596,-0.179515,-0.179515
9551,-0.149596,-0.209434,-0.209434
9552,-0.179515,-0.209434,-0.209434
9553,-0.209434,-0.239354,-0.239354
9554,-0.209434,-0.269273,-0.269273
9555,-0.209434,-0.269273,-0.269273
9556,-0.209434,-0.269273,-0.269273
9557,-0.209434,-0.269273,-0.269273
9558,-0.209434,-0.269273,-0.269273
9559,-0.209434,-0.269273,-0.269273
9560,-0.209434,-0.269273,-0.269273
9561,-0.209434,-0.269273,-0.269273
9562,-0.209434,-0.239354,-0.239354
9563,-0.209434,-0.269273,-0.239354
9564,-0.209434,-0.269273,-0.239354
9565,-0.239354,-0.299192,-0.299192
9566,-0.269273,-0.299192,-0.299192
9567,-0.239354,-0.299192,-0.299192
9568,-0.239354,-0.269273,-0.269273
9569,-0.209434,-0.269273,-0.239354
9570,-0.179515,-0.239354,-0.239354
9571,-0.179515,-0.239354,-0.239354
9572,-0.179515,-0.239354,-0.239354
9573,-0.179515,-0.239354,-0.239354
9574,-0.179515,-0.239354,-0.239354
9575,-0.179515,-0.239354,-0.239354
9576,-0.179515,-0.239354,-0.239354
9577,-0.209434,-0.239354,-0.239354
9578,-0.209434,-0.239354,-0.239354
9579,-0.209434,-0.239354,-0.239354
9580,-0.209434,-0.239354,-0.239354
9581,-0.149596,-0.209434,-0.209434
9582,-0.149596,-0.209434,-0.179515
9583,-0.179515,-0.209434,-0.209434
9584,-0.179515,-0.239354,-0.209434
9585,-0.209434,-0.239354,-0.239354
9586,-0.209434,-0.269273,-0.269273
9587,-0.209434,-0.269273,-0.269273
9588,-0.239354,-0.269273,-0.269273
9589,-0.209434,-0.269273,-0.269273
9590,-0.239354,-0.269273,-0.269273
9591,-0.239354,-0.269273,-0.269273
9592,-0.239354,-0.269273,-0.269273
9593,-0.209434,-0.269273,-0.269273
9594,-0.209434,-0.269273,-0.269273
9595,-0.209434,-0.269273,-0.269273
9596,-0.209434,-0.269273,-0.269273
9597,-0.239354,-0.299192,-0.299192
9598,-0.269273,-0.299192,-0.299192
9599,-0.239354,-0.299192,-0.299192
9600,-0.239354,-0.269273,-0.269273
9601,-0.209434,-0.269273,-0.269273
9602,-0.209434,-0.239354,-0.239354
9603,-0.209434,-0.239354,-0.239354
9604,-0.179515,-0.239354,-0.239354
9605,-0.179515,-0.239354,-0.239354
9606,-0.179515,-0.239354,-0.239354
9607,-0.179515,-0.239354,-0.239354
9608,-0.179515,-0.239354,-0.239354
9609,-0.209434,-0.239354,-0.239354
9610,-0.209434,-0.239354,-0.239354
9611,-0.209434,-0.239354,-0.239354
9612,-0.209434,-0.239354,-0.239354
9613,-0.149596,-0.209434,-0.209434
9614,-0.149596,-0.209434,-0.209434
9615,-0.179515,-0.209434,-0.209434
9616,-0.179515,-0.239354,-0.239354
9617,-0.209434,-0.269273,-0.239354
9618,-0.239354,-0.269273,-0.269273
9619,-0.239354,-0.269273,-0.269273
9620,-0.239354,-0.269273,-0.269273
9621,-0.239354,-0.269273,-0.269273
9622,-0.239354,-0.269273,-0.269273
9623,-0.239354,-0.269273,-0.269273
9624,-0.209434,-0.269273,-0.269273
9625,-0.209434,-0.269273,-0.269273
9626,-0.209434,-0.269273,-0.269273
9627,-0.209434,-0.269273,-0.269273
9628,-0.239354,-0.269273,-0.269273
9629,-0.269273,-0.299192,-0.299192
9630,-0.269273,-0.329111,-0.299192
9631,-0.269273,-0.299192,-0.299192
9632,-0.239354,-0.299192,-0.269273
9633,-0.209434,-0.269273,-0.269273
9634,-0.209434,-0.239354,-0.239354
9635,-0.179515,-0.239354,-0.239354
9636,-0.209434,-0.239354,-0.239354
9637,-0.209434,-0.239354,-0.239354
9638,-0.209434,-0.239354,-0.239354
9639,-0.209434,-0.239354,-0.239354
9640,-0.209434,-0.239354,-0.239354
9641,-0.209434,-0.239354,-0.239354
9642,-0.209434,-0.269273,-0.239354
9643,-0.209434,-0.269273,-0.239354
9644,-0.209434,-0.239354,-0.239354
9645,-0.179515,-0.209434,-0.209434
9646,-0.149596,-0.209434,-0.209434
9647,-0.179515,-0.239354,-0.209434
9648,-0.179515,-0.239354,-0.239354
9649,-0.209434,-0.269273,-0.269273
9650,-0.239354,-0.269273,-0.269273
9651,-0.239354,-0.269273,-0.269273
9652,-0.239354,-0.269273,-0.269273
9653,-0.239354,-0.269273,-0.269273
9654,-0.239354,-0.269273,-0.269273
9655,-0.239354,-0.269273,-0.269273
9656,-0.239354,-0.269273,-0.269273
9657,-0.239354,-0.269273,-0.269273
9658,-0.209434,-0.269273,-0.269273
9659,-0.209434,-0.269273,-0.269273
9660,-0.239354,-0.269273,-0.269273
9661,-0.269273,-0.299192,-0.299192
9662,-0.269273,-0.299192,-0.299192
9663,-0.269273,-0.299192,-0.299192
9664,-0.239354,-0.299192,-0.299192
9665,-0.209434,-0.269273,-0.269273
9666,-0.209434,-0.239354,-0.239354
9667,-0.209434,-0.239354,-0.239354
9668,-0.209434,-0.239354,-0.239354
9669,-0.209434,-0.239354,-0.239354
9670,-0.209434,-0.239354,-0.239354
9671,-0.179515,-0.239354,-0.239354
9672,-0.209434,-0.239354,-0.239354
9673,-0.209434,-0.269273,-0.239354
9674,-0.209434,-0.269273,-0.269273
9675,-0.209434,-0.269273,-0.269273
9676,-0.209434,-0.269273,-0.239354
9677,-0.179515,-0.209434,-0.209434
9678,-0.179515,-0.209434,-0.209434
9679,-0.179515,-0.239354,-0.209434
9680,-0.179515,-0.239354,-0.239354
9681,-0.209434,-0.269273,-0.269273
9682,-0.239354,-0.269273,-0.269273
9683,-0.239354,-0.269273,-0.269273
9684,-0.239354,-0.299192,-0.269273
9685,-0.239354,-0.269273,-0.269273
9686,-0.239354,-0.269273,-0.269273
9687,-0.239354,-0.269273,-0.269273
9688,-0.239354,-0.269273,-0.269273
9689,-0.209434,-0.269273,-0.269273
9690,-0.209434,-0.269273,-0.269273
9691,-0.239354,-0.269273,-0.269273
9692,-0.239354,-0.269273,-0.269273
9693,-0.269273,-0.299192,-0.299192
9694,-0.269273,-0.329111,-0.299192
9695,-0.269273,-0.299192,-0.299192
9696,-0.239354,-0.299192,-0.299192
9697,-0.209434,-0.269273,-0.269273
9698,-0.209434,-0.269273,-0.239354
9699,-0.209434,-0.239354,-0.239354
9700,-0.209434,-0.239354,-0.239354
9701,-0.209434,-0.239354,-0.239354
9702,-0.209434,-0.239354,-0.239354
9703,-0.209434,-0.239354,-0.239354
9704,-0.209434,-0.239354,-0.239354
9705,-0.209434,-0.269273,-0.239354
9706,-0.209434,-0.269273,-0.269273
9707,-0.209434,-0.269273,-0.269273
9708,-0.209434,-0.239354,-0.239354
9709,-0.179515,-0.209434,-0.209434
9710,-0.179515,-0.209434,-0.209434
9711,-0.179515,-0.239354,-0.239354
9712,-0.209434,-0.239354,-0.239354
9713,-0.209434,-0.269273,-0.269273
9714,-0.239354,-0.269273,-0.269273
9715,-0.239354,-0.269273,-0.269273
9716,-0.239354,-0.299192,-0.269273
9717,-0.239354,-0.269273,-0.269273
9718,-0.239354,-0.269273,-0.269273
9719,-0.239354,-0.299192,-0.269273
9720,-0.239354,-0.269273,-0.269273
9721,-0.239354,-0.269273,-0.269273
9722,-0.239354,-0.269273,-0.269273
9723,-0.239354,-0.269273,-0.269273
9724,-0.239354,-0.269273,-0.269273
9725,-0.269273,-0.329111,-0.299192
9726,-0.269273,-0.329111,-0.299192
9727,-0.269273,-0.299192,-0.299192
9728,-0.239354,-0.299192,-0.299192
9729,-0.239354,-0.269273,-0.269273
9730,-0.209434,-0.239354,-0.239354
9731,-0.209434,-0.239354,-0.239354
9732,-0.209434,-0.239354,-0.239354
9733,-0.209434,-0.239354,-0.239354
9734,-0.209434,-0.239354,-0.239354
9735,-0.209434,-0.239354,-0.239354
9736,-0.209434,-0.269273,-0.239354
9737,-0.209434,-0.269273,-0.269273
9738,-0.209434,-0.269273,-0.239354
9739,-0.209434,-0.269273,-0.239354
9740,-0.209434,-0.269273,-0.239354
9741,-0.179515,-0.209434,-0.209434
9742,-0.179515,-0.209434,-0.209434
9743,-0.179515,-0.239354,-0.239354
9744,-0.209434,-0.239354,-0.239354
9745,-0.209434,-0.269273,-0.269273
9746,-0.239354,-0.269273,-0.269273
9747,-0.239354,-0.299192,-0.269273
9748,-0.239354,-0.299192,-0.269273
9749,-0.239354,-0.299192,-0.269273
9750,-0.239354,-0.299192,-0.269273
9751,-0.239354,-0.299192,-0.269273
9752,-0.239354,-0.269273,-0.269273
9753,-0.239354,-0.269273,-0.269273
9754,-0.239354,-0.269273,-0.269273
9755,-0.239354,-0.269273,-0.269273
9756,-0.239354,-0.269273,-0.269273
9757,-0.269273,-0.329111,-0.329111
9758,-0.269273,-0.329111,-0.329111
9759,-0.269273,-0.299192,-0.299192
9760,-0.239354,-0.299192,-0.299192
9761,-0.239354,-0.269273,-0.269273
9762,-0.209434,-0.239354,-0.239354
9763,-0.209434,-0.269273,-0.239354
9764,-0.209434,-0.239354,-0.239354
9765,-0.209434,-0.239354,-0.239354
9766,-0.209434,-0.239354,-0.239354
9767,-0.209434,-0.239354,-0.239354
9768,-0.209434,-0.269273,-0.269273
9769,-0.209434,-0.269273,-0.269273
9770,-0.209434,-0.269273,-0.239354
9771,-0.209434,-0.269273,-0.269273
9772,-0.209434,-0.269273,-0.269273
9773,-0.179515,-0.209434,-0.209434
9774,-0.179515,-0.209434,-0.209434
9775,-0.179515,-0.239354,-0.239354
9776,-0.209434,-0.239354,-0.239354
9777,-0.239354,-0.269273,-0.269273
9778,-0.239354,-0.269273,-0.269273
9779,-0.239354,-0.299192,-0.269273
9780,-0.239354,-0.269273,-0.269273
9781,-0.239354,-0.269273,-0.299192
9782,-0.239354,-0.299192,-0.299192
9783,-0.239354,-0.299192,-0.269273
9784,-0.239354,-0.269273,-0.269273
9785,-0.239354,-0.269273,-0.269273
9786,-0.239354,-0.269273,-0.269273
9787,-0.239354,-0.269273,-0.269273
9788,-0.239354,-0.299192,-0.269273
9789,-0.269273,-0.329111,-0.299192
9790,-0.269273,-0.329111,-0.329111
9791,-0.269273,-0.299192,-0.299192
9792,-0.239354,-0.299192,-0.299192
9793,-0.209434,-0.269273,-0.269273
9794,-0.209434,-0.269273,-0.269273
9795,-0.209434,-0.239354,-0.239354
9796,-0.209434,-0.239354,-0.239354
9797,-0.209434,-0.239354,-0.239354
9798,-0.209434,-0.239354,-0.239354
9799,-0.209434,-0.239354,-0.239354
9800,-0.209434,-0.269273,-0.239354
9801,-0.209434,-0.269273,-0.269273
9802,-0.209434,-0.269273,-0.269273
9803,-0.209434,-0.269273,-0.269273
9804,-0.209434,-0.269273,-0.239354
9805,-0.179515,-0.239354,-0.209434
9806,-0.179515,-0.209434,-0.209434
9807,-0.179515,-0.239354,-0.239354
9808,-0.209434,-0.239354,-0.239354
9809,-0.239354,-0.269273,-0.269273
9810,-0.239354,-0.299192,-0.269273
9811,-0.239354,-0.299192,-0.299192
9812,-0.239354,-0.299192,-0.269273
9813,-0.239354,-0.299192,-0.269273
9814,-0.239354,-0.299192,-0.299192
9815,-0.239354,-0.299192,-0.299192
9816,-0.239354,-0.269273,-0.269273
9817,-0.239354,-0.269273,-0.269273
9818,-0.239354,-0.269273,-0.269273
9819,-0.239354,-0.269273,-0.269273
9820,-0.239354,-0.299192,-0.269273
9821,-0.269273,-0.329111,-0.299192
9822,-0.269273,-0.329111,-0.329111
9823,-0.269273,-0.299192,-0.299192
9824,-0.239354,-0.299192,-0.299192
9825,-0.209434,-0.269273,-0.269273
9826,-0.209434,-0.269273,-0.239354
9827,-0.209434,-0.239354,-0.239354
9828,-0.209434,-0.239354,-0.239354
9829,-0.209434,-0.239354,-0.239354
9830,-0.209434,-0.239354,-0.239354
9831,-0.209434,-0.239354,-0.239354
9832,-0.209434,-0.269273,-0.269273
9833,-0.209434,-0.269273,-0.269273
9834,-0.209434,-0.269273,-0.269273
9835,-0.209434,-0.269273,-0.269273
9836,-0.209434,-0.269273,-0.239354
9837,-0.179515,-0.209434,-0.209434
9838,-0.179515,-0.209434,-0.209434
9839,-0.179515,-0.239354,-0.239354
9840,-0.209434,-0.239354,-0.239354
9841,-0.239354,-0.269273,-0.269273
9842,-0.239354,-0.269273,-0.269273
9843,-0.239354,-0.299192,-0.299192
9844,-0.239354,-0.299192,-0.269273
9845,-0.239354,-0.269273,-0.269273
9846,-0.239354,-0.299192,-0.269273
9847,-0.239354,-0.299192,-0.269273
9848,-0.239354,-0.269273,-0.269273
9849,-0.239354,-0.269273,-0.269273
9850,-0.239354,-0.269273,-0.269273
9851,-0.239354,-0.269273,-0.269273
9852,-0.239354,-0.299192,-0.269273
9853,-0.269273,-0.329111,-0.299192
9854,-0.269273,-0.329111,-0.329111
9855,-0.269273,-0.299192,-0.299192
9856,-0.239354,-0.299192,-0.299192
9857,-0.239354,-0.269273,-0.269273
9858,-0.209434,-0.269273,-0.269273
9859,-0.209434,-0.239354,-0.239354
9860,-0.209434,-0.239354,-0.239354
9861,-0.209434,-0.239354,-0.239354
9862,-0.209434,-0.239354,-0.239354
9863,-0.209434,-0.239354,-0.239354
9864,-0.209434,-0.269273,-0.239354
9865,-0.209434,-0.269273,-0.269273
9866,-0.209434,-0.269273,-0.269273
9867,-0.209434,-0.269273,-0.269273
9868,-0.209434,-0.239354,-0.239354
9869,-0.179515,-0.209434,-0.209434
9870,-0.179515,-0.209434,-0.209434
9871,-0.179515,-0.239354,-0.239354
9872,-0.209434,-0.239354,-0.239354
9873,-0.239354,-0.269273,-0.269273
9874,-0.239354,-0.269273,-0.269273
9875,-0.239354,-0.299192,-0.269273
9876,-0.239354,-0.299192,-0.269273
9877,-0.239354,-0.299192,-0.269273
9878,-0.239354,-0.299192,-0.299192
9879,-0.239354,-0.299192,-0.269273
9880,-0.239354,-0.269273,-0.269273
9881,-0.239354,-0.269273,-0.269273
9882,-0.239354,-0.269273,-0.269273
9883,-0.239354,-0.269273,-0.269273
9884,-0.239354,-0.299192,-0.299192
9885,-0.269273,-0.329111,-0.329111
9886,-0.269273,-0.329111,-0.299192
9887,-0.269273,-0.299192,-0.299192
9888,-0.239354,-0.299192,-0.299192
9889,-0.209434,-0.269273,-0.269273
9890,-0.209434,-0.269273,-0.239354
9891,-0.209434,-0.239354,-0.239354
9892,-0.209434,-0.239354,-0.239354
9893,-0.209434,-0.239354,-0.239354
9894,-0.209434,-0.239354,-0.239354
9895,-0.209434,-0.239354,-0.239354
9896,-0.209434,-0.269273,-0.239354
9897,-0.209434,-0.269273,-0.269273
9898,-0.209434,-0.269273,-0.269273
9899,-0.209434,-0.269273,-0.269273
9900,-0.209434,-0.239354,-0.239354
9901,-0.179515,-0.209434,-0.209434
9902,-0.179515,-0.209434,-0.209434
9903,-0.179515,-0.239354,-0.239354
9904,-0.209434,-0.239354,-0.239354
9905,-0.209434,-0.269273,-0.269273
9906,-0.239354,-0.299192,-0.269273
9907,-0.239354,-0.299192,-0.269273
9908,-0.239354,-0.269273,-0.269273
9909,-0.239354,-0.269273,-0.269273
9910,-0.239354,-0.299192,-0.269273
9911,-0.239354,-0.269273,-0.269273
9912,-0.239354,-0.269273,-0.269273
9913,-0.239354,-0.269273,-0.269273
9914,-0.239354,-0.269273,-0.269273
9915,-0.239354,-0.269273,-0.269273
9916,-0.239354,-0.269273,-0.269273
9917,-0.269273,-0.329111,-0.329111
9918,-0.269273,-0.329111,-0.299192
9919,-0.269273,-0.299192,-0.299192
9920,-0.239354,-0.269273,-0.299192
9921,-0.209434,-0.269273,-0.269273
9922,-0.209434,-0.239354,-0.239354
9923,-0.209434,-0.239354,-0.239354
9924,-0.209434,-0.239354,-0.239354
9925,-0.209434,-0.239354,-0.239354
9926,-0.209434,-0.239354,-0.239354
9927,-0.209434,-0.239354,-0.239354
9928,-0.209434,-0.269273,-0.239354
9929,-0.209434,-0.269273,-0.239354
9930,-0.209434,-0.269273,-0.269273
9931,-0.209434,-0.269273,-0.269273
9932,-0.209434,-0.239354,-0.239354
9933,-0.179515,-0.209434,-0.209434
9934,-0.179515,-0.209434,-0.209434
9935,-0.179515,-0.239354,-0.239354
9936,-0.209434,-0.239354,-0.239354
9937,-0.239354,-0.269273,-0.269273
9938,-0.239354,-0.269273,-0.269273
9939,-0.239354,-0.299192,-0.269273
9940,-0.239354,-0.299192,-0.269273
9941,-0.239354,-0.269273,-0.269273
9942,-0.239354,-0.299192,-0.269273
9943,-0.239354,-0.269273,-0.269273
9944,-0.239354,-0.269273,-0.269273
9945,-0.239354,-0.269273,-0.269273
9946,-0.209434,-0.269273,-0.269273
9947,-0.239354,-0.269273,-0.269273
9948,-0.239354,-0.269273,-0.269273
9949,-0.269273,-0.329111,-0.299192
9950,-0.269273,-0.329111,-0.299192
9951,-0.239354,-0.299192,-0.299192
9952,-0.239354,-0.299192,-0.299192
9953,-0.209434,-0.269273,-0.269273
9954,-0.209434,-0.239354,-0.239354
9955,-0.209434,-0.239354,-0.239354
9956,-0.209434,-0.239354,-0.239354
9957,-0.209434,-0.239354,-0.239354
9958,-0.209434,-0.239354,-0.239354
9959,-0.209434,-0.239354,-0.239354
9960,-0.209434,-0.239354,-0.239354
9961,-0.209434,-0.239354,-0.239354
9962,-0.209434,-0.269273,-0.269273
9963,-0.209434,-0.269273,-0.269273
9964,-0.209434,-0.239354,-0.239354
9965,-0.149596,-0.209434,-0.209434
9966,-0.149596,-0.209434,-0.209434
9967,-0.179515,-0.239354,-0.239354
9968,-0.209434,-0.239354,-0.239354
9969,-0.239354,-0.269273,-0.269273
9970,-0.239354,-0.269273,-0.269273
9971,-0.239354,-0.269273,-0.269273
9972,-0.239354,-0.269273,-0.269273
9973,-0.239354,-0.299192,-0.269273
9974,-0.239354,-0.299192,-0.269273
9975,-0.239354,-0.269273,-0.269273
9976,-0.239354,-0.269273,-0.269273
9977,-0.239354,-0.269273,-0.269273
9978,-0.209434,-0.269273,-0.269273
9979,-0.239354,-0.269273,-0.269273
9980,-0.239354,-0.299192,-0.299192
9981,-0.269273,-0.329111,-0.299192
9982,-0.269273,-0.299192,-0.299192
9983,-0.269273,-0.299192,-0.299192
9984,-0.239354,-0.299192,-0.269273
9985,-0.209434,-0.269273,-0.269273
9986,-0.209434,-0.239354,-0.239354
9987,-0.209434,-0.239354,-0.239354
9988,-0.209434,-0.239354,-0.239354
9989,-0.209434,-0.239354,-0.239354
9990,-0.209434,-0.239354,-0.239354
9991,-0.209434,-0.239354,-0.239354
9992,-0.209434,-0.239354,-0.239354
9993,-0.209434,-0.239354,-0.239354
9994,-0.209434,-0.269273,-0.239354
9995,-0.209434,-0.269273,-0.269273
9996,-0.209434,-0.239354,-0.239354
9997,-0.149596,-0.209434,-0.209434
9998,-0.149596,-0.209434,-0.209434
9999,-0.179515,-0.209434,-0.209434
10000,-0.209434,-0.239354,-0.239354
10001,-0.239354,-0.269273,-0.269273
10002,-0.239354,-0.269273,-0.269273
10003,-0.239354,-0.269273,-0.269273
10004,-0.239354,-0.269273,-0.269273
10005,-0.239354,-0.269273,-0.269273
10006,-0.239354,-0.269273,-0.269273
10007,-0.239354,-0.269273,-0.269273
10008,-0.239354,-0.269273,-0.269273
10009,-0.209434,-0.269273,-0.269273
10010,-0.209434,-0.269273,-0.269273
10011,-0.209434,-0.269273,-0.269273
10012,-0.239354,-0.269273,-0.269273
10013,-0.269273,-0.329111,-0.299192
10014,-0.269273,-0.299192,-0.299192
10015,-0.239354,-0.299192,-0.299192
10016,-0.239354,-0.269273,-0.269273
10017,-0.209434,-0.269273,-0.269273
10018,-0.209434,-0.239354,-0.239354
10019,-0.179515,-0.239354,-0.239354
10020,-0.179515,-0.239354,-0.239354
10021,-0.209434,-0.239354,-0.239354
10022,-0.209434,-0.239354,-0.239354
10023,-0.209434,-0.239354,-0.239354
10024,-0.209434,-0.239354,-0.239354
10025,-0.209434,-0.239354,-0.239354
10026,-0.209434,-0.269273,-0.239354
10027,-0.209434,-0.239354,-0.239354
10028,-0.179515,-0.239354,-0.239354
10029,-0.149596,-0.209434,-0.209434
10030,-0.149596,-0.209434,-0.209434
10031,-0.179515,-0.239354,-0.209434
10032,-0.209434,-0.239354,-0.239354
10033,-0.239354,-0.269273,-0.269273
10034,-0.239354,-0.269273,-0.269273
10035,-0.239354,-0.269273,-0.269273
10036,-0.239354,-0.269273,-0.269273
10037,-0.239354,-0.269273,-0.269273
10038,-0.239354,-0.269273,-0.269273
10039,-0.239354,-0.269273,-0.269273
10040,-0.209434,-0.269273,-0.269273
10041,-0.209434,-0.269273,-0.269273
10042,-0.209434,-0.269273,-0.269273
10043,-0.209434,-0.269273,-0.269273
10044,-0.239354,-0.269273,-0.269273
10045,-0.269273,-0.329111,-0.329111
10046,-0.269273,-0.299192,-0.299192
10047,-0.239354,-0.299192,-0.299192
10048,-0.239354,-0.269273,-0.269273
10049,-0.209434,-0.269273,-0.239354
10050,-0.209434,-0.239354,-0.239354
10051,-0.209434,-0.239354,-0.239354
10052,-0.179515,-0.239354,-0.239354
10053,-0.179515,-0.239354,-0.239354
10054,-0.179515,-0.239354,-0.239354
10055,-0.179515,-0.239354,-0.239354
10056,-0.209434,-0.239354,-0.239354
10057,-0.209434,-0.239354,-0.239354
10058,-0.209434,-0.239354,-0.239354
10059,-0.209434,-0.239354,-0.239354
10060,-0.179515,-0.239354,-0.239354
10061,-0.149596,-0.209434,-0.209434
10062,-0.149596,-0.209434,-0.209434
10063,-0.179515,-0.239354,-0.209434
10064,-0.209434,-0.239354,-0.239354
10065,-0.209434,-0.269273,-0.269273
10066,-0.239354,-0.269273,-0.269273
10067,-0.239354,-0.269273,-0.269273
10068,-0.239354,-0.269273,-0.269273
10069,-0.239354,-0.269273,-0.269273
10070,-0.239354,-0.269273,-0.269273
10071,-0.239354,-0.269273,-0.269273
10072,-0.209434,-0.269273,-0.269273
10073,-0.209434,-0.269273,-0.269273
10074,-0.209434,-0.269273,-0.269273
10075,-0.209434,-0.269273,-0.269273
10076,-0.239354,-0.269273,-0.269273
10077,-0.269273,-0.299192,-0.299192
10078,-0.269273,-0.299192,-0.299192
10079,-0.239354,-0.299192,-0.299192
10080,-0.239354,-0.269273,-0.269273
10081,-0.209434,-0.239354,-0.239354
10082,-0.209434,-0.239354,-0.239354
10083,-0.209434,-0.239354,-0.239354
10084,-0.209434,-0.239354,-0.239354
10085,-0.179515,-0.239354,-0.239354
10086,-0.179515,-0.239354,-0.239354
10087,-0.209434,-0.239354,-0.239354
10088,-0.209434,-0.239354,-0.239354
10089,-0.209434,-0.239354,-0.239354
10090,-0.209434,-0.239354,-0.239354
10091,-0.209434,-0.239354,-0.239354
10092,-0.179515,-0.239354,-0.239354
10093,-0.149596,-0.209434,-0.209434
10094,-0.149596,-0.209434,-0.209434
10095,-0.179515,-0.239354,-0.209434
10096,-0.209434,-0.239354,-0.239354
10097,-0.209434,-0.269273,-0.269273
10098,-0.239354,-0.269273,-0.269273
10099,-0.239354,-0.269273,-0.269273
10100,-0.239354,-0.269273,-0.269273
10101,-0.239354,-0.269273,-0.269273
10102,-0.239354,-0.269273,-0.269273
10103,-0.239354,-0.269273,-0.269273
10104,-0.209434,-0.269273,-0.269273
10105,-0.209434,-0.269273,-0.269273
10106,-0.209434,-0.269273,-0.269273
10107,-0.209434,-0.269273,-0.269273
10108,-0.239354,-0.299192,-0.269273
10109,-0.269273,-0.329111,-0.299192
10110,-0.269273,-0.299192,-0.299192
10111,-0.239354,-0.299192,-0.299192
10112,-0.239354,-0.269273,-0.269273
10113,-0.209434,-0.269273,-0.239354
10114,-0.209434,-0.239354,-0.239354
10115,-0.209434,-0.239354,-0.239354
10116,-0.179515,-0.239354,-0.239354
10117,-0.209434,-0.239354,-0.239354
10118,-0.179515,-0.239354,-0.239354
10119,-0.179515,-0.239354,-0.239354
10120,-0.209434,-0.239354,-0.239354
10121,-0.209434,-0.239354,-0.239354
10122,-0.209434,-0.269273,-0.239354
10123,-0.209434,-0.239354,-0.239354
10124,-0.179515,-0.239354,-0.239354
10125,-0.149596,-0.209434,-0.209434
10126,-0.149596,-0.209434,-0.209434
10127,-0.179515,-0.209434,-0.209434
10128,-0.209434,-0.239354,-0.239354
10129,-0.209434,-0.269273,-0.269273
10130,-0.239354,-0.269273,-0.269273
10131,-0.239354,-0.269273,-0.269273
10132,-0.239354,-0.269273,-0.269273
10133,-0.239354,-0.269273,-0.269273
10134,-0.239354,-0.269273,-0.269273
10135,-0.239354,-0.269273,-0.269273
10136,-0.209434,-0.269273,-0.269273
10137,-0.209434,-0.269273,-0.269273
10138,-0.209434,-0.269273,-0.269273
10139,-0.209434,-0.269273,-0.269273
10140,-0.239354,-0.269273,-0.269273
10141,-0.269273,-0.299192,-0.299192
10142,-0.269273,-0.299192,-0.299192
10143,-0.239354,-0.299192,-0.299192
10144,-0.239354,-0.269273,-0.269273
10145,-0.209434,-0.239354,-0.239354
10146,-0.209434,-0.239354,-0.239354
10147,-0.209434,-0.239354,-0.239354
10148,-0.179515,-0.239354,-0.239354
10149,-0.179515,-0.239354,-0.239354
10150,-0.179515,-0.239354,-0.239354
10151,-0.209434,-0.239354,-0.239354
10152,-0.209434,-0.239354,-0.239354
10153,-0.209434,-0.239354,-0.239354
10154,-0.209434,-0.239354,-0.239354
10155,-0.209434,-0.269273,-0.239354
10156,-0.179515,-0.239354,-0.239354
10157,-0.149596,-0.209434,-0.209434
10158,-0.149596,-0.209434,-0.209434
10159,-0.179515,-0.239354,-0.209434
10160,-0.179515,-0.239354,-0.239354
10161,-0.209434,-0.269273,-0.269273
10162,-0.239354,-0.269273,-0.269273
10163,-0.239354,-0.269273,-0.269273
10164,-0.239354,-0.269273,-0.269273
10165,-0.239354,-0.269273,-0.269273
10166,-0.239354,-0.269273,-0.269273
10167,-0.209434,-0.269273,-0.269273
10168,-0.209434,-0.269273,-0.269273
10169,-0.209434,-0.269273,-0.269273
10170,-0.209434,-0.269273,-0.269273
10171,-0.209434,-0.269273,-0.269273
10172,-0.239354,-0.299192,-0.269273
10173,-0.269273,-0.299192,-0.299192
10174,-0.269273,-0.299192,-0.299192
10175,-0.239354,-0.299192,-0.299192
10176,-0.239354,-0.269273,-0.269273
10177,-0.209434,-0.239354,-0.239354
10178,-0.209434,-0.239354,-0.239354
10179,-0.209434,-0.239354,-0.239354
10180,-0.179515,-0.239354,-0.239354
10181,-0.179515,-0.239354,-0.239354
10182,-0.179515,-0.239354,-0.239354
10183,-0.179515,-0.239354,-0.239354
10184,-0.209434,-0.239354,-0.239354
10185,-0.209434,-0.239354,-0.239354
10186,-0.209434,-0.239354,-0.239354
10187,-0.209434,-0.239354,-0.239354
10188,-0.179515,-0.239354,-0.209434
10189,-0.149596,-0.209434,-0.179515
10190,-0.149596,-0.209434,-0.209434
10191,-0.179515,-0.239354,-0.209434
10192,-0.209434,-0.239354,-0.239354
10193,-0.209434,-0.269273,-0.269273
10194,-0.209434,-0.269273,-0.269273
10195,-0.239354,-0.269273,-0.269273
10196,-0.239354,-0.269273,-0.269273
10197,-0.239354,-0.269273,-0.269273
10198,-0.239354,-0.269273,-0.269273
10199,-0.209434,-0.269273,-0.269273
10200,-0.209434,-0.269273,-0.269273
10201,-0.209434,-0.269273,-0.269273
10202,-0.209434,-0.269273,-0.269273
10203,-0.209434,-0.269273,-0.269273
10204,-0.239354,-0.299192,-0.269273
10205,-0.269273,-0.299192,-0.299192
10206,-0.269273,-0.299192,-0.299192
10207,-0.239354,-0.299192,-0.299192
10208,-0.209434,-0.269273,-0.269273
10209,-0.209434,-0.239354,-0.239354
10210,-0.179515,-0.239354,-0.239354
10211,-0.179515,-0.239354,-0.239354
10212,-0.179515,-0.239354,-0.239354
10213,-0.179515,-0.239354,-0.239354
10214,-0.179515,-0.239354,-0.239354
10215,-0.179515,-0.239354,-0.239354
10216,-0.209434,-0.239354,-0.239354
10217,-0.209434,-0.239354,-0.239354
10218,-0.209434,-0.239354,-0.239354
10219,-0.209434,-0.239354,-0.239354
10220,-0.179515,-0.239354,-0.209434
10221,-0.149596,-0.209434,-0.179515
10222,-0.149596,-0.209434,-0.209434
10223,-0.179515,-0.239354,-0.209434
10224,-0.179515,-0.239354,-0.239354
10225,-0.209434,-0.269273,-0.269273
10226,-0.209434,-0.269273,-0.269273
10227,-0.239354,-0.269273,-0.269273
10228,-0.239354,-0.269273,-0.269273
10229,-0.209434,-0.269273,-0.269273
10230,-0.239354,-0.269273,-0.269273
10231,-0.209434,-0.269273,-0.269273
10232,-0.209434,-0.269273,-0.269273
10233,-0.209434,-0.269273,-0.269273
10234,-0.209434,-0.269273,-0.239354
10235,-0.209434,-0.269273,-0.239354
10236,-0.239354,-0.269273,-0.269273
10237,-0.269273,-0.299192,-0.299192
10238,-0.239354,-0.299192,-0.299192
10239,-0.239354,-0.299192,-0.269273
10240,-0.239354,-0.269273,-0.269273
10241,-0.209434,-0.239354,-0.239354
10242,-0.179515,-0.239354,-0.239354
10243,-0.179515,-0.239354,-0.239354
10244,-0.179515,-0.239354,-0.239354
10245,-0.179515,-0.239354,-0.239354
10246,-0.179515,-0.239354,-0.239354
10247,-0.179515,-0.239354,-0.239354
10248,-0.209434,-0.239354,-0.239354
10249,-0.209434,-0.239354,-0.239354
10250,-0.179515,-0.239354,-0.239354
10251,-0.209434,-0.239354,-0.239354
10252,-0.179515,-0.209434,-0.209434
10253,-0.149596,-0.209434,-0.179515
10254,-0.149596,-0.209434,-0.209434
10255,-0.179515,-0.209434,-0.209434
10256,-0.179515,-0.239354,-0.239354
10257,-0.209434,-0.269273,-0.269273
10258,-0.239354,-0.269273,-0.269273
10259,-0.239354,-0.269273,-0.269273
10260,-0.239354,-0.269273,-0.269273
10261,-0.239354,-0.269273,-0.269273
10262,-0.239354,-0.269273,-0.269273
10263,-0.209434,-0.269273,-0.269273
10264,-0.209434,-0.269273,-0.269273
10265,-0.209434,-0.269273,-0.239354
10266,-0.209434,-0.269273,-0.239354
10267,-0.209434,-0.269273,-0.239354
10268,-0.239354,-0.269273,-0.269273
10269,-0.269273,-0.299192,-0.299192
10270,-0.269273,-0.299192,-0.299192
10271,-0.239354,-0.299192,-0.299192
10272,-0.209434,-0.269273,-0.269273
10273,-0.209434,-0.239354,-0.239354
10274,-0.179515,-0.239354,-0.239354
10275,-0.179515,-0.239354,-0.239354
10276,-0.179515,-0.239354,-0.239354
10277,-0.179515,-0.239354,-0.239354
10278,-0.179515,-0.239354,-0.239354
10279,-0.179515,-0.239354,-0.239354
10280,-0.209434,-0.239354,-0.239354
10281,-0.209434,-0.239354,-0.239354
10282,-0.209434,-0.239354,-0.239354
10283,-0.209434,-0.239354,-0.239354
10284,-0.179515,-0.209434,-0.209434
10285,-0.149596,-0.179515,-0.179515
10286,-0.149596,-0.209434,-0.209434
10287,-0.179515,-0.209434,-0.209434
10288,-0.179515,-0.239354,-0.239354
10289,-0.209434,-0.269273,-0.269273
10290,-0.209434,-0.269273,-0.269273
10291,-0.209434,-0.269273,-0.269273
10292,-0.209434,-0.269273,-0.269273
10293,-0.209434,-0.269273,-0.269273
10294,-0.209434,-0.269273,-0.269273
10295,-0.209434,-0.269273,-0.269273
10296,-0.209434,-0.269273,-0.269273
10297,-0.209434,-0.269273,-0.239354
10298,-0.209434,-0.269273,-0.239354
10299,-0.209434,-0.269273,-0.239354
10300,-0.239354,-0.269273,-0.269273
10301,-0.269273,-0.299192,-0.299192
10302,-0.239354,-0.299192,-0.299192
10303,-0.239354,-0.269273,-0.269273
10304,-0.209434,-0.269273,-0.269273
10305,-0.209434,-0.239354,-0.239354
10306,-0.179515,-0.239354,-0.239354
10307,-0.179515,-0.239354,-0.239354
10308,-0.179515,-0.239354,-0.239354
10309,-0.179515,-0.239354,-0.239354
10310,-0.179515,-0.239354,-0.239354
10311,-0.179515,-0.239354,-0.239354
10312,-0.179515,-0.239354,-0.239354
10313,-0.209434,-0.239354,-0.239354
10314,-0.209434,-0.239354,-0.239354
10315,-0.209434,-0.239354,-0.239354
10316,-0.179515,-0.209434,-0.209434
10317,-0.149596,-0.179515,-0.179515
10318,-0.149596,-0.209434,-0.209434
10319,-0.179515,-0.209434,-0.209434
10320,-0.179515,-0.239354,-0.239354
10321,-0.209434,-0.269273,-0.239354
10322,-0.209434,-0.269273,-0.269273
10323,-0.209434,-0.269273,-0.269273
10324,-0.209434,-0.269273,-0.269273
10325,-0.209434,-0.269273,-0.269273
10326,-0.209434,-0.269273,-0.269273
10327,-0.209434,-0.269273,-0.269273
10328,-0.209434,-0.269273,-0.269273
10329,-0.209434,-0.269273,-0.269273
10330,-0.209434,-0.269273,-0.239354
10331,-0.209434,-0.239354,-0.239354
10332,-0.239354,-0.269273,-0.269273
10333,-0.269273,-0.299192,-0.299192
10334,-0.239354,-0.299192,-0.299192
10335,-0.239354,-0.269273,-0.269273
10336,-0.209434,-0.269273,-0.269273
10337,-0.209434,-0.239354,-0.239354
10338,-0.179515,-0.239354,-0.209434
10339,-0.179515,-0.239354,-0.239354
10340,-0.179515,-0.239354,-0.239354
10341,-0.179515,-0.239354,-0.239354
10342,-0.179515,-0.239354,-0.209434
10343,-0.179515,-0.239354,-0.239354
10344,-0.179515,-0.239354,-0.239354
10345,-0.179515,-0.239354,-0.239354
10346,-0.209434,-0.239354,-0.239354
10347,-0.209434,-0.239354,-0.239354
10348,-0.179515,-0.209434,-0.209434
10349,-0.149596,-0.179515,-0.179515
10350,-0.149596,-0.209434,-0.209434
10351,-0.179515,-0.209434,-0.209434
10352,-0.179515,-0.239354,-0.239354
10353,-0.209434,-0.269273,-0.269273
10354,-0.209434,-0.269273,-0.269273
10355,-0.209434,-0.269273,-0.269273
10356,-0.209434,-0.269273,-0.269273
10357,-0.209434,-0.269273,-0.269273
10358,-0.209434,-0.269273,-0.269273
10359,-0.209434,-0.269273,-0.239354
10360,-0.209434,-0.269273,-0.239354
10361,-0.209434,-0.269273,-0.239354
10362,-0.209434,-0.239354,-0.239354
10363,-0.209434,-0.269273,-0.239354
10364,-0.239354,-0.269273,-0.269273
10365,-0.239354,-0.299192,-0.299192
10366,-0.239354,-0.299192,-0.299192
10367,-0.239354,-0.269273,-0.269273
10368,-0.209434,-0.269273,-0.269273
10369,-0.209434,-0.239354,-0.239354
10370,-0.179515,-0.239354,-0.209434
10371,-0.179515,-0.239354,-0.209434
10372,-0.179515,-0.239354,-0.209434
10373,-0.179515,-0.239354,-0.209434
10374,-0.179515,-0.239354,-0.239354
10375,-0.179515,-0.239354,-0.209434
10376,-0.179515,-0.239354,-0.239354
10377,-0.179515,-0.239354,-0.239354
10378,-0.209434,-0.239354,-0.239354
10379,-0.209434,-0.239354,-0.239354
10380,-0.179515,-0.209434,-0.209434
10381,-0.149596,-0.179515,-0.179515
10382,-0.149596,-0.209434,-0.209434
10383,-0.179515,-0.209434,-0.209434
10384,-0.179515,-0.239354,-0.239354
10385,-0.209434,-0.269273,-0.269273
10386,-0.209434,-0.269273,-0.269273
10387,-0.239354,-0.269273,-0.269273
10388,-0.209434,-0.269273,-0.269273
10389,-0.209434,-0.269273,-0.269273
10390,-0.209434,-0.269273,-0.269273
10391,-0.209434,-0.269273,-0.269273
10392,-0.209434,-0.269273,-0.239354
10393,-0.209434,-0.269273,-0.239354
10394,-0.209434,-0.239354,-0.239354
10395,-0.209434,-0.239354,-0.239354
10396,-0.239354,-0.269273,-0.269273
10397,-0.269273,-0.299192,-0.299192
10398,-0.239354,-0.299192,-0.269273
10399,-0.239354,-0.269273,-0.269273
10400,-0.209434,-0.269273,-0.269273
10401,-0.179515,-0.239354,-0.239354
10402,-0.179515,-0.239354,-0.239354
10403,-0.179515,-0.239354,-0.239354
10404,-0.179515,-0.209434,-0.209434
10405,-0.179515,-0.239354,-0.239354
10406,-0.179515,-0.239354,-0.209434
10407,-0.179515,-0.239354,-0.239354
10408,-0.179515,-0.239354,-0.239354
10409,-0.179515,-0.239354,-0.239354
10410,-0.179515,-0.239354,-0.239354
10411,-0.179515,-0.239354,-0.239354
10412,-0.179515,-0.209434,-0.209434
10413,-0.149596,-0.179515,-0.179515
10414,-0.149596,-0.209434,-0.209434
10415,-0.179515,-0.209434,-0.209434
10416,-0.179515,-0.239354,-0.239354
10417,-0.209434,-0.239354,-0.269273
10418,-0.209434,-0.269273,-0.269273
10419,-0.209434,-0.269273,-0.269273
10420,-0.209434,-0.269273,-0.269273
10421,-0.209434,-0.269273,-0.239354
10422,-0.209434,-0.269273,-0.239354
10423,-0.209434,-0.269273,-0.239354
10424,-0.209434,-0.239354,-0.239354
10425,-0.209434,-0.239354,-0.239354
10426,-0.209434,-0.239354,-0.239354
10427,-0.209434,-0.239354,-0.239354
10428,-0.239354,-0.269273,-0.269273
10429,-0.239354,-0.299192,-0.299192
10430,-0.239354,-0.299192,-0.299192
10431,-0.239354,-0.269273,-0.269273
10432,-0.209434,-0.269273,-0.269273
10433,-0.179515,-0.239354,-0.239354
10434,-0.179515,-0.239354,-0.239354
10435,-0.179515,-0.239354,-0.209434
10436,-0.179515,-0.209434,-0.209434
10437,-0.179515,-0.239354,-0.209434
10438,-0.179515,-0.209434,-0.209434
10439,-0.179515,-0.209434,-0.209434
10440,-0.179515,-0.239354,-0.239354
10441,-0.179515,-0.239354,-0.239354
10442,-0.179515,-0.239354,-0.239354
10443,-0.179515,-0.239354,-0.239354
10444,-0.149596,-0.209434,-0.209434
10445,-0.149596,-0.179515,-0.179515
10446,-0.149596,-0.209434,-0.179515
10447,-0.149596,-0.209434,-0.209434
10448,-0.179515,-0.239354,-0.239354
10449,-0.209434,-0.239354,-0.239354
10450,-0.209434,-0.269273,-0.269273
10451,-0.209434,-0.269273,-0.269273
10452,-0.209434,-0.239354,-0.239354
10453,-0.209434,-0.269273,-0.239354
10454,-0.209434,-0.269273,-0.269273
10455,-0.209434,-0.239354,-0.269273
10456,-0.209434,-0.239354,-0.239354
10457,-0.209434,-0.239354,-0.239354
10458,-0.209434,-0.239354,-0.239354
10459,-0.209434,-0.239354,-0.239354
10460,-0.239354,-0.269273,-0.269273
10461,-0.239354,-0.299192,-0.299192
10462,-0.239354,-0.299192,-0.269273
10463,-0.239354,-0.269273,-0.269273
10464,-0.209434,-0.239354,-0.239354
10465,-0.179515,-0.239354,-0.239354
10466,-0.179515,-0.239354,-0.209434
10467,-0.179515,-0.209434,-0.209434
10468,-0.179515,-0.209434,-0.209434
10469,-0.179515,-0.239354,-0.209434
10470,-0.179515,-0.209434,-0.209434
10471,-0.179515,-0.239354,-0.209434
10472,-0.179515,-0.239354,-0.209434
10473,-0.179515,-0.239354,-0.239354
10474,-0.179515,-0.239354,-0.239354
10475,-0.179515,-0.239354,-0.239354
10476,-0.149596,-0.209434,-0.209434
10477,-0.119677,-0.179515,-0.179515
10478,-0.149596,-0.179515,-0.179515
10479,-0.149596,-0.209434,-0.209434
10480,-0.179515,-0.239354,-0.209434
10481,-0.209434,-0.239354,-0.239354
10482,-0.209434,-0.269273,-0.239354
10483,-0.209434,-0.269273,-0.239354
10484,-0.209434,-0.239354,-0.239354
10485,-0.209434,-0.239354,-0.239354
10486,-0.209434,-0.269273,-0.239354
10487,-0.209434,-0.239354,-0.239354
10488,-0.209434,-0.239354,-0.239354
10489,-0.179515,-0.239354,-0.239354
10490,-0.179515,-0.239354,-0.239354
10491,-0.179515,-0.239354,-0.239354
10492,-0.209434,-0.269273,-0.269273
10493,-0.239354,-0.299192,-0.299192
10494,-0.239354,-0.269273,-0.269273
10495,-0.209434,-0.269273,-0.269273
10496,-0.209434,-0.239354,-0.239354
10497,-0.179515,-0.209434,-0.209434
10498,-0.179515,-0.209434,-0.209434
10499,-0.179515,-0.209434,-0.209434
10500,-0.149596,-0.209434,-0.209434
10501,-0.179515,-0.209434,-0.209434
10502,-0.149596,-0.209434,-0.209434
10503,-0.179515,-0.209434,-0.209434
10504,-0.179515,-0.209434,-0.209434
10505,-0.179515,-0.239354,-0.209434
10506,-0.179515,-0.209434,-0.209434
10507,-0.179515,-0.239354,-0.209434
10508,-0.149596,-0.179515,-0.179515
10509,-0.119677,-0.179515,-0.179515
10510,-0.119677,-0.179515,-0.179515
10511,-0.149596,-0.209434,-0.179515
10512,-0.179515,-0.209434,-0.209434
10513,-0.179515,-0.239354,-0.239354
10514,-0.209434,-0.239354,-0.239354
10515,-0.209434,-0.239354,-0.239354
10516,-0.209434,-0.239354,-0.239354
10517,-0.209434,-0.239354,-0.239354
10518,-0.209434,-0.239354,-0.239354
10519,-0.179515,-0.239354,-0.239354
10520,-0.179515,-0.239354,-0.239354
10521,-0.179515,-0.239354,-0.239354
10522,-0.179515,-0.239354,-0.209434
10523,-0.179515,-0.239354,-0.239354
10524,-0.209434,-0.269273,-0.269273
10525,-0.239354,-0.269273,-0.269273
10526,-0.209434,-0.269273,-0.269273
10527,-0.209434,-0.269273,-0.269273
10528,-0.179515,-0.239354,-0.239354
10529,-0.179515,-0.209434,-0.209434
10530,-0.149596,-0.209434,-0.209434
10531,-0.149596,-0.209434,-0.209434
10532,-0.149596,-0.209434,-0.209434
10533,-0.149596,-0.209434,-0.209434
10534,-0.149596,-0.209434,-0.209434
10535,-0.149596,-0.209434,-0.209434
10536,-0.179515,-0.209434,-0.209434
10537,-0.179515,-0.209434,-0.209434
10538,-0.179515,-0.239354,-0.209434
10539,-0.179515,-0.209434,-0.209434
10540,-0.149596,-0.179515,-0.179515
10541,-0.119677,-0.149596,-0.149596
10542,-0.149596,-0.179515,-0.179515
10543,-0.149596,-0.179515,-0.179515
10544,-0.179515,-0.209434,-0.209434
10545,-0.179515,-0.239354,-0.239354
10546,-0.209434,-0.239354,-0.239354
10547,-0.209434,-0.239354,-0.239354
10548,-0.179515,-0.239354,-0.239354
10549,-0.179515,-0.239354,-0.239354
10550,-0.209434,-0.239354,-0.239354
10551,-0.179515,-0.239354,-0.239354
10552,-0.179515,-0.239354,-0.239354
10553,-0.179515,-0.239354,-0.209434
10554,-0.179515,-0.239354,-0.209434
10555,-0.179515,-0.239354,-0.239354
10556,-0.209434,-0.269273,-0.269273
10557,-0.239354,-0.269273,-0.269273
10558,-0.209434,-0.269273,-0.269273
10559,-0.209434,-0.239354,-0.239354
10560,-0.179515,-0.239354,-0.239354
10561,-0.149596,-0.209434,-0.209434
10562,-0.149596,-0.209434,-0.209434
10563,-0.149596,-0.209434,-0.209434
10564,-0.149596,-0.209434,-0.209434
10565,-0.149596,-0.209434,-0.209434
10566,-0.149596,-0.209434,-0.209434
10567,-0.149596,-0.209434,-0.209434
10568,-0.149596,-0.209434,-0.209434
10569,-0.149596,-0.209434,-0.209434
10570,-0.149596,-0.209434,-0.209434
10571,-0.149596,-0.209434,-0.209434
10572,-0.119677,-0.179515,-0.179515
10573,-0.119677,-0.149596,-0.149596
10574,-0.119677,-0.179515,-0.179515
10575,-0.149596,-0.179515,-0.179515
10576,-0.149596,-0.209434,-0.209434
10577,-0.179515,-0.239354,-0.209434
10578,-0.179515,-0.239354,-0.239354
10579,-0.179515,-0.239354,-0.239354
10580,-0.179515,-0.239354,-0.239354
10581,-0.179515,-0.239354,-0.239354
10582,-0.179515,-0.239354,-0.239354
10583,-0.179515,-0.209434,-0.209434
10584,-0.179515,-0.209434,-0.209434
10585,-0.179515,-0.209434,-0.209434
10586,-0.149596,-0.209434,-0.209434
10587,-0.179515,-0.209434,-0.209434
10588,-0.209434,-0.239354,-0.239354
10589,-0.209434,-0.269273,-0.269273
10590,-0.209434,-0.239354,-0.239354
10591,-0.179515,-0.239354,-0.239354
10592,-0.179515,-0.209434,-0.209434
10593,-0.149596,-0.209434,-0.179515
10594,-0.149596,-0.179515,-0.179515
10595,-0.149596,-0.179515,-0.179515
10596,-0.149596,-0.179515,-0.179515
10597,-0.119677,-0.179515,-0.179515
10598,-0.119677,-0.179515,-0.179515
10599,-0.119677,-0.179515,-0.179515
10600,-0.149596,-0.179515,-0.179515
10601,-0.149596,-0.179515,-0.179515
10602,-0.149596,-0.179515,-0.179515
10603,-0.149596,-0.179515,-0.179515
10604,-0.089758,-0.149596,-0.149596
10605,-0.089758,-0.119677,-0.119677
10606,-0.089758,-0.149596,-0.149596
10607,-0.119677,-0.149596,-0.149596
10608,-0.119677,-0.179515,-0.179515
10609,-0.149596,-0.209434,-0.209434
10610,-0.149596,-0.209434,-0.209434
10611,-0.149596,-0.209434,-0.209434
10612,-0.149596,-0.209434,-0.209434
10613,-0.149596,-0.209434,-0.209434
10614,-0.149596,-0.209434,-0.209434
10615,-0.149596,-0.209434,-0.179515
10616,-0.149596,-0.179515,-0.179515
10617,-0.149596,-0.179515,-0.179515
10618,-0.149596,-0.179515,-0.179515
10619,-0.149596,-0.179515,-0.179515
10620,-0.179515,-0.209434,-0.209434
10621,-0.179515,-0.239354,-0.239354
10622,-0.179515,-0.209434,-0.209434
10623,-0.149596,-0.209434,-0.209434
10624,-0.149596,-0.179515,-0.179515
10625,-0.119677,-0.179515,-0.149596
10626,-0.119677,-0.149596,-0.149596
10627,-0.119677,-0.149596,-0.149596
10628,-0.119677,-0.149596,-0.149596
10629,-0.119677,-0.149596,-0.149596
10630,-0.119677,-0.149596,-0.149596
10631,-0.119677,-0.149596,-0.149596
10632,-0.119677,-0.179515,-0.179515
10633,-0.119677,-0.179515,-0.179515
10634,-0.119677,-0.179515,-0.179515
10635,-0.119677,-0.179515,-0.179515
10636,-0.089758,-0.149596,-0.149596
10637,-0.059838,-0.119677,-0.119677
10638,-0.089758,-0.149596,-0.149596
10639,-0.119677,-0.149596,-0.149596
10640,-0.119677,-0.179515,-0.179515
10641,-0.149596,-0.209434,-0.179515
10642,-0.149596,-0.209434,-0.209434
10643,-0.149596,-0.209434,-0.209434
10644,-0.149596,-0.209434,-0.179515
10645,-0.149596,-0.209434,-0.179515
10646,-0.149596,-0.209434,-0.209434
10647,-0.149596,-0.209434,-0.179515
10648,-0.149596,-0.179515,-0.179515
10649,-0.149596,-0.179515,-0.179515
10650,-0.149596,-0.179515,-0.179515
10651,-0.149596,-0.179515,-0.179515
10652,-0.179515,-0.239354,-0.209434
10653,-0.179515,-0.239354,-0.239354
10654,-0.179515,-0.239354,-0.209434
10655,-0.179515,-0.209434,-0.209434
10656,-0.149596,-0.209434,-0.179515
10657,-0.119677,-0.179515,-0.179515
10658,-0.119677,-0.179515,-0.149596
10659,-0.119677,-0.149596,-0.149596
10660,-0.119677,-0.179515,-0.149596
10661,-0.119677,-0.179515,-0.149596
10662,-0.119677,-0.179515,-0.149596
10663,-0.119677,-0.179515,-0.149596
10664,-0.119677,-0.179515,-0.179515
10665,-0.119677,-0.179515,-0.179515
10666,-0.119677,-0.179515,-0.179515
10667,-0.119677,-0.179515,-0.179515
10668,-0.089758,-0.149596,-0.149596
10669,-0.089758,-0.119677,-0.119677
10670,-0.089758,-0.149596,-0.149596
10671,-0.119677,-0.149596,-0.149596
10672,-0.119677,-0.179515,-0.179515
10673,-0.149596,-0.209434,-0.209434
10674,-0.149596,-0.209434,-0.209434
10675,-0.149596,-0.209434,-0.209434
10676,-0.149596,-0.209434,-0.209434
10677,-0.149596,-0.209434,-0.209434
10678,-0.149596,-0.209434,-0.209434
10679,-0.149596,-0.209434,-0.209434
10680,-0.149596,-0.209434,-0.209434
10681,-0.149596,-0.209434,-0.179515
10682,-0.149596,-0.209434,-0.179515
10683,-0.149596,-0.209434,-0.179515
10684,-0.179515,-0.239354,-0.239354
10685,-0.209434,-0.239354,-0.239354
10686,-0.179515,-0.239354,-0.239354
10687,-0.179515,-0.209434,-0.209434
10688,-0.149596,-0.209434,-0.209434
10689,-0.149596,-0.179515,-0.179515
10690,-0.119677,-0.179515,-0.179515
10691,-0.119677,-0.179515,-0.179515
10692,-0.119677,-0.179515,-0.179515
10693,-0.119677,-0.179515,-0.179515
10694,-0.119677,-0.179515,-0.179515
10695,-0.119677,-0.179515,-0.179515
10696,-0.149596,-0.179515,-0.179515
10697,-0.149596,-0.179515,-0.179515
10698,-0.149596,-0.209434,-0.179515
10699,-0.149596,-0.179515,-0.179515
10700,-0.119677,-0.149596,-0.149596
10701,-0.089758,-0.119677,-0.119677
10702,-0.119677,-0.149596,-0.149596
10703,-0.119677,-0.179515,-0.179515
10704,-0.149596,-0.179515,-0.179515
10705,-0.149596,-0.209434,-0.209434
10706,-0.179515,-0.209434,-0.209434
10707,-0.149596,-0.209434,-0.209434
10708,-0.179515,-0.209434,-0.209434
10709,-0.179515,-0.209434,-0.209434
10710,-0.179515,-0.209434,-0.209434
10711,-0.179515,-0.209434,-0.209434
10712,-0.149596,-0.209434,-0.209434
10713,-0.149596,-0.209434,-0.209434
10714,-0.149596,-0.209434,-0.209434
10715,-0.149596,-0.209434,-0.209434
10716,-0.209434,-0.239354,-0.239354
10717,-0.209434,-0.269273,-0.269273
10718,-0.209434,-0.239354,-0.239354
10719,-0.179515,-0.239354,-0.239354
10720,-0.179515,-0.209434,-0.209434
10721,-0.149596,-0.209434,-0.179515
10722,-0.149596,-0.179515,-0.179515
10723,-0.149596,-0.179515,-0.179515
10724,-0.149596,-0.179515,-0.179515
10725,-0.149596,-0.179515,-0.179515
10726,-0.149596,-0.179515,-0.179515
10727,-0.149596,-0.179515,-0.179515
10728,-0.149596,-0.209434,-0.209434
10729,-0.149596,-0.209434,-0.209434
10730,-0.149596,-0.209434,-0.209434
10731,-0.149596,-0.209434,-0.209434
10732,-0.119677,-0.149596,-0.149596
10733,-0.089758,-0.149596,-0.149596
10734,-0.119677,-0.179515,-0.179515
10735,-0.149596,-0.179515,-0.179515
10736,-0.149596,-0.209434,-0.209434
10737,-0.179515,-0.239354,-0.239354
10738,-0.179515,-0.239354,-0.239354
10739,-0.179515,-0.239354,-0.209434
10740,-0.179515,-0.239354,-0.239354
10741,-0.179515,-0.239354,-0.239354
10742,-0.179515,-0.239354,-0.239354
10743,-0.179515,-0.239354,-0.209434
10744,-0.179515,-0.209434,-0.209434
10745,-0.179515,-0.209434,-0.209434
10746,-0.179515,-0.209434,-0.209434
10747,-0.179515,-0.209434,-0.209434
10748,-0.209434,-0.269273,-0.269273
10749,-0.239354,-0.269273,-0.269273
10750,-0.209434,-0.269273,-0.269273
10751,-0.209434,-0.239354,-0.239354
10752,-0.179515,-0.239354,-0.209434
10753,-0.149596,-0.209434,-0.209434
10754,-0.149596,-0.209434,-0.179515
10755,-0.149596,-0.209434,-0.209434
10756,-0.149596,-0.209434,-0.179515
10757,-0.149596,-0.209434,-0.179515
10758,-0.149596,-0.179515,-0.209434
10759,-0.149596,-0.209434,-0.209434
10760,-0.149596,-0.209434,-0.209434
10761,-0.149596,-0.209434,-0.209434
10762,-0.149596,-0.209434,-0.209434
10763,-0.179515,-0.209434,-0.209434
10764,-0.119677,-0.179515,-0.179515
10765,-0.119677,-0.149596,-0.149596
10766,-0.119677,-0.179515,-0.179515
10767,-0.149596,-0.179515,-0.179515
10768,-0.179515,-0.209434,-0.209434
10769,-0.179515,-0.239354,-0.239354
10770,-0.179515,-0.239354,-0.239354
10771,-0.179515,-0.239354,-0.239354
10772,-0.179515,-0.239354,-0.239354
10773,-0.179515,-0.239354,-0.239354
10774,-0.179515,-0.239354,-0.239354
10775,-0.179515,-0.239354,-0.239354
10776,-0.179515,-0.239354,-0.239354
10777,-0.179515,-0.239354,-0.239354
10778,-0.179515,-0.209434,-0.209434
10779,-0.179515,-0.239354,-0.209434
10780,-0.209434,-0.269273,-0.269273
10781,-0.239354,-0.269273,-0.269273
10782,-0.209434,-0.269273,-0.269273
10783,-0.209434,-0.269273,-0.239354
10784,-0.179515,-0.239354,-0.209434
10785,-0.179515,-0.209434,-0.209434
10786,-0.149596,-0.209434,-0.209434
10787,-0.149596,-0.209434,-0.209434
10788,-0.149596,-0.209434,-0.209434
10789,-0.149596,-0.209434,-0.209434
10790,-0.149596,-0.209434,-0.209434
10791,-0.179515,-0.209434,-0.209434
10792,-0.179515,-0.209434,-0.209434
10793,-0.179515,-0.209434,-0.209434
10794,-0.179515,-0.209434,-0.209434
10795,-0.179515,-0.209434,-0.209434
10796,-0.119677,-0.179515,-0.179515
10797,-0.119677,-0.179515,-0.149596
10798,-0.149596,-0.179515,-0.179515
10799,-0.149596,-0.209434,-0.209434
10800,-0.179515,-0.209434,-0.209434
10801,-0.179515,-0.239354,-0.239354
10802,-0.209434,-0.239354,-0.239354
10803,-0.209434,-0.239354,-0.239354
10804,-0.209434,-0.239354,-0.239354
10805,-0.209434,-0.239354,-0.239354
10806,-0.209434,-0.239354,-0.239354
10807,-0.179515,-0.239354,-0.239354
10808,-0.179515,-0.239354,-0.239354
10809,-0.179515,-0.239354,-0.239354
10810,-0.179515,-0.239354,-0.239354
10811,-0.209434,-0.239354,-0.239354
10812,-0.209434,-0.269273,-0.269273
10813,-0.239354,-0.269273,-0.269273
10814,-0.209434,-0.269273,-0.269273
10815,-0.209434,-0.269273,-0.239354
10816,-0.179515,-0.239354,-0.239354
10817,-0.179515,-0.209434,-0.209434
10818,-0.149596,-0.209434,-0.209434
10819,-0.149596,-0.209434,-0.209434
10820,-0.149596,-0.209434,-0.209434
10821,-0.149596,-0.209434,-0.209434
10822,-0.149596,-0.209434,-0.179515
10823,-0.149596,-0.209434,-0.209434
10824,-0.179515,-0.209434,-0.209434
10825,-0.149596,-0.209434,-0.209434
10826,-0.179515,-0.209434,-0.209434
10827,-0.149596,-0.209434,-0.209434
10828,-0.119677,-0.179515,-0.179515
10829,-0.119677,-0.149596,-0.149596
10830,-0.119677,-0.179515,-0.179515
10831,-0.149596,-0.179515,-0.179515
10832,-0.179515,-0.209434,-0.209434
10833,-0.179515,-0.239354,-0.239354
10834,-0.179515,-0.239354,-0.239354
10835,-0.179515,-0.239354,-0.239354
10836,-0.179515,-0.239354,-0.239354
10837,-0.179515,-0.239354,-0.239354
10838,-0.179515,-0.239354,-0.239354
10839,-0.179515,-0.239354,-0.239354
10840,-0.179515,-0.239354,-0.239354
10841,-0.179515,-0.239354,-0.209434
10842,-0.179515,-0.239354,-0.209434
10843,-0.179515,-0.239354,-0.239354
10844,-0.209434,-0.269273,-0.269273
10845,-0.239354,-0.269273,-0.269273
10846,-0.209434,-0.269273,-0.269273
10847,-0.209434,-0.239354,-0.239354
10848,-0.179515,-0.239354,-0.209434
10849,-0.149596,-0.209434,-0.209434
10850,-0.149596,-0.209434,-0.209434
10851,-0.149596,-0.209434,-0.209434
10852,-0.149596,-0.209434,-0.179515
10853,-0.149596,-0.209434,-0.209434
10854,-0.149596,-0.209434,-0.209434
10855,-0.149596,-0.209434,-0.209434
10856,-0.149596,-0.209434,-0.209434
10857,-0.149596,-0.209434,-0.209434
10858,-0.179515,-0.209434,-0.209434
10859,-0.149596,-0.209434,-0.209434
10860,-0.119677,-0.179515,-0.179515
10861,-0.119677,-0.179515,-0.149596
10862,-0.119677,-0.179515,-0.179515
10863,-0.149596,-0.209434,-0.179515
10864,-0.149596,-0.209434,-0.209434
10865,-0.179515,-0.239354,-0.239354
10866,-0.179515,-0.239354,-0.239354
10867,-0.179515,-0.239354,-0.239354
10868,-0.179515,-0.239354,-0.239354
10869,-0.179515,-0.239354,-0.239354
10870,-0.179515,-0.239354,-0.239354
10871,-0.179515,-0.239354,-0.239354
10872,-0.179515,-0.209434,-0.209434
10873,-0.179515,-0.209434,-0.209434
10874,-0.179515,-0.239354,-0.209434
10875,-0.179515,-0.239354,-0.209434
10876,-0.209434,-0.269273,-0.269273
10877,-0.239354,-0.269273,-0.269273
10878,-0.209434,-0.239354,-0.239354
10879,-0.179515,-0.239354,-0.239354
10880,-0.179515,-0.209434,-0.209434
10881,-0.149596,-0.179515,-0.209434
10882,-0.149596,-0.179515,-0.179515
10883,-0.149596,-0.179515,-0.179515
10884,-0.149596,-0.179515,-0.179515
10885,-0.149596,-0.179515,-0.179515
10886,-0.149596,-0.179515,-0.179515
10887,-0.149596,-0.179515,-0.179515
10888,-0.149596,-0.209434,-0.179515
10889,-0.149596,-0.209434,-0.209434
10890,-0.149596,-0.209434,-0.209434
10891,-0.149596,-0.209434,-0.179515
10892,-0.119677,-0.149596,-0.149596
10893,-0.119677,-0.149596,-0.149596
10894,-0.119677,-0.179515,-0.179515
10895,-0.149596,-0.179515,-0.179515
10896,-0.149596,-0.209434,-0.209434
10897,-0.179515,-0.209434,-0.209434
10898,-0.179515,-0.209434,-0.239354
10899,-0.179515,-0.209434,-0.209434
10900,-0.179515,-0.239354,-0.209434
10901,-0.179515,-0.239354,-0.209434
10902,-0.179515,-0.239354,-0.209434
10903,-0.179515,-0.209434,-0.209434
10904,-0.179515,-0.209434,-0.209434
10905,-0.179515,-0.209434,-0.209434
10906,-0.149596,-0.209434,-0.209434
10907,-0.179515,-0.209434,-0.209434
10908,-0.209434,-0.269273,-0.239354
10909,-0.209434,-0.269273,-0.269273
10910,-0.209434,-0.239354,-0.239354
10911,-0.179515,-0.239354,-0.239354
10912,-0.179515,-0.209434,-0.209434
10913,-0.149596,-0.209434,-0.179515
10914,-0.149596,-0.209434,-0.179515
10915,-0.149596,-0.179515,-0.179515
10916,-0.149596,-0.179515,-0.179515
10917,-0.149596,-0.179515,-0.179515
10918,-0.149596,-0.179515,-0.179515
10919,-0.149596,-0.179515,-0.179515
10920,-0.149596,-0.209434,-0.179515
10921,-0.149596,-0.209434,-0.209434
10922,-0.149596,-0.209434,-0.209434
10923,-0.149596,-0.209434,-0.179515
10924,-0.119677,-0.149596,-0.149596
10925,-0.089758,-0.149596,-0.149596
10926,-0.119677,-0.179515,-0.179515
10927,-0.149596,-0.179515,-0.179515
10928,-0.179515,-0.209434,-0.209434
10929,-0.179515,-0.239354,-0.209434
10930,-0.179515,-0.239354,-0.209434
10931,-0.179515,-0.239354,-0.209434
10932,-0.179515,-0.239354,-0.239354
10933,-0.179515,-0.239354,-0.239354
10934,-0.179515,-0.239354,-0.239354
10935,-0.179515,-0.239354,-0.209434
10936,-0.179515,-0.209434,-0.209434
10937,-0.179515,-0.209434,-0.209434
10938,-0.179515,-0.209434,-0.209434
10939,-0.179515,-0.209434,-0.239354
10940,-0.209434,-0.269273,-0.269273
10941,-0.209434,-0.269273,-0.269273
10942,-0.209434,-0.239354,-0.239354
10943,-0.179515,-0.239354,-0.239354
10944,-0.179515,-0.209434,-0.209434
10945,-0.149596,-0.209434,-0.209434
10946,-0.149596,-0.209434,-0.179515
10947,-0.149596,-0.209434,-0.209434
10948,-0.149596,-0.209434,-0.209434
10949,-0.149596,-0.209434,-0.179515
10950,-0.149596,-0.209434,-0.209434
10951,-0.149596,-0.209434,-0.209434
10952,-0.179515,-0.209434,-0.209434
10953,-0.179515,-0.209434,-0.209434
10954,-0.179515,-0.209434,-0.209434
10955,-0.179515,-0.209434,-0.209434
10956,-0.119677,-0.179515,-0.179515
10957,-0.119677,-0.179515,-0.179515
10958,-0.149596,-0.179515,-0.179515
10959,-0.149596,-0.209434,-0.209434
10960,-0.179515,-0.239354,-0.239354
10961,-0.209434,-0.239354,-0.239354
10962,-0.209434,-0.239354,-0.239354
10963,-0.209434,-0.239354,-0.239354
10964,-0.209434,-0.239354,-0.239354
10965,-0.209434,-0.269273,-0.239354
10966,-0.209434,-0.239354,-0.239354
10967,-0.209434,-0.239354,-0.239354
10968,-0.209434,-0.239354,-0.239354
10969,-0.209434,-0.239354,-0.239354
10970,-0.179515,-0.239354,-0.239354
10971,-0.209434,-0.239354,-0.239354
10972,-0.239354,-0.299192,-0.299192
10973,-0.239354,-0.269273,-0.269273
10974,-0.209434,-0.269273,-0.269273
10975,-0.209434,-0.269273,-0.239354
10976,-0.179515,-0.239354,-0.239354
10977,-0.179515,-0.209434,-0.209434
10978,-0.179515,-0.209434,-0.209434
10979,-0.179515,-0.209434,-0.209434
10980,-0.179515,-0.209434,-0.209434
10981,-0.179515,-0.209434,-0.209434
10982,-0.179515,-0.209434,-0.209434
10983,-0.179515,-0.209434,-0.209434
10984,-0.179515,-0.239354,-0.239354
10985,-0.179515,-0.239354,-0.239354
10986,-0.179515,-0.239354,-0.239354
10987,-0.179515,-0.209434,-0.209434
10988,-0.149596,-0.179515,-0.179515
10989,-0.119677,-0.179515,-0.179515
10990,-0.149596,-0.209434,-0.209434
10991,-0.149596,-0.209434,-0.209434
10992,-0.179515,-0.239354,-0.239354
10993,-0.209434,-0.239354,-0.239354
10994,-0.209434,-0.269273,-0.239354
10995,-0.209434,-0.269273,-0.239354
10996,-0.209434,-0.269273,-0.269273
10997,-0.209434,-0.269273,-0.269273
10998,-0.209434,-0.269273,-0.269273
10999,-0.209434,-0.239354,-0.239354
11000,-0.209434,-0.239354,-0.239354
11001,-0.209434,-0.239354,-0.239354
11002,-0.209434,-0.239354,-0.239354
11003,-0.209434,-0.269273,-0.239354
11004,-0.239354,-0.299192,-0.299192
11005,-0.239354,-0.299192,-0.299192
11006,-0.239354,-0.269273,-0.269273
11007,-0.209434,-0.269273,-0.269273
11008,-0.209434,-0.239354,-0.239354
11009,-0.179515,-0.239354,-0.209434
11010,-0.179515,-0.239354,-0.209434
11011,-0.179515,-0.209434,-0.209434
11012,-0.179515,-0.209434,-0.209434
11013,-0.179515,-0.209434,-0.209434
11014,-0.179515,-0.239354,-0.209434
11015,-0.179515,-0.239354,-0.239354
11016,-0.179515,-0.239354,-0.239354
11017,-0.179515,-0.239354,-0.239354
11018,-0.179515,-0.239354,-0.239354
11019,-0.179515,-0.239354,-0.239354
11020,-0.149596,-0.179515,-0.179515
11021,-0.119677,-0.179515,-0.179515
11022,-0.149596,-0.209434,-0.209434
11023,-0.179515,-0.209434,-0.209434
11024,-0.179515,-0.239354,-0.239354
11025,-0.209434,-0.269273,-0.239354
11026,-0.209434,-0.269273,-0.269273
11027,-0.209434,-0.269273,-0.269273
11028,-0.209434,-0.269273,-0.269273
11029,-0.209434,-0.269273,-0.269273
11030,-0.209434,-0.269273,-0.269273
11031,-0.209434,-0.269273,-0.239354
11032,-0.209434,-0.239354,-0.269273
11033,-0.209434,-0.239354,-0.239354
11034,-0.209434,-0.239354,-0.239354
11035,-0.209434,-0.269273,-0.269273
11036,-0.239354,-0.299192,-0.299192
11037,-0.239354,-0.299192,-0.299192
11038,-0.239354,-0.299192,-0.269273
11039,-0.239354,-0.269273,-0.269273
11040,-0.209434,-0.239354,-0.239354
11041,-0.179515,-0.239354,-0.239354
11042,-0.179515,-0.239354,-0.239354
11043,-0.179515,-0.239354,-0.239354
11044,-0.179515,-0.239354,-0.239354
11045,-0.179515,-0.239354,-0.239354
11046,-0.179515,-0.239354,-0.239354
11047,-0.179515,-0.239354,-0.239354
11048,-0.179515,-0.239354,-0.239354
11049,-0.209434,-0.239354,-0.239354
11050,-0.179515,-0.239354,-0.239354
11051,-0.179515,-0.239354,-0.239354
11052,-0.149596,-0.209434,-0.179515
11053,-0.149596,-0.209434,-0.179515
11054,-0.179515,-0.209434,-0.209434
11055,-0.179515,-0.239354,-0.239354
11056,-0.209434,-0.239354,-0.239354
11057,-0.209434,-0.269273,-0.269273
11058,-0.239354,-0.269273,-0.269273
11059,-0.209434,-0.269273,-0.269273
11060,-0.209434,-0.269273,-0.269273
11061,-0.239354,-0.269273,-0.269273
11062,-0.239354,-0.269273,-0.269273
11063,-0.209434,-0.269273,-0.269273
11064,-0.209434,-0.269273,-0.269273
11065,-0.209434,-0.269273,-0.269273
11066,-0.209434,-0.269273,-0.269273
11067,-0.239354,-0.269273,-0.269273
11068,-0.269273,-0.299192,-0.299192
11069,-0.239354,-0.299192,-0.299192
11070,-0.239354,-0.299192,-0.299192
11071,-0.239354,-0.269273,-0.269273
11072,-0.209434,-0.269273,-0.239354
11073,-0.209434,-0.239354,-0.239354
11074,-0.179515,-0.239354,-0.239354
11075,-0.179515,-0.239354,-0.239354
11076,-0.179515,-0.239354,-0.239354
11077,-0.179515,-0.239354,-0.239354
11078,-0.179515,-0.239354,-0.239354
11079,-0.209434,-0.239354,-0.239354
11080,-0.209434,-0.239354,-0.239354
11081,-0.209434,-0.239354,-0.239354
11082,-0.209434,-0.239354,-0.239354
11083,-0.209434,-0.239354,-0.239354
11084,-0.149596,-0.209434,-0.209434
11085,-0.149596,-0.209434,-0.209434
11086,-0.179515,-0.209434,-0.209434
11087,-0.179515,-0.239354,-0.239354
11088,-0.209434,-0.269273,-0.269273
11089,-0.239354,-0.269273,-0.269273
11090,-0.239354,-0.269273,-0.269273
11091,-0.239354,-0.269273,-0.269273
11092,-0.239354,-0.269273,-0.269273
11093,-0.239354,-0.299192,-0.269273
11094,-0.239354,-0.299192,-0.269273
11095,-0.239354,-0.269273,-0.269273
11096,-0.239354,-0.269273,-0.269273
11097,-0.209434,-0.269273,-0.269273
11098,-0.239354,-0.269273,-0.269273
11099,-0.239354,-0.299192,-0.269273
11100,-0.269273,-0.329111,-0.329111
11101,-0.269273,-0.329111,-0.299192
11102,-0.269273,-0.299192,-0.299192
11103,-0.239354,-0.299192,-0.299192
11104,-0.209434,-0.269273,-0.269273
11105,-0.209434,-0.239354,-0.239354
11106,-0.209434,-0.239354,-0.239354
11107,-0.209434,-0.239354,-0.239354
11108,-0.209434,-0.239354,-0.239354
11109,-0.209434,-0.239354,-0.239354
11110,-0.209434,-0.269273,-0.269273
11111,-0.209434,-0.269273,-0.269273
11112,-0.209434,-0.269273,-0.269273
11113,-0.209434,-0.269273,-0.269273
11114,-0.239354,-0.269273,-0.269273
11115,-0.209434,-0.269273,-0.269273
11116,-0.179515,-0.209434,-0.209434
11117,-0.179515,-0.209434,-0.209434
11118,-0.179515,-0.239354,-0.239354
11119,-0.209434,-0.269273,-0.239354
11120,-0.239354,-0.269273,-0.269273
11121,-0.239354,-0.299192,-0.299192
11122,-0.239354,-0.299192,-0.299192
11123,-0.239354,-0.299192,-0.299192
11124,-0.239354,-0.299192,-0.299192
11125,-0.269273,-0.299192,-0.299192
11126,-0.239354,-0.299192,-0.299192
11127,-0.239354,-0.299192,-0.299192
11128,-0.239354,-0.299192,-0.269273
11129,-0.239354,-0.299192,-0.299192
11130,-0.239354,-0.299192,-0.269273
11131,-0.269273,-0.299192,-0.299192
11132,-0.299192,-0.329111,-0.329111
11133,-0.299192,-0.329111,-0.329111
11134,-0.269273,-0.329111,-0.329111
11135,-0.269273,-0.299192,-0.299192
11136,-0.239354,-0.299192,-0.269273
11137,-0.209434,-0.269273,-0.269273
11138,-0.209434,-0.269273,-0.269273
11139,-0.209434,-0.269273,-0.269273
11140,-0.209434,-0.269273,-0.269273
11141,-0.209434,-0.269273,-0.269273
11142,-0.209434,-0.269273,-0.269273
11143,-0.239354,-0.269273,-0.269273
11144,-0.239354,-0.269273,-0.269273
11145,-0.239354,-0.269273,-0.269273
11146,-0.239354,-0.269273,-0.269273
11147,-0.239354,-0.269273,-0.269273
11148,-0.179515,-0.239354,-0.239354
11149,-0.179515,-0.239354,-0.209434
11150,-0.209434,-0.269273,-0.239354
11151,-0.209434,-0.269273,-0.269273
11152,-0.239354,-0.299192,-0.299192
11153,-0.269273,-0.299192,-0.299192
11154,-0.269273,-0.299192,-0.299192
11155,-0.269273,-0.299192,-0.299192
11156,-0.269273,-0.299192,-0.299192
11157,-0.269273,-0.299192,-0.299192
11158,-0.269273,-0.299192,-0.299192
11159,-0.239354,-0.299192,-0.299192
11160,-0.239354,-0.299192,-0.299192
11161,-0.239354,-0.299192,-0.299192
11162,-0.239354,-0.299192,-0.299192
11163,-0.269273,-0.299192,-0.299192
11164,-0.299192,-0.359030,-0.329111
11165,-0.299192,-0.329111,-0.329111
11166,-0.269273,-0.329111,-0.329111
11167,-0.269273,-0.329111,-0.299192
11168,-0.239354,-0.299192,-0.299192
11169,-0.239354,-0.269273,-0.269273
11170,-0.239354,-0.269273,-0.269273
11171,-0.239354,-0.269273,-0.269273
11172,-0.209434,-0.269273,-0.269273
11173,-0.239354,-0.269273,-0.269273
11174,-0.239354,-0.269273,-0.269273
11175,-0.239354,-0.269273,-0.269273
11176,-0.239354,-0.269273,-0.269273
11177,-0.239354,-0.299192,-0.269273
11178,-0.239354,-0.299192,-0.299192
11179,-0.209434,-0.269273,-0.269273
11180,-0.179515,-0.239354,-0.239354
11181,-0.179515,-0.239354,-0.239354
11182,-0.209434,-0.269273,-0.239354
11183,-0.209434,-0.269273,-0.269273
11184,-0.239354,-0.299192,-0.299192
11185,-0.269273,-0.299192,-0.299192
11186,-0.269273,-0.299192,-0.299192
11187,-0.269273,-0.299192,-0.299192
11188,-0.269273,-0.299192,-0.299192
11189,-0.269273,-0.299192,-0.299192
11190,-0.269273,-0.299192,-0.299192
11191,-0.239354,-0.299192,-0.299192
11192,-0.239354,-0.299192,-0.299192
11193,-0.239354,-0.299192,-0.299192
11194,-0.239354,-0.299192,-0.299192
11195,-0.269273,-0.299192,-0.299192
11196,-0.299192,-0.329111,-0.329111
11197,-0.299192,-0.329111,-0.329111
11198,-0.269273,-0.329111,-0.329111
11199,-0.269273,-0.299192,-0.299192
11200,-0.239354,-0.269273,-0.269273
11201,-0.239354,-0.269273,-0.269273
11202,-0.239354,-0.269273,-0.269273
11203,-0.209434,-0.269273,-0.239354
11204,-0.209434,-0.269273,-0.269273
11205,-0.209434,-0.269273,-0.269273
11206,-0.209434,-0.269273,-0.269273
11207,-0.239354,-0.269273,-0.269273
11208,-0.239354,-0.269273,-0.269273
11209,-0.239354,-0.269273,-0.269273
11210,-0.239354,-0.269273,-0.269273
11211,-0.209434,-0.269273,-0.269273
11212,-0.179515,-0.239354,-0.239354
11213,-0.179515,-0.239354,-0.239354
11214,-0.209434,-0.239354,-0.239354
11215,-0.209434,-0.269273,-0.269273
11216,-0.239354,-0.299192,-0.269273
11217,-0.239354,-0.299192,-0.299192
11218,-0.239354,-0.299192,-0.299192
11219,-0.239354,-0.299192,-0.299192
11220,-0.269273,-0.299192,-0.299192
11221,-0.269273,-0.299192,-0.299192
11222,-0.239354,-0.299192,-0.299192
11223,-0.239354,-0.299192,-0.299192
11224,-0.239354,-0.299192,-0.299192
11225,-0.239354,-0.299192,-0.269273
11226,-0.239354,-0.299192,-0.269273
11227,-0.269273,-0.299192,-0.299192
11228,-0.299192,-0.359030,-0.329111
11229,-0.299192,-0.329111,-0.329111
11230,-0.269273,-0.329111,-0.329111
11231,-0.269273,-0.299192,-0.299192
11232,-0.239354,-0.269273,-0.269273
11233,-0.209434,-0.269273,-0.269273
11234,-0.209434,-0.269273,-0.269273
11235,-0.209434,-0.269273,-0.269273
11236,-0.209434,-0.269273,-0.269273
11237,-0.209434,-0.269273,-0.269273
11238,-0.209434,-0.269273,-0.269273
11239,-0.209434,-0.269273,-0.269273
11240,-0.209434,-0.269273,-0.269273
11241,-0.239354,-0.269273,-0.269273
11242,-0.239354,-0.269273,-0.269273
11243,-0.209434,-0.269273,-0.269273
11244,-0.179515,-0.239354,-0.209434
11245,-0.179515,-0.239354,-0.209434
11246,-0.209434,-0.239354,-0.239354
11247,-0.209434,-0.269273,-0.269273
11248,-0.239354,-0.269273,-0.269273
11249,-0.239354,-0.299192,-0.299192
11250,-0.239354,-0.299192,-0.299192
11251,-0.239354,-0.299192,-0.299192
11252,-0.239354,-0.299192,-0.299192
11253,-0.239354,-0.299192,-0.299192
11254,-0.239354,-0.299192,-0.299192
11255,-0.239354,-0.299192,-0.269273
11256,-0.239354,-0.299192,-0.269273
11257,-0.239354,-0.269273,-0.269273
11258,-0.239354,-0.269273,-0.269273
11259,-0.269273,-0.299192,-0.299192
11260,-0.299192,-0.329111,-0.329111
11261,-0.269273,-0.329111,-0.329111
11262,-0.269273,-0.329111,-0.299192
11263,-0.269273,-0.299192,-0.299192
11264,-0.239354,-0.269273,-0.269273
11265,-0.209434,-0.269273,-0.269273
11266,-0.209434,-0.269273,-0.239354
11267,-0.209434,-0.269273,-0.239354
11268,-0.209434,-0.269273,-0.269273
11269,-0.209434,-0.269273,-0.269273
11270,-0.209434,-0.269273,-0.269273
11271,-0.209434,-0.269273,-0.269273
11272,-0.239354,-0.269273,-0.269273
11273,-0.209434,-0.269273,-0.269273
11274,-0.239354,-0.269273,-0.269273
11275,-0.209434,-0.269273,-0.239354
11276,-0.179515,-0.209434,-0.209434
11277,-0.179515,-0.239354,-0.209434
11278,-0.209434,-0.239354,-0.239354
11279,-0.209434,-0.269273,-0.239354
11280,-0.239354,-0.299192,-0.269273
11281,-0.239354,-0.299192,-0.299192
11282,-0.239354,-0.299192,-0.299192
11283,-0.239354,-0.299192,-0.299192
11284,-0.239354,-0.299192,-0.299192
11285,-0.239354,-0.299192,-0.299192
11286,-0.239354,-0.299192,-0.299192
11287,-0.239354,-0.299192,-0.269273
11288,-0.239354,-0.269273,-0.269273
11289,-0.239354,-0.269273,-0.269273
11290,-0.239354,-0.269273,-0.269273
11291,-0.239354,-0.299192,-0.299192
11292,-0.269273,-0.329111,-0.329111
11293,-0.269273,-0.329111,-0.329111
11294,-0.269273,-0.299192,-0.299192
11295,-0.239354,-0.299192,-0.299192
11296,-0.209434,-0.269273,-0.269273
11297,-0.209434,-0.269273,-0.239354
11298,-0.209434,-0.269273,-0.239354
11299,-0.209434,-0.239354,-0.239354
11300,-0.209434,-0.269273,-0.269273
11301,-0.209434,-0.239354,-0.239354
11302,-0.209434,-0.239354,-0.239354
11303,-0.209434,-0.269273,-0.269273
11304,-0.209434,-0.269273,-0.269273
11305,-0.209434,-0.269273,-0.269273
11306,-0.209434,-0.269273,-0.269273
11307,-0.209434,-0.239354,-0.239354
11308,-0.179515,-0.209434,-0.209434
11309,-0.179515,-0.209434,-0.209434
11310,-0.179515,-0.239354,-0.239354
11311,-0.209434,-0.269273,-0.239354
11312,-0.239354,-0.269273,-0.269273
11313,-0.239354,-0.299192,-0.269273
11314,-0.239354,-0.299192,-0.299192
11315,-0.239354,-0.299192,-0.299192
11316,-0.239354,-0.299192,-0.299192
11317,-0.239354,-0.299192,-0.299192
11318,-0.239354,-0.299192,-0.299192
11319,-0.239354,-0.299192,-0.269273
11320,-0.239354,-0.269273,-0.269273
11321,-0.239354,-0.269273,-0.269273
11322,-0.239354,-0.269273,-0.269273
11323,-0.239354,-0.299192,-0.299192
11324,-0.269273,-0.329111,-0.329111
11325,-0.269273,-0.329111,-0.329111
11326,-0.269273,-0.299192,-0.299192
11327,-0.239354,-0.299192,-0.269273
11328,-0.209434,-0.269273,-0.269273
11329,-0.209434,-0.269273,-0.239354
11330,-0.209434,-0.239354,-0.239354
11331,-0.209434,-0.239354,-0.239354
11332,-0.209434,-0.239354,-0.239354
11333,-0.209434,-0.239354,-0.239354
11334,-0.209434,-0.239354,-0.239354
11335,-0.209434,-0.269273,-0.269273
11336,-0.209434,-0.269273,-0.269273
11337,-0.209434,-0.269273,-0.269273
11338,-0.209434,-0.269273,-0.269273
11339,-0.209434,-0.239354,-0.239354
11340,-0.149596,-0.209434,-0.209434
11341,-0.179515,-0.209434,-0.209434
11342,-0.179515,-0.239354,-0.239354
11343,-0.209434,-0.239354,-0.239354
11344,-0.239354,-0.269273,-0.269273
11345,-0.239354,-0.299192,-0.269273
11346,-0.239354,-0.299192,-0.269273
11347,-0.239354,-0.299192,-0.269273
11348,-0.239354,-0.269273,-0.269273
11349,-0.239354,-0.299192,-0.299192
11350,-0.239354,-0.299192,-0.269273
11351,-0.239354,-0.269273,-0.269273
11352,-0.209434,-0.269273,-0.269273
11353,-0.239354,-0.269273,-0.269273
11354,-0.239354,-0.269273,-0.269273
11355,-0.239354,-0.299192,-0.299192
11356,-0.269273,-0.329111,-0.329111
11357,-0.269273,-0.329111,-0.329111
11358,-0.269273,-0.299192,-0.299192
11359,-0.239354,-0.299192,-0.269273
11360,-0.209434,-0.269273,-0.269273
11361,-0.209434,-0.269273,-0.239354
11362,-0.209434,-0.239354,-0.239354
11363,-0.209434,-0.239354,-0.239354
11364,-0.209434,-0.239354,-0.239354
11365,-0.209434,-0.239354,-0.239354
11366,-0.209434,-0.239354,-0.239354
11367,-0.209434,-0.269273,-0.239354
11368,-0.209434,-0.269273,-0.269273
11369,-0.209434,-0.269273,-0.269273
11370,-0.209434,-0.269273,-0.269273
11371,-0.179515,-0.239354,-0.239354
11372,-0.149596,-0.209434,-0.209434
11373,-0.179515,-0.209434,-0.209434
11374,-0.179515,-0.239354,-0.239354
11375,-0.209434,-0.239354,-0.239354
11376,-0.209434,-0.269273,-0.269273
11377,-0.239354,-0.269273,-0.269273
11378,-0.239354,-0.269273,-0.269273
11379,-0.239354,-0.269273,-0.269273
11380,-0.239354,-0.269273,-0.269273
11381,-0.239354,-0.299192,-0.269273
11382,-0.239354,-0.299192,-0.269273
11383,-0.239354,-0.269273,-0.269273
11384,-0.209434,-0.269273,-0.269273
11385,-0.209434,-0.269273,-0.269273
11386,-0.209434,-0.269273,-0.269273
11387,-0.239354,-0.299192,-0.269273
11388,-0.269273,-0.329111,-0.329111
11389,-0.269273,-0.329111,-0.299192
11390,-0.269273,-0.299192,-0.299192
11391,-0.239354,-0.299192,-0.269273
11392,-0.209434,-0.269273,-0.269273
11393,-0.209434,-0.239354,-0.239354
11394,-0.209434,-0.239354,-0.239354
11395,-0.179515,-0.239354,-0.239354
11396,-0.209434,-0.239354,-0.239354
11397,-0.179515,-0.239354,-0.239354
11398,-0.209434,-0.239354,-0.239354
11399,-0.209434,-0.269273,-0.239354
11400,-0.209434,-0.269273,-0.239354
11401,-0.209434,-0.269273,-0.269273
11402,-0.209434,-0.269273,-0.269273
11403,-0.179515,-0.239354,-0.239354
11404,-0.149596,-0.209434,-0.209434
11405,-0.179515,-0.209434,-0.209434
11406,-0.179515,-0.239354,-0.239354
11407,-0.209434,-0.239354,-0.239354
11408,-0.239354,-0.269273,-0.269273
11409,-0.239354,-0.269273,-0.269273
11410,-0.239354,-0.299192,-0.269273
11411,-0.239354,-0.269273,-0.269273
11412,-0.239354,-0.269273,-0.269273
11413,-0.239354,-0.269273,-0.269273
11414,-0.239354,-0.269273,-0.269273
11415,-0.239354,-0.269273,-0.269273
11416,-0.239354,-0.269273,-0.269273
11417,-0.239354,-0.269273,-0.269273
11418,-0.209434,-0.269273,-0.269273
11419,-0.239354,-0.299192,-0.299192
11420,-0.269273,-0.329111,-0.299192
11421,-0.269273,-0.329111,-0.299192
11422,-0.239354,-0.299192,-0.299192
11423,-0.239354,-0.269273,-0.269273
11424,-0.209434,-0.269273,-0.239354
11425,-0.209434,-0.239354,-0.239354
11426,-0.209434,-0.239354,-0.239354
11427,-0.179515,-0.239354,-0.239354
11428,-0.209434,-0.239354,-0.239354
11429,-0.179515,-0.239354,-0.239354
11430,-0.209434,-0.239354,-0.239354
11431,-0.209434,-0.239354,-0.239354
11432,-0.209434,-0.239354,-0.239354
11433,-0.209434,-0.269273,-0.239354
11434,-0.209434,-0.269273,-0.239354
11435,-0.179515,-0.239354,-0.239354
11436,-0.149596,-0.209434,-0.209434
11437,-0.149596,-0.209434,-0.209434
11438,-0.179515,-0.239354,-0.209434
11439,-0.209434,-0.239354,-0.239354
11440,-0.239354,-0.269273,-0.269273
11441,-0.239354,-0.269273,-0.269273
11442,-0.239354,-0.269273,-0.269273
11443,-0.239354,-0.269273,-0.269273
11444,-0.239354,-0.269273,-0.269273
11445,-0.239354,-0.269273,-0.269273
11446,-0.239354,-0.269273,-0.269273
11447,-0.209434,-0.269273,-0.269273
11448,-0.239354,-0.269273,-0.269273
11449,-0.209434,-0.269273,-0.269273
11450,-0.209434,-0.269273,-0.269273
11451,-0.239354,-0.299192,-0.299192
11452,-0.269273,-0.329111,-0.329111
11453,-0.269273,-0.299192,-0.299192
11454,-0.239354,-0.299192,-0.299192
11455,-0.239354,-0.269273,-0.269273
11456,-0.209434,-0.239354,-0.239354
11457,-0.209434,-0.239354,-0.239354
11458,-0.179515,-0.239354,-0.239354
11459,-0.179515,-0.239354,-0.239354
11460,-0.209434,-0.239354,-0.239354
11461,-0.179515,-0.239354,-0.239354
11462,-0.179515,-0.239354,-0.239354
11463,-0.209434,-0.239354,-0.239354
11464,-0.209434,-0.239354,-0.239354
11465,-0.209434,-0.269273,-0.239354
11466,-0.209434,-0.269273,-0.239354
11467,-0.179515,-0.239354,-0.209434
11468,-0.149596,-0.209434,-0.179515
11469,-0.149596,-0.209434,-0.209434
11470,-0.179515,-0.239354,-0.239354
11471,-0.209434,-0.239354,-0.239354
11472,-0.239354,-0.269273,-0.269273
11473,-0.239354,-0.269273,-0.269273
11474,-0.239354,-0.269273,-0.269273
11475,-0.239354,-0.269273,-0.269273
11476,-0.239354,-0.269273,-0.269273
11477,-0.239354,-0.269273,-0.269273
11478,-0.239354,-0.269273,-0.269273
11479,-0.239354,-0.269273,-0.269273
11480,-0.209434,-0.269273,-0.269273
11481,-0.209434,-0.269273,-0.269273
11482,-0.209434,-0.269273,-0.269273
11483,-0.239354,-0.299192,-0.269273
11484,-0.269273,-0.329111,-0.329111
11485,-0.269273,-0.299192,-0.299192
11486,-0.239354,-0.299192,-0.299192
11487,-0.239354,-0.269273,-0.269273
11488,-0.209434,-0.239354,-0.239354
11489,-0.209434,-0.239354,-0.239354
11490,-0.209434,-0.239354,-0.239354
11491,-0.179515,-0.239354,-0.239354
11492,-0.179515,-0.239354,-0.239354
11493,-0.179515,-0.239354,-0.239354
11494,-0.209434,-0.239354,-0.239354
11495,-0.209434,-0.239354,-0.239354
11496,-0.209434,-0.269273,-0.239354
11497,-0.209434,-0.239354,-0.239354
11498,-0.209434,-0.239354,-0.269273
11499,-0.179515,-0.239354,-0.209434
11500,-0.149596,-0.209434,-0.209434
11501,-0.149596,-0.209434,-0.209434
11502,-0.179515,-0.239354,-0.209434
11503,-0.209434,-0.239354,-0.239354
11504,-0.209434,-0.269273,-0.269273
11505,-0.239354,-0.269273,-0.269273
11506,-0.239354,-0.269273,-0.269273
11507,-0.239354,-0.269273,-0.269273
11508,-0.239354,-0.269273,-0.269273
11509,-0.239354,-0.269273,-0.269273
11510,-0.239354,-0.269273,-0.269273
11511,-0.209434,-0.269273,-0.269273
11512,-0.209434,-0.269273,-0.269273
11513,-0.209434,-0.269273,-0.269273
11514,-0.209434,-0.269273,-0.269273
11515,-0.239354,-0.299192,-0.269273
11516,-0.269273,-0.329111,-0.299192
11517,-0.269273,-0.299192,-0.299192
11518,-0.239354,-0.299192,-0.299192
11519,-0.239354,-0.269273,-0.269273
11520,-0.209434,-0.239354,-0.239354
11521,-0.179515,-0.239354,-0.239354
11522,-0.179515,-0.239354,-0.239354
11523,-0.179515,-0.239354,-0.239354
11524,-0.179515,-0.239354,-0.239354
11525,-0.179515,-0.239354,-0.239354
11526,-0.179515,-0.239354,-0.239354
11527,-0.209434,-0.239354,-0.239354
11528,-0.209434,-0.239354,-0.239354
11529,-0.209434,-0.269273,-0.239354
11530,-0.209434,-0.239354,-0.239354
11531,-0.179515,-0.209434,-0.209434
11532,-0.149596,-0.179515,-0.179515
11533,-0.149596,-0.209434,-0.209434
11534,-0.179515,-0.239354,-0.209434
11535,-0.209434,-0.239354,-0.239354
11536,-0.209434,-0.269273,-0.269273
11537,-0.239354,-0.269273,-0.269273
11538,-0.239354,-0.269273,-0.269273
11539,-0.239354,-0.269273,-0.269273
11540,-0.239354,-0.269273,-0.269273
11541,-0.239354,-0.269273,-0.269273
11542,-0.239354,-0.269273,-0.269273
11543,-0.209434,-0.269273,-0.269273
11544,-0.209434,-0.269273,-0.269273
11545,-0.209434,-0.269273,-0.269273
11546,-0.209434,-0.269273,-0.269273
11547,-0.239354,-0.299192,-0.299192
11548,-0.269273,-0.329111,-0.329111
11549,-0.269273,-0.299192,-0.299192
11550,-0.239354,-0.299192,-0.299192
11551,-0.239354,-0.269273,-0.269273
11552,-0.209434,-0.239354,-0.239354
11553,-0.179515,-0.239354,-0.239354
11554,-0.179515,-0.239354,-0.239354
11555,-0.179515,-0.239354,-0.239354
11556,-0.179515,-0.239354,-0.239354
11557,-0.179515,-0.239354,-0.239354
11558,-0.179515,-0.239354,-0.239354
11559,-0.209434,-0.239354,-0.239354
11560,-0.209434,-0.239354,-0.239354
11561,-0.209434,-0.239354,-0.239354
11562,-0.209434,-0.239354,-0.239354
11563,-0.179515,-0.239354,-0.239354
11564,-0.149596,-0.209434,-0.179515
11565,-0.149596,-0.209434,-0.209434
11566,-0.179515,-0.209434,-0.209434
11567,-0.209434,-0.239354,-0.239354
11568,-0.209434,-0.269273,-0.269273
11569,-0.239354,-0.269273,-0.269273
11570,-0.239354,-0.269273,-0.269273
11571,-0.239354,-0.269273,-0.269273
11572,-0.239354,-0.269273,-0.269273
11573,-0.239354,-0.269273,-0.269273
11574,-0.239354,-0.269273,-0.269273
11575,-0.209434,-0.269273,-0.269273
11576,-0.209434,-0.269273,-0.269273
11577,-0.209434,-0.269273,-0.269273
11578,-0.209434,-0.269273,-0.269273
11579,-0.239354,-0.299192,-0.299192
11580,-0.269273,-0.299192,-0.299192
11581,-0.269273,-0.299192,-0.299192
11582,-0.239354,-0.299192,-0.269273
11583,-0.209434,-0.269273,-0.269273
11584,-0.209434,-0.239354,-0.239354
11585,-0.209434,-0.239354,-0.239354
11586,-0.179515,-0.239354,-0.239354
11587,-0.179515,-0.239354,-0.239354
11588,-0.179515,-0.239354,-0.239354
11589,-0.179515,-0.239354,-0.239354
11590,-0.179515,-0.239354,-0.239354
11591,-0.209434,-0.239354,-0.239354
11592,-0.209434,-0.239354,-0.239354
11593,-0.209434,-0.239354,-0.239354
11594,-0.209434,-0.269273,-0.239354
11595,-0.179515,-0.239354,-0.209434
11596,-0.149596,-0.179515,-0.179515
11597,-0.149596,-0.209434,-0.209434
11598,-0.179515,-0.239354,-0.209434
11599,-0.209434,-0.239354,-0.239354
11600,-0.239354,-0.269273,-0.269273
11601,-0.239354,-0.269273,-0.269273
11602,-0.209434,-0.269273,-0.269273
11603,-0.209434,-0.269273,-0.269273
11604,-0.209434,-0.269273,-0.269273
11605,-0.239354,-0.269273,-0.269273
11606,-0.239354,-0.269273,-0.269273
11607,-0.209434,-0.269273,-0.269273
11608,-0.209434,-0.269273,-0.269273
11609,-0.209434,-0.269273,-0.269273
11610,-0.209434,-0.269273,-0.239354
11611,-0.239354,-0.299192,-0.269273
11612,-0.269273,-0.329111,-0.299192
11613,-0.239354,-0.299192,-0.299192
11614,-0.239354,-0.269273,-0.269273
11615,-0.209434,-0.269273,-0.269273
11616,-0.209434,-0.239354,-0.239354
11617,-0.179515,-0.239354,-0.239354
11618,-0.179515,-0.239354,-0.239354
11619,-0.179515,-0.239354,-0.239354
11620,-0.179515,-0.239354,-0.239354
11621,-0.179515,-0.239354,-0.239354
11622,-0.179515,-0.239354,-0.239354
11623,-0.209434,-0.239354,-0.239354
11624,-0.209434,-0.239354,-0.239354
11625,-0.209434,-0.239354,-0.239354
11626,-0.209434,-0.239354,-0.239354
11627,-0.179515,-0.209434,-0.209434
11628,-0.149596,-0.179515,-0.179515
11629,-0.149596,-0.209434,-0.209434
11630,-0.179515,-0.209434,-0.209434
11631,-0.179515,-0.239354,-0.239354
11632,-0.209434,-0.269273,-0.269273
11633,-0.239354,-0.269273,-0.269273
11634,-0.239354,-0.269273,-0.269273
11635,-0.239354,-0.269273,-0.269273
11636,-0.239354,-0.269273,-0.269273
11637,-0.239354,-0.269273,-0.269273
11638,-0.209434,-0.269273,-0.269273
11639,-0.209434,-0.269273,-0.269273
11640,-0.209434,-0.269273,-0.269273
11641,-0.209434,-0.269273,-0.239354
11642,-0.209434,-0.269273,-0.239354
11643,-0.239354,-0.299192,-0.269273
11644,-0.269273,-0.299192,-0.299192
11645,-0.239354,-0.299192,-0.299192
11646,-0.239354,-0.269273,-0.269273
11647,-0.209434,-0.269273,-0.269273
11648,-0.209434,-0.239354,-0.239354
11649,-0.179515,-0.239354,-0.239354
11650,-0.179515,-0.239354,-0.239354
11651,-0.179515,-0.239354,-0.239354
11652,-0.179515,-0.239354,-0.239354
11653,-0.179515,-0.239354,-0.239354
11654,-0.179515,-0.239354,-0.239354
11655,-0.209434,-0.239354,-0.239354
11656,-0.209434,-0.239354,-0.239354
11657,-0.209434,-0.239354,-0.239354
11658,-0.209434,-0.239354,-0.239354
11659,-0.179515,-0.209434,-0.209434
11660,-0.149596,-0.209434,-0.179515
11661,-0.149596,-0.209434,-0.209434
11662,-0.179515,-0.209434,-0.209434
11663,-0.179515,-0.239354,-0.239354
11664,-0.209434,-0.269273,-0.269273
11665,-0.239354,-0.269273,-0.269273
11666,-0.239354,-0.269273,-0.269273
11667,-0.209434,-0.269273,-0.269273
11668,-0.209434,-0.269273,-0.269273
11669,-0.209434,-0.269273,-0.269273
11670,-0.209434,-0.269273,-0.269273
11671,-0.209434,-0.269273,-0.269273
11672,-0.209434,-0.269273,-0.239354
11673,-0.209434,-0.269273,-0.239354
11674,-0.209434,-0.269273,-0.239354
11675,-0.239354,-0.299192,-0.269273
11676,-0.269273,-0.299192,-0.299192
11677,-0.239354,-0.299192,-0.299192
11678,-0.239354,-0.269273,-0.269273
11679,-0.209434,-0.269273,-0.269273
11680,-0.209434,-0.239354,-0.239354
11681,-0.179515,-0.239354,-0.239354
11682,-0.179515,-0.239354,-0.209434
11683,-0.179515,-0.239354,-0.239354
11684,-0.179515,-0.239354,-0.239354
11685,-0.179515,-0.239354,-0.209434
11686,-0.179515,-0.239354,-0.209434
11687,-0.179515,-0.239354,-0.239354
11688,-0.209434,-0.239354,-0.239354
11689,-0.209434,-0.239354,-0.239354
11690,-0.209434,-0.239354,-0.239354
11691,-0.179515,-0.209434,-0.209434
11692,-0.149596,-0.179515,-0.179515
11693,-0.149596,-0.209434,-0.209434
11694,-0.179515,-0.209434,-0.209434
11695,-0.209434,-0.239354,-0.239354
11696,-0.209434,-0.269273,-0.269273
11697,-0.239354,-0.269273,-0.269273
11698,-0.209434,-0.269273,-0.269273
11699,-0.209434,-0.269273,-0.269273
11700,-0.209434,-0.269273,-0.269273
11701,-0.209434,-0.269273,-0.269273
11702,-0.209434,-0.269273,-0.269273
11703,-0.209434,-0.269273,-0.239354
11704,-0.209434,-0.269273,-0.239354
11705,-0.209434,-0.269273,-0.239354
11706,-0.209434,-0.239354,-0.239354
11707,-0.239354,-0.299192,-0.269273
11708,-0.269273,-0.299192,-0.299192
11709,-0.239354,-0.299192,-0.299192
11710,-0.239354,-0.269273,-0.269273
11711,-0.209434,-0.269273,-0.269273
11712,-0.179515,-0.239354,-0.239354
11713,-0.179515,-0.239354,-0.239354
11714,-0.179515,-0.239354,-0.239354
11715,-0.179515,-0.239354,-0.239354
11716,-0.179515,-0.239354,-0.239354
11717,-0.179515,-0.239354,-0.209434
11718,-0.179515,-0.239354,-0.239354
11719,-0.179515,-0.239354,-0.239354
11720,-0.209434,-0.239354,-0.239354
11721,-0.209434,-0.239354,-0.239354
11722,-0.209434,-0.239354,-0.239354
11723,-0.179515,-0.209434,-0.209434
11724,-0.149596,-0.179515,-0.179515
11725,-0.149596,-0.209434,-0.209434
11726,-0.179515,-0.209434,-0.209434
11727,-0.179515,-0.239354,-0.239354
11728,-0.209434,-0.269273,-0.269273
11729,-0.209434,-0.269273,-0.269273
11730,-0.209434,-0.269273,-0.269273
11731,-0.209434,-0.269273,-0.269273
11732,-0.209434,-0.269273,-0.269273
11733,-0.209434,-0.269273,-0.269273
11734,-0.209434,-0.269273,-0.269273
11735,-0.209434,-0.269273,-0.269273
11736,-0.209434,-0.269273,-0.239354
11737,-0.209434,-0.269273,-0.239354
11738,-0.209434,-0.239354,-0.239354
11739,-0.239354,-0.299192,-0.269273
11740,-0.269273,-0.299192,-0.299192
11741,-0.239354,-0.299192,-0.269273
11742,-0.239354,-0.299192,-0.269273
11743,-0.209434,-0.269273,-0.269273
11744,-0.179515,-0.239354,-0.239354
11745,-0.179515,-0.239354,-0.239354
11746,-0.179515,-0.239354,-0.209434
11747,-0.179515,-0.239354,-0.209434
11748,-0.179515,-0.239354,-0.239354
11749,-0.179515,-0.239354,-0.209434
11750,-0.179515,-0.239354,-0.239354
11751,-0.179515,-0.239354,-0.239354
11752,-0.179515,-0.239354,-0.239354
11753,-0.179515,-0.239354,-0.239354
11754,-0.179515,-0.239354,-0.239354
11755,-0.149596,-0.209434,-0.209434
11756,-0.149596,-0.179515,-0.179515
11757,-0.149596,-0.209434,-0.209434
11758,-0.179515,-0.209434,-0.209434
11759,-0.179515,-0.239354,-0.239354
11760,-0.209434,-0.269273,-0.269273
11761,-0.209434,-0.269273,-0.269273
11762,-0.209434,-0.269273,-0.269273
11763,-0.209434,-0.269273,-0.269273
11764,-0.209434,-0.269273,-0.269273
11765,-0.209434,-0.269273,-0.269273
11766,-0.209434,-0.269273,-0.269273
11767,-0.209434,-0.269273,-0.269273
11768,-0.209434,-0.239354,-0.239354
11769,-0.209434,-0.239354,-0.239354
11770,-0.209434,-0.239354,-0.239354
11771,-0.239354,-0.269273,-0.269273
11772,-0.269273,-0.299192,-0.299192
11773,-0.239354,-0.299192,-0.269273
11774,-0.239354,-0.269273,-0.269273
11775,-0.209434,-0.269273,-0.269273
11776,-0.179515,-0.239354,-0.239354
11777,-0.179515,-0.239354,-0.239354
11778,-0.179515,-0.239354,-0.239354
11779,-0.179515,-0.239354,-0.209434
11780,-0.179515,-0.239354,-0.209434
11781,-0.179515,-0.239354,-0.209434
11782,-0.179515,-0.239354,-0.239354
11783,-0.179515,-0.239354,-0.239354
11784,-0.179515,-0.239354,-0.239354
11785,-0.179515,-0.239354,-0.239354
11786,-0.179515,-0.239354,-0.239354
11787,-0.149596,-0.209434,-0.209434
11788,-0.149596,-0.179515,-0.179515
11789,-0.149596,-0.209434,-0.179515
11790,-0.179515,-0.209434,-0.209434
11791,-0.179515,-0.239354,-0.239354
11792,-0.209434,-0.269273,-0.269273
11793,-0.209434,-0.269273,-0.269273
11794,-0.209434,-0.269273,-0.269273
11795,-0.209434,-0.269273,-0.269273
11796,-0.209434,-0.269273,-0.269273
11797,-0.209434,-0.269273,-0.269273
11798,-0.209434,-0.269273,-0.269273
11799,-0.209434,-0.269273,-0.239354
11800,-0.209434,-0.269273,-0.239354
11801,-0.209434,-0.239354,-0.239354
11802,-0.209434,-0.239354,-0.239354
11803,-0.239354,-0.299192,-0.269273
11804,-0.269273,-0.299192,-0.299192
11805,-0.239354,-0.299192,-0.299192
11806,-0.239354,-0.269273,-0.269273
11807,-0.209434,-0.269273,-0.269273
11808,-0.179515,-0.239354,-0.239354
11809,-0.179515,-0.239354,-0.239354
11810,-0.179515,-0.239354,-0.209434
11811,-0.179515,-0.239354,-0.209434
11812,-0.179515,-0.239354,-0.209434
11813,-0.179515,-0.209434,-0.209434
11814,-0.179515,-0.239354,-0.239354
11815,-0.179515,-0.239354,-0.239354
11816,-0.209434,-0.239354,-0.239354
11817,-0.179515,-0.239354,-0.239354
11818,-0.179515,-0.239354,-0.239354
11819,-0.149596,-0.209434,-0.209434
11820,-0.149596,-0.179515,-0.179515
11821,-0.149596,-0.209434,-0.209434
11822,-0.179515,-0.209434,-0.209434
11823,-0.179515,-0.239354,-0.239354
11824,-0.209434,-0.239354,-0.269273
11825,-0.209434,-0.269273,-0.269273
11826,-0.209434,-0.269273,-0.269273
11827,-0.209434,-0.269273,-0.269273
11828,-0.209434,-0.269273,-0.269273
11829,-0.209434,-0.269273,-0.269273
11830,-0.209434,-0.269273,-0.239354
11831,-0.209434,-0.269273,-0.239354
11832,-0.209434,-0.269273,-0.239354
11833,-0.209434,-0.239354,-0.239354
11834,-0.209434,-0.239354,-0.239354
11835,-0.239354,-0.299192,-0.269273
11836,-0.239354,-0.299192,-0.299192
11837,-0.239354,-0.299192,-0.269273
11838,-0.239354,-0.269273,-0.269273
11839,-0.209434,-0.269273,-0.239354
11840,-0.179515,-0.239354,-0.239354
11841,-0.179515,-0.239354,-0.209434
11842,-0.179515,-0.239354,-0.209434
11843,-0.179515,-0.209434,-0.209434
11844,-0.179515,-0.239354,-0.209434
11845,-0.179515,-0.239354,-0.209434
11846,-0.179515,-0.239354,-0.239354
11847,-0.179515,-0.239354,-0.239354
11848,-0.179515,-0.239354,-0.239354
11849,-0.179515,-0.239354,-0.239354
11850,-0.209434,-0.239354,-0.239354
11851,-0.149596,-0.209434,-0.209434
11852,-0.149596,-0.179515,-0.179515
11853,-0.149596,-0.209434,-0.209434
11854,-0.179515,-0.209434,-0.209434
11855,-0.179515,-0.239354,-0.239354
11856,-0.209434,-0.239354,-0.239354
11857,-0.209434,-0.269273,-0.269273
11858,-0.209434,-0.269273,-0.269273
11859,-0.209434,-0.269273,-0.269273
11860,-0.209434,-0.269273,-0.269273
11861,-0.209434,-0.269273,-0.269273
11862,-0.209434,-0.269273,-0.239354
11863,-0.209434,-0.239354,-0.239354
11864,-0.209434,-0.239354,-0.239354
11865,-0.209434,-0.239354,-0.239354
11866,-0.209434,-0.239354,-0.239354
11867,-0.239354,-0.299192,-0.269273
11868,-0.269273,-0.299192,-0.299192
11869,-0.239354,-0.299192,-0.269273
11870,-0.239354,-0.269273,-0.269273
11871,-0.209434,-0.239354,-0.239354
11872,-0.179515,-0.239354,-0.239354
11873,-0.179515,-0.239354,-0.239354
11874,-0.179515,-0.239354,-0.209434
11875,-0.179515,-0.239354,-0.209434
11876,-0.179515,-0.239354,-0.209434
11877,-0.179515,-0.239354,-0.209434
11878,-0.179515,-0.239354,-0.239354
11879,-0.179515,-0.239354,-0.239354
11880,-0.179515,-0.239354,-0.239354
11881,-0.179515,-0.239354,-0.239354
11882,-0.179515,-0.239354,-0.239354
11883,-0.149596,-0.209434,-0.179515
11884,-0.149596,-0.179515,-0.179515
11885,-0.149596,-0.209434,-0.209434
11886,-0.179515,-0.209434,-0.209434
11887,-0.179515,-0.239354,-0.239354
11888,-0.209434,-0.239354,-0.239354
11889,-0.209434,-0.269273,-0.269273
11890,-0.209434,-0.269273,-0.269273
11891,-0.209434,-0.269273,-0.269273
11892,-0.209434,-0.269273,-0.269273
11893,-0.209434,-0.269273,-0.269273
11894,-0.209434,-0.269273,-0.239354
11895,-0.209434,-0.239354,-0.239354
11896,-0.209434,-0.239354,-0.239354
11897,-0.209434,-0.239354,-0.239354
11898,-0.209434,-0.239354,-0.239354
11899,-0.239354,-0.299192,-0.269273
11900,-0.269273,-0.299192,-0.299192
11901,-0.239354,-0.299192,-0.269273
11902,-0.239354,-0.269273,-0.269273
11903,-0.209434,-0.269273,-0.269273
11904,-0.179515,-0.239354,-0.239354
11905,-0.179515,-0.239354,-0.239354
11906,-0.179515,-0.239354,-0.209434
11907,-0.179515,-0.239354,-0.209434
11908,-0.179515,-0.239354,-0.209434
11909,-0.179515,-0.239354,-0.209434
11910,-0.179515,-0.239354,-0.239354
11911,-0.179515,-0.239354,-0.239354
11912,-0.179515,-0.239354,-0.239354
11913,-0.179515,-0.239354,-0.239354
11914,-0.179515,-0.239354,-0.239354
11915,-0.149596,-0.209434,-0.209434
11916,-0.149596,-0.179515,-0.179515
11917,-0.149596,-0.209434,-0.209434
11918,-0.179515,-0.209434,-0.209434
11919,-0.179515,-0.239354,-0.239354
11920,-0.209434,-0.269273,-0.239354
11921,-0.209434,-0.269273,-0.269273
11922,-0.209434,-0.269273,-0.269273
11923,-0.209434,-0.269273,-0.269273
11924,-0.209434,-0.269273,-0.239354
11925,-0.209434,-0.269273,-0.269273
11926,-0.209434,-0.269273,-0.269273
11927,-0.209434,-0.269273,-0.239354
11928,-0.209434,-0.269273,-0.239354
11929,-0.209434,-0.239354,-0.239354
11930,-0.209434,-0.239354,-0.239354
11931,-0.239354,-0.299192,-0.269273
11932,-0.239354,-0.299192,-0.299192
11933,-0.239354,-0.269273,-0.269273
11934,-0.239354,-0.269273,-0.269273
11935,-0.209434,-0.269273,-0.239354
11936,-0.179515,-0.239354,-0.239354
11937,-0.179515,-0.239354,-0.209434
11938,-0.179515,-0.209434,-0.209434
11939,-0.179515,-0.209434,-0.209434
11940,-0.179515,-0.239354,-0.209434
11941,-0.179515,-0.239354,-0.209434
11942,-0.179515,-0.209434,-0.239354
11943,-0.179515,-0.239354,-0.239354
11944,-0.179515,-0.239354,-0.239354
11945,-0.179515,-0.239354,-0.239354
11946,-0.179515,-0.239354,-0.239354
11947,-0.149596,-0.209434,-0.209434
11948,-0.149596,-0.179515,-0.179515
11949,-0.149596,-0.209434,-0.209434
11950,-0.179515,-0.209434,-0.209434
11951,-0.179515,-0.239354,-0.239354
11952,-0.209434,-0.269273,-0.239354
11953,-0.209434,-0.269273,-0.269273
11954,-0.209434,-0.269273,-0.269273
11955,-0.209434,-0.269273,-0.269273
11956,-0.209434,-0.269273,-0.269273
11957,-0.209434,-0.269273,-0.269273
11958,-0.209434,-0.269273,-0.239354
11959,-0.209434,-0.239354,-0.239354
11960,-0.209434,-0.239354,-0.239354
11961,-0.209434,-0.269273,-0.239354
11962,-0.209434,-0.269273,-0.239354
11963,-0.239354,-0.299192,-0.269273
11964,-0.269273,-0.299192,-0.299192
11965,-0.239354,-0.299192,-0.299192
11966,-0.239354,-0.269273,-0.269273
11967,-0.209434,-0.269273,-0.239354
11968,-0.179515,-0.239354,-0.239354
11969,-0.179515,-0.239354,-0.239354
11970,-0.179515,-0.239354,-0.209434
11971,-0.179515,-0.239354,-0.209434
11972,-0.179515,-0.239354,-0.239354
11973,-0.179515,-0.239354,-0.209434
11974,-0.179515,-0.239354,-0.209434
11975,-0.179515,-0.239354,-0.239354
11976,-0.179515,-0.239354,-0.239354
11977,-0.179515,-0.239354,-0.239354
11978,-0.179515,-0.239354,-0.239354
11979,-0.149596,-0.209434,-0.209434
11980,-0.119677,-0.179515,-0.179515
11981,-0.149596,-0.209434,-0.209434
11982,-0.179515,-0.209434,-0.209434
11983,-0.179515,-0.239354,-0.239354
11984,-0.209434,-0.269273,-0.239354
11985,-0.209434,-0.269273,-0.269273
11986,-0.209434,-0.269273,-0.269273
11987,-0.209434,-0.269273,-0.269273
11988,-0.209434,-0.269273,-0.269273
11989,-0.209434,-0.269273,-0.269273
11990,-0.209434,-0.269273,-0.269273
11991,-0.209434,-0.269273,-0.239354
11992,-0.209434,-0.269273,-0.239354
11993,-0.209434,-0.269273,-0.239354
11994,-0.209434,-0.239354,-0.239354
11995,-0.239354,-0.299192,-0.269273
11996,-0.269273,-0.299192,-0.299192
11997,-0.239354,-0.299192,-0.269273
11998,-0.239354,-0.269273,-0.269273
11999,-0.209434,-0.269273,-0.239354
12000,-0.179515,-0.239354,-0.239354
12001,-0.179515,-0.239354,-0.239354
12002,-0.179515,-0.209434,-0.209434
12003,-0.179515,-0.239354,-0.209434
12004,-0.179515,-0.239354,-0.209434
12005,-0.179515,-0.209434,-0.209434
12006,-0.179515,-0.239354,-0.239354
12007,-0.179515,-0.239354,-0.239354
12008,-0.179515,-0.239354,-0.239354
12009,-0.179515,-0.239354,-0.239354
12010,-0.179515,-0.239354,-0.239354
12011,-0.149596,-0.209434,-0.209434
12012,-0.149596,-0.179515,-0.179515
12013,-0.149596,-0.209434,-0.209434
12014,-0.179515,-0.209434,-0.209434
12015,-0.179515,-0.239354,-0.239354
12016,-0.209434,-0.269273,-0.269273
12017,-0.209434,-0.269273,-0.269273
12018,-0.209434,-0.269273,-0.269273
12019,-0.209434,-0.269273,-0.269273
12020,-0.209434,-0.269273,-0.269273
12021,-0.209434,-0.269273,-0.269273
12022,-0.209434,-0.269273,-0.239354
12023,-0.209434,-0.269273,-0.239354
12024,-0.209434,-0.239354,-0.239354
12025,-0.209434,-0.239354,-0.239354
12026,-0.209434,-0.239354,-0.239354
12027,-0.239354,-0.269273,-0.269273
12028,-0.269273,-0.299192,-0.299192
12029,-0.239354,-0.299192,-0.269273
12030,-0.239354,-0.269273,-0.269273
12031,-0.209434,-0.239354,-0.239354
12032,-0.179515,-0.239354,-0.239354
12033,-0.179515,-0.239354,-0.209434
12034,-0.179515,-0.239354,-0.209434
12035,-0.179515,-0.239354,-0.209434
12036,-0.179515,-0.239354,-0.209434
12037,-0.179515,-0.209434,-0.209434
12038,-0.179515,-0.239354,-0.239354
12039,-0.179515,-0.239354,-0.239354
12040,-0.179515,-0.239354,-0.239354
12041,-0.179515,-0.239354,-0.239354
12042,-0.179515,-0.239354,-0.239354
12043,-0.149596,-0.209434,-0.179515
12044,-0.149596,-0.179515,-0.179515
12045,-0.149596,-0.209434,-0.209434
12046,-0.179515,-0.209434,-0.209434
12047,-0.179515,-0.239354,-0.239354
12048,-0.209434,-0.269273,-0.269273
12049,-0.209434,-0.269273,-0.269273
12050,-0.209434,-0.269273,-0.269273
12051,-0.209434,-0.269273,-0.269273
12052,-0.209434,-0.269273,-0.269273
12053,-0.209434,-0.269273,-0.269273
12054,-0.209434,-0.239354,-0.239354
12055,-0.209434,-0.239354,-0.239354
12056,-0.209434,-0.239354,-0.239354
12057,-0.209434,-0.239354,-0.239354
12058,-0.209434,-0.269273,-0.239354
12059,-0.239354,-0.299192,-0.269273
12060,-0.239354,-0.299192,-0.299192
12061,-0.239354,-0.299192,-0.269273
12062,-0.209434,-0.269273,-0.269273
12063,-0.209434,-0.239354,-0.239354
12064,-0.179515,-0.239354,-0.239354
12065,-0.179515,-0.239354,-0.239354
12066,-0.179515,-0.209434,-0.239354
12067,-0.179515,-0.239354,-0.209434
12068,-0.179515,-0.239354,-0.209434
12069,-0.179515,-0.209434,-0.209434
12070,-0.179515,-0.239354,-0.239354
12071,-0.179515,-0.239354,-0.239354
12072,-0.179515,-0.239354,-0.239354
12073,-0.179515,-0.239354,-0.239354
12074,-0.179515,-0.239354,-0.239354
12075,-0.149596,-0.209434,-0.209434
12076,-0.119677,-0.179515,-0.179515
12077,-0.149596,-0.209434,-0.209434
12078,-0.179515,-0.209434,-0.209434
12079,-0.179515,-0.239354,-0.239354
12080,-0.209434,-0.269273,-0.269273
12081,-0.209434,-0.269273,-0.269273
12082,-0.209434,-0.269273,-0.239354
12083,-0.209434,-0.269273,-0.269273
12084,-0.209434,-0.269273,-0.269273
12085,-0.209434,-0.269273,-0.269273
12086,-0.209434,-0.269273,-0.239354
12087,-0.209434,-0.239354,-0.239354
12088,-0.209434,-0.239354,-0.239354
12089,-0.209434,-0.239354,-0.239354
12090,-0.209434,-0.269273,-0.239354
12091,-0.239354,-0.299192,-0.299192
12092,-0.239354,-0.299192,-0.299192
12093,-0.239354,-0.299192,-0.269273
12094,-0.239354,-0.269273,-0.269273
12095,-0.209434,-0.269273,-0.239354
12096,-0.179515,-0.239354,-0.239354
12097,-0.179515,-0.239354,-0.209434
12098,-0.179515,-0.239354,-0.209434
12099,-0.179515,-0.239354,-0.209434
12100,-0.179515,-0.239354,-0.209434
12101,-0.179515,-0.239354,-0.209434
12102,-0.179515,-0.239354,-0.239354
12103,-0.179515,-0.239354,-0.239354
12104,-0.179515,-0.239354,-0.239354
12105,-0.179515,-0.239354,-0.239354
12106,-0.179515,-0.239354,-0.239354
12107,-0.149596,-0.179515,-0.209434
12108,-0.149596,-0.179515,-0.179515
12109,-0.149596,-0.209434,-0.209434
12110,-0.179515,-0.209434,-0.209434
12111,-0.209434,-0.239354,-0.239354
12112,-0.209434,-0.269273,-0.269273
12113,-0.209434,-0.269273,-0.269273
12114,-0.209434,-0.269273,-0.269273
12115,-0.209434,-0.269273,-0.269273
12116,-0.209434,-0.269273,-0.269273
12117,-0.209434,-0.269273,-0.239354
12118,-0.209434,-0.269273,-0.239354
12119,-0.209434,-0.239354,-0.239354
12120,-0.209434,-0.239354,-0.239354
12121,-0.209434,-0.239354,-0.239354
12122,-0.209434,-0.269273,-0.239354
12123,-0.239354,-0.299192,-0.269273
12124,-0.239354,-0.299192,-0.299192
12125,-0.239354,-0.269273,-0.269273
12126,-0.239354,-0.269273,-0.269273
12127,-0.209434,-0.239354,-0.239354
12128,-0.179515,-0.239354,-0.239354
12129,-0.179515,-0.239354,-0.239354
12130,-0.179515,-0.209434,-0.209434
12131,-0.179515,-0.239354,-0.209434
12132,-0.179515,-0.239354,-0.209434
12133,-0.179515,-0.209434,-0.209434
12134,-0.179515,-0.239354,-0.239354
12135,-0.179515,-0.239354,-0.239354
12136,-0.179515,-0.239354,-0.239354
12137,-0.179515,-0.239354,-0.239354
12138,-0.179515,-0.239354,-0.239354
12139,-0.149596,-0.209434,-0.179515
12140,-0.149596,-0.179515,-0.179515
12141,-0.149596,-0.209434,-0.209434
12142,-0.179515,-0.209434,-0.209434
12143,-0.179515,-0.239354,-0.239354
12144,-0.209434,-0.269273,-0.239354
12145,-0.209434,-0.269273,-0.269273
12146,-0.209434,-0.269273,-0.269273
12147,-0.209434,-0.269273,-0.239354
12148,-0.209434,-0.269273,-0.269273
12149,-0.209434,-0.269273,-0.269273
12150,-0.209434,-0.239354,-0.239354
12151,-0.209434,-0.239354,-0.239354
12152,-0.209434,-0.239354,-0.239354
12153,-0.209434,-0.239354,-0.239354
12154,-0.209434,-0.269273,-0.269273
12155,-0.239354,-0.299192,-0.299192
12156,-0.239354,-0.299192,-0.299192
12157,-0.239354,-0.269273,-0.269273
12158,-0.209434,-0.269273,-0.269273
12159,-0.209434,-0.239354,-0.239354
12160,-0.179515,-0.239354,-0.239354
12161,-0.179515,-0.239354,-0.209434
12162,-0.179515,-0.209434,-0.209434
12163,-0.179515,-0.209434,-0.209434
12164,-0.179515,-0.239354,-0.209434
12165,-0.179515,-0.209434,-0.209434
12166,-0.179515,-0.239354,-0.239354
12167,-0.179515,-0.239354,-0.239354
12168,-0.179515,-0.239354,-0.239354
12169,-0.179515,-0.239354,-0.239354
12170,-0.179515,-0.239354,-0.239354
12171,-0.149596,-0.179515,-0.179515
12172,-0.149596,-0.179515,-0.179515
12173,-0.149596,-0.209434,-0.209434
12174,-0.179515,-0.209434,-0.209434
12175,-0.179515,-0.239354,-0.239354
12176,-0.209434,-0.269273,-0.269273
12177,-0.209434,-0.269273,-0.269273
12178,-0.209434,-0.269273,-0.269273
12179,-0.209434,-0.269273,-0.269273
12180,-0.209434,-0.269273,-0.239354
12181,-0.209434,-0.269273,-0.269273
12182,-0.209434,-0.269273,-0.269273
12183,-0.209434,-0.239354,-0.239354
12184,-0.209434,-0.239354,-0.239354
12185,-0.209434,-0.239354,-0.239354
12186,-0.209434,-0.269273,-0.239354
12187,-0.239354,-0.299192,-0.299192
12188,-0.269273,-0.299192,-0.299192
12189,-0.239354,-0.299192,-0.269273
12190,-0.239354,-0.269273,-0.269273
12191,-0.209434,-0.239354,-0.239354
12192,-0.179515,-0.239354,-0.239354
12193,-0.179515,-0.239354,-0.239354
12194,-0.179515,-0.209434,-0.209434
12195,-0.179515,-0.239354,-0.209434
12196,-0.179515,-0.239354,-0.239354
12197,-0.179515,-0.209434,-0.209434
12198,-0.179515,-0.239354,-0.239354
12199,-0.179515,-0.239354,-0.239354
12200,-0.179515,-0.239354,-0.239354
12201,-0.179515,-0.239354,-0.239354
12202,-0.179515,-0.239354,-0.239354
12203,-0.149596,-0.209434,-0.179515
12204,-0.149596,-0.179515,-0.179515
12205,-0.149596,-0.209434,-0.209434
12206,-0.179515,-0.209434,-0.209434
12207,-0.179515,-0.239354,-0.239354
12208,-0.209434,-0.269273,-0.269273
12209,-0.209434,-0.269273,-0.239354
12210,-0.209434,-0.269273,-0.239354
12211,-0.209434,-0.269273,-0.239354
12212,-0.209434,-0.269273,-0.269273
12213,-0.209434,-0.269273,-0.269273
12214,-0.209434,-0.269273,-0.269273
12215,-0.209434,-0.269273,-0.239354
12216,-0.209434,-0.269273,-0.239354
12217,-0.209434,-0.269273,-0.239354
12218,-0.209434,-0.269273,-0.239354
12219,-0.239354,-0.299192,-0.299192
12220,-0.239354,-0.299192,-0.299192
12221,-0.239354,-0.299192,-0.269273
12222,-0.239354,-0.269273,-0.269273
12223,-0.209434,-0.239354,-0.239354
12224,-0.179515,-0.239354,-0.239354
12225,-0.179515,-0.239354,-0.239354
12226,-0.179515,-0.239354,-0.209434
12227,-0.179515,-0.239354,-0.209434
12228,-0.179515,-0.209434,-0.239354
12229,-0.179515,-0.239354,-0.239354
12230,-0.179515,-0.239354,-0.209434
12231,-0.179515,-0.239354,-0.239354
12232,-0.179515,-0.239354,-0.239354
12233,-0.179515,-0.239354,-0.239354
12234,-0.179515,-0.239354,-0.239354
12235,-0.149596,-0.179515,-0.179515
12236,-0.119677,-0.179515,-0.179515
12237,-0.149596,-0.209434,-0.179515
12238,-0.179515,-0.209434,-0.209434
12239,-0.179515,-0.239354,-0.239354
12240,-0.209434,-0.269273,-0.239354
12241,-0.209434,-0.269273,-0.269273
12242,-0.209434,-0.269273,-0.269273
12243,-0.209434,-0.269273,-0.269273
12244,-0.209434,-0.269273,-0.269273
12245,-0.209434,-0.269273,-0.269273
12246,-0.209434,-0.269273,-0.239354
12247,-0.209434,-0.269273,-0.239354
12248,-0.209434,-0.269273,-0.239354
12249,-0.209434,-0.239354,-0.239354
12250,-0.209434,-0.269273,-0.269273
12251,-0.239354,-0.299192,-0.299192
12252,-0.269273,-0.299192,-0.299192
12253,-0.239354,-0.299192,-0.299192
12254,-0.239354,-0.269273,-0.269273
12255,-0.209434,-0.269273,-0.239354
12256,-0.179515,-0.239354,-0.239354
12257,-0.179515,-0.239354,-0.209434
12258,-0.179515,-0.239354,-0.209434
12259,-0.179515,-0.239354,-0.209434
12260,-0.179515,-0.209434,-0.209434
12261,-0.179515,-0.209434,-0.209434
12262,-0.179515,-0.239354,-0.239354
12263,-0.179515,-0.239354,-0.209434
12264,-0.179515,-0.239354,-0.239354
12265,-0.179515,-0.239354,-0.239354
12266,-0.179515,-0.239354,-0.209434
12267,-0.119677,-0.179515,-0.179515
12268,-0.119677,-0.179515,-0.179515
12269,-0.149596,-0.179515,-0.179515
12270,-0.149596,-0.209434,-0.209434
12271,-0.179515,-0.239354,-0.239354
12272,-0.209434,-0.269273,-0.269273
12273,-0.209434,-0.269273,-0.269273
12274,-0.209434,-0.269273,-0.269273
12275,-0.209434,-0.269273,-0.269273
12276,-0.209434,-0.269273,-0.269273
12277,-0.209434,-0.269273,-0.269273
12278,-0.209434,-0.269273,-0.269273
12279,-0.209434,-0.239354,-0.239354
12280,-0.209434,-0.239354,-0.239354
12281,-0.209434,-0.239354,-0.239354
12282,-0.209434,-0.269273,-0.269273
12283,-0.269273,-0.299192,-0.299192
12284,-0.269273,-0.299192,-0.299192
12285,-0.239354,-0.299192,-0.299192
12286,-0.239354,-0.269273,-0.269273
12287,-0.209434,-0.239354,-0.269273
12288,-0.179515,-0.239354,-0.239354
12289,-0.179515,-0.239354,-0.239354
12290,-0.179515,-0.209434,-0.209434
12291,-0.179515,-0.209434,-0.209434
12292,-0.179515,-0.209434,-0.209434
12293,-0.179515,-0.209434,-0.209434
12294,-0.179515,-0.239354,-0.239354
12295,-0.179515,-0.239354,-0.239354
12296,-0.179515,-0.239354,-0.239354
12297,-0.179515,-0.239354,-0.239354
12298,-0.179515,-0.209434,-0.209434
12299,-0.149596,-0.179515,-0.179515
12300,-0.119677,-0.179515,-0.179515
12301,-0.149596,-0.179515,-0.179515
12302,-0.149596,-0.209434,-0.209434
12303,-0.179515,-0.239354,-0.239354
12304,-0.209434,-0.239354,-0.239354
12305,-0.209434,-0.269273,-0.269273
12306,-0.209434,-0.269273,-0.269273
12307,-0.209434,-0.269273,-0.269273
12308,-0.209434,-0.269273,-0.269273
12309,-0.209434,-0.269273,-0.269273
12310,-0.209434,-0.269273,-0.269273
12311,-0.209434,-0.239354,-0.239354
12312,-0.209434,-0.239354,-0.239354
12313,-0.209434,-0.239354,-0.239354
12314,-0.209434,-0.269273,-0.269273
12315,-0.239354,-0.299192,-0.299192
12316,-0.269273,-0.299192,-0.299192
12317,-0.239354,-0.299192,-0.299192
12318,-0.239354,-0.269273,-0.269273
12319,-0.209434,-0.239354,-0.239354
12320,-0.179515,-0.239354,-0.239354
12321,-0.179515,-0.239354,-0.209434
12322,-0.179515,-0.239354,-0.209434
12323,-0.179515,-0.209434,-0.209434
12324,-0.179515,-0.209434,-0.209434
12325,-0.179515,-0.209434,-0.209434
12326,-0.179515,-0.239354,-0.209434
12327,-0.179515,-0.239354,-0.239354
12328,-0.179515,-0.239354,-0.239354
12329,-0.179515,-0.239354,-0.239354
12330,-0.179515,-0.209434,-0.209434
12331,-0.119677,-0.179515,-0.179515
12332,-0.119677,-0.179515,-0.179515
12333,-0.149596,-0.209434,-0.179515
12334,-0.149596,-0.209434,-0.209434
12335,-0.179515,-0.239354,-0.239354
12336,-0.209434,-0.269273,-0.239354
12337,-0.209434,-0.269273,-0.269273
12338,-0.209434,-0.269273,-0.269273
12339,-0.209434,-0.269273,-0.269273
12340,-0.209434,-0.269273,-0.269273
12341,-0.209434,-0.269273,-0.269273
12342,-0.209434,-0.239354,-0.239354
12343,-0.209434,-0.269273,-0.239354
12344,-0.209434,-0.269273,-0.239354
12345,-0.209434,-0.239354,-0.239354
12346,-0.209434,-0.269273,-0.269273
12347,-0.269273,-0.299192,-0.299192
12348,-0.239354,-0.299192,-0.299192
12349,-0.239354,-0.299192,-0.269273
12350,-0.239354,-0.269273,-0.269273
12351,-0.209434,-0.239354,-0.239354
12352,-0.179515,-0.239354,-0.209434
12353,-0.179515,-0.239354,-0.209434
12354,-0.179515,-0.209434,-0.209434
12355,-0.179515,-0.209434,-0.209434
12356,-0.179515,-0.209434,-0.209434
12357,-0.179515,-0.209434,-0.209434
12358,-0.179515,-0.239354,-0.209434
12359,-0.179515,-0.239354,-0.209434
12360,-0.179515,-0.239354,-0.239354
12361,-0.179515,-0.239354,-0.239354
12362,-0.179515,-0.209434,-0.209434
12363,-0.119677,-0.179515,-0.179515
12364,-0.119677,-0.179515,-0.179515
12365,-0.149596,-0.209434,-0.179515
12366,-0.149596,-0.209434,-0.209434
12367,-0.179515,-0.239354,-0.239354
12368,-0.209434,-0.269273,-0.239354
12369,-0.209434,-0.269273,-0.269273
12370,-0.209434,-0.269273,-0.269273
12371,-0.209434,-0.269273,-0.239354
12372,-0.209434,-0.269273,-0.269273
12373,-0.209434,-0.269273,-0.269273
12374,-0.209434,-0.269273,-0.239354
12375,-0.209434,-0.269273,-0.239354
12376,-0.209434,-0.239354,-0.239354
12377,-0.209434,-0.239354,-0.239354
12378,-0.209434,-0.269273,-0.269273
12379,-0.239354,-0.299192,-0.299192
12380,-0.239354,-0.299192,-0.299192
12381,-0.239354,-0.299192,-0.269273
12382,-0.239354,-0.269273,-0.269273
12383,-0.209434,-0.239354,-0.239354
12384,-0.179515,-0.239354,-0.239354
12385,-0.179515,-0.209434,-0.209434
12386,-0.179515,-0.209434,-0.209434
12387,-0.179515,-0.209434,-0.209434
12388,-0.179515,-0.239354,-0.209434
12389,-0.179515,-0.209434,-0.209434
12390,-0.179515,-0.209434,-0.209434
12391,-0.179515,-0.239354,-0.209434
12392,-0.179515,-0.239354,-0.239354
12393,-0.179515,-0.239354,-0.209434
12394,-0.179515,-0.209434,-0.209434
12395,-0.119677,-0.179515,-0.179515
12396,-0.119677,-0.179515,-0.179515
12397,-0.149596,-0.179515,-0.179515
12398,-0.149596,-0.209434,-0.209434
12399,-0.179515,-0.239354,-0.239354
12400,-0.209434,-0.239354,-0.239354
12401,-0.209434,-0.269273,-0.269273
12402,-0.209434,-0.269273,-0.269273
12403,-0.209434,-0.269273,-0.239354
12404,-0.209434,-0.269273,-0.269273
12405,-0.209434,-0.269273,-0.269273
12406,-0.209434,-0.269273,-0.239354
12407,-0.209434,-0.239354,-0.239354
12408,-0.209434,-0.239354,-0.239354
12409,-0.209434,-0.239354,-0.239354
12410,-0.209434,-0.269273,-0.239354
12411,-0.239354,-0.299192,-0.299192
12412,-0.269273,-0.299192,-0.299192
12413,-0.239354,-0.299192,-0.269273
12414,-0.209434,-0.269273,-0.269273
12415,-0.209434,-0.239354,-0.239354
12416,-0.179515,-0.239354,-0.209434
12417,-0.179515,-0.209434,-0.209434
12418,-0.179515,-0.209434,-0.209434
12419,-0.179515,-0.209434,-0.209434
12420,-0.149596,-0.209434,-0.209434
12421,-0.179515,-0.209434,-0.209434
12422,-0.179515,-0.239354,-0.209434
12423,-0.179515,-0.209434,-0.209434
12424,-0.179515,-0.209434,-0.239354
12425,-0.179515,-0.239354,-0.239354
12426,-0.179515,-0.209434,-0.209434
12427,-0.119677,-0.179515,-0.179515
12428,-0.119677,-0.179515,-0.179515
12429,-0.149596,-0.179515,-0.179515
12430,-0.149596,-0.209434,-0.209434
12431,-0.179515,-0.239354,-0.239354
12432,-0.209434,-0.239354,-0.239354
12433,-0.209434,-0.239354,-0.239354
12434,-0.209434,-0.269273,-0.239354
12435,-0.209434,-0.269273,-0.239354
12436,-0.209434,-0.269273,-0.239354
12437,-0.209434,-0.269273,-0.239354
12438,-0.209434,-0.239354,-0.239354
12439,-0.209434,-0.239354,-0.239354
12440,-0.209434,-0.239354,-0.239354
12441,-0.209434,-0.239354,-0.239354
12442,-0.209434,-0.269273,-0.239354
12443,-0.239354,-0.299192,-0.299192
12444,-0.239354,-0.299192,-0.299192
12445,-0.239354,-0.269273,-0.269273
12446,-0.209434,-0.269273,-0.269273
12447,-0.179515,-0.239354,-0.239354
12448,-0.179515,-0.209434,-0.209434
12449,-0.179515,-0.209434,-0.209434
12450,-0.179515,-0.209434,-0.209434
12451,-0.179515,-0.209434,-0.209434
12452,-0.179515,-0.209434,-0.209434
12453,-0.179515,-0.209434,-0.209434
12454,-0.179515,-0.239354,-0.209434
12455,-0.149596,-0.209434,-0.209434
12456,-0.149596,-0.209434,-0.179515
12457,-0.149596,-0.179515,-0.179515
12458,-0.119677,-0.179515,-0.179515
12459,-0.059838,-0.119677,-0.119677
12460,-0.089758,-0.119677,-0.119677
12461,-0.089758,-0.149596,-0.149596
12462,-0.119677,-0.149596,-0.149596
12463,-0.149596,-0.179515,-0.179515
12464,-0.149596,-0.209434,-0.209434
12465,-0.149596,-0.209434,-0.209434
12466,-0.149596,-0.209434,-0.209434
12467,-0.149596,-0.209434,-0.209434
12468,-0.179515,-0.209434,-0.209434
12469,-0.179515,-0.209434,-0.209434
12470,-0.149596,-0.209434,-0.209434
12471,-0.149596,-0.179515,-0.179515
12472,-0.149596,-0.209434,-0.179515
12473,-0.149596,-0.179515,-0.179515
12474,-0.149596,-0.209434,-0.209434
12475,-0.209434,-0.239354,-0.239354
12476,-0.179515,-0.239354,-0.239354
12477,-0.179515,-0.239354,-0.209434
12478,-0.179515,-0.209434,-0.209434
12479,-0.149596,-0.179515,-0.179515
12480,-0.119677,-0.149596,-0.149596
12481,-0.089758,-0.149596,-0.149596
12482,-0.089758,-0.149596,-0.149596
12483,-0.089758,-0.149596,-0.149596
12484,-0.089758,-0.149596,-0.149596
12485,-0.089758,-0.149596,-0.149596
12486,-0.089758,-0.149596,-0.149596
12487,-0.119677,-0.149596,-0.149596
12488,-0.119677,-0.149596,-0.149596
12489,-0.089758,-0.149596,-0.149596
12490,-0.089758,-0.149596,-0.149596
12491,-0.059838,-0.089758,-0.089758
12492,-0.059838,-0.089758,-0.089758
12493,-0.059838,-0.119677,-0.119677
12494,-0.089758,-0.119677,-0.119677
12495,-0.089758,-0.149596,-0.149596
12496,-0.119677,-0.149596,-0.149596
12497,-0.119677,-0.149596,-0.149596
12498,-0.119677,-0.149596,-0.149596
12499,-0.119677,-0.149596,-0.149596
12500,-0.119677,-0.149596,-0.149596
12501,-0.119677,-0.179515,-0.149596
12502,-0.119677,-0.149596,-0.149596
12503,-0.119677,-0.149596,-0.149596
12504,-0.089758,-0.149596,-0.149596
12505,-0.119677,-0.149596,-0.149596
12506,-0.119677,-0.179515,-0.179515
12507,-0.149596,-0.209434,-0.209434
12508,-0.149596,-0.209434,-0.209434
12509,-0.149596,-0.209434,-0.179515
12510,-0.119677,-0.179515,-0.179515
12511,-0.089758,-0.119677,-0.119677
12512,-0.059838,-0.119677,-0.119677
12513,-0.059838,-0.089758,-0.089758
12514,-0.059838,-0.089758,-0.089758
12515,-0.059838,-0.089758,-0.089758
12516,-0.029919,-0.089758,-0.089758
12517,-0.059838,-0.089758,-0.089758
12518,-0.029919,-0.089758,-0.059838
12519,0.000000,-0.059838,-0.029919
12520,0.000000,-0.059838,-0.059838
12521,-0.029919,-0.059838,-0.059838
12522,-0.029919,-0.059838,-0.059838
12523,0.000000,-0.029919,-0.029919
12524,0.000000,-0.029919,-0.029919
12525,0.000000,-0.029919,-0.029919
12526,-0.029919,-0.059838,-0.059838
12527,-0.059838,-0.089758,-0.089758
12528,-0.059838,-0.119677,-0.119677
12529,-0.089758,-0.119677,-0.119677
12530,-0.089758,-0.119677,-0.119677
12531,-0.089758,-0.119677,-0.119677
12532,-0.089758,-0.119677,-0.119677
12533,-0.089758,-0.119677,-0.119677
12534,-0.089758,-0.119677,-0.119677
12535,-0.059838,-0.119677,-0.119677
12536,-0.059838,-0.119677,-0.119677
12537,-0.059838,-0.119677,-0.119677
12538,-0.089758,-0.149596,-0.119677
12539,-0.119677,-0.179515,-0.179515
12540,-0.119677,-0.179515,-0.179515
12541,-0.119677,-0.149596,-0.149596
12542,-0.089758,-0.149596,-0.149596
12543,-0.059838,-0.119677,-0.119677
12544,-0.059838,-0.089758,-0.089758
12545,-0.029919,-0.089758,-0.089758
12546,-0.029919,-0.089758,-0.089758
12547,-0.029919,-0.089758,-0.089758
12548,-0.029919,-0.089758,-0.089758
12549,-0.029919,-0.089758,-0.089758
12550,-0.029919,-0.089758,-0.089758
12551,-0.059838,-0.089758,-0.089758
12552,-0.059838,-0.089758,-0.089758
12553,-0.059838,-0.089758,-0.089758
12554,-0.029919,-0.089758,-0.089758
12555,0.000000,-0.029919,-0.029919
12556,0.000000,-0.059838,-0.029919
12557,0.000000,-0.059838,-0.059838
12558,-0.029919,-0.089758,-0.089758
12559,-0.059838,-0.119677,-0.119677
12560,-0.089758,-0.119677,-0.119677
12561,-0.089758,-0.119677,-0.119677
12562,-0.089758,-0.119677,-0.119677
12563,-0.089758,-0.119677,-0.119677
12564,-0.089758,-0.149596,-0.119677
12565,-0.089758,-0.149596,-0.149596
12566,-0.089758,-0.119677,-0.119677
12567,-0.089758,-0.119677,-0.119677
12568,-0.089758,-0.119677,-0.119677
12569,-0.089758,-0.119677,-0.119677
12570,-0.089758,-0.149596,-0.149596
12571,-0.149596,-0.179515,-0.179515
12572,-0.149596,-0.179515,-0.179515
12573,-0.119677,-0.179515,-0.179515
12574,-0.119677,-0.179515,-0.149596
12575,-0.089758,-0.119677,-0.119677
12576,-0.059838,-0.119677,-0.119677
12577,-0.059838,-0.119677,-0.089758
12578,-0.059838,-0.119677,-0.089758
12579,-0.059838,-0.119677,-0.119677
12580,-0.059838,-0.119677,-0.119677
12581,-0.059838,-0.119677,-0.119677
12582,-0.059838,-0.119677,-0.119677
12583,-0.059838,-0.119677,-0.119677
12584,-0.089758,-0.119677,-0.119677
12585,-0.089758,-0.119677,-0.119677
12586,-0.059838,-0.119677,-0.089758
12587,-0.029919,-0.059838,-0.059838
12588,-0.029919,-0.089758,-0.059838
12589,-0.059838,-0.089758,-0.089758
12590,-0.059838,-0.119677,-0.119677
12591,-0.089758,-0.149596,-0.149596
12592,-0.119677,-0.149596,-0.149596
12593,-0.119677,-0.149596,-0.179515
12594,-0.119677,-0.179515,-0.179515
12595,-0.119677,-0.179515,-0.149596
12596,-0.119677,-0.179515,-0.179515
12597,-0.119677,-0.179515,-0.179515
12598,-0.119677,-0.179515,-0.179515
12599,-0.119677,-0.179515,-0.179515
12600,-0.119677,-0.179515,-0.149596
12601,-0.119677,-0.179515,-0.179515
12602,-0.149596,-0.179515,-0.179515
12603,-0.179515,-0.239354,-0.239354
12604,-0.179515,-0.239354,-0.239354
12605,-0.179515,-0.209434,-0.209434
12606,-0.149596,-0.209434,-0.209434
12607,-0.119677,-0.179515,-0.179515
12608,-0.089758,-0.149596,-0.149596
12609,-0.089758,-0.149596,-0.149596
12610,-0.089758,-0.149596,-0.149596
12611,-0.119677,-0.149596,-0.149596
12612,-0.119677,-0.149596,-0.149596
12613,-0.089758,-0.149596,-0.149596
12614,-0.089758,-0.149596,-0.149596
12615,-0.119677,-0.149596,-0.149596
12616,-0.119677,-0.179515,-0.149596
12617,-0.119677,-0.179515,-0.149596
12618,-0.089758,-0.149596,-0.149596
12619,-0.059838,-0.119677,-0.119677
12620,-0.059838,-0.119677,-0.119677
12621,-0.089758,-0.119677,-0.119677
12622,-0.089758,-0.149596,-0.149596
12623,-0.119677,-0.179515,-0.179515
12624,-0.149596,-0.209434,-0.179515
12625,-0.149596,-0.209434,-0.209434
12626,-0.149596,-0.209434,-0.209434
12627,-0.149596,-0.209434,-0.209434
12628,-0.149596,-0.209434,-0.209434
12629,-0.149596,-0.209434,-0.209434
12630,-0.149596,-0.209434,-0.209434
12631,-0.149596,-0.209434,-0.209434
12632,-0.149596,-0.209434,-0.209434
12633,-0.149596,-0.209434,-0.209434
12634,-0.179515,-0.239354,-0.239354
12635,-0.209434,-0.269273,-0.269273
12636,-0.209434,-0.269273,-0.269273
12637,-0.209434,-0.239354,-0.239354
12638,-0.179515,-0.239354,-0.239354
12639,-0.149596,-0.209434,-0.209434
12640,-0.149596,-0.179515,-0.179515
12641,-0.149596,-0.179515,-0.179515
12642,-0.149596,-0.179515,-0.179515
12643,-0.149596,-0.179515,-0.179515
12644,-0.149596,-0.179515,-0.179515
12645,-0.149596,-0.179515,-0.179515
12646,-0.149596,-0.179515,-0.179515
12647,-0.149596,-0.209434,-0.179515
12648,-0.149596,-0.209434,-0.209434
12649,-0.149596,-0.209434,-0.209434
12650,-0.119677,-0.179515,-0.179515
12651,-0.089758,-0.149596,-0.149596
12652,-0.089758,-0.149596,-0.149596
12653,-0.119677,-0.149596,-0.149596
12654,-0.149596,-0.179515,-0.179515
12655,-0.179515,-0.209434,-0.209434
12656,-0.179515,-0.239354,-0.239354
12657,-0.179515,-0.239354,-0.239354
12658,-0.179515,-0.239354,-0.239354
12659,-0.179515,-0.239354,-0.239354
12660,-0.179515,-0.239354,-0.239354
12661,-0.179515,-0.239354,-0.239354
12662,-0.179515,-0.239354,-0.239354
12663,-0.179515,-0.239354,-0.239354
12664,-0.179515,-0.239354,-0.239354
12665,-0.179515,-0.239354,-0.239354
12666,-0.209434,-0.239354,-0.239354
12667,-0.239354,-0.269273,-0.299192
12668,-0.239354,-0.269273,-0.269273
12669,-0.239354,-0.269273,-0.269273
12670,-0.209434,-0.239354,-0.269273
12671,-0.179515,-0.239354,-0.239354
12672,-0.179515,-0.209434,-0.209434
12673,-0.149596,-0.209434,-0.209434
12674,-0.149596,-0.209434,-0.209434
12675,-0.149596,-0.209434,-0.209434
12676,-0.149596,-0.209434,-0.209434
12677,-0.149596,-0.209434,-0.209434
12678,-0.179515,-0.209434,-0.209434
12679,-0.149596,-0.209434,-0.209434
12680,-0.179515,-0.209434,-0.209434
12681,-0.179515,-0.209434,-0.209434
12682,-0.149596,-0.209434,-0.179515
12683,-0.119677,-0.149596,-0.149596
12684,-0.119677,-0.179515,-0.149596
12685,-0.149596,-0.179515,-0.179515
12686,-0.149596,-0.209434,-0.179515
12687,-0.179515,-0.239354,-0.239354
12688,-0.209434,-0.239354,-0.239354
12689,-0.209434,-0.239354,-0.239354
12690,-0.209434,-0.239354,-0.239354
12691,-0.209434,-0.239354,-0.239354
12692,-0.209434,-0.269273,-0.239354
12693,-0.209434,-0.239354,-0.239354
12694,-0.209434,-0.239354,-0.239354
12695,-0.179515,-0.239354,-0.239354
12696,-0.209434,-0.239354,-0.239354
12697,-0.209434,-0.239354,-0.239354
12698,-0.209434,-0.269273,-0.269273
12699,-0.239354,-0.299192,-0.299192
12700,-0.239354,-0.299192,-0.299192
12701,-0.239354,-0.299192,-0.269273
12702,-0.209434,-0.269273,-0.269273
12703,-0.179515,-0.239354,-0.239354
12704,-0.179515,-0.209434,-0.209434
12705,-0.149596,-0.209434,-0.209434
12706,-0.149596,-0.209434,-0.209434
12707,-0.179515,-0.209434,-0.209434
12708,-0.149596,-0.209434,-0.209434
12709,-0.179515,-0.209434,-0.209434
12710,-0.179515,-0.209434,-0.209434
12711,-0.179515,-0.209434,-0.209434
12712,-0.179515,-0.209434,-0.209434
12713,-0.179515,-0.239354,-0.209434
12714,-0.149596,-0.209434,-0.209434
12715,-0.119677,-0.179515,-0.149596
12716,-0.119677,-0.149596,-0.179515
12717,-0.149596,-0.179515,-0.179515
12718,-0.149596,-0.209434,-0.209434
12719,-0.179515,-0.239354,-0.239354
12720,-0.209434,-0.239354,-0.239354
12721,-0.209434,-0.239354,-0.239354
12722,-0.209434,-0.239354,-0.239354
12723,-0.209434,-0.269273,-0.239354
12724,-0.209434,-0.269273,-0.269273
12725,-0.209434,-0.239354,-0.239354
12726,-0.209434,-0.239354,-0.239354
12727,-0.209434,-0.239354,-0.239354
12728,-0.209434,-0.239354,-0.239354
12729,-0.209434,-0.239354,-0.239354
12730,-0.209434,-0.269273,-0.269273
12731,-0.239354,-0.299192,-0.299192
12732,-0.239354,-0.299192,-0.299192
12733,-0.239354,-0.299192,-0.299192
12734,-0.239354,-0.269273,-0.269273
12735,-0.179515,-0.239354,-0.239354
12736,-0.179515,-0.239354,-0.209434
12737,-0.179515,-0.209434,-0.209434
12738,-0.179515,-0.209434,-0.209434
12739,-0.149596,-0.209434,-0.209434
12740,-0.179515,-0.209434,-0.209434
12741,-0.179515,-0.209434,-0.209434
12742,-0.179515,-0.209434,-0.209434
12743,-0.179515,-0.239354,-0.209434
12744,-0.179515,-0.209434,-0.209434
12745,-0.179515,-0.209434,-0.239354
12746,-0.149596,-0.209434,-0.209434
12747,-0.119677,-0.179515,-0.149596
12748,-0.119677,-0.179515,-0.179515
12749,-0.149596,-0.179515,-0.179515
12750,-0.149596,-0.209434,-0.209434
12751,-0.179515,-0.239354,-0.239354
12752,-0.209434,-0.269273,-0.239354
12753,-0.209434,-0.239354,-0.269273
12754,-0.209434,-0.269273,-0.269273
12755,-0.209434,-0.269273,-0.269273
12756,-0.209434,-0.269273,-0.269273
12757,-0.209434,-0.269273,-0.269273
12758,-0.209434,-0.239354,-0.239354
12759,-0.209434,-0.239354,-0.239354
12760,-0.209434,-0.239354,-0.239354
12761,-0.209434,-0.239354,-0.239354
12762,-0.239354,-0.269273,-0.269273
12763,-0.269273,-0.299192,-0.299192
12764,-0.269273,-0.299192,-0.299192
12765,-0.239354,-0.299192,-0.299192
12766,-0.209434,-0.269273,-0.269273
12767,-0.179515,-0.239354,-0.239354
12768,-0.179515,-0.239354,-0.209434
12769,-0.179515,-0.209434,-0.209434
12770,-0.179515,-0.209434,-0.209434
12771,-0.179515,-0.209434,-0.209434
12772,-0.179515,-0.209434,-0.209434
12773,-0.179515,-0.209434,-0.209434
12774,-0.179515,-0.209434,-0.209434
12775,-0.179515,-0.239354,-0.209434
12776,-0.179515,-0.239354,-0.209434
12777,-0.179515,-0.239354,-0.209434
12778,-0.149596,-0.209434,-0.209434
12779,-0.119677,-0.179515,-0.179515
12780,-0.119677,-0.179515,-0.179515
12781,-0.149596,-0.179515,-0.179515
12782,-0.149596,-0.209434,-0.209434
12783,-0.179515,-0.239354,-0.239354
12784,-0.209434,-0.239354,-0.269273
12785,-0.209434,-0.269273,-0.269273
12786,-0.209434,-0.269273,-0.269273
12787,-0.209434,-0.269273,-0.239354
12788,-0.209434,-0.269273,-0.269273
12789,-0.209434,-0.269273,-0.269273
12790,-0.209434,-0.239354,-0.239354
12791,-0.209434,-0.239354,-0.239354
12792,-0.209434,-0.269273,-0.239354
12793,-0.209434,-0.239354,-0.239354
12794,-0.239354,-0.269273,-0.269273
12795,-0.269273,-0.299192,-0.299192
12796,-0.269273,-0.299192,-0.299192
12797,-0.239354,-0.299192,-0.299192
12798,-0.239354,-0.269273,-0.269273
12799,-0.179515,-0.239354,-0.239354
12800,-0.179515,-0.239354,-0.239354
12801,-0.179515,-0.239354,-0.209434
12802,-0.179515,-0.209434,-0.209434
12803,-0.179515,-0.209434,-0.209434
12804,-0.179515,-0.209434,-0.209434
12805,-0.179515,-0.209434,-0.209434
12806,-0.179515,-0.239354,-0.239354
12807,-0.179515,-0.239354,-0.239354
12808,-0.179515,-0.239354,-0.239354
12809,-0.179515,-0.239354,-0.239354
12810,-0.149596,-0.209434,-0.209434
12811,-0.119677,-0.179515,-0.179515
12812,-0.119677,-0.179515,-0.179515
12813,-0.149596,-0.179515,-0.179515
12814,-0.179515,-0.209434,-0.209434
12815,-0.209434,-0.239354,-0.239354
12816,-0.209434,-0.269273,-0.239354
12817,-0.209434,-0.269273,-0.269273
12818,-0.209434,-0.269273,-0.269273
12819,-0.209434,-0.269273,-0.269273
12820,-0.209434,-0.269273,-0.269273
12821,-0.209434,-0.269273,-0.269273
12822,-0.209434,-0.269273,-0.239354
12823,-0.209434,-0.269273,-0.239354
12824,-0.209434,-0.269273,-0.239354
12825,-0.209434,-0.239354,-0.239354
12826,-0.239354,-0.269273,-0.269273
12827,-0.269273,-0.329111,-0.299192
12828,-0.269273,-0.299192,-0.299192
12829,-0.239354,-0.299192,-0.299192
12830,-0.209434,-0.269273,-0.269273
12831,-0.209434,-0.239354,-0.239354
12832,-0.179515,-0.239354,-0.239354
12833,-0.179515,-0.209434,-0.209434
12834,-0.179515,-0.209434,-0.209434
12835,-0.179515,-0.209434,-0.209434
12836,-0.179515,-0.209434,-0.209434
12837,-0.179515,-0.209434,-0.209434
12838,-0.179515,-0.209434,-0.209434
12839,-0.179515,-0.239354,-0.209434
12840,-0.179515,-0.239354,-0.239354
12841,-0.179515,-0.239354,-0.239354
12842,-0.149596,-0.209434,-0.209434
12843,-0.119677,-0.179515,-0.149596
12844,-0.119677,-0.179515,-0.179515
12845,-0.149596,-0.209434,-0.179515
12846,-0.179515,-0.209434,-0.209434
12847,-0.209434,-0.239354,-0.239354
12848,-0.209434,-0.269273,-0.269273
12849,-0.209434,-0.269273,-0.269273
12850,-0.209434,-0.269273,-0.269273
12851,-0.209434,-0.269273,-0.269273
12852,-0.209434,-0.269273,-0.269273
12853,-0.209434,-0.269273,-0.269273
12854,-0.209434,-0.269273,-0.269273
12855,-0.209434,-0.269273,-0.269273
12856,-0.209434,-0.269273,-0.269273
12857,-0.209434,-0.269273,-0.269273
12858,-0.239354,-0.299192,-0.299192
12859,-0.269273,-0.329111,-0.329111
12860,-0.269273,-0.299192,-0.299192
12861,-0.239354,-0.299192,-0.299192
12862,-0.239354,-0.269273,-0.269273
12863,-0.209434,-0.239354,-0.239354
12864,-0.179515,-0.239354,-0.239354
12865,-0.179515,-0.239354,-0.239354
12866,-0.179515,-0.239354,-0.239354
12867,-0.179515,-0.239354,-0.239354
12868,-0.179515,-0.239354,-0.239354
12869,-0.179515,-0.239354,-0.239354
12870,-0.179515,-0.239354,-0.239354
12871,-0.179515,-0.239354,-0.239354
12872,-0.179515,-0.239354,-0.239354
12873,-0.209434,-0.239354,-0.239354
12874,-0.149596,-0.209434,-0.209434
12875,-0.119677,-0.179515,-0.179515
12876,-0.149596,-0.209434,-0.179515
12877,-0.149596,-0.209434,-0.209434
12878,-0.179515,-0.209434,-0.209434
12879,-0.209434,-0.239354,-0.239354
12880,-0.209434,-0.269273,-0.269273
12881,-0.209434,-0.269273,-0.269273
12882,-0.209434,-0.269273,-0.269273
12883,-0.209434,-0.269273,-0.269273
12884,-0.239354,-0.269273,-0.269273
12885,-0.209434,-0.269273,-0.269273
12886,-0.209434,-0.269273,-0.269273
12887,-0.209434,-0.269273,-0.269273
12888,-0.209434,-0.269273,-0.269273
12889,-0.209434,-0.269273,-0.239354
12890,-0.239354,-0.299192,-0.299192
12891,-0.269273,-0.329111,-0.329111
12892,-0.269273,-0.299192,-0.299192
12893,-0.239354,-0.299192,-0.299192
12894,-0.299192,-0.329111,-0.329111
12895,-0.508626,-0.538546,-0.538546
12896,-0.448788,-0.508626,-0.508626
12897,-0.388950,-0.448788,-0.448788
12898,-0.418869,-0.448788,-0.448788
12899,-0.418869,-0.448788,-0.448788
12900,-0.418869,-0.448788,-0.448788
12901,-0.418869,-0.448788,-0.448788
12902,-0.418869,-0.448788,-0.448788
12903,-0.418869,-0.448788,-0.448788
12904,-0.418869,-0.448788,-0.448788
12905,-0.388950,-0.448788,-0.448788
12906,-0.359030,-0.418869,-0.418869
12907,-0.359030,-0.418869,-0.388950
12908,-0.359030,-0.418869,-0.418869
12909,-0.388950,-0.418869,-0.418869
12910,-0.388950,-0.448788,-0.448788
12911,-0.418869,-0.478707,-0.478707
12912,-0.418869,-0.478707,-0.478707
12913,-0.448788,-0.478707,-0.478707
12914,-0.448788,-0.478707,-0.478707
12915,-0.418869,-0.478707,-0.478707
12916,-0.448788,-0.478707,-0.478707
12917,-0.418869,-0.478707,-0.478707
12918,-0.418869,-0.478707,-0.478707
12919,-0.418869,-0.478707,-0.478707
12920,-0.418869,-0.478707,-0.478707
12921,-0.418869,-0.478707,-0.478707
12922,-0.448788,-0.508626,-0.478707
12923,-0.478707,-0.538546,-0.508626
12924,-0.478707,-0.508626,-0.508626
12925,-0.448788,-0.508626,-0.508626
12926,-0.448788,-0.478707,-0.478707
12927,-0.418869,-0.448788,-0.448788
12928,-0.388950,-0.448788,-0.448788
12929,-0.388950,-0.448788,-0.418869
12930,-0.388950,-0.448788,-0.418869
12931,-0.388950,-0.418869,-0.418869
12932,-0.388950,-0.448788,-0.418869
12933,-0.388950,-0.418869,-0.418869
12934,-0.388950,-0.418869,-0.418869
12935,-0.388950,-0.418869,-0.418869
12936,-0.388950,-0.448788,-0.448788
12937,-0.388950,-0.448788,-0.448788
12938,-0.359030,-0.418869,-0.418869
12939,-0.329111,-0.388950,-0.388950
12940,-0.329111,-0.388950,-0.388950
12941,-0.359030,-0.388950,-0.388950
12942,-0.388950,-0.418869,-0.418869
12943,-0.388950,-0.448788,-0.448788
12944,-0.418869,-0.448788,-0.448788
12945,-0.418869,-0.448788,-0.448788
12946,-0.418869,-0.448788,-0.448788
12947,-0.418869,-0.448788,-0.448788
12948,-0.418869,-0.448788,-0.448788
12949,-0.418869,-0.448788,-0.448788
12950,-0.388950,-0.448788,-0.448788
12951,-0.388950,-0.448788,-0.448788
12952,-0.388950,-0.448788,-0.418869
12953,-0.388950,-0.448788,-0.448788
12954,-0.418869,-0.478707,-0.448788
12955,-0.448788,-0.508626,-0.478707
12956,-0.448788,-0.478707,-0.478707
12957,-0.418869,-0.478707,-0.448788
12958,-0.388950,-0.448788,-0.448788
12959,-0.359030,-0.418869,-0.418869
12960,-0.359030,-0.418869,-0.418869
12961,-0.359030,-0.418869,-0.388950
12962,-0.359030,-0.418869,-0.388950
12963,-0.359030,-0.418869,-0.418869
12964,-0.359030,-0.418869,-0.388950
12965,-0.359030,-0.418869,-0.388950
12966,-0.359030,-0.418869,-0.418869
12967,-0.359030,-0.418869,-0.418869
12968,-0.359030,-0.418869,-0.418869
12969,-0.359030,-0.418869,-0.418869
12970,-0.329111,-0.388950,-0.388950
12971,-0.299192,-0.359030,-0.359030
12972,-0.299192,-0.359030,-0.359030
12973,-0.329111,-0.388950,-0.359030
12974,-0.359030,-0.418869,-0.388950
12975,-0.388950,-0.418869,-0.418869
12976,-0.388950,-0.448788,-0.418869
12977,-0.388950,-0.448788,-0.418869
12978,-0.388950,-0.448788,-0.418869
12979,-0.388950,-0.448788,-0.418869
12980,-0.388950,-0.448788,-0.448788
12981,-0.388950,-0.418869,-0.418869
12982,-0.359030,-0.418869,-0.418869
12983,-0.388950,-0.448788,-0.418869
12984,-0.388950,-0.448788,-0.418869
12985,-0.388950,-0.418869,-0.418869
12986,-0.418869,-0.448788,-0.448788
12987,-0.448788,-0.478707,-0.478707
12988,-0.418869,-0.478707,-0.448788
12989,-0.418869,-0.448788,-0.448788
12990,-0.388950,-0.448788,-0.418869
12991,-0.359030,-0.418869,-0.388950
12992,-0.359030,-0.388950,-0.388950
12993,-0.329111,-0.388950,-0.388950
12994,-0.329111,-0.388950,-0.388950
12995,-0.359030,-0.388950,-0.388950
12996,-0.329111,-0.388950,-0.388950
12997,-0.359030,-0.388950,-0.388950
12998,-0.359030,-0.388950,-0.388950
12999,-0.359030,-0.388950,-0.388950
13000,-0.359030,-0.418869,-0.388950
13001,-0.359030,-0.388950,-0.388950
13002,-0.299192,-0.359030,-0.359030
13003,-0.299192,-0.329111,-0.329111
13004,-0.299192,-0.359030,-0.359030
13005,-0.329111,-0.359030,-0.359030
13006,-0.329111,-0.388950,-0.388950
13007,-0.359030,-0.418869,-0.418869
13008,-0.388950,-0.418869,-0.418869
13009,-0.388950,-0.418869,-0.418869
13010,-0.388950,-0.418869,-0.418869
13011,-0.388950,-0.418869,-0.418869
13012,-0.388950,-0.418869,-0.418869
13013,-0.388950,-0.418869,-0.418869
13014,-0.359030,-0.418869,-0.418869
13015,-0.359030,-0.418869,-0.418869
13016,-0.359030,-0.418869,-0.418869
13017,-0.359030,-0.418869,-0.418869
13018,-0.388950,-0.448788,-0.448788
13019,-0.418869,-0.478707,-0.448788
13020,-0.418869,-0.448788,-0.448788
13021,-0.388950,-0.448788,-0.448788
13022,-0.388950,-0.418869,-0.418869
13023,-0.329111,-0.388950,-0.388950
13024,-0.329111,-0.388950,-0.388950
13025,-0.329111,-0.388950,-0.388950
13026,-0.329111,-0.359030,-0.359030
13027,-0.329111,-0.388950,-0.359030
13028,-0.329111,-0.359030,-0.359030
13029,-0.329111,-0.388950,-0.388950
13030,-0.329111,-0.388950,-0.359030
13031,-0.329111,-0.388950,-0.388950
13032,-0.329111,-0.388950,-0.388950
13033,-0.329111,-0.388950,-0.388950
13034,-0.299192,-0.359030,-0.329111
13035,-0.269273,-0.329111,-0.329111
13036,-0.299192,-0.329111,-0.329111
13037,-0.299192,-0.359030,-0.359030
13038,-0.329111,-0.388950,-0.359030
13039,-0.359030,-0.388950,-0.388950
13040,-0.359030,-0.418869,-0.388950
13041,-0.359030,-0.418869,-0.418869
13042,-0.359030,-0.418869,-0.388950
13043,-0.359030,-0.418869,-0.388950
13044,-0.359030,-0.418869,-0.418869
13045,-0.359030,-0.418869,-0.388950
13046,-0.359030,-0.418869,-0.388950
13047,-0.359030,-0.388950,-0.388950
13048,-0.359030,-0.388950,-0.388950
13049,-0.359030,-0.388950,-0.388950
13050,-0.388950,-0.418869,-0.418869
13051,-0.418869,-0.448788,-0.448788
13052,-0.388950,-0.448788,-0.448788
13053,-0.388950,-0.418869,-0.418869
13054,-0.359030,-0.418869,-0.388950
13055,-0.329111,-0.388950,-0.359030
13056,-0.329111,-0.359030,-0.359030
13057,-0.329111,-0.359030,-0.359030
13058,-0.329111,-0.359030,-0.359030
13059,-0.329111,-0.359030,-0.359030
13060,-0.299192,-0.359030,-0.359030
13061,-0.329111,-0.359030,-0.359030
13062,-0.329111,-0.359030,-0.359030
13063,-0.329111,-0.359030,-0.359030
13064,-0.329111,-0.388950,-0.359030
13065,-0.329111,-0.359030,-0.359030
13066,-0.299192,-0.329111,-0.329111
13067,-0.269273,-0.299192,-0.299192
13068,-0.269273,-0.329111,-0.329111
13069,-0.299192,-0.329111,-0.329111
13070,-0.299192,-0.359030,-0.359030
13071,-0.329111,-0.388950,-0.388950
13072,-0.329111,-0.388950,-0.388950
13073,-0.359030,-0.388950,-0.388950
13074,-0.359030,-0.388950,-0.388950
13075,-0.329111,-0.388950,-0.388950
13076,-0.359030,-0.388950,-0.388950
13077,-0.359030,-0.388950,-0.388950
13078,-0.329111,-0.388950,-0.388950
13079,-0.329111,-0.388950,-0.388950
13080,-0.329111,-0.388950,-0.388950
13081,-0.329111,-0.388950,-0.388950
13082,-0.359030,-0.418869,-0.418869
13083,-0.388950,-0.448788,-0.418869
13084,-0.388950,-0.418869,-0.418869
13085,-0.359030,-0.418869,-0.388950
13086,-0.329111,-0.388950,-0.388950
13087,-0.299192,-0.359030,-0.359030
13088,-0.299192,-0.359030,-0.359030
13089,-0.299192,-0.359030,-0.359030
13090,-0.299192,-0.359030,-0.329111
13091,-0.299192,-0.359030,-0.329111
13092,-0.299192,-0.359030,-0.329111
13093,-0.299192,-0.359030,-0.329111
13094,-0.299192,-0.359030,-0.359030
13095,-0.299192,-0.359030,-0.359030
13096,-0.299192,-0.359030,-0.359030
13097,-0.299192,-0.359030,-0.359030
13098,-0.269273,-0.329111,-0.299192
13099,-0.239354,-0.299192,-0.299192
13100,-0.269273,-0.299192,-0.299192
13101,-0.269273,-0.329111,-0.329111
13102,-0.299192,-0.359030,-0.359030
13103,-0.329111,-0.359030,-0.359030
13104,-0.329111,-0.388950,-0.359030
13105,-0.329111,-0.388950,-0.388950
13106,-0.329111,-0.388950,-0.359030
13107,-0.329111,-0.388950,-0.359030
13108,-0.329111,-0.388950,-0.388950
13109,-0.329111,-0.388950,-0.359030
13110,-0.329111,-0.359030,-0.359030
13111,-0.329111,-0.359030,-0.359030
13112,-0.329111,-0.359030,-0.359030
13113,-0.329111,-0.359030,-0.359030
13114,-0.359030,-0.388950,-0.388950
13115,-0.359030,-0.418869,-0.418869
13116,-0.359030,-0.418869,-0.388950
13117,-0.359030,-0.388950,-0.388950
13118,-0.329111,-0.388950,-0.359030
13119,-0.299192,-0.359030,-0.329111
13120,-0.299192,-0.329111,-0.329111
13121,-0.299192,-0.329111,-0.329111
13122,-0.299192,-0.329111,-0.329111
13123,-0.299192,-0.329111,-0.329111
13124,-0.299192,-0.329111,-0.329111
13125,-0.299192,-0.329111,-0.329111
13126,-0.299192,-0.329111,-0.329111
13127,-0.299192,-0.329111,-0.329111
13128,-0.299192,-0.359030,-0.329111
13129,-0.299192,-0.329111,-0.329111
13130,-0.269273,-0.299192,-0.299192
13131,-0.239354,-0.299192,-0.299192
13132,-0.269273,-0.299192,-0.299192
13133,-0.269273,-0.329111,-0.329111
13134,-0.299192,-0.329111,-0.329111
13135,-0.329111,-0.359030,-0.359030
13136,-0.329111,-0.359030,-0.359030
13137,-0.329111,-0.359030,-0.359030
13138,-0.329111,-0.359030,-0.359030
13139,-0.329111,-0.359030,-0.359030
13140,-0.329111,-0.388950,-0.359030
13141,-0.299192,-0.359030,-0.359030
13142,-0.299192,-0.359030,-0.359030
13143,-0.299192,-0.359030,-0.359030
13144,-0.299192,-0.359030,-0.359030
13145,-0.299192,-0.359030,-0.359030
13146,-0.329111,-0.388950,-0.388950
13147,-0.359030,-0.418869,-0.388950
13148,-0.359030,-0.388950,-0.388950
13149,-0.329111,-0.388950,-0.388950
13150,-0.329111,-0.359030,-0.359030
13151,-0.299192,-0.329111,-0.329111
13152,-0.269273,-0.329111,-0.329111
13153,-0.269273,-0.329111,-0.329111
13154,-0.269273,-0.329111,-0.329111
13155,-0.269273,-0.329111,-0.329111
13156,-0.269273,-0.329111,-0.329111
13157,-0.299192,-0.329111,-0.329111
13158,-0.269273,-0.329111,-0.329111
13159,-0.269273,-0.329111,-0.329111
13160,-0.299192,-0.329111,-0.329111
13161,-0.299192,-0.329111,-0.329111
13162,-0.239354,-0.299192,-0.299192
13163,-0.239354,-0.269273,-0.269273
13164,-0.239354,-0.299192,-0.299192
13165,-0.269273,-0.299192,-0.299192
13166,-0.299192,-0.329111,-0.329111
13167,-0.299192,-0.359030,-0.329111
13168,-0.299192,-0.359030,-0.359030
13169,-0.299192,-0.359030,-0.359030
13170,-0.329111,-0.359030,-0.359030
13171,-0.329111,-0.359030,-0.359030
13172,-0.299192,-0.359030,-0.359030
13173,-0.299192,-0.359030,-0.359030
13174,-0.299192,-0.359030,-0.359030
13175,-0.299192,-0.359030,-0.359030
13176,-0.299192,-0.359030,-0.329111
13177,-0.299192,-0.359030,-0.329111
13178,-0.329111,-0.388950,-0.388950
13179,-0.359030,-0.388950,-0.388950
13180,-0.329111,-0.388950,-0.388950
13181,-0.329111,-0.359030,-0.359030
13182,-0.299192,-0.359030,-0.359030
13183,-0.269273,-0.329111,-0.329111
13184,-0.269273,-0.329111,-0.299192
13185,-0.269273,-0.329111,-0.299192
13186,-0.269273,-0.329111,-0.299192
13187,-0.269273,-0.329111,-0.299192
13188,-0.269273,-0.299192,-0.299192
13189,-0.269273,-0.329111,-0.299192
13190,-0.269273,-0.329111,-0.329111
13191,-0.269273,-0.329111,-0.329111
13192,-0.269273,-0.329111,-0.329111
13193,-0.269273,-0.329111,-0.329111
13194,-0.239354,-0.299192,-0.299192
13195,-0.209434,-0.269273,-0.269273
13196,-0.239354,-0.269273,-0.269273
13197,-0.269273,-0.299192,-0.299192
13198,-0.269273,-0.329111,-0.299192
13199,-0.299192,-0.329111,-0.329111
13200,-0.299192,-0.359030,-0.359030
13201,-0.299192,-0.329111,-0.329111
13202,-0.299192,-0.359030,-0.329111
13203,-0.299192,-0.359030,-0.329111
13204,-0.299192,-0.359030,-0.359030
13205,-0.299192,-0.359030,-0.329111
13206,-0.299192,-0.329111,-0.329111
13207,-0.299192,-0.329111,-0.329111
13208,-0.299192,-0.329111,-0.329111
13209,-0.299192,-0.329111,-0.329111
13210,-0.329111,-0.359030,-0.359030
13211,-0.329111,-0.388950,-0.388950
13212,-0.329111,-0.388950,-0.359030
13213,-0.329111,-0.359030,-0.359030
13214,-0.299192,-0.359030,-0.329111
13215,-0.269273,-0.329111,-0.329111
13216,-0.269273,-0.299192,-0.299192
13217,-0.269273,-0.299192,-0.299192
13218,-0.269273,-0.299192,-0.299192
13219,-0.269273,-0.299192,-0.299192
13220,-0.269273,-0.299192,-0.299192
13221,-0.269273,-0.299192,-0.299192
13222,-0.269273,-0.299192,-0.299192
13223,-0.269273,-0.329111,-0.299192
13224,-0.269273,-0.329111,-0.299192
13225,-0.269273,-0.299192,-0.299192
13226,-0.239354,-0.269273,-0.269273
13227,-0.209434,-0.269273,-0.269273
13228,-0.239354,-0.269273,-0.269273
13229,-0.239354,-0.299192,-0.299192
13230,-0.269273,-0.299192,-0.299192
13231,-0.269273,-0.329111,-0.329111
13232,-0.299192,-0.329111,-0.329111
13233,-0.299192,-0.329111,-0.329111
13234,-0.299192,-0.329111,-0.329111
13235,-0.299192,-0.329111,-0.329111
13236,-0.299192,-0.329111,-0.329111
13237,-0.269273,-0.329111,-0.329111
13238,-0.269273,-0.329111,-0.329111
13239,-0.269273,-0.329111,-0.329111
13240,-0.269273,-0.329111,-0.329111
13241,-0.269273,-0.329111,-0.329111
13242,-0.329111,-0.359030,-0.359030
13243,-0.329111,-0.388950,-0.359030
13244,-0.329111,-0.359030,-0.359030
13245,-0.299192,-0.359030,-0.359030
13246,-0.269273,-0.329111,-0.329111
13247,-0.269273,-0.299192,-0.299192
13248,-0.239354,-0.299192,-0.299192
13249,-0.239354,-0.299192,-0.299192
13250,-0.269273,-0.299192,-0.299192
13251,-0.239354,-0.299192,-0.299192
13252,-0.239354,-0.299192,-0.299192
13253,-0.269273,-0.299192,-0.299192
13254,-0.269273,-0.299192,-0.299192
13255,-0.269273,-0.299192,-0.299192
13256,-0.269273,-0.299192,-0.299192
13257,-0.269273,-0.299192,-0.299192
13258,-0.239354,-0.269273,-0.269273
13259,-0.209434,-0.239354,-0.239354
13260,-0.209434,-0.269273,-0.269273
13261,-0.239354,-0.269273,-0.269273
13262,-0.239354,-0.299192,-0.299192
13263,-0.269273,-0.329111,-0.329111
13264,-0.269273,-0.329111,-0.329111
13265,-0.269273,-0.329111,-0.329111
13266,-0.269273,-0.329111,-0.329111
13267,-0.299192,-0.329111,-0.329111
13268,-0.299192,-0.329111,-0.329111
13269,-0.269273,-0.329111,-0.329111
13270,-0.269273,-0.329111,-0.329111
13271,-0.269273,-0.329111,-0.329111
13272,-0.269273,-0.329111,-0.299192
13273,-0.269273,-0.329111,-0.299192
13274,-0.299192,-0.359030,-0.359030
13275,-0.329111,-0.359030,-0.359030
13276,-0.299192,-0.359030,-0.359030
13277,-0.299192,-0.359030,-0.329111
13278,-0.269273,-0.329111,-0.329111
13279,-0.269273,-0.299192,-0.299192
13280,-0.239354,-0.299192,-0.299192
13281,-0.239354,-0.299192,-0.269273
13282,-0.239354,-0.299192,-0.269273
13283,-0.239354,-0.299192,-0.299192
13284,-0.239354,-0.299192,-0.269273
13285,-0.239354,-0.299192,-0.299192
13286,-0.239354,-0.299192,-0.299192
13287,-0.269273,-0.299192,-0.299192
13288,-0.269273,-0.299192,-0.299192
13289,-0.239354,-0.299192,-0.299192
13290,-0.209434,-0.269273,-0.269273
13291,-0.209434,-0.239354,-0.239354
13292,-0.209434,-0.269273,-0.269273
13293,-0.239354,-0.269273,-0.269273
13294,-0.239354,-0.299192,-0.299192
13295,-0.269273,-0.329111,-0.329111
13296,-0.269273,-0.329111,-0.299192
13297,-0.269273,-0.329111,-0.329111
13298,-0.269273,-0.329111,-0.329111
13299,-0.269273,-0.329111,-0.329111
13300,-0.269273,-0.329111,-0.329111
13301,-0.269273,-0.329111,-0.299192
13302,-0.269273,-0.329111,-0.299192
13303,-0.269273,-0.299192,-0.299192
13304,-0.269273,-0.299192,-0.299192
13305,-0.269273,-0.329111,-0.299192
13306,-0.299192,-0.359030,-0.359030
13307,-0.329111,-0.359030,-0.359030
13308,-0.299192,-0.359030,-0.329111
13309,-0.299192,-0.329111,-0.329111
13310,-0.269273,-0.329111,-0.299192
13311,-0.239354,-0.299192,-0.299192
13312,-0.239354,-0.299192,-0.269273
13313,-0.239354,-0.269273,-0.269273
13314,-0.239354,-0.299192,-0.269273
13315,-0.239354,-0.299192,-0.269273
13316,-0.239354,-0.269273,-0.269273
13317,-0.239354,-0.299192,-0.299192
13318,-0.239354,-0.299192,-0.299192
13319,-0.239354,-0.299192,-0.299192
13320,-0.239354,-0.299192,-0.299192
13321,-0.239354,-0.299192,-0.299192
13322,-0.209434,-0.239354,-0.269273
13323,-0.209434,-0.239354,-0.239354
13324,-0.209434,-0.269273,-0.239354
13325,-0.239354,-0.269273,-0.269273
13326,-0.269273,-0.299192,-0.299192
13327,-0.269273,-0.329111,-0.299192
13328,-0.269273,-0.329111,-0.329111
13329,-0.269273,-0.329111,-0.329111
13330,-0.269273,-0.329111,-0.299192
13331,-0.269273,-0.329111,-0.299192
13332,-0.269273,-0.329111,-0.329111
13333,-0.269273,-0.329111,-0.299192
13334,-0.269273,-0.299192,-0.299192
13335,-0.269273,-0.299192,-0.299192
13336,-0.269273,-0.299192,-0.299192
13337,-0.269273,-0.299192,-0.299192
13338,-0.299192,-0.359030,-0.329111
13339,-0.299192,-0.359030,-0.359030
13340,-0.299192,-0.359030,-0.329111
13341,-0.299192,-0.329111,-0.329111
13342,-0.269273,-0.299192,-0.299192
13343,-0.239354,-0.299192,-0.269273
13344,-0.239354,-0.269273,-0.269273
13345,-0.239354,-0.269273,-0.269273
13346,-0.239354,-0.269273,-0.269273
13347,-0.239354,-0.269273,-0.269273
13348,-0.239354,-0.269273,-0.269273
13349,-0.239354,-0.269273,-0.269273
13350,-0.239354,-0.299192,-0.269273
13351,-0.239354,-0.269273,-0.269273
13352,-0.239354,-0.299192,-0.269273
13353,-0.239354,-0.299192,-0.269273
13354,-0.209434,-0.239354,-0.239354
13355,-0.179515,-0.239354,-0.239354
13356,-0.209434,-0.239354,-0.239354
13357,-0.209434,-0.269273,-0.269273
13358,-0.239354,-0.299192,-0.269273
13359,-0.269273,-0.299192,-0.299192
13360,-0.269273,-0.299192,-0.299192
13361,-0.269273,-0.299192,-0.299192
13362,-0.269273,-0.299192,-0.299192
13363,-0.269273,-0.299192,-0.299192
13364,-0.269273,-0.329111,-0.299192
13365,-0.269273,-0.299192,-0.299192
13366,-0.269273,-0.299192,-0.299192
13367,-0.269273,-0.299192,-0.299192
13368,-0.239354,-0.299192,-0.299192
13369,-0.269273,-0.299192,-0.299192
13370,-0.299192,-0.359030,-0.329111
13371,-0.299192,-0.359030,-0.329111
13372,-0.299192,-0.329111,-0.329111
13373,-0.269273,-0.329111,-0.329111
13374,-0.269273,-0.299192,-0.299192
13375,-0.239354,-0.299192,-0.269273
13376,-0.239354,-0.269273,-0.269273
13377,-0.239354,-0.269273,-0.269273
13378,-0.239354,-0.269273,-0.269273
13379,-0.239354,-0.269273,-0.269273
13380,-0.239354,-0.269273,-0.269273
13381,-0.239354,-0.269273,-0.269273
13382,-0.239354,-0.269273,-0.269273
13383,-0.239354,-0.269273,-0.269273
13384,-0.239354,-0.269273,-0.269273
13385,-0.239354,-0.269273,-0.269273
13386,-0.209434,-0.239354,-0.239354
13387,-0.179515,-0.239354,-0.239354
13388,-0.209434,-0.239354,-0.239354
13389,-0.209434,-0.269273,-0.239354
13390,-0.239354,-0.269273,-0.269273
13391,-0.239354,-0.299192,-0.299192
13392,-0.269273,-0.299192,-0.299192
13393,-0.269273,-0.299192,-0.299192
13394,-0.269273,-0.299192,-0.299192
13395,-0.269273,-0.299192,-0.299192
13396,-0.269273,-0.299192,-0.299192
13397,-0.269273,-0.299192,-0.299192
13398,-0.269273,-0.299192,-0.299192
13399,-0.269273,-0.299192,-0.299192
13400,-0.239354,-0.299192,-0.299192
13401,-0.269273,-0.299192,-0.299192
13402,-0.299192,-0.329111,-0.329111
13403,-0.299192,-0.359030,-0.329111
13404,-0.299192,-0.329111,-0.329111
13405,-0.269273,-0.329111,-0.329111
13406,-0.239354,-0.299192,-0.299192
13407,-0.239354,-0.269273,-0.269273
13408,-0.239354,-0.269273,-0.269273
13409,-0.209434,-0.269273,-0.269273
13410,-0.209434,-0.269273,-0.269273
13411,-0.239354,-0.269273,-0.269273
13412,-0.239354,-0.269273,-0.269273
13413,-0.239354,-0.269273,-0.269273
13414,-0.239354,-0.269273,-0.269273
13415,-0.239354,-0.269273,-0.269273
13416,-0.239354,-0.269273,-0.269273
13417,-0.239354,-0.269273,-0.269273
13418,-0.179515,-0.239354,-0.239354
13419,-0.179515,-0.239354,-0.209434
13420,-0.179515,-0.239354,-0.239354
13421,-0.209434,-0.269273,-0.239354
13422,-0.239354,-0.269273,-0.269273
13423,-0.239354,-0.299192,-0.299192
13424,-0.269273,-0.299192,-0.299192
13425,-0.269273,-0.299192,-0.299192
13426,-0.269273,-0.299192,-0.299192
13427,-0.269273,-0.299192,-0.299192
13428,-0.269273,-0.299192,-0.299192
13429,-0.269273,-0.299192,-0.299192
13430,-0.269273,-0.299192,-0.299192
13431,-0.239354,-0.299192,-0.299192
13432,-0.239354,-0.299192,-0.299192
13433,-0.239354,-0.299192,-0.299192
13434,-0.299192,-0.329111,-0.329111
13435,-0.299192,-0.359030,-0.329111
13436,-0.299192,-0.329111,-0.329111
13437,-0.269273,-0.329111,-0.329111
13438,-0.239354,-0.299192,-0.299192
13439,-0.239354,-0.269273,-0.269273
13440,-0.239354,-0.269273,-0.269273
13441,-0.209434,-0.269273,-0.269273
13442,-0.209434,-0.269273,-0.239354
13443,-0.209434,-0.269273,-0.269273
13444,-0.209434,-0.269273,-0.269273
13445,-0.209434,-0.269273,-0.269273
13446,-0.209434,-0.269273,-0.269273
13447,-0.239354,-0.269273,-0.269273
13448,-0.239354,-0.269273,-0.269273
13449,-0.209434,-0.269273,-0.269273
13450,-0.179515,-0.239354,-0.239354
13451,-0.179515,-0.209434,-0.209434
13452,-0.179515,-0.239354,-0.239354
13453,-0.209434,-0.239354,-0.239354
13454,-0.209434,-0.269273,-0.269273
13455,-0.239354,-0.299192,-0.299192
13456,-0.239354,-0.299192,-0.299192
13457,-0.239354,-0.299192,-0.299192
13458,-0.269273,-0.299192,-0.299192
13459,-0.269273,-0.299192,-0.299192
13460,-0.239354,-0.299192,-0.299192
13461,-0.239354,-0.299192,-0.299192
13462,-0.239354,-0.299192,-0.299192
13463,-0.239354,-0.299192,-0.269273
13464,-0.239354,-0.299192,-0.299192
13465,-0.239354,-0.299192,-0.299192
13466,-0.299192,-0.329111,-0.329111
13467,-0.299192,-0.329111,-0.329111
13468,-0.269273,-0.329111,-0.329111
13469,-0.269273,-0.299192,-0.299192
13470,-0.239354,-0.299192,-0.269273
13471,-0.209434,-0.269273,-0.269273
13472,-0.209434,-0.269273,-0.269273
13473,-0.209434,-0.269273,-0.239354
13474,-0.209434,-0.269273,-0.269273
13475,-0.209434,-0.269273,-0.269273
13476,-0.209434,-0.269273,-0.239354
13477,-0.209434,-0.269273,-0.269273
13478,-0.209434,-0.269273,-0.269273
13479,-0.209434,-0.269273,-0.269273
13480,-0.209434,-0.269273,-0.269273
13481,-0.209434,-0.269273,-0.269273
13482,-0.179515,-0.209434,-0.209434
13483,-0.179515,-0.209434,-0.209434
13484,-0.179515,-0.209434,-0.239354
13485,-0.209434,-0.239354,-0.239354
13486,-0.239354,-0.269273,-0.269273
13487,-0.239354,-0.299192,-0.269273
13488,-0.239354,-0.299192,-0.299192
13489,-0.239354,-0.299192,-0.299192
13490,-0.239354,-0.299192,-0.299192
13491,-0.239354,-0.299192,-0.299192
13492,-0.239354,-0.299192,-0.299192
13493,-0.239354,-0.299192,-0.299192
13494,-0.239354,-0.299192,-0.269273
13495,-0.239354,-0.299192,-0.269273
13496,-0.239354,-0.269273,-0.269273
13497,-0.239354,-0.299192,-0.299192
13498,-0.269273,-0.329111,-0.329111
13499,-0.299192,-0.329111,-0.329111
13500,-0.269273,-0.329111,-0.329111
13501,-0.269273,-0.299192,-0.299192
13502,-0.239354,-0.299192,-0.269273
13503,-0.209434,-0.269273,-0.269273
13504,-0.209434,-0.269273,-0.239354
13505,-0.209434,-0.239354,-0.239354
13506,-0.209434,-0.269273,-0.269273
13507,-0.209434,-0.269273,-0.269273
13508,-0.209434,-0.239354,-0.239354
13509,-0.209434,-0.239354,-0.269273
13510,-0.209434,-0.269273,-0.269273
13511,-0.209434,-0.269273,-0.269273
13512,-0.239354,-0.269273,-0.269273
13513,-0.209434,-0.239354,-0.239354
13514,-0.179515,-0.209434,-0.209434
13515,-0.149596,-0.209434,-0.209434
13516,-0.179515,-0.239354,-0.209434
13517,-0.179515,-0.239354,-0.239354
13518,-0.209434,-0.269273,-0.269273
13519,-0.239354,-0.269273,-0.269273
13520,-0.239354,-0.299192,-0.269273
13521,-0.239354,-0.299192,-0.299192
13522,-0.239354,-0.299192,-0.299192
13523,-0.239354,-0.299192,-0.299192
13524,-0.239354,-0.299192,-0.299192
13525,-0.239354,-0.299192,-0.299192
13526,-0.239354,-0.299192,-0.299192
13527,-0.239354,-0.269273,-0.269273
13528,-0.239354,-0.269273,-0.269273
13529,-0.239354,-0.299192,-0.269273
13530,-0.299192,-0.329111,-0.329111
13531,-0.299192,-0.329111,-0.329111
13532,-0.269273,-0.329111,-0.299192
13533,-0.269273,-0.299192,-0.299192
13534,-0.239354,-0.269273,-0.269273
13535,-0.209434,-0.269273,-0.269273
13536,-0.209434,-0.239354,-0.239354
13537,-0.209434,-0.239354,-0.239354
13538,-0.209434,-0.239354,-0.239354
13539,-0.209434,-0.239354,-0.239354
13540,-0.209434,-0.239354,-0.239354
13541,-0.209434,-0.269273,-0.239354
13542,-0.209434,-0.269273,-0.269273
13543,-0.209434,-0.269273,-0.269273
13544,-0.209434,-0.269273,-0.269273
13545,-0.209434,-0.239354,-0.239354
13546,-0.179515,-0.209434,-0.209434
13547,-0.149596,-0.209434,-0.209434
13548,-0.179515,-0.209434,-0.209434
13549,-0.179515,-0.239354,-0.239354
13550,-0.209434,-0.269273,-0.269273
13551,-0.239354,-0.269273,-0.269273
13552,-0.239354,-0.299192,-0.269273
13553,-0.239354,-0.299192,-0.299192
13554,-0.239354,-0.299192,-0.269273
13555,-0.239354,-0.299192,-0.269273
13556,-0.239354,-0.299192,-0.299192
13557,-0.239354,-0.269273,-0.269273
13558,-0.239354,-0.269273,-0.269273
13559,-0.239354,-0.269273,-0.269273
13560,-0.209434,-0.269273,-0.269273
13561,-0.239354,-0.269273,-0.269273
13562,-0.269273,-0.329111,-0.329111
13563,-0.269273,-0.329111,-0.329111
13564,-0.269273,-0.329111,-0.299192
13565,-0.269273,-0.299192,-0.299192
13566,-0.239354,-0.269273,-0.269273
13567,-0.209434,-0.239354,-0.239354
13568,-0.209434,-0.239354,-0.239354
13569,-0.209434,-0.239354,-0.239354
13570,-0.209434,-0.239354,-0.239354
13571,-0.209434,-0.239354,-0.239354
13572,-0.209434,-0.239354,-0.239354
13573,-0.209434,-0.239354,-0.239354
13574,-0.209434,-0.239354,-0.239354
13575,-0.209434,-0.239354,-0.239354
13576,-0.209434,-0.239354,-0.239354
13577,-0.209434,-0.239354,-0.239354
13578,-0.149596,-0.209434,-0.209434
13579,-0.149596,-0.209434,-0.209434
13580,-0.179515,-0.209434,-0.209434
13581,-0.179515,-0.239354,-0.239354
13582,-0.209434,-0.269273,-0.239354
13583,-0.239354,-0.269273,-0.269273
13584,-0.239354,-0.269273,-0.269273
13585,-0.239354,-0.269273,-0.269273
13586,-0.239354,-0.299192,-0.269273
13587,-0.239354,-0.299192,-0.269273
13588,-0.239354,-0.269273,-0.269273
13589,-0.239354,-0.269273,-0.269273
13590,-0.239354,-0.269273,-0.269273
13591,-0.239354,-0.269273,-0.269273
13592,-0.209434,-0.269273,-0.269273
13593,-0.239354,-0.299192,-0.269273
13594,-0.269273,-0.329111,-0.329111
13595,-0.269273,-0.329111,-0.329111
13596,-0.269273,-0.299192,-0.299192
13597,-0.239354,-0.299192,-0.299192
13598,-0.239354,-0.269273,-0.269273
13599,-0.209434,-0.239354,-0.239354
13600,-0.209434,-0.239354,-0.239354
13601,-0.179515,-0.239354,-0.239354
13602,-0.209434,-0.239354,-0.239354
13603,-0.209434,-0.239354,-0.239354
13604,-0.179515,-0.239354,-0.239354
13605,-0.209434,-0.239354,-0.239354
13606,-0.209434,-0.239354,-0.239354
13607,-0.209434,-0.239354,-0.239354
13608,-0.209434,-0.239354,-0.239354
13609,-0.209434,-0.239354,-0.239354
13610,-0.149596,-0.209434,-0.209434
13611,-0.149596,-0.209434,-0.209434
13612,-0.179515,-0.209434,-0.209434
13613,-0.179515,-0.239354,-0.239354
13614,-0.209434,-0.269273,-0.239354
13615,-0.239354,-0.269273,-0.269273
13616,-0.239354,-0.269273,-0.269273
13617,-0.239354,-0.269273,-0.269273
13618,-0.239354,-0.269273,-0.269273
13619,-0.239354,-0.269273,-0.269273
13620,-0.239354,-0.269273,-0.269273
13621,-0.239354,-0.269273,-0.269273
13622,-0.209434,-0.269273,-0.269273
13623,-0.209434,-0.269273,-0.269273
13624,-0.209434,-0.269273,-0.269273
13625,-0.239354,-0.269273,-0.269273
13626,-0.269273,-0.329111,-0.299192
13627,-0.269273,-0.329111,-0.299192
13628,-0.269273,-0.299192,-0.299192
13629,-0.239354,-0.299192,-0.299192
13630,-0.209434,-0.269273,-0.269273
13631,-0.209434,-0.239354,-0.239354
13632,-0.209434,-0.239354,-0.239354
13633,-0.179515,-0.239354,-0.239354
13634,-0.209434,-0.239354,-0.239354
13635,-0.179515,-0.239354,-0.239354
13636,-0.179515,-0.239354,-0.239354
13637,-0.179515,-0.239354,-0.239354
13638,-0.209434,-0.239354,-0.239354
13639,-0.209434,-0.239354,-0.239354
13640,-0.209434,-0.239354,-0.239354
13641,-0.179515,-0.239354,-0.239354
13642,-0.149596,-0.209434,-0.209434
13643,-0.149596,-0.209434,-0.179515
13644,-0.149596,-0.209434,-0.209434
13645,-0.179515,-0.239354,-0.209434
13646,-0.209434,-0.239354,-0.239354
13647,-0.209434,-0.269273,-0.269273
13648,-0.239354,-0.269273,-0.269273
13649,-0.239354,-0.269273,-0.269273
13650,-0.239354,-0.269273,-0.269273
13651,-0.239354,-0.269273,-0.269273
13652,-0.239354,-0.269273,-0.269273
13653,-0.239354,-0.269273,-0.269273
13654,-0.209434,-0.269273,-0.269273
13655,-0.209434,-0.269273,-0.269273
13656,-0.209434,-0.269273,-0.269273
13657,-0.239354,-0.269273,-0.269273
13658,-0.269273,-0.329111,-0.299192
13659,-0.269273,-0.299192,-0.299192
13660,-0.269273,-0.299192,-0.299192
13661,-0.239354,-0.299192,-0.299192
13662,-0.209434,-0.269273,-0.269273
13663,-0.209434,-0.239354,-0.239354
13664,-0.209434,-0.239354,-0.239354
13665,-0.179515,-0.239354,-0.239354
13666,-0.179515,-0.239354,-0.239354
13667,-0.179515,-0.239354,-0.239354
13668,-0.179515,-0.239354,-0.239354
13669,-0.179515,-0.239354,-0.239354
13670,-0.209434,-0.239354,-0.239354
13671,-0.209434,-0.239354,-0.239354
13672,-0.209434,-0.239354,-0.239354
13673,-0.209434,-0.239354,-0.239354
13674,-0.149596,-0.209434,-0.179515
13675,-0.149596,-0.179515,-0.179515
13676,-0.149596,-0.209434,-0.209434
13677,-0.179515,-0.239354,-0.209434
13678,-0.209434,-0.269273,-0.239354
13679,-0.209434,-0.269273,-0.269273
13680,-0.209434,-0.269273,-0.269273
13681,-0.239354,-0.269273,-0.269273
13682,-0.239354,-0.269273,-0.269273
13683,-0.239354,-0.269273,-0.269273
13684,-0.239354,-0.269273,-0.269273
13685,-0.209434,-0.269273,-0.269273
13686,-0.209434,-0.269273,-0.269273
13687,-0.209434,-0.269273,-0.269273
13688,-0.209434,-0.269273,-0.269273
13689,-0.239354,-0.269273,-0.269273
13690,-0.269273,-0.329111,-0.329111
13691,-0.269273,-0.329111,-0.299192
13692,-0.269273,-0.299192,-0.299192
13693,-0.239354,-0.299192,-0.299192
13694,-0.209434,-0.269273,-0.269273
13695,-0.209434,-0.239354,-0.239354
13696,-0.179515,-0.239354,-0.239354
13697,-0.179515,-0.239354,-0.239354
13698,-0.179515,-0.239354,-0.239354
13699,-0.179515,-0.239354,-0.239354
13700,-0.179515,-0.239354,-0.239354
13701,-0.179515,-0.239354,-0.239354
13702,-0.209434,-0.239354,-0.239354
13703,-0.209434,-0.239354,-0.239354
13704,-0.209434,-0.239354,-0.239354
13705,-0.179515,-0.239354,-0.239354
13706,-0.149596,-0.179515,-0.179515
13707,-0.149596,-0.179515,-0.179515
13708,-0.149596,-0.209434,-0.209434
13709,-0.179515,-0.209434,-0.239354
13710,-0.209434,-0.239354,-0.239354
13711,-0.209434,-0.269273,-0.269273
13712,-0.239354,-0.269273,-0.269273
13713,-0.239354,-0.269273,-0.269273
13714,-0.239354,-0.269273,-0.269273
13715,-0.239354,-0.269273,-0.269273
13716,-0.239354,-0.269273,-0.269273
13717,-0.239354,-0.269273,-0.269273
13718,-0.209434,-0.269273,-0.269273
13719,-0.209434,-0.269273,-0.269273
13720,-0.209434,-0.269273,-0.269273
13721,-0.239354,-0.269273,-0.269273
13722,-0.269273,-0.329111,-0.299192
13723,-0.269273,-0.329111,-0.299192
13724,-0.269273,-0.299192,-0.299192
13725,-0.239354,-0.299192,-0.299192
13726,-0.209434,-0.269273,-0.269273
13727,-0.209434,-0.239354,-0.239354
13728,-0.209434,-0.239354,-0.239354
13729,-0.179515,-0.239354,-0.239354
13730,-0.179515,-0.239354,-0.239354
13731,-0.179515,-0.239354,-0.239354
13732,-0.179515,-0.239354,-0.239354
13733,-0.179515,-0.239354,-0.239354
13734,-0.209434,-0.239354,-0.239354
13735,-0.209434,-0.239354,-0.239354
13736,-0.209434,-0.239354,-0.239354
13737,-0.179515,-0.239354,-0.239354
13738,-0.149596,-0.179515,-0.179515
13739,-0.149596,-0.179515,-0.179515
13740,-0.149596,-0.209434,-0.209434
13741,-0.179515,-0.209434,-0.209434
13742,-0.209434,-0.239354,-0.239354
13743,-0.209434,-0.269273,-0.269273
13744,-0.239354,-0.269273,-0.269273
13745,-0.239354,-0.269273,-0.269273
13746,-0.209434,-0.269273,-0.269273
13747,-0.239354,-0.269273,-0.269273
13748,-0.239354,-0.269273,-0.269273
13749,-0.209434,-0.269273,-0.269273
13750,-0.209434,-0.269273,-0.269273
13751,-0.209434,-0.269273,-0.269273
13752,-0.209434,-0.269273,-0.269273
13753,-0.239354,-0.269273,-0.269273
13754,-0.269273,-0.329111,-0.299192
13755,-0.269273,-0.299192,-0.299192
13756,-0.269273,-0.299192,-0.299192
13757,-0.239354,-0.299192,-0.269273
13758,-0.209434,-0.269273,-0.269273
13759,-0.209434,-0.239354,-0.239354
13760,-0.179515,-0.239354,-0.239354
13761,-0.179515,-0.239354,-0.239354
13762,-0.179515,-0.239354,-0.239354
13763,-0.179515,-0.239354,-0.209434
13764,-0.179515,-0.239354,-0.239354
13765,-0.179515,-0.239354,-0.239354
13766,-0.209434,-0.239354,-0.239354
13767,-0.209434,-0.239354,-0.239354
13768,-0.209434,-0.239354,-0.239354
13769,-0.179515,-0.239354,-0.239354
13770,-0.149596,-0.179515,-0.179515
13771,-0.149596,-0.179515,-0.179515
13772,-0.149596,-0.209434,-0.209434
13773,-0.179515,-0.209434,-0.209434
13774,-0.209434,-0.239354,-0.239354
13775,-0.209434,-0.269273,-0.269273
13776,-0.239354,-0.269273,-0.269273
13777,-0.239354,-0.269273,-0.269273
13778,-0.209434,-0.269273,-0.269273
13779,-0.239354,-0.269273,-0.269273
13780,-0.239354,-0.269273,-0.269273
13781,-0.209434,-0.269273,-0.269273
13782,-0.209434,-0.269273,-0.269273
13783,-0.209434,-0.269273,-0.269273
13784,-0.209434,-0.269273,-0.239354
13785,-0.239354,-0.269273,-0.269273
13786,-0.269273,-0.299192,-0.299192
13787,-0.269273,-0.299192,-0.299192
13788,-0.269273,-0.299192,-0.299192
13789,-0.239354,-0.299192,-0.299192
13790,-0.209434,-0.269273,-0.239354
13791,-0.209434,-0.239354,-0.239354
13792,-0.179515,-0.239354,-0.239354
13793,-0.179515,-0.239354,-0.239354
13794,-0.179515,-0.239354,-0.239354
13795,-0.179515,-0.239354,-0.239354
13796,-0.179515,-0.239354,-0.239354
13797,-0.179515,-0.239354,-0.239354
13798,-0.209434,-0.239354,-0.239354
13799,-0.209434,-0.239354,-0.239354
13800,-0.209434,-0.239354,-0.239354
13801,-0.179515,-0.239354,-0.209434
13802,-0.149596,-0.179515,-0.179515
13803,-0.149596,-0.209434,-0.179515
13804,-0.149596,-0.209434,-0.209434
13805,-0.179515,-0.209434,-0.209434
13806,-0.209434,-0.239354,-0.239354
13807,-0.209434,-0.269273,-0.269273
13808,-0.239354,-0.269273,-0.269273
13809,-0.209434,-0.269273,-0.269273
13810,-0.239354,-0.269273,-0.269273
13811,-0.239354,-0.269273,-0.269273
13812,-0.209434,-0.269273,-0.269273
13813,-0.209434,-0.269273,-0.269273
13814,-0.209434,-0.269273,-0.269273
13815,-0.209434,-0.269273,-0.269273
13816,-0.209434,-0.269273,-0.239354
13817,-0.239354,-0.269273,-0.269273
13818,-0.269273,-0.299192,-0.299192
13819,-0.269273,-0.299192,-0.299192
13820,-0.239354,-0.299192,-0.299192
13821,-0.239354,-0.269273,-0.269273
13822,-0.209434,-0.239354,-0.239354
13823,-0.209434,-0.239354,-0.239354
13824,-0.179515,-0.239354,-0.239354
13825,-0.179515,-0.239354,-0.239354
13826,-0.179515,-0.239354,-0.239354
13827,-0.179515,-0.239354,-0.239354
13828,-0.179515,-0.239354,-0.239354
13829,-0.209434,-0.239354,-0.239354
13830,-0.209434,-0.239354,-0.239354
13831,-0.209434,-0.239354,-0.239354
13832,-0.209434,-0.239354,-0.239354
13833,-0.179515,-0.239354,-0.239354
13834,-0.149596,-0.209434,-0.179515
13835,-0.149596,-0.209434,-0.209434
13836,-0.179515,-0.209434,-0.209434
13837,-0.179515,-0.239354,-0.239354
13838,-0.209434,-0.269273,-0.239354
13839,-0.209434,-0.269273,-0.269273
13840,-0.209434,-0.269273,-0.269273
13841,-0.209434,-0.269273,-0.269273
13842,-0.209434,-0.269273,-0.269273
13843,-0.239354,-0.269273,-0.269273
13844,-0.209434,-0.269273,-0.269273
13845,-0.209434,-0.269273,-0.269273
13846,-0.209434,-0.269273,-0.269273
13847,-0.209434,-0.269273,-0.239354
13848,-0.209434,-0.269273,-0.239354
13849,-0.239354,-0.269273,-0.269273
13850,-0.269273,-0.299192,-0.299192
13851,-0.269273,-0.299192,-0.299192
13852,-0.239354,-0.299192,-0.269273
13853,-0.239354,-0.269273,-0.269273
13854,-0.209434,-0.239354,-0.239354
13855,-0.179515,-0.239354,-0.239354
13856,-0.179515,-0.239354,-0.239354
13857,-0.179515,-0.239354,-0.239354
13858,-0.179515,-0.239354,-0.239354
13859,-0.179515,-0.239354,-0.239354
13860,-0.179515,-0.239354,-0.239354
13861,-0.179515,-0.239354,-0.239354
13862,-0.209434,-0.239354,-0.239354
13863,-0.209434,-0.239354,-0.239354
13864,-0.179515,-0.239354,-0.239354
13865,-0.179515,-0.239354,-0.209434
13866,-0.149596,-0.179515,-0.179515
13867,-0.149596,-0.209434,-0.209434
13868,-0.179515,-0.209434,-0.209434
13869,-0.179515,-0.239354,-0.239354
13870,-0.209434,-0.269273,-0.239354
13871,-0.209434,-0.269273,-0.269273
13872,-0.209434,-0.269273,-0.269273
13873,-0.209434,-0.269273,-0.269273
13874,-0.209434,-0.269273,-0.269273
13875,-0.209434,-0.269273,-0.269273
13876,-0.209434,-0.269273,-0.269273
13877,-0.209434,-0.269273,-0.269273
13878,-0.209434,-0.269273,-0.269273
13879,-0.209434,-0.269273,-0.269273
13880,-0.209434,-0.239354,-0.239354
13881,-0.239354,-0.269273,-0.269273
13882,-0.269273,-0.299192,-0.299192
13883,-0.239354,-0.299192,-0.299192
13884,-0.239354,-0.299192,-0.299192
13885,-0.209434,-0.269273,-0.269273
13886,-0.209434,-0.239354,-0.239354
13887,-0.179515,-0.239354,-0.239354
13888,-0.179515,-0.239354,-0.239354
13889,-0.179515,-0.239354,-0.239354
13890,-0.179515,-0.239354,-0.239354
13891,-0.179515,-0.239354,-0.239354
13892,-0.179515,-0.239354,-0.239354
13893,-0.209434,-0.239354,-0.239354
13894,-0.209434,-0.239354,-0.239354
13895,-0.209434,-0.239354,-0.239354
13896,-0.209434,-0.239354,-0.239354
13897,-0.179515,-0.239354,-0.209434
13898,-0.149596,-0.209434,-0.179515
13899,-0.149596,-0.209434,-0.209434
13900,-0.179515,-0.209434,-0.209434
13901,-0.179515,-0.239354,-0.239354
13902,-0.209434,-0.239354,-0.239354
13903,-0.209434,-0.269273,-0.269273
13904,-0.209434,-0.269273,-0.269273
13905,-0.209434,-0.269273,-0.269273
13906,-0.209434,-0.269273,-0.269273
13907,-0.209434,-0.269273,-0.269273
13908,-0.209434,-0.269273,-0.269273
13909,-0.209434,-0.269273,-0.269273
13910,-0.209434,-0.269273,-0.239354
13911,-0.209434,-0.269273,-0.239354
13912,-0.209434,-0.239354,-0.239354
13913,-0.209434,-0.269273,-0.269273
13914,-0.269273,-0.299192,-0.299192
13915,-0.239354,-0.299192,-0.299192
13916,-0.239354,-0.299192,-0.269273
13917,-0.209434,-0.269273,-0.269273
13918,-0.209434,-0.239354,-0.239354
13919,-0.179515,-0.239354,-0.239354
13920,-0.179515,-0.239354,-0.239354
13921,-0.179515,-0.239354,-0.239354
13922,-0.179515,-0.239354,-0.209434
13923,-0.179515,-0.239354,-0.239354
13924,-0.179515,-0.239354,-0.239354
13925,-0.209434,-0.239354,-0.239354
13926,-0.209434,-0.239354,-0.239354
13927,-0.209434,-0.239354,-0.239354
13928,-0.209434,-0.239354,-0.239354
13929,-0.179515,-0.239354,-0.239354
13930,-0.149596,-0.179515,-0.179515
13931,-0.149596,-0.209434,-0.209434
13932,-0.179515,-0.209434,-0.209434
13933,-0.179515,-0.239354,-0.239354
13934,-0.209434,-0.239354,-0.269273
13935,-0.209434,-0.269273,-0.269273
13936,-0.209434,-0.269273,-0.269273
13937,-0.209434,-0.269273,-0.269273
13938,-0.209434,-0.269273,-0.269273
13939,-0.209434,-0.269273,-0.269273
13940,-0.209434,-0.269273,-0.269273
13941,-0.209434,-0.269273,-0.269273
13942,-0.209434,-0.269273,-0.269273
13943,-0.209434,-0.269273,-0.269273
13944,-0.209434,-0.239354,-0.239354
13945,-0.239354,-0.269273,-0.269273
13946,-0.269273,-0.299192,-0.299192
13947,-0.239354,-0.299192,-0.299192
13948,-0.239354,-0.269273,-0.269273
13949,-0.209434,-0.269273,-0.269273
13950,-0.209434,-0.239354,-0.239354
13951,-0.179515,-0.239354,-0.239354
13952,-0.179515,-0.239354,-0.239354
13953,-0.179515,-0.239354,-0.239354
13954,-0.179515,-0.239354,-0.239354
13955,-0.179515,-0.239354,-0.239354
13956,-0.179515,-0.239354,-0.239354
13957,-0.179515,-0.239354,-0.239354
13958,-0.209434,-0.239354,-0.239354
13959,-0.209434,-0.239354,-0.239354
13960,-0.209434,-0.239354,-0.239354
13961,-0.179515,-0.239354,-0.209434
13962,-0.149596,-0.179515,-0.179515
13963,-0.149596,-0.209434,-0.209434
13964,-0.179515,-0.209434,-0.209434
13965,-0.179515,-0.239354,-0.239354
13966,-0.209434,-0.269273,-0.269273
13967,-0.209434,-0.269273,-0.269273
13968,-0.209434,-0.269273,-0.269273
13969,-0.209434,-0.269273,-0.269273
13970,-0.209434,-0.269273,-0.269273
13971,-0.239354,-0.269273,-0.269273
13972,-0.209434,-0.269273,-0.269273
13973,-0.209434,-0.269273,-0.269273
13974,-0.209434,-0.269273,-0.269273
13975,-0.209434,-0.269273,-0.269273
13976,-0.209434,-0.269273,-0.239354
13977,-0.239354,-0.269273,-0.269273
13978,-0.239354,-0.299192,-0.299192
13979,-0.239354,-0.299192,-0.299192
13980,-0.239354,-0.269273,-0.269273
13981,-0.209434,-0.269273,-0.269273
13982,-0.209434,-0.239354,-0.239354
13983,-0.179515,-0.239354,-0.239354
13984,-0.179515,-0.239354,-0.239354
13985,-0.179515,-0.239354,-0.239354
13986,-0.179515,-0.239354,-0.239354
13987,-0.179515,-0.239354,-0.239354
13988,-0.179515,-0.239354,-0.239354
13989,-0.179515,-0.239354,-0.239354
13990,-0.209434,-0.239354,-0.239354
13991,-0.209434,-0.239354,-0.239354
13992,-0.209434,-0.239354,-0.239354
13993,-0.179515,-0.239354,-0.209434
13994,-0.149596,-0.179515,-0.209434
13995,-0.149596,-0.209434,-0.209434
13996,-0.179515,-0.209434,-0.209434
13997,-0.179515,-0.239354,-0.239354
13998,-0.209434,-0.269273,-0.269273
13999,-0.209434,-0.269273,-0.269273
14000,-0.239354,-0.269273,-0.269273
14001,-0.209434,-0.269273,-0.269273
14002,-0.209434,-0.269273,-0.269273
14003,-0.209434,-0.269273,-0.269273
14004,-0.209434,-0.269273,-0.269273
14005,-0.209434,-0.269273,-0.269273
14006,-0.209434,-0.269273,-0.269273
14007,-0.209434,-0.269273,-0.269273
14008,-0.209434,-0.239354,-0.269273
14009,-0.239354,-0.269273,-0.269273
14010,-0.239354,-0.299192,-0.299192
14011,-0.239354,-0.299192,-0.299192
14012,-0.239354,-0.299192,-0.269273
14013,-0.209434,-0.269273,-0.269273
14014,-0.209434,-0.239354,-0.239354
14015,-0.179515,-0.239354,-0.239354
14016,-0.179515,-0.239354,-0.239354
14017,-0.179515,-0.239354,-0.239354
14018,-0.179515,-0.239354,-0.239354
14019,-0.179515,-0.239354,-0.239354
14020,-0.179515,-0.239354,-0.239354
14021,-0.179515,-0.239354,-0.239354
14022,-0.179515,-0.239354,-0.239354
14023,-0.179515,-0.239354,-0.239354
14024,-0.209434,-0.239354,-0.239354
14025,-0.179515,-0.239354,-0.209434
14026,-0.149596,-0.209434,-0.179515
14027,-0.149596,-0.209434,-0.209434
14028,-0.179515,-0.209434,-0.209434
14029,-0.179515,-0.239354,-0.239354
14030,-0.209434,-0.269273,-0.269273
14031,-0.239354,-0.269273,-0.269273
14032,-0.209434,-0.269273,-0.269273
14033,-0.209434,-0.269273,-0.269273
14034,-0.209434,-0.269273,-0.269273
14035,-0.209434,-0.269273,-0.269273
14036,-0.209434,-0.269273,-0.269273
14037,-0.209434,-0.269273,-0.269273
14038,-0.209434,-0.269273,-0.269273
14039,-0.209434,-0.269273,-0.269273
14040,-0.209434,-0.269273,-0.239354
14041,-0.239354,-0.269273,-0.269273
14042,-0.239354,-0.299192,-0.299192
14043,-0.239354,-0.299192,-0.299192
14044,-0.239354,-0.269273,-0.299192
14045,-0.209434,-0.269273,-0.269273
14046,-0.209434,-0.239354,-0.239354
14047,-0.179515,-0.239354,-0.239354
14048,-0.179515,-0.239354,-0.239354
14049,-0.179515,-0.239354,-0.239354
14050,-0.179515,-0.239354,-0.239354
14051,-0.179515,-0.239354,-0.239354
14052,-0.179515,-0.239354,-0.239354
14053,-0.209434,-0.239354,-0.239354
14054,-0.209434,-0.239354,-0.239354
14055,-0.209434,-0.239354,-0.239354
14056,-0.179515,-0.239354,-0.239354
14057,-0.179515,-0.209434,-0.209434
14058,-0.149596,-0.179515,-0.179515
14059,-0.149596,-0.209434,-0.209434
14060,-0.149596,-0.209434,-0.209434
14061,-0.179515,-0.239354,-0.239354
14062,-0.209434,-0.269273,-0.269273
14063,-0.209434,-0.269273,-0.269273
14064,-0.209434,-0.269273,-0.269273
14065,-0.209434,-0.269273,-0.269273
14066,-0.209434,-0.269273,-0.269273
14067,-0.209434,-0.269273,-0.269273
14068,-0.209434,-0.269273,-0.269273
14069,-0.209434,-0.269273,-0.269273
14070,-0.209434,-0.269273,-0.239354
14071,-0.209434,-0.239354,-0.239354
14072,-0.209434,-0.269273,-0.239354
14073,-0.239354,-0.269273,-0.269273
14074,-0.269273,-0.299192,-0.299192
14075,-0.239354,-0.299192,-0.299192
14076,-0.239354,-0.299192,-0.269273
14077,-0.209434,-0.269273,-0.269273
14078,-0.209434,-0.239354,-0.239354
14079,-0.179515,-0.239354,-0.239354
14080,-0.179515,-0.239354,-0.239354
14081,-0.179515,-0.239354,-0.239354
14082,-0.179515,-0.239354,-0.239354
14083,-0.179515,-0.239354,-0.239354
14084,-0.179515,-0.239354,-0.239354
14085,-0.209434,-0.239354,-0.239354
14086,-0.179515,-0.239354,-0.239354
14087,-0.209434,-0.239354,-0.239354
14088,-0.209434,-0.239354,-0.239354
14089,-0.179515,-0.209434,-0.209434
14090,-0.149596,-0.179515,-0.179515
14091,-0.149596,-0.209434,-0.209434
14092,-0.179515,-0.209434,-0.209434
14093,-0.179515,-0.239354,-0.239354
14094,-0.209434,-0.269273,-0.269273
14095,-0.209434,-0.269273,-0.269273
14096,-0.209434,-0.269273,-0.269273
14097,-0.209434,-0.269273,-0.269273
14098,-0.209434,-0.269273,-0.269273
14099,-0.209434,-0.269273,-0.269273
14100,-0.209434,-0.269273,-0.269273
14101,-0.209434,-0.269273,-0.269273
14102,-0.209434,-0.269273,-0.239354
14103,-0.209434,-0.269273,-0.239354
14104,-0.209434,-0.269273,-0.239354
14105,-0.239354,-0.269273,-0.269273
14106,-0.269273,-0.299192,-0.299192
14107,-0.239354,-0.299192,-0.299192
14108,-0.239354,-0.299192,-0.269273
14109,-0.209434,-0.269273,-0.269273
14110,-0.209434,-0.239354,-0.239354
14111,-0.179515,-0.239354,-0.239354
14112,-0.179515,-0.239354,-0.239354
14113,-0.179515,-0.239354,-0.239354
14114,-0.179515,-0.239354,-0.239354
14115,-0.179515,-0.239354,-0.239354
14116,-0.179515,-0.239354,-0.239354
14117,-0.179515,-0.239354,-0.239354
14118,-0.209434,-0.239354,-0.239354
14119,-0.179515,-0.239354,-0.239354
14120,-0.209434,-0.239354,-0.239354
14121,-0.179515,-0.209434,-0.209434
14122,-0.149596,-0.179515,-0.179515
14123,-0.149596,-0.209434,-0.209434
14124,-0.179515,-0.209434,-0.209434
14125,-0.179515,-0.239354,-0.239354
14126,-0.209434,-0.269273,-0.269273
14127,-0.209434,-0.269273,-0.269273
14128,-0.239354,-0.269273,-0.269273
14129,-0.209434,-0.269273,-0.269273
14130,-0.209434,-0.269273,-0.269273
14131,-0.209434,-0.269273,-0.269273
14132,-0.209434,-0.269273,-0.269273
14133,-0.209434,-0.269273,-0.269273
14134,-0.209434,-0.269273,-0.269273
14135,-0.209434,-0.269273,-0.239354
14136,-0.209434,-0.239354,-0.239354
14137,-0.239354,-0.269273,-0.269273
14138,-0.269273,-0.299192,-0.299192
14139,-0.239354,-0.299192,-0.299192
14140,-0.239354,-0.269273,-0.269273
14141,-0.209434,-0.269273,-0.269273
14142,-0.179515,-0.239354,-0.239354
14143,-0.179515,-0.239354,-0.239354
14144,-0.179515,-0.239354,-0.239354
14145,-0.179515,-0.239354,-0.209434
14146,-0.179515,-0.239354,-0.239354
14147,-0.179515,-0.239354,-0.239354
14148,-0.179515,-0.239354,-0.239354
14149,-0.179515,-0.239354,-0.239354
14150,-0.179515,-0.239354,-0.239354
14151,-0.179515,-0.239354,-0.239354
14152,-0.209434,-0.239354,-0.239354
14153,-0.179515,-0.209434,-0.209434
14154,-0.149596,-0.179515,-0.179515
14155,-0.149596,-0.209434,-0.209434
14156,-0.179515,-0.209434,-0.209434
14157,-0.179515,-0.239354,-0.239354
14158,-0.209434,-0.269273,-0.269273
14159,-0.209434,-0.269273,-0.269273
14160,-0.209434,-0.269273,-0.269273
14161,-0.209434,-0.269273,-0.269273
14162,-0.209434,-0.269273,-0.269273
14163,-0.209434,-0.269273,-0.269273
14164,-0.209434,-0.269273,-0.269273
14165,-0.209434,-0.269273,-0.239354
14166,-0.209434,-0.269273,-0.269273
14167,-0.209434,-0.269273,-0.239354
14168,-0.209434,-0.239354,-0.239354
14169,-0.239354,-0.269273,-0.269273
14170,-0.269273,-0.299192,-0.299192
14171,-0.239354,-0.299192,-0.299192
14172,-0.239354,-0.269273,-0.269273
14173,-0.209434,-0.269273,-0.269273
14174,-0.179515,-0.239354,-0.239354
14175,-0.179515,-0.239354,-0.239354
14176,-0.179515,-0.209434,-0.239354
14177,-0.179515,-0.209434,-0.209434
14178,-0.179515,-0.239354,-0.239354
14179,-0.179515,-0.239354,-0.239354
14180,-0.179515,-0.239354,-0.239354
14181,-0.179515,-0.239354,-0.239354
14182,-0.179515,-0.239354,-0.239354
14183,-0.209434,-0.239354,-0.239354
14184,-0.179515,-0.239354,-0.239354
14185,-0.149596,-0.209434,-0.209434
14186,-0.149596,-0.179515,-0.179515
14187,-0.149596,-0.209434,-0.209434
14188,-0.179515,-0.209434,-0.209434
14189,-0.179515,-0.239354,-0.239354
14190,-0.209434,-0.269273,-0.269273
14191,-0.209434,-0.269273,-0.269273
14192,-0.209434,-0.269273,-0.269273
14193,-0.209434,-0.269273,-0.269273
14194,-0.209434,-0.269273,-0.269273
14195,-0.209434,-0.269273,-0.269273
14196,-0.209434,-0.269273,-0.269273
14197,-0.209434,-0.269273,-0.239354
14198,-0.209434,-0.269273,-0.239354
14199,-0.209434,-0.239354,-0.239354
14200,-0.209434,-0.239354,-0.239354
14201,-0.239354,-0.269273,-0.269273
14202,-0.269273,-0.299192,-0.299192
14203,-0.239354,-0.299192,-0.299192
14204,-0.239354,-0.269273,-0.269273
14205,-0.209434,-0.269273,-0.269273
14206,-0.179515,-0.239354,-0.239354
14207,-0.179515,-0.239354,-0.239354
14208,-0.179515,-0.239354,-0.239354
14209,-0.179515,-0.239354,-0.239354
14210,-0.179515,-0.209434,-0.239354
14211,-0.179515,-0.209434,-0.239354
14212,-0.179515,-0.239354,-0.239354
14213,-0.179515,-0.239354,-0.239354
14214,-0.179515,-0.239354,-0.239354
14215,-0.179515,-0.239354,-0.239354
14216,-0.179515,-0.239354,-0.239354
14217,-0.179515,-0.209434,-0.209434
14218,-0.149596,-0.179515,-0.179515
14219,-0.149596,-0.209434,-0.209434
14220,-0.179515,-0.209434,-0.209434
14221,-0.179515,-0.239354,-0.239354
14222,-0.209434,-0.269273,-0.269273
14223,-0.209434,-0.269273,-0.269273
14224,-0.209434,-0.269273,-0.269273
14225,-0.209434,-0.269273,-0.269273
14226,-0.209434,-0.269273,-0.269273
14227,-0.209434,-0.269273,-0.269273
14228,-0.209434,-0.269273,-0.269273
14229,-0.209434,-0.269273,-0.269273
14230,-0.209434,-0.239354,-0.239354
14231,-0.209434,-0.239354,-0.239354
14232,-0.209434,-0.269273,-0.239354
14233,-0.239354,-0.269273,-0.269273
14234,-0.239354,-0.299192,-0.299192
14235,-0.239354,-0.299192,-0.299192
14236,-0.239354,-0.269273,-0.269273
14237,-0.209434,-0.269273,-0.269273
14238,-0.179515,-0.239354,-0.239354
14239,-0.179515,-0.239354,-0.239354
14240,-0.179515,-0.239354,-0.209434
14241,-0.179515,-0.209434,-0.209434
14242,-0.179515,-0.239354,-0.239354
14243,-0.179515,-0.239354,-0.239354
14244,-0.179515,-0.239354,-0.239354
14245,-0.179515,-0.239354,-0.239354
14246,-0.179515,-0.239354,-0.239354
14247,-0.179515,-0.239354,-0.239354
14248,-0.179515,-0.239354,-0.239354
14249,-0.149596,-0.209434,-0.209434
14250,-0.149596,-0.179515,-0.179515
14251,-0.149596,-0.209434,-0.209434
14252,-0.179515,-0.209434,-0.209434
14253,-0.179515,-0.239354,-0.239354
14254,-0.209434,-0.269273,-0.269273
14255,-0.209434,-0.269273,-0.269273
14256,-0.209434,-0.269273,-0.269273
14257,-0.209434,-0.269273,-0.269273
14258,-0.209434,-0.269273,-0.269273
14259,-0.209434,-0.269273,-0.269273
14260,-0.209434,-0.269273,-0.269273
14261,-0.209434,-0.239354,-0.239354
14262,-0.209434,-0.239354,-0.239354
14263,-0.209434,-0.239354,-0.239354
14264,-0.209434,-0.239354,-0.239354
14265,-0.239354,-0.269273,-0.269273
14266,-0.239354,-0.299192,-0.299192
14267,-0.239354,-0.299192,-0.299192
14268,-0.239354,-0.269273,-0.269273
14269,-0.209434,-0.269273,-0.269273
14270,-0.179515,-0.239354,-0.239354
14271,-0.179515,-0.239354,-0.209434
14272,-0.179515,-0.209434,-0.209434
14273,-0.179515,-0.209434,-0.209434
14274,-0.179515,-0.209434,-0.239354
14275,-0.179515,-0.209434,-0.239354
14276,-0.179515,-0.239354,-0.239354
14277,-0.179515,-0.239354,-0.239354
14278,-0.179515,-0.239354,-0.239354
14279,-0.179515,-0.239354,-0.239354
14280,-0.179515,-0.239354,-0.239354
14281,-0.149596,-0.209434,-0.209434
14282,-0.149596,-0.179515,-0.179515
14283,-0.149596,-0.209434,-0.209434
14284,-0.179515,-0.209434,-0.209434
14285,-0.179515,-0.239354,-0.239354
14286,-0.209434,-0.269273,-0.269273
14287,-0.209434,-0.269273,-0.269273
14288,-0.209434,-0.269273,-0.269273
14289,-0.209434,-0.269273,-0.269273
14290,-0.209434,-0.269273,-0.269273
14291,-0.209434,-0.269273,-0.269273
14292,-0.209434,-0.269273,-0.269273
14293,-0.209434,-0.269273,-0.239354
14294,-0.209434,-0.239354,-0.239354
14295,-0.209434,-0.239354,-0.239354
14296,-0.209434,-0.239354,-0.239354
14297,-0.239354,-0.299192,-0.269273
14298,-0.269273,-0.299192,-0.299192
14299,-0.239354,-0.299192,-0.299192
14300,-0.239354,-0.269273,-0.269273
14301,-0.209434,-0.269273,-0.239354
14302,-0.179515,-0.239354,-0.239354
14303,-0.179515,-0.239354,-0.209434
14304,-0.179515,-0.209434,-0.209434
14305,-0.179515,-0.209434,-0.209434
14306,-0.179515,-0.239354,-0.209434
14307,-0.179515,-0.239354,-0.209434
14308,-0.179515,-0.239354,-0.239354
14309,-0.179515,-0.239354,-0.239354
14310,-0.179515,-0.239354,-0.239354
14311,-0.179515,-0.239354,-0.239354
14312,-0.179515,-0.239354,-0.239354
14313,-0.149596,-0.209434,-0.209434
14314,-0.149596,-0.179515,-0.179515
14315,-0.149596,-0.209434,-0.209434
14316,-0.149596,-0.209434,-0.209434
14317,-0.179515,-0.239354,-0.239354
14318,-0.209434,-0.239354,-0.239354
14319,-0.209434,-0.269273,-0.269273
14320,-0.209434,-0.269273,-0.269273
14321,-0.209434,-0.269273,-0.269273
14322,-0.209434,-0.269273,-0.269273
14323,-0.209434,-0.269273,-0.269273
14324,-0.209434,-0.269273,-0.239354
14325,-0.209434,-0.269273,-0.239354
14326,-0.209434,-0.239354,-0.239354
14327,-0.209434,-0.239354,-0.239354
14328,-0.209434,-0.239354,-0.239354
14329,-0.239354,-0.269273,-0.269273
14330,-0.239354,-0.299192,-0.299192
14331,-0.239354,-0.299192,-0.269273
14332,-0.239354,-0.269273,-0.269273
14333,-0.209434,-0.269273,-0.239354
14334,-0.179515,-0.239354,-0.239354
14335,-0.179515,-0.209434,-0.239354
14336,-0.179515,-0.209434,-0.209434
14337,-0.179515,-0.239354,-0.209434
14338,-0.179515,-0.239354,-0.209434
14339,-0.179515,-0.239354,-0.209434
14340,-0.179515,-0.239354,-0.239354
14341,-0.179515,-0.239354,-0.239354
14342,-0.179515,-0.239354,-0.239354
14343,-0.179515,-0.239354,-0.239354
14344,-0.209434,-0.239354,-0.239354
14345,-0.149596,-0.209434,-0.209434
14346,-0.149596,-0.179515,-0.179515
14347,-0.149596,-0.209434,-0.209434
14348,-0.149596,-0.209434,-0.209434
14349,-0.179515,-0.239354,-0.239354
14350,-0.209434,-0.269273,-0.239354
14351,-0.209434,-0.269273,-0.269273
14352,-0.209434,-0.269273,-0.269273
14353,-0.209434,-0.269273,-0.239354
14354,-0.209434,-0.269273,-0.269273
14355,-0.209434,-0.269273,-0.269273
14356,-0.209434,-0.269273,-0.269273
14357,-0.209434,-0.239354,-0.239354
14358,-0.209434,-0.239354,-0.239354
14359,-0.209434,-0.239354,-0.239354
14360,-0.209434,-0.239354,-0.239354
14361,-0.239354,-0.269273,-0.269273
14362,-0.239354,-0.299192,-0.299192
14363,-0.239354,-0.299192,-0.299192
14364,-0.239354,-0.269273,-0.269273
14365,-0.209434,-0.269273,-0.239354
14366,-0.179515,-0.239354,-0.239354
14367,-0.179515,-0.239354,-0.239354
14368,-0.179515,-0.239354,-0.209434
14369,-0.179515,-0.209434,-0.209434
14370,-0.179515,-0.209434,-0.209434
14371,-0.179515,-0.209434,-0.209434
14372,-0.179515,-0.239354,-0.239354
14373,-0.179515,-0.239354,-0.239354
14374,-0.179515,-0.239354,-0.239354
14375,-0.179515,-0.239354,-0.239354
14376,-0.179515,-0.239354,-0.239354
14377,-0.149596,-0.209434,-0.209434
14378,-0.119677,-0.179515,-0.179515
14379,-0.149596,-0.209434,-0.209434
14380,-0.149596,-0.209434,-0.209434
14381,-0.179515,-0.239354,-0.239354
14382,-0.209434,-0.269273,-0.269273
14383,-0.209434,-0.269273,-0.269273
14384,-0.209434,-0.269273,-0.269273
14385,-0.209434,-0.269273,-0.269273
14386,-0.209434,-0.269273,-0.269273
14387,-0.209434,-0.269273,-0.239354
14388,-0.209434,-0.269273,-0.239354
14389,-0.209434,-0.239354,-0.239354
14390,-0.209434,-0.239354,-0.239354
14391,-0.209434,-0.239354,-0.239354
14392,-0.209434,-0.239354,-0.239354
14393,-0.239354,-0.299192,-0.269273
14394,-0.239354,-0.299192,-0.299192
14395,-0.239354,-0.269273,-0.269273
14396,-0.239354,-0.269273,-0.269273
14397,-0.209434,-0.269273,-0.239354
14398,-0.179515,-0.239354,-0.239354
14399,-0.179515,-0.209434,-0.239354
14400,-0.179515,-0.209434,-0.209434
14401,-0.179515,-0.209434,-0.209434
14402,-0.179515,-0.209434,-0.209434
14403,-0.179515,-0.209434,-0.209434
14404,-0.179515,-0.239354,-0.239354
14405,-0.179515,-0.239354,-0.239354
14406,-0.179515,-0.239354,-0.239354
14407,-0.179515,-0.239354,-0.239354
14408,-0.179515,-0.239354,-0.239354
14409,-0.149596,-0.209434,-0.179515
14410,-0.149596,-0.179515,-0.179515
14411,-0.149596,-0.209434,-0.209434
14412,-0.179515,-0.209434,-0.209434
14413,-0.179515,-0.239354,-0.239354
14414,-0.209434,-0.269273,-0.269273
14415,-0.209434,-0.269273,-0.269273
14416,-0.209434,-0.269273,-0.269273
14417,-0.209434,-0.269273,-0.269273
14418,-0.209434,-0.269273,-0.269273
14419,-0.209434,-0.269273,-0.269273
14420,-0.209434,-0.269273,-0.239354
14421,-0.209434,-0.239354,-0.239354
14422,-0.209434,-0.239354,-0.239354
14423,-0.209434,-0.239354,-0.239354
14424,-0.209434,-0.239354,-0.239354
14425,-0.239354,-0.269273,-0.269273
14426,-0.239354,-0.299192,-0.299192
14427,-0.239354,-0.299192,-0.269273
14428,-0.209434,-0.269273,-0.269273
14429,-0.209434,-0.269273,-0.239354
14430,-0.179515,-0.239354,-0.239354
14431,-0.179515,-0.239354,-0.209434
14432,-0.179515,-0.209434,-0.209434
14433,-0.179515,-0.209434,-0.209434
14434,-0.179515,-0.239354,-0.239354
14435,-0.179515,-0.209434,-0.209434
14436,-0.179515,-0.239354,-0.209434
14437,-0.179515,-0.239354,-0.239354
14438,-0.179515,-0.239354,-0.239354
14439,-0.179515,-0.239354,-0.239354
14440,-0.179515,-0.239354,-0.239354
14441,-0.149596,-0.209434,-0.179515
14442,-0.149596,-0.179515,-0.179515
14443,-0.149596,-0.209434,-0.179515
14444,-0.179515,-0.209434,-0.209434
14445,-0.179515,-0.239354,-0.239354
14446,-0.209434,-0.269273,-0.239354
14447,-0.209434,-0.269273,-0.269273
14448,-0.209434,-0.269273,-0.269273
14449,-0.209434,-0.269273,-0.239354
14450,-0.209434,-0.269273,-0.239354
14451,-0.209434,-0.269273,-0.269273
14452,-0.209434,-0.239354,-0.239354
14453,-0.209434,-0.239354,-0.239354
14454,-0.209434,-0.239354,-0.239354
14455,-0.209434,-0.239354,-0.239354
14456,-0.209434,-0.239354,-0.239354
14457,-0.239354,-0.299192,-0.269273
14458,-0.239354,-0.299192,-0.299192
14459,-0.239354,-0.299192,-0.299192
14460,-0.209434,-0.269273,-0.269273
14461,-0.209434,-0.239354,-0.239354
14462,-0.179515,-0.239354,-0.239354
14463,-0.179515,-0.239354,-0.239354
14464,-0.179515,-0.239354,-0.209434
14465,-0.179515,-0.239354,-0.209434
14466,-0.179515,-0.239354,-0.209434
14467,-0.179515,-0.209434,-0.209434
14468,-0.179515,-0.239354,-0.239354
14469,-0.179515,-0.239354,-0.239354
14470,-0.179515,-0.239354,-0.239354
14471,-0.179515,-0.239354,-0.239354
14472,-0.179515,-0.239354,-0.239354
14473,-0.149596,-0.209434,-0.209434
14474,-0.149596,-0.179515,-0.179515
14475,-0.149596,-0.209434,-0.209434
14476,-0.179515,-0.209434,-0.209434
14477,-0.179515,-0.239354,-0.239354
14478,-0.209434,-0.239354,-0.239354
14479,-0.209434,-0.269273,-0.269273
14480,-0.209434,-0.269273,-0.269273
14481,-0.209434,-0.269273,-0.269273
14482,-0.209434,-0.269273,-0.269273
14483,-0.209434,-0.269273,-0.269273
14484,-0.209434,-0.269273,-0.239354
14485,-0.209434,-0.269273,-0.239354
14486,-0.209434,-0.239354,-0.239354
14487,-0.209434,-0.239354,-0.239354
14488,-0.209434,-0.239354,-0.239354
14489,-0.239354,-0.269273,-0.269273
14490,-0.239354,-0.299192,-0.299192
14491,-0.239354,-0.299192,-0.269273
14492,-0.239354,-0.269273,-0.269273
14493,-0.209434,-0.239354,-0.239354
14494,-0.179515,-0.239354,-0.239354
14495,-0.179515,-0.239354,-0.209434
14496,-0.179515,-0.209434,-0.209434
14497,-0.179515,-0.209434,-0.209434
14498,-0.179515,-0.239354,-0.239354
14499,-0.179515,-0.209434,-0.209434
14500,-0.179515,-0.239354,-0.209434
14501,-0.179515,-0.239354,-0.239354
14502,-0.179515,-0.239354,-0.239354
14503,-0.179515,-0.239354,-0.239354
14504,-0.179515,-0.239354,-0.239354
14505,-0.149596,-0.209434,-0.209434
14506,-0.119677,-0.179515,-0.179515
14507,-0.149596,-0.209434,-0.209434
14508,-0.149596,-0.209434,-0.209434
14509,-0.179515,-0.239354,-0.239354
14510,-0.209434,-0.239354,-0.269273
14511,-0.209434,-0.269273,-0.269273
14512,-0.209434,-0.269273,-0.269273
14513,-0.209434,-0.269273,-0.269273
14514,-0.209434,-0.269273,-0.269273
14515,-0.209434,-0.269273,-0.269273
14516,-0.209434,-0.239354,-0.239354
14517,-0.209434,-0.239354,-0.239354
14518,-0.209434,-0.239354,-0.239354
14519,-0.209434,-0.239354,-0.239354
14520,-0.209434,-0.239354,-0.239354
14521,-0.239354,-0.299192,-0.269273
14522,-0.239354,-0.299192,-0.299192
14523,-0.239354,-0.299192,-0.269273
14524,-0.209434,-0.269273,-0.269273
14525,-0.209434,-0.239354,-0.239354
14526,-0.179515,-0.239354,-0.239354
14527,-0.179515,-0.239354,-0.209434
14528,-0.179515,-0.239354,-0.209434
14529,-0.179515,-0.239354,-0.209434
14530,-0.179515,-0.209434,-0.209434
14531,-0.179515,-0.209434,-0.209434
14532,-0.179515,-0.239354,-0.209434
14533,-0.179515,-0.239354,-0.239354
14534,-0.179515,-0.239354,-0.239354
14535,-0.179515,-0.239354,-0.239354
14536,-0.179515,-0.239354,-0.239354
14537,-0.149596,-0.179515,-0.179515
14538,-0.149596,-0.179515,-0.179515
14539,-0.149596,-0.209434,-0.209434
14540,-0.149596,-0.209434,-0.209434
14541,-0.179515,-0.239354,-0.239354
14542,-0.209434,-0.269273,-0.239354
14543,-0.209434,-0.269273,-0.269273
14544,-0.209434,-0.269273,-0.239354
14545,-0.209434,-0.269273,-0.239354
14546,-0.209434,-0.269273,-0.269273
14547,-0.209434,-0.269273,-0.269273
14548,-0.209434,-0.269273,-0.239354
14549,-0.209434,-0.239354,-0.239354
14550,-0.209434,-0.239354,-0.239354
14551,-0.209434,-0.239354,-0.239354
14552,-0.209434,-0.239354,-0.239354
14553,-0.239354,-0.299192,-0.269273
14554,-0.239354,-0.299192,-0.299192
14555,-0.239354,-0.299192,-0.269273
14556,-0.239354,-0.269273,-0.269273
14557,-0.209434,-0.239354,-0.239354
14558,-0.179515,-0.239354,-0.239354
14559,-0.179515,-0.209434,-0.209434
14560,-0.179515,-0.209434,-0.209434
14561,-0.179515,-0.209434,-0.209434
14562,-0.179515,-0.209434,-0.209434
14563,-0.179515,-0.209434,-0.209434
14564,-0.179515,-0.239354,-0.239354
14565,-0.179515,-0.239354,-0.239354
14566,-0.179515,-0.239354,-0.239354
14567,-0.179515,-0.239354,-0.239354
14568,-0.179515,-0.239354,-0.239354
14569,-0.149596,-0.209434,-0.209434
14570,-0.119677,-0.179515,-0.179515
14571,-0.149596,-0.209434,-0.209434
14572,-0.179515,-0.209434,-0.209434
14573,-0.179515,-0.239354,-0.239354
14574,-0.209434,-0.239354,-0.239354
14575,-0.209434,-0.269273,-0.269273
14576,-0.209434,-0.269273,-0.269273
14577,-0.209434,-0.269273,-0.239354
14578,-0.209434,-0.269273,-0.239354
14579,-0.209434,-0.269273,-0.269273
14580,-0.209434,-0.239354,-0.239354
14581,-0.209434,-0.239354,-0.239354
14582,-0.209434,-0.239354,-0.239354
14583,-0.209434,-0.239354,-0.239354
14584,-0.209434,-0.239354,-0.239354
14585,-0.239354,-0.269273,-0.269273
14586,-0.239354,-0.299192,-0.299192
14587,-0.239354,-0.269273,-0.269273
14588,-0.209434,-0.269273,-0.269273
14589,-0.209434,-0.239354,-0.239354
14590,-0.179515,-0.239354,-0.239354
14591,-0.179515,-0.209434,-0.209434
14592,-0.179515,-0.209434,-0.209434
14593,-0.179515,-0.209434,-0.209434
14594,-0.179515,-0.209434,-0.209434
14595,-0.179515,-0.239354,-0.209434
14596,-0.179515,-0.239354,-0.239354
14597,-0.179515,-0.239354,-0.239354
14598,-0.179515,-0.239354,-0.239354
14599,-0.179515,-0.239354,-0.239354
14600,-0.179515,-0.239354,-0.239354
14601,-0.149596,-0.209434,-0.179515
14602,-0.149596,-0.179515,-0.179515
14603,-0.149596,-0.209434,-0.209434
14604,-0.179515,-0.209434,-0.209434
14605,-0.179515,-0.239354,-0.239354
14606,-0.209434,-0.269273,-0.239354
14607,-0.209434,-0.269273,-0.239354
14608,-0.209434,-0.269273,-0.269273
14609,-0.209434,-0.269273,-0.269273
14610,-0.209434,-0.269273,-0.239354
14611,-0.209434,-0.269273,-0.239354
14612,-0.209434,-0.269273,-0.239354
14613,-0.209434,-0.239354,-0.239354
14614,-0.209434,-0.239354,-0.239354
14615,-0.209434,-0.239354,-0.239354
14616,-0.209434,-0.269273,-0.239354
14617,-0.239354,-0.269273,-0.269273
14618,-0.239354,-0.299192,-0.299192
14619,-0.239354,-0.269273,-0.269273
14620,-0.209434,-0.269273,-0.269273
14621,-0.209434,-0.239354,-0.239354
14622,-0.179515,-0.239354,-0.209434
14623,-0.179515,-0.209434,-0.209434
14624,-0.179515,-0.209434,-0.209434
14625,-0.179515,-0.209434,-0.209434
14626,-0.179515,-0.209434,-0.209434
14627,-0.179515,-0.209434,-0.209434
14628,-0.179515,-0.239354,-0.209434
14629,-0.179515,-0.239354,-0.239354
14630,-0.179515,-0.239354,-0.239354
14631,-0.179515,-0.239354,-0.239354
14632,-0.179515,-0.239354,-0.239354
14633,-0.149596,-0.179515,-0.179515
14634,-0.149596,-0.179515,-0.179515
14635,-0.149596,-0.209434,-0.209434
14636,-0.179515,-0.209434,-0.209434
14637,-0.179515,-0.239354,-0.239354
14638,-0.209434,-0.239354,-0.269273
14639,-0.209434,-0.239354,-0.269273
14640,-0.209434,-0.269273,-0.269273
14641,-0.209434,-0.269273,-0.239354
14642,-0.209434,-0.269273,-0.269273
14643,-0.209434,-0.269273,-0.269273
14644,-0.209434,-0.239354,-0.239354
14645,-0.209434,-0.239354,-0.239354
14646,-0.209434,-0.239354,-0.239354
14647,-0.209434,-0.239354,-0.239354
14648,-0.209434,-0.239354,-0.239354
14649,-0.239354,-0.299192,-0.269273
14650,-0.239354,-0.299192,-0.299192
14651,-0.239354,-0.269273,-0.269273
14652,-0.239354,-0.269273,-0.269273
14653,-0.209434,-0.239354,-0.239354
14654,-0.179515,-0.239354,-0.239354
14655,-0.179515,-0.209434,-0.209434
14656,-0.179515,-0.209434,-0.209434
14657,-0.179515,-0.209434,-0.209434
14658,-0.179515,-0.209434,-0.209434
14659,-0.179515,-0.209434,-0.209434
14660,-0.179515,-0.239354,-0.209434
14661,-0.179515,-0.239354,-0.239354
14662,-0.179515,-0.239354,-0.239354
14663,-0.179515,-0.239354,-0.239354
14664,-0.179515,-0.239354,-0.239354
14665,-0.149596,-0.179515,-0.179515
14666,-0.149596,-0.179515,-0.179515
14667,-0.149596,-0.209434,-0.209434
14668,-0.179515,-0.209434,-0.209434
14669,-0.179515,-0.239354,-0.239354
14670,-0.209434,-0.269273,-0.239354
14671,-0.209434,-0.269273,-0.239354
14672,-0.209434,-0.239354,-0.269273
14673,-0.209434,-0.239354,-0.269273
14674,-0.209434,-0.269273,-0.239354
14675,-0.209434,-0.269273,-0.269273
14676,-0.209434,-0.239354,-0.239354
14677,-0.209434,-0.239354,-0.239354
14678,-0.209434,-0.239354,-0.239354
14679,-0.179515,-0.239354,-0.239354
14680,-0.209434,-0.239354,-0.239354
14681,-0.239354,-0.269273,-0.299192
14682,-0.239354,-0.299192,-0.299192
14683,-0.239354,-0.269273,-0.269273
14684,-0.209434,-0.269273,-0.269273
14685,-0.179515,-0.239354,-0.239354
14686,-0.179515,-0.239354,-0.209434
14687,-0.179515,-0.209434,-0.209434
14688,-0.179515,-0.209434,-0.209434
14689,-0.179515,-0.209434,-0.209434
14690,-0.179515,-0.239354,-0.209434
14691,-0.179515,-0.209434,-0.209434
14692,-0.179515,-0.239354,-0.239354
14693,-0.179515,-0.239354,-0.239354
14694,-0.179515,-0.239354,-0.239354
14695,-0.179515,-0.239354,-0.239354
14696,-0.179515,-0.239354,-0.239354
14697,-0.149596,-0.179515,-0.179515
14698,-0.149596,-0.179515,-0.179515
14699,-0.149596,-0.209434,-0.209434
14700,-0.179515,-0.209434,-0.209434
14701,-0.179515,-0.239354,-0.239354
14702,-0.209434,-0.239354,-0.239354
14703,-0.209434,-0.269273,-0.269273
14704,-0.209434,-0.269273,-0.269273
14705,-0.209434,-0.269273,-0.269273
14706,-0.209434,-0.269273,-0.239354
14707,-0.209434,-0.269273,-0.269273
14708,-0.209434,-0.269273,-0.239354
14709,-0.209434,-0.239354,-0.239354
14710,-0.209434,-0.239354,-0.239354
14711,-0.209434,-0.239354,-0.239354
14712,-0.209434,-0.239354,-0.239354
14713,-0.239354,-0.269273,-0.299192
14714,-0.239354,-0.299192,-0.299192
14715,-0.239354,-0.269273,-0.299192
14716,-0.209434,-0.269273,-0.269273
14717,-0.209434,-0.239354,-0.239354
14718,-0.179515,-0.209434,-0.239354
14719,-0.179515,-0.239354,-0.209434
14720,-0.179515,-0.209434,-0.209434
14721,-0.179515,-0.209434,-0.209434
14722,-0.179515,-0.209434,-0.209434
14723,-0.179515,-0.209434,-0.209434
14724,-0.179515,-0.239354,-0.239354
14725,-0.179515,-0.239354,-0.209434
14726,-0.179515,-0.239354,-0.239354
14727,-0.179515,-0.239354,-0.239354
14728,-0.179515,-0.239354,-0.239354
14729,-0.149596,-0.179515,-0.179515
14730,-0.119677,-0.179515,-0.179515
14731,-0.149596,-0.209434,-0.209434
14732,-0.179515,-0.209434,-0.209434
14733,-0.179515,-0.239354,-0.239354
14734,-0.209434,-0.269273,-0.239354
14735,-0.209434,-0.269273,-0.239354
14736,-0.209434,-0.269273,-0.239354
14737,-0.209434,-0.269273,-0.239354
14738,-0.209434,-0.269273,-0.239354
14739,-0.209434,-0.269273,-0.269273
14740,-0.209434,-0.239354,-0.239354
14741,-0.209434,-0.239354,-0.239354
14742,-0.209434,-0.239354,-0.239354
14743,-0.209434,-0.239354,-0.239354
14744,-0.209434,-0.239354,-0.239354
14745,-0.239354,-0.299192,-0.299192
14746,-0.239354,-0.299192,-0.299192
14747,-0.239354,-0.269273,-0.269273
14748,-0.209434,-0.269273,-0.269273
14749,-0.209434,-0.239354,-0.239354
14750,-0.179515,-0.239354,-0.209434
14751,-0.179515,-0.209434,-0.209434
14752,-0.179515,-0.209434,-0.209434
14753,-0.179515,-0.209434,-0.209434
14754,-0.179515,-0.209434,-0.209434
14755,-0.179515,-0.209434,-0.209434
14756,-0.179515,-0.239354,-0.209434
14757,-0.179515,-0.209434,-0.239354
14758,-0.179515,-0.239354,-0.239354
14759,-0.179515,-0.239354,-0.239354
14760,-0.179515,-0.239354,-0.209434
14761,-0.149596,-0.179515,-0.179515
14762,-0.119677,-0.179515,-0.179515
14763,-0.149596,-0.209434,-0.179515
14764,-0.179515,-0.209434,-0.209434
14765,-0.179515,-0.239354,-0.239354
14766,-0.209434,-0.239354,-0.239354
14767,-0.209434,-0.269273,-0.239354
14768,-0.209434,-0.269273,-0.239354
14769,-0.209434,-0.239354,-0.239354
14770,-0.209434,-0.239354,-0.239354
14771,-0.209434,-0.269273,-0.239354
14772,-0.209434,-0.239354,-0.239354
14773,-0.209434,-0.239354,-0.239354
14774,-0.179515,-0.239354,-0.239354
14775,-0.179515,-0.239354,-0.239354
14776,-0.209434,-0.239354,-0.239354
14777,-0.239354,-0.299192,-0.269273
14778,-0.239354,-0.299192,-0.269273
14779,-0.239354,-0.269273,-0.269273
14780,-0.209434,-0.269273,-0.269273
14781,-0.179515,-0.239354,-0.239354
14782,-0.179515,-0.209434,-0.209434
14783,-0.179515,-0.209434,-0.209434
14784,-0.179515,-0.209434,-0.209434
14785,-0.179515,-0.209434,-0.209434
14786,-0.179515,-0.209434,-0.209434
14787,-0.179515,-0.209434,-0.209434
14788,-0.179515,-0.209434,-0.209434
14789,-0.179515,-0.239354,-0.239354
14790,-0.179515,-0.239354,-0.239354
14791,-0.179515,-0.239354,-0.239354
14792,-0.179515,-0.209434,-0.209434
14793,-0.149596,-0.179515,-0.179515
14794,-0.119677,-0.179515,-0.179515
14795,-0.149596,-0.209434,-0.209434
14796,-0.149596,-0.209434,-0.209434
14797,-0.179515,-0.239354,-0.239354
14798,-0.209434,-0.239354,-0.239354
14799,-0.209434,-0.239354,-0.239354
14800,-0.209434,-0.239354,-0.239354
14801,-0.209434,-0.239354,-0.239354
14802,-0.209434,-0.269273,-0.239354
14803,-0.209434,-0.269273,-0.239354
14804,-0.209434,-0.239354,-0.239354
14805,-0.209434,-0.239354,-0.239354
14806,-0.179515,-0.239354,-0.239354
14807,-0.179515,-0.239354,-0.239354
14808,-0.209434,-0.239354,-0.239354
14809,-0.239354,-0.269273,-0.269273
14810,-0.239354,-0.299192,-0.269273
14811,-0.239354,-0.269273,-0.269273
14812,-0.209434,-0.269273,-0.269273
14813,-0.179515,-0.239354,-0.239354
14814,-0.179515,-0.209434,-0.209434
14815,-0.179515,-0.209434,-0.209434
14816,-0.179515,-0.209434,-0.209434
14817,-0.179515,-0.209434,-0.209434
14818,-0.179515,-0.209434,-0.209434
14819,-0.179515,-0.209434,-0.209434
14820,-0.179515,-0.209434,-0.209434
14821,-0.179515,-0.209434,-0.209434
14822,-0.179515,-0.209434,-0.239354
14823,-0.179515,-0.239354,-0.239354
14824,-0.179515,-0.209434,-0.209434
14825,-0.149596,-0.179515,-0.179515
14826,-0.119677,-0.179515,-0.179515
14827,-0.149596,-0.179515,-0.179515
14828,-0.149596,-0.209434,-0.209434
14829,-0.179515,-0.239354,-0.239354
14830,-0.209434,-0.239354,-0.239354
14831,-0.209434,-0.269273,-0.239354
14832,-0.209434,-0.239354,-0.239354
14833,-0.209434,-0.239354,-0.239354
14834,-0.209434,-0.239354,-0.239354
14835,-0.209434,-0.239354,-0.239354
14836,-0.209434,-0.239354,-0.239354
14837,-0.179515,-0.239354,-0.239354
14838,-0.179515,-0.239354,-0.239354
14839,-0.179515,-0.239354,-0.239354
14840,-0.209434,-0.239354,-0.239354
14841,-0.239354,-0.299192,-0.299192
14842,-0.239354,-0.299192,-0.269273
14843,-0.239354,-0.269273,-0.269273
14844,-0.209434,-0.269273,-0.269273
14845,-0.179515,-0.239354,-0.239354
14846,-0.179515,-0.209434,-0.209434
14847,-0.179515,-0.209434,-0.209434
14848,-0.179515,-0.209434,-0.209434
14849,-0.179515,-0.209434,-0.209434
14850,-0.179515,-0.209434,-0.209434
14851,-0.179515,-0.209434,-0.209434
14852,-0.179515,-0.209434,-0.209434
14853,-0.179515,-0.239354,-0.209434
14854,-0.179515,-0.239354,-0.209434
14855,-0.179515,-0.239354,-0.239354
14856,-0.179515,-0.209434,-0.209434
14857,-0.149596,-0.179515,-0.179515
14858,-0.119677,-0.179515,-0.179515
14859,-0.149596,-0.209434,-0.179515
14860,-0.149596,-0.209434,-0.209434
14861,-0.179515,-0.239354,-0.239354
14862,-0.209434,-0.239354,-0.239354
14863,-0.209434,-0.239354,-0.239354
14864,-0.209434,-0.239354,-0.239354
14865,-0.209434,-0.239354,-0.239354
14866,-0.209434,-0.269273,-0.239354
14867,-0.209434,-0.239354,-0.239354
14868,-0.209434,-0.239354,-0.239354
14869,-0.179515,-0.239354,-0.239354
14870,-0.179515,-0.239354,-0.239354
14871,-0.179515,-0.239354,-0.239354
14872,-0.209434,-0.239354,-0.239354
14873,-0.239354,-0.269273,-0.269273
14874,-0.239354,-0.299192,-0.269273
14875,-0.239354,-0.269273,-0.269273
14876,-0.209434,-0.269273,-0.269273
14877,-0.179515,-0.239354,-0.239354
14878,-0.179515,-0.209434,-0.209434
14879,-0.179515,-0.209434,-0.209434
14880,-0.179515,-0.209434,-0.209434
14881,-0.179515,-0.209434,-0.209434
14882,-0.179515,-0.209434,-0.209434
14883,-0.179515,-0.209434,-0.209434
14884,-0.179515,-0.209434,-0.209434
14885,-0.179515,-0.239354,-0.209434
14886,-0.179515,-0.239354,-0.239354
14887,-0.179515,-0.239354,-0.209434
14888,-0.179515,-0.209434,-0.209434
14889,-0.119677,-0.179515,-0.179515
14890,-0.149596,-0.179515,-0.179515
14891,-0.149596,-0.209434,-0.179515
14892,-0.179515,-0.209434,-0.209434
14893,-0.179515,-0.239354,-0.239354
14894,-0.209434,-0.239354,-0.239354
14895,-0.209434,-0.269273,-0.239354
14896,-0.209434,-0.269273,-0.239354
14897,-0.209434,-0.269273,-0.239354
14898,-0.209434,-0.269273,-0.239354
14899,-0.209434,-0.239354,-0.239354
14900,-0.209434,-0.239354,-0.239354
14901,-0.209434,-0.239354,-0.239354
14902,-0.209434,-0.239354,-0.239354
14903,-0.179515,-0.239354,-0.239354
14904,-0.209434,-0.269273,-0.269273
14905,-0.239354,-0.299192,-0.269273
14906,-0.239354,-0.299192,-0.269273
14907,-0.239354,-0.269273,-0.269273
14908,-0.209434,-0.269273,-0.269273
14909,-0.179515,-0.239354,-0.239354
14910,-0.179515,-0.209434,-0.209434
14911,-0.179515,-0.209434,-0.209434
14912,-0.179515,-0.209434,-0.209434
14913,-0.179515,-0.209434,-0.209434
14914,-0.179515,-0.209434,-0.209434
14915,-0.179515,-0.209434,-0.209434
14916,-0.179515,-0.239354,-0.209434
14917,-0.179515,-0.239354,-0.239354
14918,-0.179515,-0.239354,-0.209434
14919,-0.179515,-0.239354,-0.239354
14920,-0.179515,-0.209434,-0.209434
14921,-0.119677,-0.179515,-0.179515
14922,-0.119677,-0.179515,-0.179515
14923,-0.149596,-0.209434,-0.209434
14924,-0.179515,-0.209434,-0.209434
14925,-0.179515,-0.239354,-0.239354
14926,-0.209434,-0.239354,-0.239354
14927,-0.209434,-0.269273,-0.239354
14928,-0.209434,-0.269273,-0.239354
14929,-0.209434,-0.269273,-0.239354
14930,-0.209434,-0.239354,-0.239354
14931,-0.209434,-0.239354,-0.239354
14932,-0.209434,-0.239354,-0.239354
14933,-0.179515,-0.239354,-0.239354
14934,-0.209434,-0.239354,-0.239354
14935,-0.179515,-0.239354,-0.239354
14936,-0.209434,-0.269273,-0.239354
14937,-0.239354,-0.299192,-0.299192
14938,-0.239354,-0.299192,-0.299192
14939,-0.239354,-0.269273,-0.269273
14940,-0.209434,-0.269273,-0.269273
14941,-0.179515,-0.239354,-0.239354
14942,-0.179515,-0.209434,-0.209434
14943,-0.179515,-0.209434,-0.209434
14944,-0.179515,-0.209434,-0.209434
14945,-0.179515,-0.209434,-0.209434
14946,-0.179515,-0.209434,-0.209434
14947,-0.179515,-0.209434,-0.209434
14948,-0.179515,-0.209434,-0.209434
14949,-0.179515,-0.239354,-0.239354
14950,-0.179515,-0.239354,-0.239354
14951,-0.179515,-0.239354,-0.239354
14952,-0.179515,-0.209434,-0.209434
14953,-0.119677,-0.179515,-0.179515
14954,-0.149596,-0.179515,-0.179515
14955,-0.149596,-0.209434,-0.209434
14956,-0.179515,-0.209434,-0.209434
14957,-0.179515,-0.239354,-0.239354
14958,-0.209434,-0.239354,-0.239354
14959,-0.209434,-0.269273,-0.269273
14960,-0.209434,-0.269273,-0.269273
14961,-0.209434,-0.269273,-0.239354
14962,-0.209434,-0.269273,-0.239354
14963,-0.209434,-0.269273,-0.239354
14964,-0.209434,-0.239354,-0.239354
14965,-0.209434,-0.239354,-0.239354
14966,-0.209434,-0.239354,-0.239354
14967,-0.209434,-0.239354,-0.239354
14968,-0.209434,-0.269273,-0.239354
14969,-0.239354,-0.299192,-0.269273
14970,-0.239354,-0.299192,-0.299192
14971,-0.239354,-0.269273,-0.269273
14972,-0.209434,-0.269273,-0.269273
14973,-0.179515,-0.239354,-0.239354
14974,-0.179515,-0.209434,-0.209434
14975,-0.179515,-0.209434,-0.209434
14976,-0.179515,-0.209434,-0.209434
14977,-0.179515,-0.209434,-0.209434
14978,-0.179515,-0.209434,-0.209434
14979,-0.179515,-0.209434,-0.209434
14980,-0.179515,-0.209434,-0.239354
14981,-0.179515,-0.239354,-0.239354
14982,-0.179515,-0.239354,-0.239354
14983,-0.179515,-0.239354,-0.239354
14984,-0.179515,-0.209434,-0.209434
14985,-0.119677,-0.179515,-0.179515
14986,-0.149596,-0.179515,-0.179515
14987,-0.149596,-0.209434,-0.179515
14988,-0.179515,-0.209434,-0.209434
14989,-0.179515,-0.239354,-0.239354
14990,-0.209434,-0.269273,-0.239354
14991,-0.209434,-0.269273,-0.269273
14992,-0.209434,-0.269273,-0.239354
14993,-0.209434,-0.269273,-0.239354
14994,-0.209434,-0.269273,-0.239354
14995,-0.209434,-0.269273,-0.239354
14996,-0.209434,-0.239354,-0.239354
14997,-0.209434,-0.239354,-0.239354
14998,-0.179515,-0.239354,-0.239354
14999,-0.209434,-0.239354,-0.239354
15000,-0.209434,-0.269273,-0.269273
15001,-0.239354,-0.299192,-0.299192
15002,-0.239354,-0.299192,-0.269273
15003,-0.239354,-0.269273,-0.269273
15004,-0.209434,-0.269273,-0.269273
15005,-0.179515,-0.239354,-0.239354
15006,-0.179515,-0.239354,-0.209434
15007,-0.179515,-0.209434,-0.209434
15008,-0.179515,-0.209434,-0.209434
15009,-0.179515,-0.209434,-0.209434
15010,-0.179515,-0.209434,-0.209434
15011,-0.179515,-0.209434,-0.209434
15012,-0.179515,-0.239354,-0.239354
15013,-0.179515,-0.239354,-0.239354
15014,-0.179515,-0.239354,-0.239354
15015,-0.179515,-0.239354,-0.239354
15016,-0.179515,-0.209434,-0.209434
15017,-0.119677,-0.179515,-0.179515
15018,-0.119677,-0.179515,-0.179515
15019,-0.149596,-0.209434,-0.209434
15020,-0.179515,-0.209434,-0.209434
15021,-0.209434,-0.239354,-0.239354
15022,-0.209434,-0.269273,-0.239354
15023,-0.209434,-0.269273,-0.239354
15024,-0.209434,-0.239354,-0.239354
15025,-0.209434,-0.239354,-0.239354
15026,-0.209434,-0.269273,-0.239354
15027,-0.209434,-0.269273,-0.239354
15028,-0.209434,-0.239354,-0.239354
15029,-0.209434,-0.239354,-0.239354
15030,-0.209434,-0.239354,-0.239354
15031,-0.209434,-0.239354,-0.239354
15032,-0.209434,-0.269273,-0.269273
15033,-0.239354,-0.299192,-0.299192
15034,-0.239354,-0.299192,-0.269273
15035,-0.239354,-0.269273,-0.269273
15036,-0.209434,-0.269273,-0.269273
15037,-0.179515,-0.239354,-0.239354
15038,-0.179515,-0.239354,-0.209434
15039,-0.179515,-0.209434,-0.209434
15040,-0.179515,-0.209434,-0.209434
15041,-0.179515,-0.209434,-0.239354
15042,-0.179515,-0.209434,-0.209434
15043,-0.179515,-0.209434,-0.209434
15044,-0.179515,-0.239354,-0.209434
15045,-0.179515,-0.239354,-0.239354
15046,-0.179515,-0.239354,-0.239354
15047,-0.179515,-0.239354,-0.239354
15048,-0.179515,-0.209434,-0.209434
15049,-0.119677,-0.179515,-0.179515
15050,-0.149596,-0.179515,-0.179515
15051,-0.149596,-0.209434,-0.209434
15052,-0.179515,-0.209434,-0.209434
15053,-0.179515,-0.239354,-0.239354
15054,-0.209434,-0.239354,-0.239354
15055,-0.209434,-0.269273,-0.239354
15056,-0.209434,-0.269273,-0.239354
15057,-0.209434,-0.239354,-0.239354
15058,-0.209434,-0.269273,-0.269273
15059,-0.209434,-0.269273,-0.239354
15060,-0.209434,-0.239354,-0.239354
15061,-0.209434,-0.239354,-0.239354
15062,-0.209434,-0.239354,-0.239354
15063,-0.209434,-0.239354,-0.239354
15064,-0.209434,-0.269273,-0.269273
15065,-0.239354,-0.299192,-0.269273
15066,-0.239354,-0.269273,-0.269273
15067,-0.239354,-0.269273,-0.269273
15068,-0.209434,-0.269273,-0.239354
15069,-0.179515,-0.239354,-0.239354
15070,-0.179515,-0.209434,-0.209434
15071,-0.179515,-0.209434,-0.209434
15072,-0.179515,-0.209434,-0.209434
15073,-0.179515,-0.209434,-0.209434
15074,-0.179515,-0.209434,-0.209434
15075,-0.179515,-0.209434,-0.209434
15076,-0.179515,-0.239354,-0.209434
15077,-0.179515,-0.239354,-0.239354
15078,-0.179515,-0.239354,-0.239354
15079,-0.179515,-0.239354,-0.239354
15080,-0.179515,-0.209434,-0.209434
15081,-0.119677,-0.179515,-0.179515
15082,-0.149596,-0.179515,-0.179515
15083,-0.149596,-0.209434,-0.209434
15084,-0.179515,-0.209434,-0.209434
15085,-0.209434,-0.239354,-0.239354
15086,-0.209434,-0.269273,-0.239354
15087,-0.209434,-0.269273,-0.269273
15088,-0.209434,-0.269273,-0.239354
15089,-0.209434,-0.269273,-0.239354
15090,-0.209434,-0.269273,-0.239354
15091,-0.209434,-0.239354,-0.269273
15092,-0.209434,-0.239354,-0.239354
15093,-0.209434,-0.239354,-0.239354
15094,-0.179515,-0.239354,-0.239354
15095,-0.179515,-0.239354,-0.239354
15096,-0.209434,-0.269273,-0.269273
15097,-0.239354,-0.299192,-0.299192
15098,-0.239354,-0.299192,-0.299192
15099,-0.239354,-0.269273,-0.269273
15100,-0.209434,-0.269273,-0.239354
15101,-0.179515,-0.239354,-0.239354
15102,-0.179515,-0.209434,-0.209434
15103,-0.179515,-0.209434,-0.209434
15104,-0.179515,-0.209434,-0.209434
15105,-0.179515,-0.209434,-0.209434
15106,-0.179515,-0.239354,-0.209434
15107,-0.179515,-0.209434,-0.209434
15108,-0.179515,-0.239354,-0.239354
15109,-0.179515,-0.239354,-0.239354
15110,-0.179515,-0.239354,-0.239354
15111,-0.179515,-0.239354,-0.239354
15112,-0.179515,-0.209434,-0.209434
15113,-0.149596,-0.179515,-0.179515
15114,-0.149596,-0.179515,-0.179515
15115,-0.149596,-0.209434,-0.209434
15116,-0.179515,-0.209434,-0.209434
15117,-0.209434,-0.239354,-0.239354
15118,-0.209434,-0.239354,-0.239354
15119,-0.209434,-0.269273,-0.239354
15120,-0.209434,-0.269273,-0.239354
15121,-0.209434,-0.269273,-0.269273
15122,-0.209434,-0.269273,-0.239354
15123,-0.209434,-0.269273,-0.239354
15124,-0.209434,-0.269273,-0.239354
15125,-0.209434,-0.239354,-0.239354
15126,-0.209434,-0.239354,-0.239354
15127,-0.209434,-0.239354,-0.239354
15128,-0.209434,-0.269273,-0.269273
15129,-0.239354,-0.299192,-0.299192
15130,-0.239354,-0.269273,-0.299192
15131,-0.239354,-0.269273,-0.269273
15132,-0.209434,-0.269273,-0.269273
15133,-0.179515,-0.239354,-0.239354
15134,-0.179515,-0.239354,-0.209434
15135,-0.179515,-0.209434,-0.209434
15136,-0.179515,-0.209434,-0.209434
15137,-0.179515,-0.209434,-0.209434
15138,-0.179515,-0.209434,-0.209434
15139,-0.179515,-0.239354,-0.209434
15140,-0.179515,-0.239354,-0.209434
15141,-0.179515,-0.239354,-0.239354
15142,-0.179515,-0.239354,-0.239354
15143,-0.179515,-0.239354,-0.239354
15144,-0.179515,-0.209434,-0.209434
15145,-0.119677,-0.179515,-0.179515
15146,-0.149596,-0.179515,-0.179515
15147,-0.149596,-0.209434,-0.209434
15148,-0.179515,-0.239354,-0.209434
15149,-0.209434,-0.239354,-0.239354
15150,-0.209434,-0.269273,-0.239354
15151,-0.209434,-0.269273,-0.239354
15152,-0.209434,-0.269273,-0.269273
15153,-0.209434,-0.269273,-0.239354
15154,-0.209434,-0.269273,-0.269273
15155,-0.209434,-0.269273,-0.239354
15156,-0.209434,-0.239354,-0.239354
15157,-0.209434,-0.239354,-0.239354
15158,-0.209434,-0.239354,-0.239354
15159,-0.209434,-0.239354,-0.239354
15160,-0.209434,-0.269273,-0.269273
15161,-0.239354,-0.299192,-0.299192
15162,-0.239354,-0.299192,-0.269273
15163,-0.239354,-0.269273,-0.269273
15164,-0.209434,-0.239354,-0.269273
15165,-0.179515,-0.239354,-0.239354
15166,-0.179515,-0.239354,-0.239354
15167,-0.179515,-0.209434,-0.209434
15168,-0.179515,-0.209434,-0.209434
15169,-0.179515,-0.239354,-0.209434
15170,-0.179515,-0.209434,-0.209434
15171,-0.179515,-0.209434,-0.209434
15172,-0.179515,-0.239354,-0.239354
15173,-0.179515,-0.239354,-0.239354
15174,-0.179515,-0.239354,-0.239354
15175,-0.179515,-0.239354,-0.239354
15176,-0.179515,-0.209434,-0.209434
15177,-0.119677,-0.179515,-0.179515
15178,-0.149596,-0.179515,-0.179515
15179,-0.149596,-0.209434,-0.209434
15180,-0.179515,-0.209434,-0.209434
15181,-0.209434,-0.239354,-0.239354
15182,-0.209434,-0.269273,-0.269273
15183,-0.209434,-0.269273,-0.269273
15184,-0.209434,-0.269273,-0.269273
15185,-0.209434,-0.269273,-0.269273
15186,-0.209434,-0.269273,-0.269273
15187,-0.209434,-0.269273,-0.239354
15188,-0.209434,-0.269273,-0.239354
15189,-0.209434,-0.239354,-0.239354
15190,-0.209434,-0.239354,-0.239354
15191,-0.209434,-0.239354,-0.239354
15192,-0.209434,-0.269273,-0.269273
15193,-0.239354,-0.299192,-0.299192
15194,-0.239354,-0.299192,-0.299192
15195,-0.239354,-0.269273,-0.269273
15196,-0.209434,-0.269273,-0.269273
15197,-0.209434,-0.239354,-0.239354
15198,-0.179515,-0.239354,-0.209434
15199,-0.179515,-0.239354,-0.209434
15200,-0.179515,-0.209434,-0.209434
15201,-0.179515,-0.209434,-0.209434
15202,-0.179515,-0.209434,-0.209434
15203,-0.179515,-0.209434,-0.209434
15204,-0.179515,-0.239354,-0.239354
15205,-0.179515,-0.239354,-0.239354
15206,-0.179515,-0.239354,-0.239354
15207,-0.179515,-0.239354,-0.239354
15208,-0.179515,-0.209434,-0.209434
15209,-0.119677,-0.179515,-0.179515
15210,-0.149596,-0.179515,-0.179515
15211,-0.149596,-0.209434,-0.209434
15212,-0.179515,-0.239354,-0.209434
15213,-0.209434,-0.239354,-0.239354
15214,-0.209434,-0.269273,-0.269273
15215,-0.209434,-0.269273,-0.269273
15216,-0.209434,-0.239354,-0.269273
15217,-0.209434,-0.269273,-0.239354
15218,-0.209434,-0.269273,-0.239354
15219,-0.209434,-0.269273,-0.239354
15220,-0.209434,-0.239354,-0.239354
15221,-0.209434,-0.239354,-0.239354
15222,-0.209434,-0.239354,-0.239354
15223,-0.209434,-0.239354,-0.239354
15224,-0.209434,-0.269273,-0.269273
15225,-0.239354,-0.299192,-0.299192
15226,-0.239354,-0.299192,-0.299192
15227,-0.239354,-0.269273,-0.269273
15228,-0.209434,-0.269273,-0.269273
15229,-0.179515,-0.239354,-0.239354
15230,-0.179515,-0.239354,-0.239354
15231,-0.179515,-0.239354,-0.209434
15232,-0.179515,-0.209434,-0.209434
15233,-0.179515,-0.239354,-0.209434
15234,-0.179515,-0.209434,-0.209434
15235,-0.179515,-0.239354,-0.209434
15236,-0.179515,-0.239354,-0.239354
15237,-0.179515,-0.239354,-0.239354
15238,-0.179515,-0.239354,-0.239354
15239,-0.179515,-0.239354,-0.239354
15240,-0.179515,-0.209434,-0.209434
15241,-0.149596,-0.179515,-0.179515
15242,-0.149596,-0.209434,-0.179515
15243,-0.149596,-0.209434,-0.209434
15244,-0.179515,-0.239354,-0.239354
15245,-0.209434,-0.239354,-0.239354
15246,-0.209434,-0.269273,-0.269273
15247,-0.209434,-0.269273,-0.269273
15248,-0.209434,-0.269273,-0.269273
15249,-0.209434,-0.269273,-0.239354
15250,-0.209434,-0.269273,-0.269273
15251,-0.209434,-0.269273,-0.269273
15252,-0.209434,-0.239354,-0.239354
15253,-0.209434,-0.239354,-0.239354
15254,-0.209434,-0.239354,-0.239354
15255,-0.209434,-0.239354,-0.239354
15256,-0.239354,-0.269273,-0.269273
15257,-0.239354,-0.299192,-0.299192
15258,-0.239354,-0.299192,-0.269273
15259,-0.239354,-0.269273,-0.269273
15260,-0.209434,-0.269273,-0.269273
15261,-0.179515,-0.239354,-0.239354
15262,-0.179515,-0.239354,-0.209434
15263,-0.179515,-0.239354,-0.209434
15264,-0.179515,-0.209434,-0.209434
15265,-0.179515,-0.209434,-0.209434
15266,-0.179515,-0.239354,-0.209434
15267,-0.179515,-0.239354,-0.209434
15268,-0.179515,-0.239354,-0.239354
15269,-0.179515,-0.239354,-0.239354
15270,-0.179515,-0.239354,-0.239354
15271,-0.179515,-0.239354,-0.239354
15272,-0.179515,-0.209434,-0.209434
15273,-0.119677,-0.179515,-0.179515
15274,-0.149596,-0.209434,-0.179515
15275,-0.149596,-0.209434,-0.209434
15276,-0.179515,-0.239354,-0.239354
15277,-0.209434,-0.269273,-0.239354
15278,-0.209434,-0.269273,-0.269273
15279,-0.209434,-0.269273,-0.269273
15280,-0.209434,-0.269273,-0.269273
15281,-0.209434,-0.269273,-0.269273
15282,-0.209434,-0.269273,-0.269273
15283,-0.209434,-0.269273,-0.269273
15284,-0.209434,-0.269273,-0.269273
15285,-0.209434,-0.239354,-0.239354
15286,-0.209434,-0.239354,-0.239354
15287,-0.209434,-0.239354,-0.239354
15288,-0.209434,-0.269273,-0.269273
15289,-0.239354,-0.299192,-0.299192
15290,-0.239354,-0.299192,-0.299192
15291,-0.239354,-0.269273,-0.269273
15292,-0.209434,-0.269273,-0.239354
15293,-0.179515,-0.239354,-0.239354
15294,-0.179515,-0.239354,-0.239354
15295,-0.179515,-0.239354,-0.209434
15296,-0.179515,-0.209434,-0.209434
15297,-0.179515,-0.239354,-0.209434
15298,-0.179515,-0.239354,-0.209434
15299,-0.179515,-0.239354,-0.209434
15300,-0.179515,-0.239354,-0.239354
15301,-0.179515,-0.239354,-0.239354
15302,-0.179515,-0.239354,-0.239354
15303,-0.179515,-0.239354,-0.239354
15304,-0.179515,-0.209434,-0.209434
15305,-0.149596,-0.179515,-0.179515
15306,-0.149596,-0.179515,-0.209434
15307,-0.149596,-0.209434,-0.209434
15308,-0.179515,-0.239354,-0.209434
15309,-0.209434,-0.239354,-0.239354
15310,-0.209434,-0.269273,-0.269273
15311,-0.209434,-0.269273,-0.269273
15312,-0.209434,-0.269273,-0.269273
15313,-0.209434,-0.269273,-0.269273
15314,-0.209434,-0.269273,-0.269273
15315,-0.209434,-0.269273,-0.269273
15316,-0.209434,-0.239354,-0.269273
15317,-0.209434,-0.239354,-0.239354
15318,-0.209434,-0.239354,-0.239354
15319,-0.209434,-0.239354,-0.239354
15320,-0.209434,-0.269273,-0.269273
15321,-0.239354,-0.299192,-0.299192
15322,-0.239354,-0.299192,-0.299192
15323,-0.239354,-0.269273,-0.269273
15324,-0.209434,-0.269273,-0.269273
15325,-0.179515,-0.239354,-0.239354
15326,-0.179515,-0.239354,-0.209434
15327,-0.179515,-0.239354,-0.209434
15328,-0.179515,-0.239354,-0.209434
15329,-0.179515,-0.239354,-0.209434
15330,-0.179515,-0.239354,-0.209434
15331,-0.179515,-0.239354,-0.239354
15332,-0.179515,-0.239354,-0.239354
15333,-0.179515,-0.239354,-0.239354
15334,-0.179515,-0.239354,-0.239354
15335,-0.179515,-0.239354,-0.239354
15336,-0.179515,-0.209434,-0.209434
15337,-0.149596,-0.179515,-0.179515
15338,-0.149596,-0.209434,-0.179515
15339,-0.149596,-0.209434,-0.209434
15340,-0.179515,-0.239354,-0.239354
15341,-0.209434,-0.269273,-0.239354
15342,-0.209434,-0.269273,-0.269273
15343,-0.209434,-0.269273,-0.269273
15344,-0.209434,-0.269273,-0.269273
15345,-0.209434,-0.269273,-0.269273
15346,-0.209434,-0.269273,-0.269273
15347,-0.209434,-0.269273,-0.269273
15348,-0.209434,-0.269273,-0.269273
15349,-0.209434,-0.269273,-0.239354
15350,-0.209434,-0.269273,-0.239354
15351,-0.209434,-0.239354,-0.239354
15352,-0.239354,-0.269273,-0.269273
15353,-0.239354,-0.299192,-0.299192
15354,-0.239354,-0.299192,-0.269273
15355,-0.239354,-0.269273,-0.269273
15356,-0.209434,-0.269273,-0.269273
15357,-0.179515,-0.239354,-0.239354
15358,-0.179515,-0.239354,-0.239354
15359,-0.179515,-0.239354,-0.239354
15360,-0.179515,-0.239354,-0.209434
15361,-0.179515,-0.239354,-0.209434
15362,-0.179515,-0.209434,-0.209434
15363,-0.179515,-0.239354,-0.239354
15364,-0.179515,-0.239354,-0.239354
15365,-0.179515,-0.239354,-0.239354
15366,-0.179515,-0.239354,-0.239354
15367,-0.209434,-0.239354,-0.239354
15368,-0.179515,-0.209434,-0.209434
15369,-0.149596,-0.179515,-0.179515
15370,-0.149596,-0.209434,-0.209434
15371,-0.179515,-0.209434,-0.209434
15372,-0.179515,-0.239354,-0.239354
15373,-0.209434,-0.269273,-0.239354
15374,-0.209434,-0.269273,-0.269273
15375,-0.209434,-0.269273,-0.269273
15376,-0.209434,-0.269273,-0.269273
15377,-0.209434,-0.269273,-0.269273
15378,-0.209434,-0.269273,-0.269273
15379,-0.209434,-0.269273,-0.239354
15380,-0.209434,-0.239354,-0.239354
15381,-0.209434,-0.239354,-0.239354
15382,-0.209434,-0.239354,-0.239354
15383,-0.209434,-0.239354,-0.239354
15384,-0.239354,-0.269273,-0.269273
15385,-0.239354,-0.299192,-0.299192
15386,-0.239354,-0.299192,-0.299192
15387,-0.239354,-0.269273,-0.269273
15388,-0.209434,-0.269273,-0.269273
15389,-0.179515,-0.239354,-0.239354
15390,-0.179515,-0.239354,-0.239354
15391,-0.179515,-0.239354,-0.239354
15392,-0.179515,-0.239354,-0.209434
15393,-0.179515,-0.239354,-0.239354
15394,-0.179515,-0.209434,-0.239354
15395,-0.179515,-0.239354,-0.239354
15396,-0.179515,-0.239354,-0.239354
15397,-0.179515,-0.239354,-0.239354
15398,-0.179515,-0.239354,-0.239354
15399,-0.179515,-0.239354,-0.239354
15400,-0.179515,-0.209434,-0.209434
15401,-0.119677,-0.179515,-0.179515
15402,-0.149596,-0.209434,-0.209434
15403,-0.179515,-0.209434,-0.209434
15404,-0.179515,-0.239354,-0.239354
15405,-0.209434,-0.239354,-0.239354
15406,-0.209434,-0.269273,-0.269273
15407,-0.209434,-0.269273,-0.269273
15408,-0.209434,-0.269273,-0.269273
15409,-0.209434,-0.269273,-0.269273
15410,-0.209434,-0.269273,-0.269273
15411,-0.209434,-0.269273,-0.239354
15412,-0.209434,-0.269273,-0.239354
15413,-0.209434,-0.239354,-0.239354
15414,-0.209434,-0.239354,-0.239354
15415,-0.209434,-0.239354,-0.239354
15416,-0.239354,-0.269273,-0.269273
15417,-0.269273,-0.299192,-0.299192
15418,-0.239354,-0.299192,-0.299192
15419,-0.239354,-0.269273,-0.269273
15420,-0.209434,-0.269273,-0.239354
15421,-0.179515,-0.239354,-0.239354
15422,-0.179515,-0.239354,-0.239354
15423,-0.179515,-0.239354,-0.209434
15424,-0.179515,-0.209434,-0.209434
15425,-0.179515,-0.239354,-0.239354
15426,-0.179515,-0.239354,-0.209434
15427,-0.179515,-0.239354,-0.239354
15428,-0.179515,-0.239354,-0.239354
15429,-0.179515,-0.239354,-0.239354
15430,-0.209434,-0.239354,-0.239354
15431,-0.179515,-0.239354,-0.239354
15432,-0.149596,-0.209434,-0.209434
15433,-0.119677,-0.179515,-0.179515
15434,-0.149596,-0.209434,-0.179515
15435,-0.179515,-0.209434,-0.209434
15436,-0.179515,-0.239354,-0.239354
15437,-0.209434,-0.269273,-0.239354
15438,-0.209434,-0.269273,-0.269273
15439,-0.209434,-0.269273,-0.269273
15440,-0.209434,-0.269273,-0.269273
15441,-0.209434,-0.269273,-0.269273
15442,-0.209434,-0.269273,-0.269273
15443,-0.209434,-0.269273,-0.269273
15444,-0.209434,-0.269273,-0.239354
15445,-0.209434,-0.269273,-0.239354
15446,-0.209434,-0.239354,-0.239354
15447,-0.209434,-0.239354,-0.239354
15448,-0.239354,-0.269273,-0.269273
15449,-0.239354,-0.299192,-0.299192
15450,-0.239354,-0.299192,-0.299192
15451,-0.239354,-0.269273,-0.269273
15452,-0.209434,-0.269273,-0.269273
15453,-0.179515,-0.239354,-0.239354
15454,-0.179515,-0.239354,-0.209434
15455,-0.179515,-0.239354,-0.209434
15456,-0.179515,-0.239354,-0.209434
15457,-0.179515,-0.239354,-0.209434
15458,-0.179515,-0.239354,-0.209434
15459,-0.179515,-0.239354,-0.239354
15460,-0.179515,-0.239354,-0.239354
15461,-0.179515,-0.239354,-0.239354
15462,-0.179515,-0.239354,-0.239354
15463,-0.179515,-0.239354,-0.239354
15464,-0.149596,-0.209434,-0.209434
15465,-0.149596,-0.179515,-0.179515
15466,-0.149596,-0.209434,-0.209434
15467,-0.149596,-0.209434,-0.209434
15468,-0.179515,-0.239354,-0.239354
15469,-0.209434,-0.269273,-0.239354
15470,-0.209434,-0.269273,-0.239354
15471,-0.209434,-0.269273,-0.269273
15472,-0.209434,-0.269273,-0.269273
15473,-0.209434,-0.269273,-0.269273
15474,-0.209434,-0.269273,-0.269273
15475,-0.209434,-0.269273,-0.269273
15476,-0.209434,-0.269273,-0.239354
15477,-0.209434,-0.239354,-0.239354
15478,-0.209434,-0.239354,-0.239354
15479,-0.209434,-0.239354,-0.239354
15480,-0.239354,-0.269273,-0.269273
15481,-0.269273,-0.299192,-0.299192
15482,-0.239354,-0.299192,-0.269273
15483,-0.239354,-0.269273,-0.269273
15484,-0.209434,-0.269273,-0.269273
15485,-0.179515,-0.239354,-0.239354
15486,-0.179515,-0.239354,-0.239354
15487,-0.179515,-0.209434,-0.209434
15488,-0.179515,-0.209434,-0.209434
15489,-0.179515,-0.239354,-0.209434
15490,-0.179515,-0.239354,-0.209434
15491,-0.179515,-0.239354,-0.209434
15492,-0.179515,-0.239354,-0.239354
15493,-0.179515,-0.239354,-0.239354
15494,-0.179515,-0.239354,-0.239354
15495,-0.179515,-0.239354,-0.239354
15496,-0.149596,-0.209434,-0.209434
15497,-0.119677,-0.179515,-0.179515
15498,-0.149596,-0.179515,-0.179515
15499,-0.149596,-0.209434,-0.209434
15500,-0.179515,-0.239354,-0.239354
15501,-0.209434,-0.269273,-0.239354
15502,-0.209434,-0.269273,-0.269273
15503,-0.209434,-0.269273,-0.269273
15504,-0.209434,-0.269273,-0.269273
15505,-0.209434,-0.269273,-0.269273
15506,-0.209434,-0.269273,-0.269273
15507,-0.209434,-0.269273,-0.269273
15508,-0.209434,-0.239354,-0.239354
15509,-0.209434,-0.239354,-0.239354
15510,-0.209434,-0.239354,-0.239354
15511,-0.209434,-0.239354,-0.239354
15512,-0.239354,-0.269273,-0.269273
15513,-0.269273,-0.299192,-0.299192
15514,-0.239354,-0.299192,-0.269273
15515,-0.239354,-0.269273,-0.269273
15516,-0.209434,-0.269273,-0.239354
15517,-0.179515,-0.239354,-0.239354
15518,-0.179515,-0.209434,-0.239354
15519,-0.179515,-0.239354,-0.209434
15520,-0.179515,-0.209434,-0.209434
15521,-0.179515,-0.209434,-0.209434
15522,-0.179515,-0.209434,-0.209434
15523,-0.179515,-0.239354,-0.239354
15524,-0.179515,-0.239354,-0.239354
15525,-0.179515,-0.239354,-0.239354
15526,-0.179515,-0.239354,-0.239354
15527,-0.179515,-0.239354,-0.239354
15528,-0.149596,-0.209434,-0.209434
15529,-0.119677,-0.179515,-0.179515
15530,-0.149596,-0.179515,-0.179515
15531,-0.149596,-0.209434,-0.209434
15532,-0.179515,-0.239354,-0.239354
15533,-0.209434,-0.269273,-0.239354
15534,-0.209434,-0.269273,-0.269273
15535,-0.209434,-0.269273,-0.269273
15536,-0.209434,-0.269273,-0.269273
15537,-0.209434,-0.269273,-0.269273
15538,-0.209434,-0.269273,-0.269273
15539,-0.209434,-0.269273,-0.239354
15540,-0.209434,-0.239354,-0.239354
15541,-0.209434,-0.239354,-0.239354
15542,-0.209434,-0.239354,-0.239354
15543,-0.209434,-0.239354,-0.239354
15544,-0.239354,-0.269273,-0.269273
15545,-0.239354,-0.299192,-0.299192
15546,-0.239354,-0.299192,-0.299192
15547,-0.239354,-0.269273,-0.269273
15548,-0.209434,-0.269273,-0.239354
15549,-0.179515,-0.239354,-0.209434
15550,-0.179515,-0.239354,-0.209434
15551,-0.179515,-0.209434,-0.209434
15552,-0.179515,-0.209434,-0.209434
15553,-0.179515,-0.209434,-0.209434
15554,-0.179515,-0.209434,-0.209434
15555,-0.179515,-0.239354,-0.209434
15556,-0.179515,-0.239354,-0.239354
15557,-0.179515,-0.239354,-0.239354
15558,-0.179515,-0.239354,-0.239354
15559,-0.179515,-0.239354,-0.239354
15560,-0.149596,-0.209434,-0.209434
15561,-0.119677,-0.179515,-0.179515
15562,-0.149596,-0.209434,-0.179515
15563,-0.149596,-0.209434,-0.209434
15564,-0.179515,-0.239354,-0.239354
15565,-0.209434,-0.269273,-0.239354
15566,-0.209434,-0.269273,-0.269273
15567,-0.209434,-0.269273,-0.269273
15568,-0.209434,-0.269273,-0.239354
15569,-0.209434,-0.269273,-0.269273
15570,-0.209434,-0.269273,-0.269273
15571,-0.209434,-0.269273,-0.239354
15572,-0.209434,-0.239354,-0.239354
15573,-0.209434,-0.239354,-0.239354
15574,-0.209434,-0.239354,-0.239354
15575,-0.209434,-0.239354,-0.239354
15576,-0.239354,-0.269273,-0.269273
15577,-0.239354,-0.299192,-0.299192
15578,-0.239354,-0.269273,-0.299192
15579,-0.239354,-0.269273,-0.269273
15580,-0.209434,-0.269273,-0.239354
15581,-0.179515,-0.239354,-0.239354
15582,-0.179515,-0.239354,-0.209434
15583,-0.179515,-0.209434,-0.209434
15584,-0.179515,-0.209434,-0.209434
15585,-0.179515,-0.209434,-0.209434
15586,-0.179515,-0.209434,-0.209434
15587,-0.179515,-0.239354,-0.209434
15588,-0.179515,-0.239354,-0.239354
15589,-0.179515,-0.239354,-0.239354
15590,-0.179515,-0.239354,-0.239354
15591,-0.179515,-0.239354,-0.239354
15592,-0.149596,-0.209434,-0.209434
15593,-0.119677,-0.179515,-0.179515
15594,-0.149596,-0.209434,-0.179515
15595,-0.149596,-0.209434,-0.209434
15596,-0.179515,-0.239354,-0.239354
15597,-0.209434,-0.269273,-0.239354
15598,-0.209434,-0.269273,-0.269273
15599,-0.209434,-0.269273,-0.269273
15600,-0.209434,-0.269273,-0.239354
15601,-0.209434,-0.269273,-0.239354
15602,-0.209434,-0.269273,-0.269273
15603,-0.209434,-0.269273,-0.239354
15604,-0.209434,-0.239354,-0.239354
15605,-0.209434,-0.239354,-0.239354
15606,-0.209434,-0.239354,-0.239354
15607,-0.209434,-0.239354,-0.239354
15608,-0.239354,-0.269273,-0.269273
15609,-0.239354,-0.299192,-0.299192
15610,-0.239354,-0.299192,-0.269273
15611,-0.239354,-0.269273,-0.269273
15612,-0.209434,-0.239354,-0.239354
15613,-0.179515,-0.239354,-0.239354
15614,-0.179515,-0.209434,-0.209434
15615,-0.179515,-0.209434,-0.209434
15616,-0.179515,-0.209434,-0.209434
15617,-0.179515,-0.209434,-0.209434
15618,-0.179515,-0.209434,-0.209434
15619,-0.179515,-0.239354,-0.209434
15620,-0.179515,-0.239354,-0.239354
15621,-0.179515,-0.239354,-0.239354
15622,-0.179515,-0.239354,-0.239354
15623,-0.179515,-0.239354,-0.239354
15624,-0.149596,-0.209434,-0.179515
15625,-0.119677,-0.179515,-0.179515
15626,-0.149596,-0.209434,-0.179515
15627,-0.149596,-0.209434,-0.209434
15628,-0.179515,-0.239354,-0.239354
15629,-0.209434,-0.239354,-0.239354
15630,-0.209434,-0.269273,-0.269273
15631,-0.209434,-0.269273,-0.269273
15632,-0.209434,-0.239354,-0.269273
15633,-0.209434,-0.269273,-0.269273
15634,-0.209434,-0.269273,-0.269273
15635,-0.209434,-0.239354,-0.239354
15636,-0.209434,-0.239354,-0.239354
15637,-0.209434,-0.239354,-0.239354
15638,-0.209434,-0.239354,-0.239354
15639,-0.209434,-0.239354,-0.239354
15640,-0.239354,-0.269273,-0.269273
15641,-0.239354,-0.299192,-0.299192
15642,-0.239354,-0.299192,-0.269273
15643,-0.239354,-0.269273,-0.269273
15644,-0.209434,-0.269273,-0.239354
15645,-0.179515,-0.239354,-0.209434
15646,-0.179515,-0.209434,-0.209434
15647,-0.179515,-0.209434,-0.209434
15648,-0.179515,-0.209434,-0.209434
15649,-0.179515,-0.209434,-0.209434
15650,-0.179515,-0.209434,-0.209434
15651,-0.179515,-0.239354,-0.209434
15652,-0.179515,-0.239354,-0.239354
15653,-0.179515,-0.239354,-0.239354
15654,-0.179515,-0.239354,-0.239354
15655,-0.179515,-0.239354,-0.239354
15656,-0.149596,-0.209434,-0.209434
15657,-0.119677,-0.179515,-0.179515
15658,-0.149596,-0.179515,-0.179515
15659,-0.149596,-0.209434,-0.209434
15660,-0.179515,-0.239354,-0.239354
15661,-0.209434,-0.239354,-0.239354
15662,-0.209434,-0.269273,-0.239354
15663,-0.209434,-0.269273,-0.239354
15664,-0.209434,-0.269273,-0.269273
15665,-0.209434,-0.269273,-0.239354
15666,-0.209434,-0.269273,-0.239354
15667,-0.209434,-0.239354,-0.239354
15668,-0.209434,-0.239354,-0.239354
15669,-0.209434,-0.239354,-0.239354
15670,-0.209434,-0.239354,-0.239354
15671,-0.209434,-0.239354,-0.239354
15672,-0.239354,-0.269273,-0.269273
15673,-0.239354,-0.299192,-0.299192
15674,-0.239354,-0.269273,-0.269273
15675,-0.209434,-0.269273,-0.269273
15676,-0.209434,-0.239354,-0.239354
15677,-0.179515,-0.239354,-0.239354
15678,-0.179515,-0.209434,-0.209434
15679,-0.179515,-0.209434,-0.209434
15680,-0.179515,-0.209434,-0.209434
15681,-0.179515,-0.209434,-0.209434
15682,-0.179515,-0.209434,-0.209434
15683,-0.179515,-0.239354,-0.239354
15684,-0.179515,-0.239354,-0.239354
15685,-0.179515,-0.239354,-0.239354
15686,-0.179515,-0.239354,-0.239354
15687,-0.179515,-0.239354,-0.239354
15688,-0.149596,-0.209434,-0.209434
15689,-0.119677,-0.179515,-0.179515
15690,-0.149596,-0.209434,-0.179515
15691,-0.179515,-0.209434,-0.209434
15692,-0.179515,-0.239354,-0.239354
15693,-0.209434,-0.239354,-0.239354
15694,-0.209434,-0.269273,-0.239354
15695,-0.209434,-0.239354,-0.269273
15696,-0.209434,-0.269273,-0.239354
15697,-0.209434,-0.269273,-0.239354
15698,-0.209434,-0.269273,-0.269273
15699,-0.209434,-0.239354,-0.239354
15700,-0.209434,-0.239354,-0.239354
15701,-0.209434,-0.239354,-0.239354
15702,-0.209434,-0.239354,-0.239354
15703,-0.209434,-0.239354,-0.239354
15704,-0.239354,-0.269273,-0.269273
15705,-0.239354,-0.299192,-0.299192
15706,-0.239354,-0.269273,-0.269273
15707,-0.239354,-0.269273,-0.269273
15708,-0.209434,-0.239354,-0.239354
15709,-0.179515,-0.239354,-0.209434
15710,-0.179515,-0.209434,-0.209434
15711,-0.179515,-0.209434,-0.209434
15712,-0.179515,-0.209434,-0.209434
15713,-0.179515,-0.209434,-0.209434
15714,-0.179515,-0.209434,-0.209434
15715,-0.179515,-0.239354,-0.209434
15716,-0.179515,-0.239354,-0.239354
15717,-0.179515,-0.239354,-0.239354
15718,-0.179515,-0.239354,-0.239354
15719,-0.179515,-0.239354,-0.239354
15720,-0.149596,-0.209434,-0.179515
15721,-0.119677,-0.179515,-0.179515
15722,-0.149596,-0.209434,-0.179515
15723,-0.149596,-0.209434,-0.209434
15724,-0.179515,-0.239354,-0.239354
15725,-0.209434,-0.269273,-0.239354
15726,-0.209434,-0.269273,-0.269273
15727,-0.209434,-0.239354,-0.269273
15728,-0.209434,-0.239354,-0.239354
15729,-0.209434,-0.269273,-0.269273
15730,-0.209434,-0.269273,-0.269273
15731,-0.209434,-0.239354,-0.239354
15732,-0.209434,-0.239354,-0.239354
15733,-0.209434,-0.239354,-0.239354
15734,-0.209434,-0.239354,-0.239354
15735,-0.209434,-0.239354,-0.239354
15736,-0.239354,-0.269273,-0.269273
15737,-0.239354,-0.299192,-0.299192
15738,-0.239354,-0.299192,-0.269273
15739,-0.209434,-0.269273,-0.269273
15740,-0.209434,-0.239354,-0.239354
15741,-0.179515,-0.239354,-0.209434
15742,-0.179515,-0.239354,-0.209434
15743,-0.179515,-0.209434,-0.209434
15744,-0.179515,-0.209434,-0.209434
15745,-0.179515,-0.209434,-0.209434
15746,-0.179515,-0.209434,-0.209434
15747,-0.179515,-0.209434,-0.209434
15748,-0.179515,-0.239354,-0.209434
15749,-0.179515,-0.239354,-0.239354
15750,-0.179515,-0.239354,-0.239354
15751,-0.179515,-0.239354,-0.239354
15752,-0.149596,-0.209434,-0.209434
15753,-0.119677,-0.179515,-0.179515
15754,-0.149596,-0.209434,-0.179515
15755,-0.179515,-0.209434,-0.209434
15756,-0.179515,-0.239354,-0.239354
15757,-0.209434,-0.239354,-0.239354
15758,-0.209434,-0.269273,-0.269273
15759,-0.209434,-0.269273,-0.239354
15760,-0.209434,-0.269273,-0.239354
15761,-0.209434,-0.239354,-0.269273
15762,-0.209434,-0.269273,-0.269273
15763,-0.209434,-0.239354,-0.239354
15764,-0.209434,-0.239354,-0.239354
15765,-0.209434,-0.239354,-0.239354
15766,-0.209434,-0.239354,-0.239354
15767,-0.209434,-0.269273,-0.239354
15768,-0.239354,-0.269273,-0.269273
15769,-0.239354,-0.299192,-0.299192
15770,-0.239354,-0.269273,-0.269273
15771,-0.209434,-0.269273,-0.269273
15772,-0.209434,-0.239354,-0.239354
15773,-0.179515,-0.239354,-0.209434
15774,-0.179515,-0.239354,-0.209434
15775,-0.179515,-0.209434,-0.209434
15776,-0.179515,-0.209434,-0.209434
15777,-0.179515,-0.209434,-0.209434
15778,-0.179515,-0.209434,-0.209434
15779,-0.179515,-0.239354,-0.209434
15780,-0.179515,-0.239354,-0.239354
15781,-0.179515,-0.239354,-0.239354
15782,-0.179515,-0.239354,-0.239354
15783,-0.179515,-0.239354,-0.239354
15784,-0.149596,-0.209434,-0.209434
15785,-0.119677,-0.179515,-0.179515
15786,-0.149596,-0.209434,-0.179515
15787,-0.179515,-0.209434,-0.209434
15788,-0.179515,-0.239354,-0.239354
15789,-0.209434,-0.269273,-0.239354
15790,-0.209434,-0.269273,-0.269273
15791,-0.209434,-0.269273,-0.239354
15792,-0.209434,-0.269273,-0.239354
15793,-0.209434,-0.269273,-0.239354
15794,-0.209434,-0.269273,-0.269273
15795,-0.209434,-0.239354,-0.239354
15796,-0.209434,-0.239354,-0.239354
15797,-0.209434,-0.239354,-0.239354
15798,-0.209434,-0.239354,-0.239354
15799,-0.209434,-0.239354,-0.239354
15800,-0.239354,-0.299192,-0.269273
15801,-0.239354,-0.299192,-0.299192
15802,-0.239354,-0.269273,-0.269273
15803,-0.239354,-0.269273,-0.269273
15804,-0.209434,-0.239354,-0.239354
15805,-0.179515,-0.239354,-0.239354
15806,-0.179515,-0.209434,-0.209434
15807,-0.179515,-0.209434,-0.209434
15808,-0.179515,-0.209434,-0.209434
15809,-0.179515,-0.209434,-0.209434
15810,-0.179515,-0.209434,-0.209434
15811,-0.179515,-0.239354,-0.209434
15812,-0.179515,-0.239354,-0.239354
15813,-0.179515,-0.239354,-0.239354
15814,-0.179515,-0.239354,-0.239354
15815,-0.179515,-0.239354,-0.209434
15816,-0.149596,-0.179515,-0.179515
15817,-0.149596,-0.179515,-0.179515
15818,-0.149596,-0.179515,-0.209434
15819,-0.179515,-0.209434,-0.209434
15820,-0.179515,-0.239354,-0.239354
15821,-0.209434,-0.269273,-0.239354
15822,-0.209434,-0.269273,-0.239354
15823,-0.209434,-0.269273,-0.269273
15824,-0.209434,-0.269273,-0.269273
15825,-0.209434,-0.269273,-0.239354
15826,-0.209434,-0.269273,-0.269273
15827,-0.209434,-0.239354,-0.239354
15828,-0.209434,-0.239354,-0.239354
15829,-0.209434,-0.239354,-0.239354
15830,-0.209434,-0.239354,-0.239354
15831,-0.209434,-0.239354,-0.239354
15832,-0.239354,-0.269273,-0.269273
15833,-0.239354,-0.299192,-0.299192
15834,-0.239354,-0.269273,-0.269273
15835,-0.239354,-0.269273,-0.269273
15836,-0.209434,-0.239354,-0.239354
15837,-0.179515,-0.239354,-0.239354
15838,-0.179515,-0.209434,-0.209434
15839,-0.179515,-0.209434,-0.209434
15840,-0.179515,-0.209434,-0.209434
15841,-0.179515,-0.209434,-0.209434
15842,-0.179515,-0.239354,-0.209434
15843,-0.179515,-0.209434,-0.239354
15844,-0.179515,-0.239354,-0.239354
15845,-0.179515,-0.239354,-0.239354
15846,-0.179515,-0.239354,-0.239354
15847,-0.179515,-0.239354,-0.239354
15848,-0.149596,-0.179515,-0.179515
15849,-0.149596,-0.179515,-0.179515
15850,-0.149596,-0.209434,-0.209434
15851,-0.179515,-0.209434,-0.209434
15852,-0.179515,-0.239354,-0.239354
15853,-0.209434,-0.269273,-0.239354
15854,-0.209434,-0.269273,-0.269273
15855,-0.209434,-0.269273,-0.269273
15856,-0.209434,-0.269273,-0.239354
15857,-0.209434,-0.269273,-0.239354
15858,-0.209434,-0.269273,-0.239354
15859,-0.209434,-0.239354,-0.239354
15860,-0.209434,-0.239354,-0.239354
15861,-0.209434,-0.239354,-0.239354
15862,-0.209434,-0.239354,-0.239354
15863,-0.209434,-0.239354,-0.239354
15864,-0.239354,-0.269273,-0.269273
15865,-0.239354,-0.299192,-0.299192
15866,-0.239354,-0.269273,-0.269273
15867,-0.209434,-0.269273,-0.269273
15868,-0.209434,-0.239354,-0.239354
15869,-0.179515,-0.209434,-0.239354
15870,-0.179515,-0.209434,-0.209434
15871,-0.179515,-0.209434,-0.209434
15872,-0.179515,-0.239354,-0.209434
15873,-0.179515,-0.209434,-0.209434
15874,-0.179515,-0.209434,-0.209434
15875,-0.179515,-0.239354,-0.209434
15876,-0.179515,-0.239354,-0.239354
15877,-0.179515,-0.239354,-0.239354
15878,-0.179515,-0.239354,-0.239354
15879,-0.179515,-0.239354,-0.239354
15880,-0.149596,-0.179515,-0.179515
15881,-0.119677,-0.179515,-0.179515
15882,-0.149596,-0.209434,-0.209434
15883,-0.149596,-0.209434,-0.209434
15884,-0.179515,-0.239354,-0.239354
15885,-0.209434,-0.239354,-0.239354
15886,-0.209434,-0.239354,-0.239354
15887,-0.209434,-0.239354,-0.239354
15888,-0.209434,-0.239354,-0.239354
15889,-0.209434,-0.269273,-0.239354
15890,-0.209434,-0.269273,-0.239354
15891,-0.209434,-0.239354,-0.239354
15892,-0.209434,-0.239354,-0.239354
15893,-0.209434,-0.239354,-0.239354
15894,-0.209434,-0.239354,-0.239354
15895,-0.209434,-0.239354,-0.239354
15896,-0.239354,-0.299192,-0.269273
15897,-0.239354,-0.299192,-0.299192
15898,-0.239354,-0.269273,-0.269273
15899,-0.209434,-0.269273,-0.269273
15900,-0.209434,-0.239354,-0.239354
15901,-0.179515,-0.239354,-0.239354
15902,-0.179515,-0.239354,-0.209434
15903,-0.179515,-0.209434,-0.209434
15904,-0.179515,-0.209434,-0.209434
15905,-0.179515,-0.209434,-0.209434
15906,-0.179515,-0.209434,-0.209434
15907,-0.179515,-0.239354,-0.209434
15908,-0.179515,-0.239354,-0.209434
15909,-0.179515,-0.239354,-0.239354
15910,-0.179515,-0.239354,-0.239354
15911,-0.179515,-0.239354,-0.239354
15912,-0.149596,-0.209434,-0.209434
15913,-0.149596,-0.179515,-0.179515
15914,-0.149596,-0.209434,-0.209434
15915,-0.179515,-0.209434,-0.209434
15916,-0.179515,-0.239354,-0.239354
15917,-0.209434,-0.239354,-0.239354
15918,-0.209434,-0.269273,-0.239354
15919,-0.209434,-0.269273,-0.269273
15920,-0.209434,-0.239354,-0.239354
15921,-0.209434,-0.269273,-0.239354
15922,-0.209434,-0.269273,-0.239354
15923,-0.209434,-0.239354,-0.239354
15924,-0.209434,-0.239354,-0.239354
15925,-0.209434,-0.239354,-0.239354
15926,-0.209434,-0.239354,-0.239354
15927,-0.209434,-0.239354,-0.239354
15928,-0.239354,-0.269273,-0.269273
15929,-0.239354,-0.299192,-0.299192
15930,-0.239354,-0.269273,-0.269273
15931,-0.209434,-0.269273,-0.269273
15932,-0.209434,-0.239354,-0.239354
15933,-0.179515,-0.239354,-0.239354
15934,-0.179515,-0.209434,-0.209434
15935,-0.179515,-0.209434,-0.209434
15936,-0.179515,-0.209434,-0.209434
15937,-0.179515,-0.209434,-0.209434
15938,-0.179515,-0.209434,-0.209434
15939,-0.179515,-0.239354,-0.239354
15940,-0.179515,-0.239354,-0.239354
15941,-0.179515,-0.239354,-0.239354
15942,-0.179515,-0.239354,-0.239354
15943,-0.179515,-0.239354,-0.239354
15944,-0.149596,-0.179515,-0.179515
15945,-0.149596,-0.179515,-0.179515
15946,-0.149596,-0.209434,-0.179515
15947,-0.179515,-0.209434,-0.209434
15948,-0.179515,-0.239354,-0.239354
15949,-0.209434,-0.269273,-0.269273
15950,-0.209434,-0.269273,-0.239354
15951,-0.209434,-0.269273,-0.239354
15952,-0.209434,-0.269273,-0.239354
15953,-0.209434,-0.239354,-0.269273
15954,-0.209434,-0.269273,-0.239354
15955,-0.209434,-0.239354,-0.239354
15956,-0.209434,-0.239354,-0.239354
15957,-0.209434,-0.239354,-0.239354
15958,-0.179515,-0.239354,-0.239354
15959,-0.209434,-0.239354,-0.239354
15960,-0.239354,-0.299192,-0.299192
15961,-0.239354,-0.299192,-0.299192
15962,-0.239354,-0.269273,-0.269273
15963,-0.209434,-0.269273,-0.269273
15964,-0.209434,-0.239354,-0.239354
15965,-0.179515,-0.209434,-0.239354
15966,-0.179515,-0.209434,-0.209434
15967,-0.179515,-0.209434,-0.209434
15968,-0.179515,-0.209434,-0.209434
15969,-0.179515,-0.209434,-0.209434
15970,-0.179515,-0.209434,-0.209434
15971,-0.179515,-0.239354,-0.209434
15972,-0.179515,-0.239354,-0.239354
15973,-0.179515,-0.239354,-0.239354
15974,-0.179515,-0.239354,-0.239354
15975,-0.179515,-0.239354,-0.209434
15976,-0.149596,-0.209434,-0.179515
15977,-0.149596,-0.179515,-0.179515
15978,-0.149596,-0.209434,-0.209434
15979,-0.179515,-0.209434,-0.209434
15980,-0.179515,-0.239354,-0.239354
15981,-0.209434,-0.239354,-0.239354
15982,-0.209434,-0.269273,-0.269273
15983,-0.209434,-0.269273,-0.269273
15984,-0.209434,-0.269273,-0.239354
15985,-0.209434,-0.269273,-0.269273
15986,-0.209434,-0.269273,-0.239354
15987,-0.209434,-0.239354,-0.239354
15988,-0.209434,-0.239354,-0.239354
15989,-0.209434,-0.239354,-0.239354
15990,-0.209434,-0.239354,-0.239354
15991,-0.209434,-0.239354,-0.239354
15992,-0.239354,-0.299192,-0.269273
15993,-0.239354,-0.299192,-0.299192
15994,-0.239354,-0.269273,-0.269273
15995,-0.209434,-0.269273,-0.269273
15996,-0.209434,-0.239354,-0.239354
15997,-0.179515,-0.239354,-0.209434
15998,-0.179515,-0.239354,-0.209434
15999,-0.179515,-0.209434,-0.209434
16000,-0.179515,-0.209434,-0.209434
16001,-0.179515,-0.209434,-0.209434
16002,-0.179515,-0.209434,-0.209434
16003,-0.179515,-0.239354,-0.209434
16004,-0.179515,-0.239354,-0.239354
16005,-0.179515,-0.239354,-0.239354
16006,-0.179515,-0.239354,-0.239354
16007,-0.179515,-0.209434,-0.239354
16008,-0.149596,-0.179515,-0.179515
16009,-0.149596,-0.179515,-0.179515
16010,-0.149596,-0.209434,-0.209434
16011,-0.179515,-0.209434,-0.209434
16012,-0.179515,-0.239354,-0.239354
16013,-0.209434,-0.269273,-0.239354
16014,-0.209434,-0.269273,-0.239354
16015,-0.209434,-0.269273,-0.239354
16016,-0.209434,-0.239354,-0.239354
16017,-0.209434,-0.269273,-0.269273
16018,-0.209434,-0.269273,-0.239354
16019,-0.209434,-0.239354,-0.239354
16020,-0.209434,-0.239354,-0.239354
16021,-0.209434,-0.239354,-0.239354
16022,-0.209434,-0.239354,-0.239354
16023,-0.209434,-0.269273,-0.239354
16024,-0.239354,-0.299192,-0.299192
16025,-0.239354,-0.299192,-0.299192
16026,-0.239354,-0.269273,-0.269273
16027,-0.209434,-0.269273,-0.269273
16028,-0.209434,-0.239354,-0.239354
16029,-0.179515,-0.239354,-0.209434
16030,-0.179515,-0.209434,-0.209434
16031,-0.179515,-0.209434,-0.209434
16032,-0.179515,-0.209434,-0.209434
16033,-0.179515,-0.209434,-0.209434
16034,-0.179515,-0.209434,-0.209434
16035,-0.179515,-0.239354,-0.209434
16036,-0.179515,-0.239354,-0.239354
16037,-0.179515,-0.239354,-0.239354
16038,-0.179515,-0.239354,-0.239354
16039,-0.179515,-0.239354,-0.209434
16040,-0.149596,-0.179515,-0.179515
16041,-0.119677,-0.179515,-0.179515
16042,-0.149596,-0.209434,-0.209434
16043,-0.149596,-0.209434,-0.209434
16044,-0.179515,-0.239354,-0.239354
16045,-0.209434,-0.269273,-0.239354
16046,-0.209434,-0.269273,-0.239354
16047,-0.209434,-0.269273,-0.239354
16048,-0.209434,-0.269273,-0.239354
16049,-0.209434,-0.269273,-0.239354
16050,-0.209434,-0.269273,-0.239354
16051,-0.209434,-0.269273,-0.239354
16052,-0.209434,-0.239354,-0.239354
16053,-0.209434,-0.239354,-0.239354
16054,-0.209434,-0.239354,-0.239354
16055,-0.209434,-0.239354,-0.239354
16056,-0.239354,-0.299192,-0.299192
16057,-0.239354,-0.299192,-0.299192
16058,-0.239354,-0.269273,-0.269273
16059,-0.209434,-0.269273,-0.269273
16060,-0.209434,-0.269273,-0.269273
16061,-0.209434,-0.269273,-0.269273
16062,-0.179515,-0.209434,-0.209434
16063,-0.149596,-0.209434,-0.209434
16064,-0.179515,-0.209434,-0.209434
16065,-0.179515,-0.209434,-0.209434
16066,-0.179515,-0.209434,-0.209434
16067,-0.179515,-0.239354,-0.239354
16068,-0.179515,-0.239354,-0.209434
16069,-0.179515,-0.239354,-0.209434
16070,-0.179515,-0.239354,-0.239354
16071,-0.179515,-0.209434,-0.209434
16072,-0.119677,-0.179515,-0.149596
16073,-0.119677,-0.149596,-0.149596
16074,-0.149596,-0.179515,-0.179515
16075,-0.149596,-0.209434,-0.209434
16076,-0.179515,-0.239354,-0.239354
16077,-0.209434,-0.269273,-0.239354
16078,-0.209434,-0.269273,-0.269273
16079,-0.209434,-0.269273,-0.269273
16080,-0.209434,-0.269273,-0.239354
16081,-0.209434,-0.269273,-0.269273
16082,-0.209434,-0.269273,-0.269273
16083,-0.209434,-0.239354,-0.239354
16084,-0.209434,-0.239354,-0.239354
16085,-0.179515,-0.239354,-0.239354
16086,-0.209434,-0.239354,-0.239354
16087,-0.209434,-0.239354,-0.239354
16088,-0.239354,-0.299192,-0.299192
16089,-0.269273,-0.299192,-0.299192
16090,-0.239354,-0.299192,-0.299192
16091,-0.239354,-0.269273,-0.269273
16092,-0.209434,-0.239354,-0.239354
16093,-0.179515,-0.209434,-0.209434
16094,-0.149596,-0.209434,-0.209434
16095,-0.149596,-0.209434,-0.209434
16096,-0.179515,-0.209434,-0.209434
16097,-0.149596,-0.209434,-0.209434
16098,-0.179515,-0.209434,-0.209434
16099,-0.179515,-0.209434,-0.209434
16100,-0.179515,-0.239354,-0.209434
16101,-0.179515,-0.239354,-0.209434
16102,-0.179515,-0.239354,-0.239354
16103,-0.179515,-0.209434,-0.209434
16104,-0.119677,-0.179515,-0.179515
16105,-0.119677,-0.149596,-0.149596
16106,-0.149596,-0.179515,-0.179515
16107,-0.149596,-0.209434,-0.209434
16108,-0.179515,-0.239354,-0.239354
16109,-0.209434,-0.269273,-0.239354
16110,-0.209434,-0.269273,-0.269273
16111,-0.209434,-0.269273,-0.269273
16112,-0.209434,-0.269273,-0.269273
16113,-0.209434,-0.269273,-0.269273
16114,-0.209434,-0.269273,-0.269273
16115,-0.209434,-0.269273,-0.239354
16116,-0.209434,-0.239354,-0.239354
16117,-0.209434,-0.239354,-0.239354
16118,-0.209434,-0.239354,-0.239354
16119,-0.209434,-0.269273,-0.239354
16120,-0.239354,-0.299192,-0.299192
16121,-0.269273,-0.299192,-0.299192
16122,-0.239354,-0.299192,-0.269273
16123,-0.239354,-0.269273,-0.269273
16124,-0.209434,-0.239354,-0.239354
16125,-0.179515,-0.239354,-0.209434
16126,-0.179515,-0.209434,-0.209434
16127,-0.179515,-0.209434,-0.209434
16128,-0.179515,-0.209434,-0.209434
16129,-0.149596,-0.209434,-0.209434
16130,-0.179515,-0.209434,-0.209434
16131,-0.179515,-0.209434,-0.209434
16132,-0.179515,-0.239354,-0.209434
16133,-0.179515,-0.239354,-0.239354
16134,-0.179515,-0.239354,-0.239354
16135,-0.179515,-0.209434,-0.209434
16136,-0.119677,-0.179515,-0.149596
16137,-0.119677,-0.149596,-0.149596
16138,-0.149596,-0.179515,-0.179515
16139,-0.149596,-0.209434,-0.209434
16140,-0.179515,-0.239354,-0.239354
16141,-0.209434,-0.269273,-0.269273
16142,-0.209434,-0.269273,-0.269273
16143,-0.209434,-0.269273,-0.239354
16144,-0.209434,-0.269273,-0.239354
16145,-0.209434,-0.269273,-0.269273
16146,-0.209434,-0.269273,-0.269273
16147,-0.209434,-0.239354,-0.239354
16148,-0.209434,-0.239354,-0.239354
16149,-0.209434,-0.239354,-0.239354
16150,-0.209434,-0.239354,-0.239354
16151,-0.209434,-0.269273,-0.239354
16152,-0.269273,-0.299192,-0.299192
16153,-0.269273,-0.299192,-0.299192
16154,-0.239354,-0.299192,-0.269273
16155,-0.209434,-0.269273,-0.269273
16156,-0.179515,-0.239354,-0.239354
16157,-0.179515,-0.209434,-0.209434
16158,-0.179515,-0.209434,-0.209434
16159,-0.149596,-0.209434,-0.209434
16160,-0.149596,-0.209434,-0.209434
16161,-0.149596,-0.209434,-0.209434
16162,-0.179515,-0.209434,-0.209434
16163,-0.179515,-0.209434,-0.209434
16164,-0.179515,-0.209434,-0.209434
16165,-0.179515,-0.239354,-0.239354
16166,-0.179515,-0.239354,-0.239354
16167,-0.179515,-0.209434,-0.209434
16168,-0.119677,-0.149596,-0.149596
16169,-0.119677,-0.149596,-0.149596
16170,-0.149596,-0.179515,-0.179515
16171,-0.149596,-0.209434,-0.209434
16172,-0.179515,-0.239354,-0.239354
16173,-0.209434,-0.269273,-0.269273
16174,-0.209434,-0.269273,-0.269273
16175,-0.209434,-0.269273,-0.269273
16176,-0.209434,-0.269273,-0.269273
16177,-0.209434,-0.269273,-0.269273
16178,-0.209434,-0.269273,-0.269273
16179,-0.209434,-0.239354,-0.239354
16180,-0.209434,-0.239354,-0.239354
16181,-0.209434,-0.239354,-0.239354
16182,-0.209434,-0.239354,-0.239354
16183,-0.209434,-0.269273,-0.239354
16184,-0.269273,-0.299192,-0.299192
16185,-0.269273,-0.299192,-0.299192
16186,-0.239354,-0.299192,-0.299192
16187,-0.209434,-0.269273,-0.269273
16188,-0.179515,-0.239354,-0.239354
16189,-0.179515,-0.209434,-0.209434
16190,-0.179515,-0.209434,-0.209434
16191,-0.149596,-0.209434,-0.209434
16192,-0.149596,-0.209434,-0.209434
16193,-0.179515,-0.209434,-0.209434
16194,-0.179515,-0.209434,-0.209434
16195,-0.179515,-0.209434,-0.209434
16196,-0.179515,-0.239354,-0.239354
16197,-0.179515,-0.239354,-0.239354
16198,-0.179515,-0.239354,-0.239354
16199,-0.179515,-0.209434,-0.209434
16200,-0.119677,-0.149596,-0.149596
16201,-0.119677,-0.149596,-0.149596
16202,-0.149596,-0.179515,-0.179515
16203,-0.149596,-0.209434,-0.209434
16204,-0.209434,-0.239354,-0.239354
16205,-0.209434,-0.269273,-0.269273
16206,-0.209434,-0.269273,-0.269273
16207,-0.209434,-0.269273,-0.269273
16208,-0.209434,-0.269273,-0.269273
16209,-0.209434,-0.269273,-0.269273
16210,-0.209434,-0.269273,-0.269273
16211,-0.209434,-0.269273,-0.239354
16212,-0.209434,-0.239354,-0.239354
16213,-0.209434,-0.239354,-0.239354
16214,-0.209434,-0.239354,-0.239354
16215,-0.209434,-0.269273,-0.239354
16216,-0.269273,-0.299192,-0.299192
16217,-0.269273,-0.299192,-0.299192
16218,-0.239354,-0.299192,-0.299192
16219,-0.239354,-0.269273,-0.269273
16220,-0.209434,-0.239354,-0.239354
16221,-0.179515,-0.209434,-0.209434
16222,-0.149596,-0.209434,-0.209434
16223,-0.179515,-0.209434,-0.209434
16224,-0.179515,-0.209434,-0.209434
16225,-0.179515,-0.209434,-0.209434
16226,-0.179515,-0.209434,-0.209434
16227,-0.179515,-0.239354,-0.209434
16228,-0.179515,-0.239354,-0.209434
16229,-0.179515,-0.239354,-0.209434
16230,-0.179515,-0.239354,-0.239354
16231,-0.179515,-0.209434,-0.209434
16232,-0.119677,-0.179515,-0.149596
16233,-0.119677,-0.149596,-0.149596
16234,-0.149596,-0.179515,-0.179515
16235,-0.149596,-0.209434,-0.209434
16236,-0.179515,-0.239354,-0.239354
16237,-0.209434,-0.269273,-0.269273
16238,-0.209434,-0.269273,-0.269273
16239,-0.209434,-0.269273,-0.269273
16240,-0.209434,-0.269273,-0.269273
16241,-0.209434,-0.269273,-0.269273
16242,-0.209434,-0.269273,-0.269273
16243,-0.209434,-0.239354,-0.239354
16244,-0.209434,-0.239354,-0.239354
16245,-0.209434,-0.239354,-0.239354
16246,-0.209434,-0.239354,-0.239354
16247,-0.209434,-0.269273,-0.269273
16248,-0.269273,-0.299192,-0.299192
16249,-0.269273,-0.299192,-0.299192
16250,-0.239354,-0.299192,-0.299192
16251,-0.239354,-0.269273,-0.269273
16252,-0.179515,-0.239354,-0.239354
16253,-0.179515,-0.209434,-0.209434
16254,-0.179515,-0.209434,-0.209434
16255,-0.179515,-0.209434,-0.209434
16256,-0.179515,-0.209434,-0.209434
16257,-0.179515,-0.209434,-0.209434
16258,-0.179515,-0.209434,-0.209434
16259,-0.179515,-0.209434,-0.209434
16260,-0.179515,-0.239354,-0.209434
16261,-0.179515,-0.239354,-0.239354
16262,-0.179515,-0.239354,-0.239354
16263,-0.179515,-0.209434,-0.209434
16264,-0.119677,-0.179515,-0.149596
16265,-0.119677,-0.179515,-0.149596
16266,-0.149596,-0.179515,-0.179515
16267,-0.149596,-0.209434,-0.209434
16268,-0.209434,-0.239354,-0.239354
16269,-0.209434,-0.269273,-0.239354
16270,-0.209434,-0.269273,-0.269273
16271,-0.209434,-0.269273,-0.269273
16272,-0.209434,-0.269273,-0.269273
16273,-0.209434,-0.269273,-0.269273
16274,-0.209434,-0.269273,-0.239354
16275,-0.209434,-0.269273,-0.239354
16276,-0.209434,-0.239354,-0.239354
16277,-0.209434,-0.239354,-0.239354
16278,-0.209434,-0.239354,-0.239354
16279,-0.209434,-0.269273,-0.269273
16280,-0.269273,-0.299192,-0.299192
16281,-0.269273,-0.299192,-0.299192
16282,-0.239354,-0.299192,-0.299192
16283,-0.239354,-0.269273,-0.269273
16284,-0.179515,-0.239354,-0.239354
16285,-0.179515,-0.209434,-0.209434
16286,-0.179515,-0.209434,-0.209434
16287,-0.149596,-0.209434,-0.209434
16288,-0.179515,-0.209434,-0.209434
16289,-0.179515,-0.209434,-0.209434
16290,-0.149596,-0.209434,-0.209434
16291,-0.179515,-0.239354,-0.209434
16292,-0.179515,-0.239354,-0.209434
16293,-0.179515,-0.239354,-0.209434
16294,-0.179515,-0.239354,-0.239354
16295,-0.179515,-0.209434,-0.209434
16296,-0.119677,-0.179515,-0.149596
16297,-0.119677,-0.179515,-0.179515
16298,-0.149596,-0.179515,-0.179515
16299,-0.149596,-0.209434,-0.209434
16300,-0.179515,-0.239354,-0.239354
16301,-0.209434,-0.269273,-0.239354
16302,-0.209434,-0.269273,-0.269273
16303,-0.209434,-0.269273,-0.269273
16304,-0.209434,-0.269273,-0.269273
16305,-0.209434,-0.269273,-0.269273
16306,-0.209434,-0.269273,-0.269273
16307,-0.209434,-0.239354,-0.239354
16308,-0.209434,-0.239354,-0.239354
16309,-0.209434,-0.239354,-0.239354
16310,-0.209434,-0.239354,-0.239354
16311,-0.209434,-0.269273,-0.269273
16312,-0.269273,-0.299192,-0.299192
16313,-0.269273,-0.299192,-0.299192
16314,-0.239354,-0.299192,-0.299192
16315,-0.239354,-0.269273,-0.269273
16316,-0.179515,-0.239354,-0.239354
16317,-0.179515,-0.209434,-0.209434
16318,-0.179515,-0.209434,-0.209434
16319,-0.149596,-0.209434,-0.209434
16320,-0.179515,-0.209434,-0.209434
16321,-0.179515,-0.209434,-0.209434
16322,-0.179515,-0.209434,-0.209434
16323,-0.179515,-0.239354,-0.209434
16324,-0.179515,-0.209434,-0.239354
16325,-0.179515,-0.239354,-0.239354
16326,-0.179515,-0.239354,-0.239354
16327,-0.179515,-0.209434,-0.209434
16328,-0.119677,-0.179515,-0.149596
16329,-0.119677,-0.179515,-0.149596
16330,-0.149596,-0.179515,-0.179515
16331,-0.149596,-0.209434,-0.209434
16332,-0.209434,-0.239354,-0.239354
16333,-0.209434,-0.269273,-0.269273
16334,-0.209434,-0.269273,-0.269273
16335,-0.209434,-0.269273,-0.269273
16336,-0.209434,-0.269273,-0.269273
16337,-0.209434,-0.269273,-0.269273
16338,-0.209434,-0.269273,-0.269273
16339,-0.209434,-0.239354,-0.239354
16340,-0.209434,-0.239354,-0.239354
16341,-0.209434,-0.239354,-0.239354
16342,-0.209434,-0.239354,-0.239354
16343,-0.209434,-0.269273,-0.269273
16344,-0.269273,-0.299192,-0.299192
16345,-0.269273,-0.299192,-0.299192
16346,-0.239354,-0.299192,-0.269273
16347,-0.209434,-0.269273,-0.269273
16348,-0.179515,-0.239354,-0.239354
16349,-0.179515,-0.209434,-0.209434
16350,-0.179515,-0.209434,-0.209434
16351,-0.179515,-0.209434,-0.209434
16352,-0.179515,-0.209434,-0.209434
16353,-0.149596,-0.209434,-0.209434
16354,-0.179515,-0.209434,-0.209434
16355,-0.179515,-0.209434,-0.209434
16356,-0.179515,-0.239354,-0.239354
16357,-0.179515,-0.239354,-0.239354
16358,-0.179515,-0.239354,-0.239354
16359,-0.179515,-0.209434,-0.209434
16360,-0.119677,-0.179515,-0.179515
16361,-0.119677,-0.179515,-0.179515
16362,-0.149596,-0.179515,-0.179515
16363,-0.149596,-0.209434,-0.209434
16364,-0.209434,-0.239354,-0.239354
16365,-0.209434,-0.269273,-0.269273
16366,-0.209434,-0.269273,-0.269273
16367,-0.209434,-0.269273,-0.239354
16368,-0.209434,-0.269273,-0.269273
16369,-0.209434,-0.269273,-0.269273
16370,-0.209434,-0.269273,-0.269273
16371,-0.209434,-0.239354,-0.239354
16372,-0.209434,-0.239354,-0.239354
16373,-0.209434,-0.239354,-0.239354
16374,-0.209434,-0.239354,-0.239354
16375,-0.209434,-0.269273,-0.269273
16376,-0.269273,-0.299192,-0.299192
16377,-0.269273,-0.299192,-0.299192
16378,-0.239354,-0.299192,-0.299192
16379,-0.209434,-0.269273,-0.269273
16380,-0.179515,-0.239354,-0.239354
16381,-0.179515,-0.209434,-0.209434
16382,-0.179515,-0.209434,-0.209434
16383,-0.149596,-0.209434,-0.209434
16384,-0.179515,-0.209434,-0.209434
16385,-0.179515,-0.209434,-0.209434
16386,-0.179515,-0.209434,-0.209434
16387,-0.179515,-0.239354,-0.209434
16388,-0.179515,-0.239354,-0.209434
16389,-0.179515,-0.239354,-0.209434
16390,-0.179515,-0.239354,-0.239354
16391,-0.149596,-0.209434,-0.209434
16392,-0.119677,-0.179515,-0.149596
16393,-0.119677,-0.179515,-0.149596
16394,-0.149596,-0.179515,-0.179515
16395,-0.179515,-0.209434,-0.209434
16396,-0.209434,-0.239354,-0.239354
16397,-0.209434,-0.269273,-0.269273
16398,-0.209434,-0.269273,-0.269273
16399,-0.209434,-0.269273,-0.269273
16400,-0.209434,-0.269273,-0.239354
16401,-0.209434,-0.269273,-0.269273
16402,-0.209434,-0.269273,-0.269273
16403,-0.209434,-0.239354,-0.239354
16404,-0.209434,-0.239354,-0.239354
16405,-0.209434,-0.239354,-0.239354
16406,-0.209434,-0.239354,-0.239354
16407,-0.209434,-0.269273,-0.269273
16408,-0.269273,-0.299192,-0.299192
16409,-0.269273,-0.299192,-0.299192
16410,-0.239354,-0.299192,-0.269273
16411,-0.209434,-0.269273,-0.269273
16412,-0.209434,-0.239354,-0.239354
16413,-0.179515,-0.209434,-0.209434
16414,-0.179515,-0.209434,-0.209434
16415,-0.179515,-0.209434,-0.209434
16416,-0.179515,-0.209434,-0.209434
16417,-0.179515,-0.209434,-0.209434
16418,-0.179515,-0.239354,-0.209434
16419,-0.179515,-0.239354,-0.209434
16420,-0.179515,-0.239354,-0.239354
16421,-0.179515,-0.239354,-0.239354
16422,-0.179515,-0.239354,-0.209434
16423,-0.179515,-0.209434,-0.209434
16424,-0.119677,-0.179515,-0.179515
16425,-0.119677,-0.179515,-0.179515
16426,-0.149596,-0.209434,-0.209434
16427,-0.179515,-0.209434,-0.209434
16428,-0.179515,-0.239354,-0.239354
16429,-0.209434,-0.269273,-0.239354
16430,-0.209434,-0.269273,-0.269273
16431,-0.209434,-0.269273,-0.239354
16432,-0.209434,-0.269273,-0.269273
16433,-0.209434,-0.269273,-0.239354
16434,-0.209434,-0.239354,-0.269273
16435,-0.209434,-0.239354,-0.239354
16436,-0.209434,-0.239354,-0.239354
16437,-0.209434,-0.239354,-0.239354
16438,-0.209434,-0.239354,-0.239354
16439,-0.209434,-0.269273,-0.269273
16440,-0.239354,-0.299192,-0.299192
16441,-0.239354,-0.299192,-0.299192
16442,-0.239354,-0.269273,-0.269273
16443,-0.239354,-0.269273,-0.269273
16444,-0.209434,-0.239354,-0.239354
16445,-0.179515,-0.239354,-0.209434
16446,-0.179515,-0.209434,-0.209434
16447,-0.179515,-0.209434,-0.209434
16448,-0.179515,-0.209434,-0.209434
16449,-0.179515,-0.209434,-0.209434
16450,-0.179515,-0.209434,-0.209434
16451,-0.179515,-0.209434,-0.239354
16452,-0.179515,-0.239354,-0.239354
16453,-0.179515,-0.239354,-0.239354
16454,-0.179515,-0.239354,-0.239354
16455,-0.179515,-0.209434,-0.209434
16456,-0.119677,-0.179515,-0.179515
16457,-0.149596,-0.179515,-0.179515
16458,-0.149596,-0.209434,-0.209434
16459,-0.179515,-0.209434,-0.209434
16460,-0.179515,-0.239354,-0.239354
16461,-0.209434,-0.269273,-0.239354
16462,-0.209434,-0.239354,-0.239354
16463,-0.209434,-0.239354,-0.239354
16464,-0.209434,-0.239354,-0.239354
16465,-0.209434,-0.269273,-0.239354
16466,-0.209434,-0.269273,-0.239354
16467,-0.209434,-0.239354,-0.239354
16468,-0.209434,-0.239354,-0.239354
16469,-0.209434,-0.239354,-0.239354
16470,-0.209434,-0.239354,-0.239354
16471,-0.209434,-0.269273,-0.239354
16472,-0.239354,-0.299192,-0.299192
16473,-0.239354,-0.299192,-0.299192
16474,-0.239354,-0.269273,-0.269273
16475,-0.209434,-0.269273,-0.269273
16476,-0.179515,-0.239354,-0.239354
16477,-0.179515,-0.239354,-0.209434
16478,-0.179515,-0.209434,-0.209434
16479,-0.179515,-0.239354,-0.209434
16480,-0.179515,-0.209434,-0.209434
16481,-0.179515,-0.209434,-0.209434
16482,-0.179515,-0.209434,-0.209434
16483,-0.179515,-0.239354,-0.239354
16484,-0.179515,-0.239354,-0.239354
16485,-0.179515,-0.239354,-0.239354
16486,-0.179515,-0.239354,-0.239354
16487,-0.179515,-0.209434,-0.209434
16488,-0.119677,-0.179515,-0.179515
16489,-0.119677,-0.179515,-0.149596
16490,-0.149596,-0.179515,-0.179515
16491,-0.149596,-0.209434,-0.209434
16492,-0.179515,-0.239354,-0.209434
16493,-0.179515,-0.239354,-0.239354
16494,-0.179515,-0.239354,-0.239354
16495,-0.209434,-0.239354,-0.239354
16496,-0.209434,-0.239354,-0.239354
16497,-0.209434,-0.239354,-0.239354
16498,-0.209434,-0.269273,-0.239354
16499,-0.209434,-0.239354,-0.239354
16500,-0.209434,-0.239354,-0.239354
16501,-0.209434,-0.239354,-0.239354
16502,-0.209434,-0.239354,-0.239354
16503,-0.239354,-0.269273,-0.269273
16504,-0.299192,-0.329111,-0.329111
16505,-0.299192,-0.329111,-0.329111
16506,-0.299192,-0.329111,-0.329111
16507,-0.269273,-0.329111,-0.299192
16508,-0.239354,-0.269273,-0.269273
16509,-0.209434,-0.239354,-0.239354
16510,-0.179515,-0.239354,-0.239354
16511,-0.179515,-0.209434,-0.209434
16512,-0.179515,-0.209434,-0.209434
16513,-0.179515,-0.209434,-0.209434
16514,-0.179515,-0.209434,-0.209434
16515,-0.179515,-0.209434,-0.209434
16516,-0.179515,-0.209434,-0.209434
16517,-0.179515,-0.209434,-0.209434
16518,-0.179515,-0.209434,-0.209434
16519,-0.149596,-0.179515,-0.179515
16520,-0.059838,-0.119677,-0.119677
16521,-0.059838,-0.119677,-0.089758
16522,-0.059838,-0.119677,-0.119677
16523,-0.089758,-0.149596,-0.149596
16524,-0.149596,-0.179515,-0.179515
16525,-0.179515,-0.209434,-0.209434
16526,-0.179515,-0.239354,-0.239354
16527,-0.209434,-0.239354,-0.239354
16528,-0.209434,-0.239354,-0.239354
16529,-0.209434,-0.269273,-0.269273
16530,-0.209434,-0.269273,-0.269273
16531,-0.209434,-0.269273,-0.239354
16532,-0.209434,-0.269273,-0.239354
16533,-0.209434,-0.239354,-0.239354
16534,-0.209434,-0.239354,-0.239354
16535,-0.239354,-0.299192,-0.299192
16536,-0.299192,-0.359030,-0.359030
16537,-0.329111,-0.359030,-0.359030
16538,-0.299192,-0.359030,-0.329111
16539,-0.269273,-0.329111,-0.329111
16540,-0.239354,-0.269273,-0.269273
16541,-0.209434,-0.239354,-0.239354
16542,-0.179515,-0.239354,-0.239354
16543,-0.179515,-0.209434,-0.209434
16544,-0.179515,-0.209434,-0.209434
16545,-0.179515,-0.209434,-0.209434
16546,-0.179515,-0.209434,-0.209434
16547,-0.179515,-0.209434,-0.209434
16548,-0.179515,-0.209434,-0.209434
16549,-0.179515,-0.239354,-0.209434
16550,-0.179515,-0.239354,-0.209434
16551,-0.149596,-0.179515,-0.179515
16552,-0.089758,-0.119677,-0.119677
16553,-0.059838,-0.119677,-0.119677
16554,-0.089758,-0.119677,-0.119677
16555,-0.089758,-0.149596,-0.149596
16556,-0.149596,-0.179515,-0.179515
16557,-0.179515,-0.209434,-0.209434
16558,-0.179515,-0.239354,-0.239354
16559,-0.209434,-0.239354,-0.239354
16560,-0.209434,-0.239354,-0.239354
16561,-0.209434,-0.269273,-0.239354
16562,-0.209434,-0.269273,-0.269273
16563,-0.209434,-0.239354,-0.239354
16564,-0.209434,-0.239354,-0.239354
16565,-0.209434,-0.239354,-0.239354
16566,-0.209434,-0.239354,-0.239354
16567,-0.239354,-0.269273,-0.269273
16568,-0.269273,-0.329111,-0.329111
16569,-0.269273,-0.329111,-0.329111
16570,-0.269273,-0.329111,-0.329111
16571,-0.239354,-0.299192,-0.299192
16572,-0.209434,-0.239354,-0.239354
16573,-0.179515,-0.239354,-0.239354
16574,-0.179515,-0.239354,-0.209434
16575,-0.179515,-0.209434,-0.209434
16576,-0.179515,-0.209434,-0.209434
16577,-0.179515,-0.209434,-0.209434
16578,-0.179515,-0.209434,-0.209434
16579,-0.179515,-0.209434,-0.209434
16580,-0.179515,-0.209434,-0.239354
16581,-0.179515,-0.239354,-0.209434
16582,-0.179515,-0.239354,-0.239354
16583,-0.149596,-0.209434,-0.209434
16584,-0.119677,-0.149596,-0.149596
16585,-0.119677,-0.179515,-0.179515
16586,-0.149596,-0.179515,-0.179515
16587,-0.149596,-0.209434,-0.209434
16588,-0.179515,-0.239354,-0.239354
16589,-0.209434,-0.239354,-0.269273
16590,-0.209434,-0.269273,-0.269273
16591,-0.209434,-0.269273,-0.239354
16592,-0.209434,-0.269273,-0.269273
16593,-0.209434,-0.269273,-0.269273
16594,-0.209434,-0.239354,-0.239354
16595,-0.209434,-0.239354,-0.239354
16596,-0.209434,-0.239354,-0.239354
16597,-0.209434,-0.239354,-0.239354
16598,-0.209434,-0.239354,-0.239354
16599,-0.239354,-0.269273,-0.269273
16600,-0.269273,-0.299192,-0.299192
16601,-0.239354,-0.299192,-0.299192
16602,-0.239354,-0.269273,-0.269273
16603,-0.209434,-0.269273,-0.269273
16604,-0.179515,-0.239354,-0.239354
16605,-0.179515,-0.239354,-0.209434
16606,-0.179515,-0.209434,-0.209434
16607,-0.179515,-0.209434,-0.209434
16608,-0.179515,-0.209434,-0.209434
16609,-0.149596,-0.209434,-0.209434
16610,-0.179515,-0.209434,-0.209434
16611,-0.179515,-0.239354,-0.209434
16612,-0.179515,-0.239354,-0.209434
16613,-0.179515,-0.239354,-0.209434
16614,-0.179515,-0.239354,-0.209434
16615,-0.149596,-0.209434,-0.209434
16616,-0.119677,-0.149596,-0.149596
16617,-0.119677,-0.179515,-0.179515
16618,-0.149596,-0.179515,-0.179515
16619,-0.179515,-0.209434,-0.209434
16620,-0.179515,-0.239354,-0.239354
16621,-0.209434,-0.239354,-0.239354
16622,-0.209434,-0.239354,-0.239354
16623,-0.209434,-0.239354,-0.239354
16624,-0.209434,-0.269273,-0.239354
16625,-0.209434,-0.269273,-0.239354
16626,-0.209434,-0.239354,-0.239354
16627,-0.209434,-0.239354,-0.239354
16628,-0.209434,-0.239354,-0.239354
16629,-0.209434,-0.239354,-0.239354
16630,-0.209434,-0.239354,-0.239354
16631,-0.209434,-0.269273,-0.269273
16632,-0.239354,-0.299192,-0.299192
16633,-0.239354,-0.299192,-0.299192
16634,-0.239354,-0.299192,-0.269273
16635,-0.209434,-0.269273,-0.269273
16636,-0.179515,-0.239354,-0.239354
16637,-0.179515,-0.209434,-0.209434
16638,-0.179515,-0.209434,-0.209434
16639,-0.179515,-0.209434,-0.209434
16640,-0.179515,-0.209434,-0.209434
16641,-0.149596,-0.209434,-0.209434
16642,-0.149596,-0.209434,-0.209434
16643,-0.179515,-0.209434,-0.209434
16644,-0.179515,-0.209434,-0.209434
16645,-0.179515,-0.209434,-0.209434
16646,-0.179515,-0.239354,-0.209434
16647,-0.149596,-0.209434,-0.209434
16648,-0.119677,-0.149596,-0.149596
16649,-0.119677,-0.179515,-0.179515
16650,-0.149596,-0.179515,-0.179515
16651,-0.149596,-0.209434,-0.209434
16652,-0.179515,-0.239354,-0.239354
16653,-0.209434,-0.239354,-0.239354
16654,-0.209434,-0.239354,-0.239354
16655,-0.209434,-0.239354,-0.239354
16656,-0.209434,-0.239354,-0.239354
16657,-0.209434,-0.269273,-0.269273
16658,-0.209434,-0.269273,-0.239354
16659,-0.209434,-0.239354,-0.239354
16660,-0.209434,-0.239354,-0.239354
16661,-0.209434,-0.239354,-0.239354
16662,-0.179515,-0.239354,-0.239354
16663,-0.209434,-0.269273,-0.269273
16664,-0.239354,-0.299192,-0.299192
16665,-0.239354,-0.299192,-0.299192
16666,-0.239354,-0.269273,-0.269273
16667,-0.209434,-0.269273,-0.239354
16668,-0.179515,-0.239354,-0.239354
16669,-0.179515,-0.209434,-0.209434
16670,-0.179515,-0.209434,-0.209434
16671,-0.179515,-0.209434,-0.209434
16672,-0.179515,-0.209434,-0.209434
16673,-0.149596,-0.209434,-0.209434
16674,-0.179515,-0.209434,-0.209434
16675,-0.179515,-0.209434,-0.209434
16676,-0.179515,-0.209434,-0.209434
16677,-0.179515,-0.239354,-0.209434
16678,-0.179515,-0.239354,-0.209434
16679,-0.149596,-0.209434,-0.179515
16680,-0.119677,-0.149596,-0.149596
16681,-0.119677,-0.179515,-0.179515
16682,-0.149596,-0.179515,-0.179515
16683,-0.149596,-0.209434,-0.209434
16684,-0.179515,-0.239354,-0.239354
16685,-0.209434,-0.239354,-0.239354
16686,-0.209434,-0.269273,-0.239354
16687,-0.209434,-0.239354,-0.239354
16688,-0.209434,-0.239354,-0.239354
16689,-0.209434,-0.269273,-0.239354
16690,-0.209434,-0.239354,-0.239354
16691,-0.209434,-0.239354,-0.239354
16692,-0.209434,-0.239354,-0.239354
16693,-0.209434,-0.239354,-0.239354
16694,-0.209434,-0.239354,-0.239354
16695,-0.239354,-0.269273,-0.269273
16696,-0.269273,-0.299192,-0.299192
16697,-0.239354,-0.299192,-0.299192
16698,-0.239354,-0.269273,-0.269273
16699,-0.209434,-0.269273,-0.269273
16700,-0.179515,-0.239354,-0.239354
16701,-0.179515,-0.209434,-0.209434
16702,-0.179515,-0.209434,-0.209434
16703,-0.179515,-0.209434,-0.209434
16704,-0.179515,-0.209434,-0.209434
16705,-0.149596,-0.209434,-0.209434
16706,-0.149596,-0.209434,-0.209434
16707,-0.179515,-0.209434,-0.209434
16708,-0.179515,-0.209434,-0.209434
16709,-0.179515,-0.239354,-0.209434
16710,-0.179515,-0.239354,-0.209434
16711,-0.149596,-0.209434,-0.179515
16712,-0.119677,-0.149596,-0.149596
16713,-0.119677,-0.179515,-0.179515
16714,-0.149596,-0.179515,-0.179515
16715,-0.179515,-0.209434,-0.209434
16716,-0.209434,-0.239354,-0.239354
16717,-0.209434,-0.239354,-0.239354
16718,-0.209434,-0.239354,-0.239354
16719,-0.209434,-0.239354,-0.239354
16720,-0.209434,-0.239354,-0.239354
16721,-0.209434,-0.239354,-0.269273
16722,-0.209434,-0.239354,-0.239354
16723,-0.209434,-0.239354,-0.239354
16724,-0.209434,-0.239354,-0.239354
16725,-0.179515,-0.239354,-0.239354
16726,-0.209434,-0.239354,-0.239354
16727,-0.239354,-0.269273,-0.269273
16728,-0.269273,-0.299192,-0.299192
16729,-0.239354,-0.299192,-0.299192
16730,-0.239354,-0.269273,-0.269273
16731,-0.209434,-0.269273,-0.239354
16732,-0.179515,-0.239354,-0.239354
16733,-0.179515,-0.209434,-0.209434
16734,-0.179515,-0.209434,-0.209434
16735,-0.179515,-0.209434,-0.209434
16736,-0.179515,-0.209434,-0.209434
16737,-0.149596,-0.209434,-0.209434
16738,-0.179515,-0.209434,-0.209434
16739,-0.179515,-0.209434,-0.209434
16740,-0.179515,-0.239354,-0.209434
16741,-0.179515,-0.239354,-0.209434
16742,-0.179515,-0.239354,-0.209434
16743,-0.149596,-0.179515,-0.179515
16744,-0.119677,-0.149596,-0.149596
16745,-0.119677,-0.179515,-0.179515
16746,-0.149596,-0.179515,-0.179515
16747,-0.149596,-0.209434,-0.209434
16748,-0.179515,-0.239354,-0.239354
16749,-0.209434,-0.239354,-0.239354
16750,-0.209434,-0.239354,-0.239354
16751,-0.209434,-0.239354,-0.239354
16752,-0.209434,-0.239354,-0.239354
16753,-0.209434,-0.239354,-0.269273
16754,-0.209434,-0.239354,-0.239354
16755,-0.209434,-0.239354,-0.239354
16756,-0.179515,-0.239354,-0.239354
16757,-0.179515,-0.239354,-0.239354
16758,-0.209434,-0.239354,-0.239354
16759,-0.239354,-0.269273,-0.269273
16760,-0.269273,-0.299192,-0.299192
16761,-0.239354,-0.299192,-0.299192
16762,-0.239354,-0.269273,-0.269273
16763,-0.209434,-0.269273,-0.269273
16764,-0.179515,-0.239354,-0.239354
16765,-0.179515,-0.209434,-0.209434
16766,-0.179515,-0.209434,-0.209434
16767,-0.179515,-0.209434,-0.209434
16768,-0.179515,-0.209434,-0.209434
16769,-0.179515,-0.209434,-0.209434
16770,-0.179515,-0.209434,-0.209434
16771,-0.179515,-0.209434,-0.209434
16772,-0.179515,-0.239354,-0.209434
16773,-0.179515,-0.239354,-0.239354
16774,-0.179515,-0.239354,-0.209434
16775,-0.149596,-0.179515,-0.179515
16776,-0.119677,-0.149596,-0.149596
16777,-0.119677,-0.179515,-0.179515
16778,-0.149596,-0.179515,-0.179515
16779,-0.179515,-0.209434,-0.209434
16780,-0.179515,-0.239354,-0.239354
16781,-0.209434,-0.239354,-0.239354
16782,-0.209434,-0.239354,-0.239354
16783,-0.209434,-0.269273,-0.239354
16784,-0.209434,-0.269273,-0.239354
16785,-0.209434,-0.239354,-0.269273
16786,-0.209434,-0.239354,-0.239354
16787,-0.209434,-0.239354,-0.239354
16788,-0.209434,-0.239354,-0.239354
16789,-0.209434,-0.239354,-0.239354
16790,-0.209434,-0.239354,-0.239354
16791,-0.239354,-0.269273,-0.269273
16792,-0.269273,-0.299192,-0.299192
16793,-0.239354,-0.299192,-0.299192
16794,-0.239354,-0.269273,-0.269273
16795,-0.209434,-0.269273,-0.269273
16796,-0.179515,-0.239354,-0.239354
16797,-0.179515,-0.209434,-0.209434
16798,-0.179515,-0.209434,-0.209434
16799,-0.149596,-0.209434,-0.209434
16800,-0.179515,-0.209434,-0.209434
16801,-0.179515,-0.209434,-0.209434
16802,-0.179515,-0.209434,-0.209434
16803,-0.179515,-0.209434,-0.209434
16804,-0.179515,-0.239354,-0.209434
16805,-0.179515,-0.239354,-0.239354
16806,-0.179515,-0.209434,-0.239354
16807,-0.149596,-0.179515,-0.179515
16808,-0.119677,-0.179515,-0.149596
16809,-0.119677,-0.179515,-0.179515
16810,-0.149596,-0.209434,-0.179515
16811,-0.179515,-0.209434,-0.209434
16812,-0.209434,-0.239354,-0.239354
16813,-0.209434,-0.239354,-0.239354
16814,-0.209434,-0.239354,-0.239354
16815,-0.209434,-0.239354,-0.239354
16816,-0.209434,-0.239354,-0.239354
16817,-0.209434,-0.269273,-0.269273
16818,-0.209434,-0.269273,-0.239354
16819,-0.209434,-0.239354,-0.239354
16820,-0.209434,-0.239354,-0.239354
16821,-0.209434,-0.239354,-0.239354
16822,-0.209434,-0.239354,-0.239354
16823,-0.239354,-0.269273,-0.269273
16824,-0.269273,-0.299192,-0.299192
16825,-0.239354,-0.299192,-0.299192
16826,-0.239354,-0.269273,-0.269273
16827,-0.209434,-0.269273,-0.269273
16828,-0.179515,-0.239354,-0.239354
16829,-0.179515,-0.209434,-0.209434
16830,-0.179515,-0.209434,-0.209434
16831,-0.179515,-0.209434,-0.209434
16832,-0.179515,-0.209434,-0.209434
16833,-0.179515,-0.209434,-0.209434
16834,-0.179515,-0.209434,-0.209434
16835,-0.179515,-0.209434,-0.209434
16836,-0.179515,-0.239354,-0.239354
16837,-0.179515,-0.239354,-0.209434
16838,-0.179515,-0.239354,-0.209434
16839,-0.149596,-0.209434,-0.179515
16840,-0.119677,-0.179515,-0.149596
16841,-0.119677,-0.179515,-0.179515
16842,-0.149596,-0.179515,-0.179515
16843,-0.179515,-0.209434,-0.209434
16844,-0.209434,-0.239354,-0.239354
16845,-0.209434,-0.239354,-0.239354
16846,-0.209434,-0.239354,-0.239354
16847,-0.209434,-0.239354,-0.269273
16848,-0.209434,-0.269273,-0.239354
16849,-0.209434,-0.269273,-0.269273
16850,-0.209434,-0.239354,-0.269273
16851,-0.209434,-0.239354,-0.239354
16852,-0.209434,-0.239354,-0.239354
16853,-0.209434,-0.239354,-0.239354
16854,-0.209434,-0.239354,-0.239354
16855,-0.239354,-0.269273,-0.269273
16856,-0.269273,-0.299192,-0.299192
16857,-0.239354,-0.299192,-0.299192
16858,-0.239354,-0.269273,-0.269273
16859,-0.209434,-0.269273,-0.269273
16860,-0.179515,-0.239354,-0.239354
16861,-0.179515,-0.209434,-0.209434
16862,-0.179515,-0.209434,-0.209434
16863,-0.179515,-0.209434,-0.209434
16864,-0.179515,-0.209434,-0.209434
16865,-0.179515,-0.209434,-0.209434
16866,-0.179515,-0.209434,-0.209434
16867,-0.179515,-0.239354,-0.209434
16868,-0.179515,-0.239354,-0.209434
16869,-0.179515,-0.239354,-0.239354
16870,-0.179515,-0.239354,-0.209434
16871,-0.149596,-0.179515,-0.179515
16872,-0.119677,-0.179515,-0.149596
16873,-0.119677,-0.179515,-0.179515
16874,-0.149596,-0.209434,-0.179515
16875,-0.179515,-0.209434,-0.209434
16876,-0.179515,-0.239354,-0.239354
16877,-0.209434,-0.239354,-0.239354
16878,-0.209434,-0.239354,-0.239354
16879,-0.209434,-0.269273,-0.239354
16880,-0.209434,-0.269273,-0.239354
16881,-0.209434,-0.269273,-0.269273
16882,-0.209434,-0.269273,-0.239354
16883,-0.209434,-0.239354,-0.239354
16884,-0.209434,-0.239354,-0.239354
16885,-0.209434,-0.239354,-0.239354
16886,-0.209434,-0.239354,-0.239354
16887,-0.239354,-0.269273,-0.269273
16888,-0.269273,-0.299192,-0.299192
16889,-0.239354,-0.299192,-0.299192
16890,-0.239354,-0.269273,-0.269273
16891,-0.209434,-0.269273,-0.269273
16892,-0.179515,-0.239354,-0.239354
16893,-0.179515,-0.209434,-0.209434
16894,-0.179515,-0.209434,-0.209434
16895,-0.179515,-0.209434,-0.209434
16896,-0.179515,-0.209434,-0.209434
16897,-0.179515,-0.209434,-0.209434
16898,-0.179515,-0.209434,-0.209434
16899,-0.179515,-0.239354,-0.209434
16900,-0.179515,-0.239354,-0.239354
16901,-0.179515,-0.239354,-0.209434
16902,-0.179515,-0.239354,-0.239354
16903,-0.149596,-0.209434,-0.179515
16904,-0.119677,-0.179515,-0.179515
16905,-0.149596,-0.179515,-0.179515
16906,-0.149596,-0.209434,-0.209434
16907,-0.179515,-0.239354,-0.239354
16908,-0.209434,-0.239354,-0.239354
16909,-0.209434,-0.269273,-0.239354
16910,-0.209434,-0.269273,-0.239354
16911,-0.209434,-0.269273,-0.239354
16912,-0.209434,-0.269273,-0.239354
16913,-0.209434,-0.269273,-0.269273
16914,-0.209434,-0.239354,-0.239354
16915,-0.209434,-0.239354,-0.239354
16916,-0.209434,-0.239354,-0.239354
16917,-0.179515,-0.239354,-0.239354
16918,-0.179515,-0.239354,-0.239354
16919,-0.239354,-0.269273,-0.269273
16920,-0.239354,-0.299192,-0.299192
16921,-0.239354,-0.269273,-0.269273
16922,-0.209434,-0.269273,-0.269273
16923,-0.209434,-0.239354,-0.239354
16924,-0.179515,-0.239354,-0.209434
16925,-0.179515,-0.239354,-0.209434
16926,-0.179515,-0.209434,-0.209434
16927,-0.179515,-0.209434,-0.209434
16928,-0.179515,-0.209434,-0.209434
16929,-0.179515,-0.209434,-0.209434
16930,-0.179515,-0.239354,-0.209434
16931,-0.179515,-0.239354,-0.239354
16932,-0.179515,-0.239354,-0.239354
16933,-0.179515,-0.239354,-0.239354
16934,-0.179515,-0.239354,-0.239354
16935,-0.149596,-0.209434,-0.209434
16936,-0.119677,-0.179515,-0.179515
16937,-0.149596,-0.179515,-0.179515
16938,-0.149596,-0.209434,-0.209434
16939,-0.179515,-0.239354,-0.239354
16940,-0.209434,-0.239354,-0.239354
16941,-0.209434,-0.269273,-0.239354
16942,-0.209434,-0.269273,-0.239354
16943,-0.209434,-0.239354,-0.239354
16944,-0.209434,-0.269273,-0.239354
16945,-0.209434,-0.269273,-0.239354
16946,-0.209434,-0.269273,-0.239354
16947,-0.209434,-0.239354,-0.239354
16948,-0.209434,-0.239354,-0.239354
16949,-0.209434,-0.239354,-0.239354
16950,-0.209434,-0.239354,-0.239354
16951,-0.239354,-0.269273,-0.269273
16952,-0.239354,-0.299192,-0.299192
16953,-0.239354,-0.299192,-0.269273
16954,-0.209434,-0.269273,-0.269273
16955,-0.209434,-0.239354,-0.239354
16956,-0.179515,-0.239354,-0.209434
16957,-0.179515,-0.209434,-0.209434
16958,-0.179515,-0.209434,-0.209434
16959,-0.179515,-0.209434,-0.209434
16960,-0.179515,-0.209434,-0.209434
16961,-0.179515,-0.209434,-0.209434
16962,-0.179515,-0.239354,-0.209434
16963,-0.179515,-0.239354,-0.209434
16964,-0.179515,-0.239354,-0.239354
16965,-0.179515,-0.239354,-0.239354
16966,-0.179515,-0.239354,-0.239354
16967,-0.149596,-0.209434,-0.179515
16968,-0.119677,-0.179515,-0.179515
16969,-0.149596,-0.209434,-0.179515
16970,-0.149596,-0.209434,-0.209434
16971,-0.179515,-0.239354,-0.239354
16972,-0.209434,-0.269273,-0.239354
16973,-0.209434,-0.269273,-0.239354
16974,-0.209434,-0.269273,-0.239354
16975,-0.209434,-0.239354,-0.239354
16976,-0.209434,-0.239354,-0.239354
16977,-0.209434,-0.269273,-0.269273
16978,-0.209434,-0.239354,-0.239354
16979,-0.209434,-0.239354,-0.239354
16980,-0.209434,-0.239354,-0.239354
16981,-0.209434,-0.239354,-0.239354
16982,-0.209434,-0.239354,-0.239354
16983,-0.239354,-0.269273,-0.269273
16984,-0.239354,-0.299192,-0.299192
16985,-0.239354,-0.269273,-0.269273
16986,-0.209434,-0.269273,-0.269273
16987,-0.209434,-0.239354,-0.239354
16988,-0.179515,-0.239354,-0.239354
16989,-0.179515,-0.239354,-0.209434
16990,-0.179515,-0.209434,-0.209434
16991,-0.179515,-0.209434,-0.209434
16992,-0.179515,-0.209434,-0.209434
16993,-0.179515,-0.209434,-0.209434
16994,-0.179515,-0.239354,-0.239354
16995,-0.179515,-0.239354,-0.239354
16996,-0.179515,-0.239354,-0.239354
16997,-0.179515,-0.239354,-0.239354
16998,-0.179515,-0.239354,-0.239354
16999,-0.149596,-0.209434,-0.209434
17000,-0.149596,-0.179515,-0.179515
17001,-0.149596,-0.209434,-0.209434
17002,-0.179515,-0.209434,-0.209434
17003,-0.179515,-0.239354,-0.239354
17004,-0.209434,-0.239354,-0.269273
17005,-0.209434,-0.269273,-0.269273
17006,-0.209434,-0.269273,-0.269273
17007,-0.209434,-0.269273,-0.269273
17008,-0.209434,-0.269273,-0.239354
17009,-0.209434,-0.269273,-0.269273
17010,-0.209434,-0.269273,-0.239354
17011,-0.209434,-0.239354,-0.239354
17012,-0.209434,-0.239354,-0.239354
17013,-0.209434,-0.239354,-0.239354
17014,-0.209434,-0.239354,-0.239354
17015,-0.239354,-0.299192,-0.269273
17016,-0.239354,-0.299192,-0.299192
17017,-0.239354,-0.269273,-0.269273
17018,-0.209434,-0.269273,-0.269273
17019,-0.209434,-0.239354,-0.239354
17020,-0.179515,-0.239354,-0.239354
17021,-0.179515,-0.239354,-0.209434
17022,-0.179515,-0.239354,-0.209434
17023,-0.179515,-0.239354,-0.209434
17024,-0.179515,-0.239354,-0.209434
17025,-0.179515,-0.209434,-0.209434
17026,-0.179515,-0.239354,-0.239354
17027,-0.179515,-0.239354,-0.209434
17028,-0.179515,-0.239354,-0.209434
17029,-0.179515,-0.239354,-0.239354
17030,-0.179515,-0.239354,-0.239354
17031,-0.149596,-0.209434,-0.209434
17032,-0.119677,-0.179515,-0.179515
17033,-0.149596,-0.209434,-0.209434
17034,-0.179515,-0.209434,-0.209434
17035,-0.179515,-0.239354,-0.239354
17036,-0.209434,-0.269273,-0.239354
17037,-0.209434,-0.269273,-0.269273
17038,-0.209434,-0.269273,-0.269273
17039,-0.209434,-0.269273,-0.239354
17040,-0.209434,-0.269273,-0.269273
17041,-0.209434,-0.269273,-0.269273
17042,-0.209434,-0.239354,-0.239354
17043,-0.209434,-0.239354,-0.239354
17044,-0.209434,-0.239354,-0.239354
17045,-0.209434,-0.239354,-0.239354
17046,-0.209434,-0.239354,-0.239354
17047,-0.239354,-0.269273,-0.299192
17048,-0.239354,-0.299192,-0.299192
17049,-0.239354,-0.299192,-0.269273
17050,-0.209434,-0.269273,-0.269273
17051,-0.209434,-0.239354,-0.239354
17052,-0.179515,-0.239354,-0.239354
17053,-0.179515,-0.209434,-0.209434
17054,-0.179515,-0.209434,-0.239354
17055,-0.179515,-0.209434,-0.209434
17056,-0.179515,-0.209434,-0.209434
17057,-0.179515,-0.209434,-0.209434
17058,-0.179515,-0.239354,-0.239354
17059,-0.179515,-0.239354,-0.239354
17060,-0.179515,-0.239354,-0.239354
17061,-0.209434,-0.239354,-0.239354
17062,-0.179515,-0.239354,-0.239354
17063,-0.149596,-0.209434,-0.209434
17064,-0.149596,-0.179515,-0.179515
17065,-0.149596,-0.209434,-0.209434
17066,-0.179515,-0.209434,-0.209434
17067,-0.179515,-0.239354,-0.239354
17068,-0.209434,-0.269273,-0.269273
17069,-0.209434,-0.269273,-0.269273
17070,-0.209434,-0.269273,-0.269273
17071,-0.209434,-0.269273,-0.239354
17072,-0.209434,-0.269273,-0.269273
17073,-0.209434,-0.269273,-0.269273
17074,-0.209434,-0.269273,-0.239354
17075,-0.209434,-0.269273,-0.239354
17076,-0.209434,-0.239354,-0.239354
17077,-0.209434,-0.239354,-0.239354
17078,-0.209434,-0.239354,-0.239354
17079,-0.239354,-0.299192,-0.269273
17080,-0.239354,-0.299192,-0.299192
17081,-0.239354,-0.299192,-0.269273
17082,-0.239354,-0.269273,-0.269273
17083,-0.209434,-0.269273,-0.239354
17084,-0.179515,-0.239354,-0.239354
17085,-0.179515,-0.239354,-0.209434
17086,-0.179515,-0.209434,-0.209434
17087,-0.179515,-0.209434,-0.209434
17088,-0.179515,-0.239354,-0.209434
17089,-0.179515,-0.209434,-0.209434
17090,-0.179515,-0.239354,-0.239354
17091,-0.179515,-0.239354,-0.239354
17092,-0.179515,-0.239354,-0.239354
17093,-0.209434,-0.239354,-0.239354
17094,-0.179515,-0.239354,-0.239354
17095,-0.149596,-0.209434,-0.179515
17096,-0.149596,-0.179515,-0.179515
17097,-0.149596,-0.209434,-0.209434
17098,-0.179515,-0.209434,-0.209434
17099,-0.179515,-0.239354,-0.239354
17100,-0.209434,-0.269273,-0.269273
17101,-0.209434,-0.269273,-0.269273
17102,-0.209434,-0.269273,-0.269273
17103,-0.209434,-0.269273,-0.269273
17104,-0.209434,-0.269273,-0.269273
17105,-0.209434,-0.269273,-0.269273
17106,-0.209434,-0.269273,-0.239354
17107,-0.209434,-0.269273,-0.239354
17108,-0.209434,-0.239354,-0.239354
17109,-0.209434,-0.239354,-0.239354
17110,-0.209434,-0.269273,-0.239354
17111,-0.239354,-0.299192,-0.269273
17112,-0.239354,-0.299192,-0.299192
17113,-0.239354,-0.269273,-0.269273
17114,-0.239354,-0.269273,-0.269273
17115,-0.209434,-0.239354,-0.239354
17116,-0.179515,-0.239354,-0.209434
17117,-0.179515,-0.239354,-0.209434
17118,-0.179515,-0.239354,-0.209434
17119,-0.179515,-0.209434,-0.209434
17120,-0.179515,-0.239354,-0.209434
17121,-0.179515,-0.209434,-0.209434
17122,-0.179515,-0.239354,-0.239354
17123,-0.179515,-0.239354,-0.239354
17124,-0.179515,-0.239354,-0.239354
17125,-0.179515,-0.239354,-0.239354
17126,-0.179515,-0.239354,-0.239354
17127,-0.149596,-0.209434,-0.179515
17128,-0.149596,-0.179515,-0.179515
17129,-0.149596,-0.209434,-0.209434
17130,-0.179515,-0.209434,-0.209434
17131,-0.179515,-0.239354,-0.239354
17132,-0.209434,-0.269273,-0.239354
17133,-0.209434,-0.269273,-0.269273
17134,-0.209434,-0.269273,-0.269273
17135,-0.209434,-0.269273,-0.269273
17136,-0.209434,-0.269273,-0.269273
17137,-0.209434,-0.269273,-0.269273
17138,-0.209434,-0.269273,-0.269273
17139,-0.209434,-0.239354,-0.239354
17140,-0.209434,-0.239354,-0.239354
17141,-0.209434,-0.239354,-0.239354
17142,-0.209434,-0.239354,-0.239354
17143,-0.239354,-0.299192,-0.269273
17144,-0.239354,-0.299192,-0.299192
17145,-0.239354,-0.299192,-0.269273
17146,-0.239354,-0.269273,-0.269273
17147,-0.209434,-0.239354,-0.239354
17148,-0.179515,-0.239354,-0.239354
17149,-0.179515,-0.209434,-0.209434
17150,-0.179515,-0.209434,-0.209434
17151,-0.179515,-0.239354,-0.209434
17152,-0.179515,-0.239354,-0.209434
17153,-0.179515,-0.239354,-0.209434
17154,-0.179515,-0.239354,-0.239354
17155,-0.179515,-0.239354,-0.239354
17156,-0.179515,-0.239354,-0.239354
17157,-0.179515,-0.239354,-0.239354
17158,-0.179515,-0.239354,-0.239354
17159,-0.149596,-0.209434,-0.209434
17160,-0.149596,-0.179515,-0.179515
17161,-0.149596,-0.209434,-0.209434
17162,-0.179515,-0.209434,-0.209434
17163,-0.179515,-0.239354,-0.239354
17164,-0.209434,-0.269273,-0.269273
17165,-0.209434,-0.269273,-0.269273
17166,-0.209434,-0.269273,-0.269273
17167,-0.209434,-0.269273,-0.269273
17168,-0.209434,-0.269273,-0.269273
17169,-0.209434,-0.269273,-0.269273
17170,-0.209434,-0.269273,-0.239354
17171,-0.209434,-0.239354,-0.269273
17172,-0.209434,-0.239354,-0.239354
17173,-0.209434,-0.239354,-0.239354
17174,-0.209434,-0.239354,-0.239354
17175,-0.239354,-0.299192,-0.299192
17176,-0.239354,-0.299192,-0.299192
17177,-0.239354,-0.269273,-0.269273
17178,-0.209434,-0.269273,-0.269273
17179,-0.209434,-0.239354,-0.239354
17180,-0.179515,-0.239354,-0.209434
17181,-0.179515,-0.239354,-0.209434
17182,-0.179515,-0.209434,-0.209434
17183,-0.179515,-0.209434,-0.209434
17184,-0.179515,-0.209434,-0.209434
17185,-0.179515,-0.239354,-0.209434
17186,-0.179515,-0.239354,-0.239354
17187,-0.179515,-0.239354,-0.239354
17188,-0.179515,-0.239354,-0.239354
17189,-0.179515,-0.239354,-0.239354
17190,-0.179515,-0.239354,-0.239354
17191,-0.149596,-0.209434,-0.179515
17192,-0.149596,-0.179515,-0.179515
17193,-0.149596,-0.209434,-0.209434
17194,-0.179515,-0.209434,-0.209434
17195,-0.179515,-0.239354,-0.239354
17196,-0.209434,-0.269273,-0.239354
17197,-0.209434,-0.269273,-0.269273
17198,-0.209434,-0.269273,-0.269273
17199,-0.209434,-0.269273,-0.269273
17200,-0.209434,-0.269273,-0.269273
17201,-0.209434,-0.269273,-0.269273
17202,-0.209434,-0.269273,-0.239354
17203,-0.209434,-0.269273,-0.239354
17204,-0.209434,-0.239354,-0.239354
17205,-0.209434,-0.239354,-0.239354
17206,-0.209434,-0.269273,-0.239354
17207,-0.239354,-0.299192,-0.299192
17208,-0.239354,-0.299192,-0.299192
17209,-0.239354,-0.299192,-0.269273
17210,-0.239354,-0.269273,-0.269273
17211,-0.209434,-0.239354,-0.239354
17212,-0.179515,-0.239354,-0.239354
17213,-0.179515,-0.239354,-0.209434
17214,-0.179515,-0.239354,-0.209434
17215,-0.179515,-0.239354,-0.209434
17216,-0.179515,-0.239354,-0.209434
17217,-0.179515,-0.239354,-0.209434
17218,-0.179515,-0.239354,-0.239354
17219,-0.179515,-0.239354,-0.239354
17220,-0.179515,-0.239354,-0.239354
17221,-0.179515,-0.239354,-0.239354
17222,-0.179515,-0.239354,-0.239354
17223,-0.149596,-0.209434,-0.179515
17224,-0.149596,-0.179515,-0.179515
17225,-0.149596,-0.209434,-0.209434
17226,-0.179515,-0.209434,-0.209434
17227,-0.209434,-0.239354,-0.239354
17228,-0.209434,-0.269273,-0.269273
17229,-0.209434,-0.269273,-0.269273
17230,-0.209434,-0.269273,-0.269273
17231,-0.209434,-0.269273,-0.269273
17232,-0.209434,-0.269273,-0.269273
17233,-0.209434,-0.269273,-0.269273
17234,-0.209434,-0.269273,-0.239354
17235,-0.209434,-0.239354,-0.239354
17236,-0.209434,-0.239354,-0.239354
17237,-0.209434,-0.239354,-0.239354
17238,-0.209434,-0.239354,-0.239354
17239,-0.239354,-0.299192,-0.299192
17240,-0.269273,-0.299192,-0.299192
17241,-0.239354,-0.269273,-0.269273
17242,-0.209434,-0.269273,-0.269273
17243,-0.209434,-0.239354,-0.239354
17244,-0.179515,-0.239354,-0.239354
17245,-0.179515,-0.209434,-0.209434
17246,-0.179515,-0.209434,-0.209434
17247,-0.179515,-0.209434,-0.209434
17248,-0.179515,-0.239354,-0.209434
17249,-0.179515,-0.239354,-0.209434
17250,-0.179515,-0.239354,-0.239354
17251,-0.179515,-0.239354,-0.239354
17252,-0.179515,-0.239354,-0.239354
17253,-0.179515,-0.239354,-0.239354
17254,-0.179515,-0.239354,-0.239354
17255,-0.149596,-0.179515,-0.179515
17256,-0.149596,-0.179515,-0.179515
17257,-0.149596,-0.209434,-0.209434
17258,-0.179515,-0.209434,-0.209434
17259,-0.209434,-0.239354,-0.239354
17260,-0.209434,-0.269273,-0.269273
17261,-0.209434,-0.269273,-0.269273
17262,-0.209434,-0.269273,-0.269273
17263,-0.209434,-0.269273,-0.269273
17264,-0.209434,-0.269273,-0.269273
17265,-0.209434,-0.269273,-0.269273
17266,-0.209434,-0.239354,-0.239354
17267,-0.209434,-0.269273,-0.239354
17268,-0.209434,-0.239354,-0.239354
17269,-0.209434,-0.239354,-0.239354
17270,-0.209434,-0.269273,-0.239354
17271,-0.239354,-0.299192,-0.269273
17272,-0.239354,-0.299192,-0.299192
17273,-0.239354,-0.299192,-0.269273
17274,-0.209434,-0.269273,-0.269273
17275,-0.209434,-0.239354,-0.239354
17276,-0.179515,-0.239354,-0.239354
17277,-0.179515,-0.209434,-0.239354
17278,-0.179515,-0.209434,-0.209434
17279,-0.179515,-0.239354,-0.209434
17280,-0.179515,-0.239354,-0.209434
17281,-0.179515,-0.209434,-0.209434
17282,-0.179515,-0.239354,-0.239354
17283,-0.179515,-0.239354,-0.239354
17284,-0.179515,-0.239354,-0.239354
17285,-0.209434,-0.239354,-0.239354
17286,-0.179515,-0.239354,-0.239354
17287,-0.149596,-0.179515,-0.179515
17288,-0.149596,-0.179515,-0.179515
17289,-0.149596,-0.209434,-0.209434
17290,-0.179515,-0.209434,-0.209434
17291,-0.179515,-0.239354,-0.239354
17292,-0.209434,-0.269273,-0.239354
17293,-0.209434,-0.269273,-0.269273
17294,-0.209434,-0.269273,-0.269273
17295,-0.209434,-0.269273,-0.239354
17296,-0.209434,-0.269273,-0.269273
17297,-0.209434,-0.269273,-0.269273
17298,-0.209434,-0.239354,-0.239354
17299,-0.209434,-0.239354,-0.239354
17300,-0.209434,-0.239354,-0.239354
17301,-0.179515,-0.239354,-0.239354
17302,-0.209434,-0.239354,-0.239354
17303,-0.239354,-0.299192,-0.299192
17304,-0.239354,-0.299192,-0.299192
17305,-0.239354,-0.269273,-0.269273
17306,-0.239354,-0.269273,-0.269273
17307,-0.209434,-0.239354,-0.239354
17308,-0.179515,-0.239354,-0.239354
17309,-0.179515,-0.239354,-0.209434
17310,-0.179515,-0.209434,-0.209434
17311,-0.179515,-0.209434,-0.209434
17312,-0.179515,-0.209434,-0.209434
17313,-0.179515,-0.209434,-0.209434
17314,-0.179515,-0.209434,-0.239354
17315,-0.179515,-0.239354,-0.239354
17316,-0.179515,-0.239354,-0.239354
17317,-0.179515,-0.239354,-0.239354
17318,-0.179515,-0.239354,-0.209434
17319,-0.149596,-0.179515,-0.179515
17320,-0.119677,-0.179515,-0.179515
17321,-0.149596,-0.209434,-0.209434
17322,-0.179515,-0.209434,-0.209434
17323,-0.179515,-0.239354,-0.239354
17324,-0.209434,-0.269273,-0.239354
17325,-0.209434,-0.269273,-0.269273
17326,-0.209434,-0.269273,-0.239354
17327,-0.209434,-0.269273,-0.239354
17328,-0.209434,-0.269273,-0.269273
17329,-0.209434,-0.269273,-0.239354
17330,-0.209434,-0.239354,-0.239354
17331,-0.209434,-0.239354,-0.239354
17332,-0.209434,-0.239354,-0.239354
17333,-0.209434,-0.239354,-0.239354
17334,-0.209434,-0.239354,-0.239354
17335,-0.239354,-0.299192,-0.299192
17336,-0.239354,-0.299192,-0.299192
17337,-0.239354,-0.269273,-0.269273
17338,-0.209434,-0.269273,-0.269273
17339,-0.209434,-0.239354,-0.239354
17340,-0.179515,-0.239354,-0.209434
17341,-0.179515,-0.209434,-0.209434
17342,-0.179515,-0.209434,-0.209434
17343,-0.179515,-0.209434,-0.209434
17344,-0.179515,-0.209434,-0.209434
17345,-0.179515,-0.209434,-0.209434
17346,-0.179515,-0.239354,-0.239354
17347,-0.179515,-0.239354,-0.239354
17348,-0.179515,-0.239354,-0.239354
17349,-0.179515,-0.239354,-0.239354
17350,-0.179515,-0.239354,-0.239354
17351,-0.149596,-0.179515,-0.179515
17352,-0.149596,-0.179515,-0.179515
17353,-0.149596,-0.209434,-0.209434
17354,-0.179515,-0.209434,-0.209434
17355,-0.179515,-0.239354,-0.239354
17356,-0.209434,-0.269273,-0.239354
17357,-0.209434,-0.269273,-0.269273
17358,-0.209434,-0.269273,-0.239354
17359,-0.209434,-0.269273,-0.239354
17360,-0.209434,-0.269273,-0.269273
17361,-0.209434,-0.269273,-0.239354
17362,-0.209434,-0.239354,-0.239354
17363,-0.209434,-0.239354,-0.239354
17364,-0.209434,-0.239354,-0.239354
17365,-0.209434,-0.239354,-0.239354
17366,-0.209434,-0.269273,-0.239354
17367,-0.239354,-0.299192,-0.269273
17368,-0.239354,-0.299192,-0.299192
17369,-0.239354,-0.269273,-0.269273
17370,-0.239354,-0.269273,-0.269273
17371,-0.209434,-0.239354,-0.239354
17372,-0.179515,-0.209434,-0.209434
17373,-0.179515,-0.209434,-0.209434
17374,-0.179515,-0.239354,-0.209434
17375,-0.179515,-0.239354,-0.209434
17376,-0.179515,-0.209434,-0.209434
17377,-0.179515,-0.209434,-0.209434
17378,-0.179515,-0.239354,-0.209434
17379,-0.179515,-0.239354,-0.239354
17380,-0.179515,-0.239354,-0.239354
17381,-0.179515,-0.239354,-0.239354
17382,-0.179515,-0.209434,-0.209434
17383,-0.149596,-0.179515,-0.179515
17384,-0.149596,-0.179515,-0.179515
17385,-0.149596,-0.209434,-0.209434
17386,-0.179515,-0.209434,-0.209434
17387,-0.179515,-0.239354,-0.239354
17388,-0.209434,-0.269273,-0.239354
17389,-0.209434,-0.269273,-0.269273
17390,-0.209434,-0.269273,-0.239354
17391,-0.209434,-0.269273,-0.239354
17392,-0.209434,-0.269273,-0.269273
17393,-0.209434,-0.269273,-0.269273
17394,-0.209434,-0.239354,-0.239354
17395,-0.209434,-0.239354,-0.239354
17396,-0.209434,-0.239354,-0.239354
17397,-0.209434,-0.239354,-0.239354
17398,-0.209434,-0.269273,-0.269273
17399,-0.239354,-0.299192,-0.299192
17400,-0.239354,-0.299192,-0.269273
17401,-0.239354,-0.269273,-0.269273
17402,-0.209434,-0.269273,-0.269273
17403,-0.209434,-0.239354,-0.239354
17404,-0.179515,-0.239354,-0.209434
17405,-0.179515,-0.209434,-0.209434
17406,-0.179515,-0.209434,-0.209434
17407,-0.179515,-0.209434,-0.209434
17408,-0.179515,-0.209434,-0.209434
17409,-0.179515,-0.209434,-0.209434
17410,-0.179515,-0.239354,-0.209434
17411,-0.179515,-0.239354,-0.239354
17412,-0.179515,-0.239354,-0.239354
17413,-0.179515,-0.239354,-0.239354
17414,-0.179515,-0.239354,-0.209434
17415,-0.149596,-0.179515,-0.179515
17416,-0.149596,-0.179515,-0.179515
17417,-0.149596,-0.209434,-0.209434
17418,-0.179515,-0.239354,-0.209434
17419,-0.209434,-0.239354,-0.239354
17420,-0.209434,-0.269273,-0.239354
17421,-0.209434,-0.269273,-0.269273
17422,-0.209434,-0.269273,-0.239354
17423,-0.209434,-0.269273,-0.239354
17424,-0.209434,-0.269273,-0.269273
17425,-0.209434,-0.269273,-0.239354
17426,-0.209434,-0.239354,-0.239354
17427,-0.209434,-0.239354,-0.239354
17428,-0.209434,-0.239354,-0.239354
17429,-0.179515,-0.239354,-0.239354
17430,-0.209434,-0.269273,-0.269273
17431,-0.239354,-0.299192,-0.299192
17432,-0.239354,-0.299192,-0.299192
17433,-0.239354,-0.269273,-0.269273
17434,-0.209434,-0.269273,-0.269273
17435,-0.209434,-0.239354,-0.239354
17436,-0.179515,-0.239354,-0.209434
17437,-0.179515,-0.239354,-0.209434
17438,-0.179515,-0.209434,-0.209434
17439,-0.179515,-0.209434,-0.209434
17440,-0.179515,-0.209434,-0.209434
17441,-0.179515,-0.209434,-0.209434
17442,-0.179515,-0.239354,-0.239354
17443,-0.179515,-0.239354,-0.239354
17444,-0.179515,-0.239354,-0.239354
17445,-0.179515,-0.239354,-0.239354
17446,-0.179515,-0.209434,-0.209434
17447,-0.149596,-0.179515,-0.179515
17448,-0.149596,-0.179515,-0.179515
17449,-0.149596,-0.209434,-0.209434
17450,-0.179515,-0.209434,-0.209434
17451,-0.179515,-0.239354,-0.239354
17452,-0.209434,-0.269273,-0.269273
17453,-0.209434,-0.269273,-0.269273
17454,-0.209434,-0.269273,-0.269273
17455,-0.209434,-0.269273,-0.269273
17456,-0.209434,-0.269273,-0.269273
17457,-0.209434,-0.269273,-0.239354
17458,-0.209434,-0.239354,-0.239354
17459,-0.209434,-0.239354,-0.239354
17460,-0.209434,-0.239354,-0.239354
17461,-0.209434,-0.239354,-0.239354
17462,-0.209434,-0.269273,-0.239354
17463,-0.239354,-0.299192,-0.269273
17464,-0.239354,-0.299192,-0.299192
17465,-0.239354,-0.269273,-0.269273
17466,-0.209434,-0.269273,-0.269273
17467,-0.179515,-0.239354,-0.239354
17468,-0.179515,-0.239354,-0.209434
17469,-0.179515,-0.209434,-0.209434
17470,-0.179515,-0.209434,-0.209434
17471,-0.179515,-0.209434,-0.209434
17472,-0.179515,-0.209434,-0.209434
17473,-0.179515,-0.209434,-0.209434
17474,-0.179515,-0.239354,-0.239354
17475,-0.179515,-0.239354,-0.239354
17476,-0.179515,-0.239354,-0.239354
17477,-0.179515,-0.239354,-0.239354
17478,-0.179515,-0.239354,-0.209434
17479,-0.149596,-0.179515,-0.179515
17480,-0.149596,-0.179515,-0.179515
17481,-0.149596,-0.209434,-0.209434
17482,-0.179515,-0.209434,-0.209434
17483,-0.209434,-0.239354,-0.239354
17484,-0.209434,-0.269273,-0.269273
17485,-0.209434,-0.269273,-0.269273
17486,-0.209434,-0.269273,-0.239354
17487,-0.209434,-0.269273,-0.269273
17488,-0.209434,-0.269273,-0.269273
17489,-0.209434,-0.269273,-0.239354
17490,-0.209434,-0.239354,-0.239354
17491,-0.209434,-0.239354,-0.239354
17492,-0.209434,-0.239354,-0.239354
17493,-0.209434,-0.239354,-0.239354
17494,-0.209434,-0.269273,-0.269273
17495,-0.239354,-0.299192,-0.299192
17496,-0.239354,-0.299192,-0.299192
17497,-0.239354,-0.269273,-0.269273
17498,-0.209434,-0.269273,-0.269273
17499,-0.209434,-0.239354,-0.239354
17500,-0.179515,-0.209434,-0.209434
17501,-0.179515,-0.239354,-0.209434
17502,-0.179515,-0.239354,-0.209434
17503,-0.179515,-0.209434,-0.209434
17504,-0.179515,-0.209434,-0.209434
17505,-0.179515,-0.209434,-0.209434
17506,-0.179515,-0.209434,-0.209434
17507,-0.179515,-0.239354,-0.209434
17508,-0.179515,-0.239354,-0.239354
17509,-0.179515,-0.239354,-0.239354
17510,-0.179515,-0.239354,-0.209434
17511,-0.149596,-0.179515,-0.179515
17512,-0.149596,-0.179515,-0.179515
17513,-0.149596,-0.209434,-0.209434
17514,-0.179515,-0.209434,-0.209434
17515,-0.209434,-0.239354,-0.239354
17516,-0.209434,-0.269273,-0.239354
17517,-0.209434,-0.269273,-0.239354
17518,-0.209434,-0.269273,-0.239354
17519,-0.209434,-0.269273,-0.269273
17520,-0.209434,-0.269273,-0.269273
17521,-0.209434,-0.269273,-0.239354
17522,-0.209434,-0.239354,-0.239354
17523,-0.209434,-0.239354,-0.239354
17524,-0.209434,-0.239354,-0.239354
17525,-0.209434,-0.239354,-0.239354
17526,-0.209434,-0.269273,-0.269273
17527,-0.239354,-0.299192,-0.299192
17528,-0.239354,-0.299192,-0.299192
17529,-0.239354,-0.269273,-0.269273
17530,-0.209434,-0.269273,-0.269273
17531,-0.179515,-0.239354,-0.239354
17532,-0.179515,-0.239354,-0.209434
17533,-0.179515,-0.239354,-0.209434
17534,-0.179515,-0.209434,-0.209434
17535,-0.179515,-0.209434,-0.209434
17536,-0.179515,-0.209434,-0.209434
17537,-0.179515,-0.209434,-0.209434
17538,-0.179515,-0.239354,-0.239354
17539,-0.179515,-0.239354,-0.239354
17540,-0.179515,-0.239354,-0.239354
17541,-0.179515,-0.239354,-0.239354
17542,-0.179515,-0.209434,-0.209434
17543,-0.149596,-0.179515,-0.179515
17544,-0.149596,-0.179515,-0.179515
17545,-0.149596,-0.209434,-0.209434
17546,-0.179515,-0.209434,-0.209434
17547,-0.209434,-0.239354,-0.239354
17548,-0.209434,-0.269273,-0.239354
17549,-0.209434,-0.269273,-0.239354
17550,-0.209434,-0.269273,-0.239354
17551,-0.209434,-0.269273,-0.239354
17552,-0.209434,-0.239354,-0.269273
17553,-0.209434,-0.269273,-0.239354
17554,-0.209434,-0.269273,-0.239354
17555,-0.209434,-0.239354,-0.239354
17556,-0.209434,-0.239354,-0.239354
17557,-0.209434,-0.239354,-0.239354
17558,-0.209434,-0.269273,-0.239354
17559,-0.239354,-0.299192,-0.299192
17560,-0.239354,-0.299192,-0.299192
17561,-0.239354,-0.269273,-0.269273
17562,-0.209434,-0.269273,-0.269273
17563,-0.179515,-0.239354,-0.239354
17564,-0.179515,-0.209434,-0.209434
17565,-0.179515,-0.209434,-0.209434
17566,-0.179515,-0.209434,-0.209434
17567,-0.179515,-0.209434,-0.209434
17568,-0.179515,-0.209434,-0.209434
17569,-0.179515,-0.209434,-0.209434
17570,-0.179515,-0.239354,-0.209434
17571,-0.179515,-0.239354,-0.209434
17572,-0.179515,-0.239354,-0.239354
17573,-0.179515,-0.239354,-0.239354
17574,-0.179515,-0.209434,-0.209434
17575,-0.149596,-0.179515,-0.179515
17576,-0.149596,-0.179515,-0.179515
17577,-0.149596,-0.209434,-0.209434
17578,-0.179515,-0.239354,-0.209434
17579,-0.209434,-0.239354,-0.239354
17580,-0.209434,-0.239354,-0.269273
17581,-0.209434,-0.269273,-0.239354
17582,-0.209434,-0.269273,-0.239354
17583,-0.209434,-0.269273,-0.239354
17584,-0.209434,-0.269273,-0.239354
17585,-0.209434,-0.269273,-0.239354
17586,-0.209434,-0.239354,-0.239354
17587,-0.209434,-0.239354,-0.239354
17588,-0.209434,-0.239354,-0.239354
17589,-0.209434,-0.239354,-0.239354
17590,-0.209434,-0.269273,-0.269273
17591,-0.239354,-0.299192,-0.299192
17592,-0.239354,-0.299192,-0.269273
17593,-0.209434,-0.269273,-0.269273
17594,-0.209434,-0.269273,-0.269273
17595,-0.179515,-0.239354,-0.239354
17596,-0.179515,-0.209434,-0.209434
17597,-0.179515,-0.209434,-0.209434
17598,-0.179515,-0.209434,-0.209434
17599,-0.179515,-0.239354,-0.209434
17600,-0.179515,-0.209434,-0.209434
17601,-0.179515,-0.209434,-0.209434
17602,-0.179515,-0.239354,-0.209434
17603,-0.179515,-0.239354,-0.209434
17604,-0.179515,-0.239354,-0.239354
17605,-0.179515,-0.239354,-0.239354
17606,-0.179515,-0.209434,-0.209434
17607,-0.119677,-0.179515,-0.179515
17608,-0.149596,-0.179515,-0.179515
17609,-0.149596,-0.209434,-0.209434
17610,-0.179515,-0.209434,-0.209434
17611,-0.209434,-0.239354,-0.239354
17612,-0.209434,-0.269273,-0.239354
17613,-0.209434,-0.239354,-0.269273
17614,-0.209434,-0.239354,-0.269273
17615,-0.209434,-0.239354,-0.269273
17616,-0.209434,-0.269273,-0.269273
17617,-0.209434,-0.269273,-0.239354
17618,-0.209434,-0.239354,-0.239354
17619,-0.209434,-0.239354,-0.239354
17620,-0.209434,-0.239354,-0.239354
17621,-0.179515,-0.239354,-0.239354
17622,-0.209434,-0.269273,-0.269273
17623,-0.239354,-0.299192,-0.299192
17624,-0.239354,-0.299192,-0.269273
17625,-0.239354,-0.269273,-0.269273
17626,-0.209434,-0.269273,-0.269273
17627,-0.179515,-0.239354,-0.239354
17628,-0.179515,-0.239354,-0.209434
17629,-0.179515,-0.209434,-0.209434
17630,-0.179515,-0.209434,-0.209434
17631,-0.179515,-0.209434,-0.209434
17632,-0.179515,-0.209434,-0.209434
17633,-0.179515,-0.209434,-0.209434
17634,-0.179515,-0.209434,-0.209434
17635,-0.179515,-0.239354,-0.239354
17636,-0.179515,-0.239354,-0.239354
17637,-0.179515,-0.239354,-0.239354
17638,-0.179515,-0.209434,-0.209434
17639,-0.119677,-0.179515,-0.179515
17640,-0.119677,-0.179515,-0.179515
17641,-0.149596,-0.209434,-0.209434
17642,-0.179515,-0.209434,-0.209434
17643,-0.209434,-0.239354,-0.239354
17644,-0.209434,-0.269273,-0.239354
17645,-0.209434,-0.269273,-0.239354
17646,-0.209434,-0.269273,-0.239354
17647,-0.209434,-0.269273,-0.239354
17648,-0.209434,-0.269273,-0.239354
17649,-0.209434,-0.239354,-0.239354
17650,-0.209434,-0.239354,-0.239354
17651,-0.209434,-0.239354,-0.239354
17652,-0.209434,-0.239354,-0.239354
17653,-0.209434,-0.239354,-0.239354
17654,-0.209434,-0.269273,-0.269273
17655,-0.239354,-0.299192,-0.299192
17656,-0.239354,-0.299192,-0.299192
17657,-0.239354,-0.269273,-0.269273
17658,-0.209434,-0.269273,-0.239354
17659,-0.179515,-0.239354,-0.239354
17660,-0.179515,-0.239354,-0.209434
17661,-0.179515,-0.209434,-0.209434
17662,-0.179515,-0.209434,-0.209434
17663,-0.179515,-0.209434,-0.209434
17664,-0.179515,-0.209434,-0.209434
17665,-0.179515,-0.209434,-0.209434
17666,-0.179515,-0.239354,-0.239354
17667,-0.179515,-0.239354,-0.239354
17668,-0.179515,-0.239354,-0.239354
17669,-0.179515,-0.239354,-0.239354
17670,-0.179515,-0.209434,-0.209434
17671,-0.119677,-0.179515,-0.179515
17672,-0.149596,-0.179515,-0.179515
17673,-0.149596,-0.209434,-0.209434
17674,-0.179515,-0.209434,-0.209434
17675,-0.209434,-0.239354,-0.239354
17676,-0.209434,-0.269273,-0.239354
17677,-0.209434,-0.269273,-0.269273
17678,-0.209434,-0.269273,-0.269273
17679,-0.209434,-0.269273,-0.239354
17680,-0.209434,-0.269273,-0.269273
17681,-0.209434,-0.239354,-0.239354
17682,-0.209434,-0.239354,-0.239354
17683,-0.209434,-0.239354,-0.239354
17684,-0.209434,-0.239354,-0.239354
17685,-0.209434,-0.239354,-0.239354
17686,-0.209434,-0.269273,-0.269273
17687,-0.239354,-0.299192,-0.299192
17688,-0.239354,-0.299192,-0.269273
17689,-0.239354,-0.269273,-0.269273
17690,-0.209434,-0.269273,-0.269273
17691,-0.179515,-0.239354,-0.239354
17692,-0.179515,-0.209434,-0.209434
17693,-0.179515,-0.209434,-0.209434
17694,-0.179515,-0.209434,-0.209434
17695,-0.179515,-0.209434,-0.209434
17696,-0.179515,-0.209434,-0.209434
17697,-0.179515,-0.209434,-0.209434
17698,-0.179515,-0.239354,-0.209434
17699,-0.179515,-0.239354,-0.239354
17700,-0.179515,-0.239354,-0.239354
17701,-0.179515,-0.239354,-0.239354
17702,-0.179515,-0.209434,-0.209434
17703,-0.119677,-0.179515,-0.179515
17704,-0.149596,-0.179515,-0.179515
17705,-0.149596,-0.209434,-0.209434
17706,-0.179515,-0.209434,-0.209434
17707,-0.209434,-0.239354,-0.239354
17708,-0.209434,-0.269273,-0.269273
17709,-0.209434,-0.269273,-0.269273
17710,-0.209434,-0.269273,-0.239354
17711,-0.209434,-0.269273,-0.239354
17712,-0.209434,-0.269273,-0.269273
17713,-0.209434,-0.239354,-0.239354
17714,-0.209434,-0.239354,-0.239354
17715,-0.209434,-0.239354,-0.239354
17716,-0.209434,-0.239354,-0.239354
17717,-0.209434,-0.239354,-0.239354
17718,-0.209434,-0.269273,-0.269273
17719,-0.239354,-0.299192,-0.299192
17720,-0.239354,-0.299192,-0.269273
17721,-0.239354,-0.269273,-0.269273
17722,-0.209434,-0.269273,-0.269273
17723,-0.179515,-0.239354,-0.239354
17724,-0.179515,-0.239354,-0.239354
17725,-0.179515,-0.209434,-0.209434
17726,-0.179515,-0.209434,-0.209434
17727,-0.179515,-0.209434,-0.209434
17728,-0.179515,-0.209434,-0.209434
17729,-0.179515,-0.209434,-0.209434
17730,-0.179515,-0.239354,-0.239354
17731,-0.179515,-0.239354,-0.239354
17732,-0.179515,-0.239354,-0.239354
17733,-0.179515,-0.239354,-0.239354
17734,-0.149596,-0.209434,-0.209434
17735,-0.119677,-0.179515,-0.179515
17736,-0.149596,-0.179515,-0.179515
17737,-0.149596,-0.209434,-0.209434
17738,-0.179515,-0.209434,-0.209434
17739,-0.209434,-0.239354,-0.239354
17740,-0.209434,-0.269273,-0.239354
17741,-0.209434,-0.269273,-0.239354
17742,-0.209434,-0.269273,-0.239354
17743,-0.209434,-0.269273,-0.239354
17744,-0.209434,-0.269273,-0.269273
17745,-0.209434,-0.239354,-0.239354
17746,-0.209434,-0.239354,-0.239354
17747,-0.209434,-0.239354,-0.239354
17748,-0.179515,-0.239354,-0.239354
17749,-0.209434,-0.239354,-0.239354
17750,-0.209434,-0.269273,-0.269273
17751,-0.239354,-0.299192,-0.299192
17752,-0.239354,-0.299192,-0.269273
17753,-0.239354,-0.269273,-0.269273
17754,-0.209434,-0.269273,-0.239354
17755,-0.179515,-0.239354,-0.239354
17756,-0.179515,-0.209434,-0.209434
17757,-0.179515,-0.209434,-0.209434
17758,-0.179515,-0.209434,-0.209434
17759,-0.179515,-0.209434,-0.209434
17760,-0.179515,-0.209434,-0.209434
17761,-0.179515,-0.209434,-0.209434
17762,-0.179515,-0.239354,-0.209434
17763,-0.179515,-0.239354,-0.239354
17764,-0.179515,-0.239354,-0.239354
17765,-0.179515,-0.239354,-0.239354
17766,-0.179515,-0.209434,-0.209434
17767,-0.119677,-0.179515,-0.179515
17768,-0.149596,-0.179515,-0.179515
17769,-0.149596,-0.209434,-0.209434
17770,-0.179515,-0.209434,-0.209434
17771,-0.179515,-0.239354,-0.239354
17772,-0.209434,-0.239354,-0.239354
17773,-0.209434,-0.269273,-0.239354
17774,-0.209434,-0.239354,-0.239354
17775,-0.209434,-0.239354,-0.239354
17776,-0.209434,-0.239354,-0.239354
17777,-0.209434,-0.239354,-0.239354
17778,-0.209434,-0.239354,-0.239354
17779,-0.209434,-0.239354,-0.239354
17780,-0.209434,-0.239354,-0.239354
17781,-0.179515,-0.239354,-0.239354
17782,-0.209434,-0.269273,-0.269273
17783,-0.239354,-0.299192,-0.299192
17784,-0.239354,-0.299192,-0.269273
17785,-0.209434,-0.269273,-0.269273
17786,-0.209434,-0.239354,-0.239354
17787,-0.179515,-0.239354,-0.209434
17788,-0.179515,-0.209434,-0.209434
17789,-0.179515,-0.209434,-0.209434
17790,-0.179515,-0.209434,-0.209434
17791,-0.179515,-0.209434,-0.209434
17792,-0.179515,-0.209434,-0.209434
17793,-0.179515,-0.209434,-0.209434
17794,-0.179515,-0.239354,-0.209434
17795,-0.179515,-0.239354,-0.209434
17796,-0.179515,-0.239354,-0.239354
17797,-0.179515,-0.239354,-0.239354
17798,-0.149596,-0.209434,-0.209434
17799,-0.119677,-0.179515,-0.179515
17800,-0.149596,-0.179515,-0.179515
17801,-0.149596,-0.209434,-0.209434
17802,-0.179515,-0.209434,-0.209434
17803,-0.209434,-0.239354,-0.239354
17804,-0.209434,-0.239354,-0.239354
17805,-0.209434,-0.239354,-0.239354
17806,-0.209434,-0.239354,-0.239354
17807,-0.209434,-0.239354,-0.239354
17808,-0.209434,-0.239354,-0.239354
17809,-0.209434,-0.239354,-0.239354
17810,-0.179515,-0.239354,-0.239354
17811,-0.209434,-0.239354,-0.239354
17812,-0.179515,-0.239354,-0.239354
17813,-0.209434,-0.239354,-0.239354
17814,-0.209434,-0.269273,-0.269273
17815,-0.239354,-0.299192,-0.299192
17816,-0.239354,-0.269273,-0.269273
17817,-0.209434,-0.269273,-0.269273
17818,-0.209434,-0.239354,-0.239354
17819,-0.179515,-0.239354,-0.209434
17820,-0.179515,-0.209434,-0.209434
17821,-0.179515,-0.209434,-0.209434
17822,-0.179515,-0.209434,-0.209434
17823,-0.179515,-0.209434,-0.209434
17824,-0.179515,-0.209434,-0.209434
17825,-0.179515,-0.209434,-0.209434
17826,-0.179515,-0.209434,-0.209434
17827,-0.179515,-0.209434,-0.209434
17828,-0.179515,-0.209434,-0.209434
17829,-0.179515,-0.209434,-0.239354
17830,-0.149596,-0.209434,-0.209434
17831,-0.119677,-0.179515,-0.149596
17832,-0.119677,-0.179515,-0.179515
17833,-0.149596,-0.179515,-0.179515
17834,-0.149596,-0.209434,-0.209434
17835,-0.179515,-0.239354,-0.239354
17836,-0.209434,-0.239354,-0.239354
17837,-0.209434,-0.239354,-0.239354
17838,-0.209434,-0.239354,-0.239354
17839,-0.209434,-0.239354,-0.239354
17840,-0.209434,-0.269273,-0.239354
17841,-0.209434,-0.239354,-0.239354
17842,-0.209434,-0.239354,-0.239354
17843,-0.179515,-0.239354,-0.239354
17844,-0.209434,-0.239354,-0.239354
17845,-0.179515,-0.239354,-0.239354
17846,-0.209434,-0.269273,-0.269273
17847,-0.239354,-0.299192,-0.299192
17848,-0.239354,-0.299192,-0.299192
17849,-0.239354,-0.269273,-0.269273
17850,-0.209434,-0.269273,-0.269273
17851,-0.179515,-0.239354,-0.239354
17852,-0.179515,-0.209434,-0.209434
17853,-0.179515,-0.209434,-0.209434
17854,-0.149596,-0.209434,-0.209434
17855,-0.179515,-0.209434,-0.209434
17856,-0.179515,-0.209434,-0.209434
17857,-0.179515,-0.209434,-0.209434
17858,-0.179515,-0.209434,-0.209434
17859,-0.179515,-0.209434,-0.209434
17860,-0.179515,-0.239354,-0.209434
17861,-0.179515,-0.239354,-0.209434
17862,-0.149596,-0.209434,-0.179515
17863,-0.119677,-0.149596,-0.149596
17864,-0.119677,-0.179515,-0.179515
17865,-0.149596,-0.179515,-0.179515
17866,-0.149596,-0.209434,-0.209434
17867,-0.179515,-0.239354,-0.239354
17868,-0.209434,-0.239354,-0.239354
17869,-0.209434,-0.239354,-0.239354
17870,-0.209434,-0.239354,-0.239354
17871,-0.209434,-0.239354,-0.239354
17872,-0.209434,-0.239354,-0.269273
17873,-0.209434,-0.239354,-0.239354
17874,-0.209434,-0.239354,-0.239354
17875,-0.209434,-0.239354,-0.239354
17876,-0.179515,-0.239354,-0.239354
17877,-0.179515,-0.239354,-0.239354
17878,-0.209434,-0.269273,-0.269273
17879,-0.239354,-0.299192,-0.299192
17880,-0.239354,-0.299192,-0.269273
17881,-0.239354,-0.269273,-0.269273
17882,-0.209434,-0.269273,-0.269273
17883,-0.179515,-0.239354,-0.239354
17884,-0.179515,-0.209434,-0.209434
17885,-0.179515,-0.209434,-0.209434
17886,-0.179515,-0.209434,-0.209434
17887,-0.179515,-0.209434,-0.209434
17888,-0.149596,-0.209434,-0.209434
17889,-0.179515,-0.209434,-0.209434
17890,-0.179515,-0.209434,-0.209434
17891,-0.179515,-0.209434,-0.209434
17892,-0.179515,-0.239354,-0.209434
17893,-0.179515,-0.239354,-0.209434
17894,-0.149596,-0.179515,-0.179515
17895,-0.119677,-0.149596,-0.149596
17896,-0.119677,-0.179515,-0.179515
17897,-0.149596,-0.179515,-0.179515
17898,-0.149596,-0.209434,-0.209434
17899,-0.179515,-0.239354,-0.239354
17900,-0.209434,-0.239354,-0.239354
17901,-0.209434,-0.239354,-0.239354
17902,-0.209434,-0.239354,-0.239354
17903,-0.209434,-0.239354,-0.239354
17904,-0.209434,-0.269273,-0.239354
17905,-0.209434,-0.239354,-0.239354
17906,-0.209434,-0.239354,-0.239354
17907,-0.209434,-0.239354,-0.239354
17908,-0.209434,-0.239354,-0.239354
17909,-0.179515,-0.239354,-0.239354
17910,-0.209434,-0.269273,-0.269273
17911,-0.269273,-0.299192,-0.299192
17912,-0.239354,-0.299192,-0.299192
17913,-0.239354,-0.269273,-0.269273
17914,-0.209434,-0.269273,-0.269273
17915,-0.179515,-0.239354,-0.239354
17916,-0.179515,-0.209434,-0.209434
17917,-0.149596,-0.209434,-0.209434
17918,-0.179515,-0.209434,-0.209434
17919,-0.179515,-0.209434,-0.209434
17920,-0.149596,-0.209434,-0.209434
17921,-0.149596,-0.209434,-0.209434
17922,-0.179515,-0.209434,-0.209434
17923,-0.179515,-0.239354,-0.209434
17924,-0.179515,-0.209434,-0.209434
17925,-0.179515,-0.239354,-0.209434
17926,-0.149596,-0.179515,-0.179515
17927,-0.119677,-0.149596,-0.149596
17928,-0.119677,-0.179515,-0.179515
17929,-0.149596,-0.179515,-0.179515
17930,-0.149596,-0.209434,-0.209434
17931,-0.179515,-0.239354,-0.239354
17932,-0.209434,-0.239354,-0.239354
17933,-0.209434,-0.269273,-0.239354
17934,-0.209434,-0.239354,-0.239354
17935,-0.209434,-0.239354,-0.239354
17936,-0.209434,-0.269273,-0.239354
17937,-0.209434,-0.239354,-0.239354
17938,-0.209434,-0.239354,-0.239354
17939,-0.209434,-0.239354,-0.239354
17940,-0.209434,-0.239354,-0.239354
17941,-0.179515,-0.239354,-0.239354
17942,-0.209434,-0.269273,-0.269273
17943,-0.269273,-0.299192,-0.299192
17944,-0.239354,-0.299192,-0.269273
17945,-0.239354,-0.269273,-0.269273
17946,-0.209434,-0.269273,-0.269273
17947,-0.179515,-0.239354,-0.239354
17948,-0.179515,-0.209434,-0.209434
17949,-0.179515,-0.209434,-0.209434
17950,-0.179515,-0.209434,-0.209434
17951,-0.179515,-0.209434,-0.209434
17952,-0.179515,-0.209434,-0.209434
17953,-0.179515,-0.209434,-0.209434
17954,-0.179515,-0.209434,-0.209434
17955,-0.179515,-0.209434,-0.209434
17956,-0.179515,-0.209434,-0.209434
17957,-0.179515,-0.239354,-0.239354
17958,-0.149596,-0.209434,-0.179515
17959,-0.119677,-0.149596,-0.149596
17960,-0.119677,-0.179515,-0.179515
17961,-0.149596,-0.179515,-0.179515
17962,-0.179515,-0.209434,-0.209434
17963,-0.179515,-0.239354,-0.239354
17964,-0.209434,-0.239354,-0.239354
17965,-0.209434,-0.239354,-0.239354
17966,-0.209434,-0.269273,-0.239354
17967,-0.209434,-0.239354,-0.239354
17968,-0.209434,-0.269273,-0.269273
17969,-0.209434,-0.239354,-0.239354
17970,-0.209434,-0.239354,-0.239354
17971,-0.209434,-0.239354,-0.239354
17972,-0.209434,-0.239354,-0.239354
17973,-0.209434,-0.239354,-0.239354
17974,-0.239354,-0.269273,-0.269273
17975,-0.269273,-0.299192,-0.299192
17976,-0.239354,-0.299192,-0.299192
17977,-0.239354,-0.269273,-0.269273
17978,-0.209434,-0.269273,-0.269273
17979,-0.179515,-0.239354,-0.239354
17980,-0.179515,-0.209434,-0.209434
17981,-0.179515,-0.209434,-0.209434
17982,-0.179515,-0.209434,-0.209434
17983,-0.179515,-0.209434,-0.209434
17984,-0.179515,-0.209434,-0.209434
17985,-0.179515,-0.209434,-0.209434
17986,-0.179515,-0.209434,-0.209434
17987,-0.179515,-0.209434,-0.209434
17988,-0.179515,-0.239354,-0.209434
17989,-0.179515,-0.239354,-0.239354
17990,-0.149596,-0.209434,-0.209434
17991,-0.119677,-0.179515,-0.149596
17992,-0.119677,-0.179515,-0.179515
17993,-0.149596,-0.209434,-0.179515
17994,-0.149596,-0.209434,-0.209434
17995,-0.209434,-0.239354,-0.239354
17996,-0.209434,-0.239354,-0.239354
17997,-0.209434,-0.269273,-0.269273
17998,-0.209434,-0.269273,-0.239354
17999,-0.209434,-0.239354,-0.269273
18000,-0.209434,-0.269273,-0.269273
18001,-0.209434,-0.269273,-0.239354
18002,-0.209434,-0.239354,-0.239354
18003,-0.209434,-0.239354,-0.239354
18004,-0.209434,-0.239354,-0.239354
18005,-0.209434,-0.239354,-0.239354
18006,-0.239354,-0.269273,-0.269273
18007,-0.239354,-0.299192,-0.299192
18008,-0.239354,-0.299192,-0.299192
18009,-0.239354,-0.269273,-0.269273
18010,-0.209434,-0.269273,-0.269273
18011,-0.179515,-0.239354,-0.239354
18012,-0.179515,-0.209434,-0.239354
18013,-0.179515,-0.209434,-0.209434
18014,-0.179515,-0.209434,-0.209434
18015,-0.179515,-0.209434,-0.209434
18016,-0.179515,-0.209434,-0.209434
18017,-0.179515,-0.209434,-0.209434
18018,-0.179515,-0.239354,-0.209434
18019,-0.179515,-0.239354,-0.209434
18020,-0.179515,-0.239354,-0.209434
18021,-0.179515,-0.239354,-0.239354
18022,-0.149596,-0.209434,-0.209434
18023,-0.119677,-0.179515,-0.179515
18024,-0.149596,-0.179515,-0.179515
18025,-0.149596,-0.209434,-0.179515
18026,-0.179515,-0.209434,-0.209434
18027,-0.209434,-0.239354,-0.239354
18028,-0.209434,-0.269273,-0.239354
18029,-0.209434,-0.269273,-0.239354
18030,-0.209434,-0.269273,-0.239354
18031,-0.209434,-0.269273,-0.239354
18032,-0.209434,-0.269273,-0.269273
18033,-0.209434,-0.269273,-0.239354
18034,-0.209434,-0.239354,-0.239354
18035,-0.209434,-0.239354,-0.239354
18036,-0.209434,-0.239354,-0.239354
18037,-0.209434,-0.239354,-0.239354
18038,-0.239354,-0.269273,-0.269273
18039,-0.269273,-0.299192,-0.299192
18040,-0.239354,-0.299192,-0.299192
18041,-0.239354,-0.269273,-0.269273
18042,-0.209434,-0.269273,-0.269273
18043,-0.179515,-0.239354,-0.239354
18044,-0.179515,-0.239354,-0.209434
18045,-0.179515,-0.209434,-0.209434
18046,-0.179515,-0.209434,-0.209434
18047,-0.179515,-0.209434,-0.209434
18048,-0.149596,-0.209434,-0.209434
18049,-0.179515,-0.209434,-0.209434
18050,-0.179515,-0.209434,-0.209434
18051,-0.179515,-0.209434,-0.239354
18052,-0.179515,-0.239354,-0.239354
18053,-0.179515,-0.239354,-0.239354
18054,-0.149596,-0.209434,-0.179515
18055,-0.119677,-0.179515,-0.179515
18056,-0.119677,-0.179515,-0.179515
18057,-0.149596,-0.179515,-0.179515
18058,-0.179515,-0.209434,-0.209434
18059,-0.209434,-0.239354,-0.239354
18060,-0.209434,-0.269273,-0.269273
18061,-0.209434,-0.269273,-0.269273
18062,-0.209434,-0.239354,-0.239354
18063,-0.209434,-0.269273,-0.239354
18064,-0.209434,-0.269273,-0.269273
18065,-0.209434,-0.269273,-0.239354
18066,-0.209434,-0.239354,-0.239354
18067,-0.209434,-0.239354,-0.239354
18068,-0.209434,-0.239354,-0.239354
18069,-0.209434,-0.239354,-0.239354
18070,-0.239354,-0.269273,-0.269273
18071,-0.269273,-0.299192,-0.299192
18072,-0.239354,-0.299192,-0.299192
18073,-0.239354,-0.269273,-0.269273
18074,-0.209434,-0.269273,-0.269273
18075,-0.179515,-0.239354,-0.239354
18076,-0.179515,-0.209434,-0.239354
18077,-0.179515,-0.209434,-0.209434
18078,-0.179515,-0.209434,-0.209434
18079,-0.179515,-0.209434,-0.209434
18080,-0.179515,-0.209434,-0.209434
18081,-0.179515,-0.209434,-0.209434
18082,-0.179515,-0.239354,-0.209434
18083,-0.179515,-0.239354,-0.239354
18084,-0.179515,-0.239354,-0.239354
18085,-0.179515,-0.239354,-0.239354
18086,-0.149596,-0.209434,-0.179515
18087,-0.119677,-0.179515,-0.149596
18088,-0.119677,-0.179515,-0.179515
18089,-0.149596,-0.209434,-0.209434
18090,-0.179515,-0.209434,-0.209434
18091,-0.209434,-0.239354,-0.239354
18092,-0.209434,-0.269273,-0.269273
18093,-0.209434,-0.269273,-0.269273
18094,-0.209434,-0.269273,-0.239354
18095,-0.209434,-0.269273,-0.239354
18096,-0.209434,-0.269273,-0.269273
18097,-0.209434,-0.269273,-0.269273
18098,-0.209434,-0.239354,-0.239354
18099,-0.209434,-0.239354,-0.239354
18100,-0.209434,-0.239354,-0.239354
18101,-0.209434,-0.239354,-0.239354
18102,-0.239354,-0.299192,-0.269273
18103,-0.269273,-0.299192,-0.299192
18104,-0.239354,-0.299192,-0.299192
18105,-0.239354,-0.269273,-0.269273
18106,-0.209434,-0.269273,-0.269273
18107,-0.179515,-0.239354,-0.239354
18108,-0.179515,-0.209434,-0.209434
18109,-0.179515,-0.209434,-0.209434
18110,-0.179515,-0.209434,-0.209434
18111,-0.179515,-0.209434,-0.209434
18112,-0.149596,-0.209434,-0.209434
18113,-0.149596,-0.209434,-0.209434
18114,-0.179515,-0.239354,-0.209434
18115,-0.179515,-0.209434,-0.209434
18116,-0.179515,-0.239354,-0.209434
18117,-0.179515,-0.239354,-0.209434
18118,-0.149596,-0.179515,-0.179515
18119,-0.119677,-0.179515,-0.179515
18120,-0.119677,-0.179515,-0.179515
18121,-0.149596,-0.209434,-0.209434
18122,-0.179515,-0.209434,-0.209434
18123,-0.209434,-0.239354,-0.239354
18124,-0.209434,-0.239354,-0.239354
18125,-0.209434,-0.239354,-0.239354
18126,-0.209434,-0.239354,-0.239354
18127,-0.209434,-0.269273,-0.269273
18128,-0.209434,-0.269273,-0.269273
18129,-0.209434,-0.269273,-0.239354
18130,-0.209434,-0.269273,-0.239354
18131,-0.209434,-0.239354,-0.239354
18132,-0.209434,-0.239354,-0.239354
18133,-0.209434,-0.239354,-0.239354
18134,-0.239354,-0.269273,-0.269273
18135,-0.269273,-0.299192,-0.299192
18136,-0.239354,-0.299192,-0.299192
18137,-0.239354,-0.269273,-0.269273
18138,-0.209434,-0.269273,-0.269273
18139,-0.179515,-0.239354,-0.239354
18140,-0.179515,-0.209434,-0.209434
18141,-0.179515,-0.209434,-0.209434
18142,-0.179515,-0.209434,-0.209434
18143,-0.179515,-0.209434,-0.209434
18144,-0.179515,-0.209434,-0.209434
18145,-0.179515,-0.209434,-0.209434
18146,-0.179515,-0.209434,-0.239354
18147,-0.179515,-0.239354,-0.239354
18148,-0.179515,-0.239354,-0.239354
18149,-0.179515,-0.239354,-0.209434
18150,-0.149596,-0.209434,-0.179515
18151,-0.119677,-0.179515,-0.179515
18152,-0.149596,-0.179515,-0.179515
18153,-0.149596,-0.209434,-0.179515
18154,-0.179515,-0.209434,-0.209434
18155,-0.209434,-0.239354,-0.239354
18156,-0.209434,-0.239354,-0.239354
18157,-0.209434,-0.239354,-0.269273
18158,-0.209434,-0.269273,-0.239354
18159,-0.209434,-0.269273,-0.239354
18160,-0.209434,-0.269273,-0.269273
18161,-0.209434,-0.239354,-0.239354
18162,-0.209434,-0.239354,-0.239354
18163,-0.209434,-0.239354,-0.239354
18164,-0.209434,-0.239354,-0.239354
18165,-0.209434,-0.239354,-0.239354
18166,-0.239354,-0.299192,-0.269273
18167,-0.239354,-0.299192,-0.299192
18168,-0.239354,-0.269273,-0.269273
18169,-0.239354,-0.269273,-0.269273
18170,-0.209434,-0.239354,-0.239354
18171,-0.179515,-0.239354,-0.209434
18172,-0.179515,-0.209434,-0.209434
18173,-0.179515,-0.209434,-0.209434
18174,-0.179515,-0.209434,-0.209434
18175,-0.179515,-0.209434,-0.209434
18176,-0.179515,-0.209434,-0.209434
18177,-0.179515,-0.209434,-0.209434
18178,-0.179515,-0.239354,-0.209434
18179,-0.179515,-0.239354,-0.239354
18180,-0.179515,-0.239354,-0.239354
18181,-0.179515,-0.239354,-0.239354
18182,-0.149596,-0.179515,-0.179515
18183,-0.149596,-0.179515,-0.179515
18184,-0.149596,-0.209434,-0.209434
18185,-0.149596,-0.209434,-0.209434
18186,-0.179515,-0.239354,-0.209434
18187,-0.209434,-0.239354,-0.239354
18188,-0.209434,-0.269273,-0.239354
18189,-0.209434,-0.239354,-0.239354
18190,-0.209434,-0.269273,-0.269273
18191,-0.209434,-0.269273,-0.269273
18192,-0.209434,-0.269273,-0.269273
18193,-0.209434,-0.239354,-0.239354
18194,-0.209434,-0.239354,-0.239354
18195,-0.209434,-0.239354,-0.239354
18196,-0.209434,-0.239354,-0.239354
18197,-0.209434,-0.239354,-0.239354
18198,-0.239354,-0.269273,-0.269273
18199,-0.239354,-0.299192,-0.299192
18200,-0.239354,-0.269273,-0.269273
18201,-0.209434,-0.269273,-0.269273
18202,-0.209434,-0.239354,-0.239354
18203,-0.179515,-0.239354,-0.239354
18204,-0.179515,-0.209434,-0.209434
18205,-0.179515,-0.209434,-0.209434
18206,-0.179515,-0.209434,-0.209434
18207,-0.179515,-0.209434,-0.209434
18208,-0.179515,-0.209434,-0.209434
18209,-0.179515,-0.239354,-0.239354
18210,-0.179515,-0.239354,-0.239354
18211,-0.179515,-0.239354,-0.239354
18212,-0.179515,-0.239354,-0.239354
18213,-0.179515,-0.239354,-0.239354
18214,-0.149596,-0.209434,-0.179515
18215,-0.119677,-0.179515,-0.179515
18216,-0.149596,-0.179515,-0.209434
18217,-0.149596,-0.209434,-0.209434
18218,-0.179515,-0.239354,-0.239354
18219,-0.209434,-0.239354,-0.239354
18220,-0.209434,-0.269273,-0.239354
18221,-0.209434,-0.269273,-0.239354
18222,-0.209434,-0.269273,-0.269273
18223,-0.209434,-0.269273,-0.269273
18224,-0.209434,-0.269273,-0.239354
18225,-0.209434,-0.239354,-0.239354
18226,-0.209434,-0.239354,-0.239354
18227,-0.209434,-0.239354,-0.239354
18228,-0.209434,-0.239354,-0.239354
18229,-0.209434,-0.239354,-0.239354
18230,-0.239354,-0.269273,-0.269273
18231,-0.239354,-0.299192,-0.299192
18232,-0.239354,-0.269273,-0.269273
18233,-0.239354,-0.269273,-0.269273
18234,-0.209434,-0.239354,-0.239354
18235,-0.179515,-0.239354,-0.209434
18236,-0.179515,-0.209434,-0.209434
18237,-0.179515,-0.209434,-0.209434
18238,-0.179515,-0.209434,-0.209434
18239,-0.179515,-0.209434,-0.209434
18240,-0.179515,-0.209434,-0.209434
18241,-0.179515,-0.239354,-0.239354
18242,-0.179515,-0.239354,-0.239354
18243,-0.179515,-0.239354,-0.239354
18244,-0.179515,-0.239354,-0.239354
18245,-0.179515,-0.239354,-0.239354
18246,-0.149596,-0.179515,-0.179515
18247,-0.119677,-0.179515,-0.179515
18248,-0.149596,-0.209434,-0.179515
18249,-0.149596,-0.209434,-0.209434
18250,-0.179515,-0.239354,-0.239354
18251,-0.209434,-0.239354,-0.239354
18252,-0.209434,-0.269273,-0.239354
18253,-0.209434,-0.269273,-0.269273
18254,-0.209434,-0.239354,-0.239354
18255,-0.209434,-0.269273,-0.239354
18256,-0.209434,-0.269273,-0.239354
18257,-0.209434,-0.239354,-0.239354
18258,-0.209434,-0.239354,-0.239354
18259,-0.209434,-0.239354,-0.239354
18260,-0.209434,-0.239354,-0.239354
18261,-0.209434,-0.239354,-0.239354
18262,-0.239354,-0.269273,-0.269273
18263,-0.239354,-0.299192,-0.299192
18264,-0.239354,-0.269273,-0.269273
18265,-0.209434,-0.269273,-0.269273
18266,-0.209434,-0.239354,-0.239354
18267,-0.179515,-0.239354,-0.209434
18268,-0.179515,-0.209434,-0.209434
18269,-0.179515,-0.209434,-0.209434
18270,-0.179515,-0.209434,-0.209434
18271,-0.179515,-0.209434,-0.209434
18272,-0.179515,-0.209434,-0.209434
18273,-0.179515,-0.239354,-0.209434
18274,-0.179515,-0.239354,-0.239354
18275,-0.179515,-0.239354,-0.209434
18276,-0.179515,-0.239354,-0.239354
18277,-0.179515,-0.239354,-0.239354
18278,-0.149596,-0.209434,-0.179515
18279,-0.119677,-0.179515,-0.179515
18280,-0.149596,-0.209434,-0.209434
18281,-0.179515,-0.209434,-0.209434
18282,-0.179515,-0.239354,-0.239354
18283,-0.209434,-0.239354,-0.239354
18284,-0.209434,-0.269273,-0.239354
18285,-0.209434,-0.269273,-0.269273
18286,-0.209434,-0.239354,-0.239354
18287,-0.209434,-0.239354,-0.239354
18288,-0.209434,-0.269273,-0.269273
18289,-0.209434,-0.239354,-0.239354
18290,-0.209434,-0.239354,-0.239354
18291,-0.209434,-0.239354,-0.239354
18292,-0.209434,-0.239354,-0.239354
18293,-0.209434,-0.239354,-0.239354
18294,-0.239354,-0.299192,-0.269273
18295,-0.239354,-0.299192,-0.299192
18296,-0.239354,-0.269273,-0.269273
18297,-0.209434,-0.269273,-0.269273
18298,-0.209434,-0.239354,-0.239354
18299,-0.179515,-0.239354,-0.239354
18300,-0.179515,-0.239354,-0.209434
18301,-0.179515,-0.209434,-0.209434
18302,-0.179515,-0.209434,-0.209434
18303,-0.179515,-0.209434,-0.209434
18304,-0.179515,-0.239354,-0.209434
18305,-0.179515,-0.239354,-0.239354
18306,-0.179515,-0.239354,-0.239354
18307,-0.179515,-0.239354,-0.239354
18308,-0.179515,-0.239354,-0.239354
18309,-0.179515,-0.239354,-0.239354
18310,-0.149596,-0.209434,-0.179515
18311,-0.149596,-0.179515,-0.179515
18312,-0.149596,-0.209434,-0.209434
18313,-0.149596,-0.209434,-0.209434
18314,-0.179515,-0.239354,-0.239354
18315,-0.209434,-0.239354,-0.239354
18316,-0.209434,-0.269273,-0.239354
18317,-0.209434,-0.269273,-0.239354
18318,-0.209434,-0.269273,-0.239354
18319,-0.209434,-0.269273,-0.269273
18320,-0.209434,-0.269273,-0.269273
18321,-0.209434,-0.269273,-0.239354
18322,-0.209434,-0.239354,-0.239354
18323,-0.209434,-0.239354,-0.239354
18324,-0.209434,-0.239354,-0.239354
18325,-0.209434,-0.239354,-0.239354
18326,-0.239354,-0.299192,-0.299192
18327,-0.239354,-0.299192,-0.299192
18328,-0.239354,-0.299192,-0.269273
18329,-0.239354,-0.269273,-0.269273
18330,-0.209434,-0.239354,-0.239354
18331,-0.179515,-0.239354,-0.239354
18332,-0.179515,-0.239354,-0.209434
18333,-0.179515,-0.209434,-0.209434
18334,-0.179515,-0.209434,-0.209434
18335,-0.179515,-0.209434,-0.209434
18336,-0.179515,-0.209434,-0.209434
18337,-0.179515,-0.239354,-0.239354
18338,-0.179515,-0.239354,-0.239354
18339,-0.179515,-0.239354,-0.239354
18340,-0.179515,-0.239354,-0.239354
18341,-0.179515,-0.239354,-0.239354
18342,-0.149596,-0.209434,-0.179515
18343,-0.149596,-0.179515,-0.179515
18344,-0.149596,-0.209434,-0.209434
18345,-0.149596,-0.209434,-0.209434
18346,-0.179515,-0.239354,-0.239354
18347,-0.209434,-0.269273,-0.239354
18348,-0.209434,-0.269273,-0.269273
18349,-0.209434,-0.269273,-0.269273
18350,-0.209434,-0.269273,-0.269273
18351,-0.209434,-0.269273,-0.269273
18352,-0.209434,-0.269273,-0.239354
18353,-0.209434,-0.269273,-0.239354
18354,-0.209434,-0.239354,-0.239354
18355,-0.209434,-0.239354,-0.239354
18356,-0.209434,-0.239354,-0.239354
18357,-0.209434,-0.239354,-0.239354
18358,-0.239354,-0.269273,-0.269273
18359,-0.239354,-0.299192,-0.299192
18360,-0.239354,-0.299192,-0.269273
18361,-0.239354,-0.269273,-0.269273
18362,-0.209434,-0.239354,-0.239354
18363,-0.179515,-0.239354,-0.239354
18364,-0.179515,-0.239354,-0.209434
18365,-0.179515,-0.209434,-0.209434
18366,-0.179515,-0.209434,-0.239354
18367,-0.179515,-0.239354,-0.239354
18368,-0.179515,-0.239354,-0.239354
18369,-0.179515,-0.239354,-0.239354
18370,-0.179515,-0.239354,-0.239354
18371,-0.179515,-0.239354,-0.239354
18372,-0.179515,-0.239354,-0.239354
18373,-0.179515,-0.239354,-0.239354
18374,-0.149596,-0.209434,-0.209434
18375,-0.149596,-0.179515,-0.179515
18376,-0.149596,-0.209434,-0.209434
18377,-0.179515,-0.209434,-0.209434
18378,-0.209434,-0.239354,-0.239354
18379,-0.209434,-0.269273,-0.269273
18380,-0.209434,-0.269273,-0.269273
18381,-0.209434,-0.269273,-0.269273
18382,-0.209434,-0.269273,-0.269273
18383,-0.209434,-0.269273,-0.269273
18384,-0.209434,-0.269273,-0.269273
18385,-0.209434,-0.269273,-0.239354
18386,-0.209434,-0.269273,-0.239354
18387,-0.209434,-0.239354,-0.239354
18388,-0.209434,-0.239354,-0.239354
18389,-0.209434,-0.269273,-0.239354
18390,-0.239354,-0.299192,-0.299192
18391,-0.239354,-0.299192,-0.299192
18392,-0.239354,-0.299192,-0.299192
18393,-0.239354,-0.269273,-0.269273
18394,-0.209434,-0.239354,-0.239354
18395,-0.179515,-0.239354,-0.239354
18396,-0.179515,-0.239354,-0.239354
18397,-0.179515,-0.239354,-0.209434
18398,-0.179515,-0.209434,-0.209434
18399,-0.179515,-0.239354,-0.239354
18400,-0.179515,-0.239354,-0.209434
18401,-0.179515,-0.239354,-0.239354
18402,-0.179515,-0.239354,-0.239354
18403,-0.179515,-0.239354,-0.239354
18404,-0.179515,-0.239354,-0.239354
18405,-0.179515,-0.239354,-0.239354
18406,-0.149596,-0.209434,-0.179515
18407,-0.149596,-0.179515,-0.179515
18408,-0.149596,-0.209434,-0.209434
18409,-0.179515,-0.209434,-0.209434
18410,-0.209434,-0.239354,-0.239354
18411,-0.209434,-0.269273,-0.239354
18412,-0.209434,-0.269273,-0.269273
18413,-0.209434,-0.269273,-0.269273
18414,-0.209434,-0.269273,-0.269273
18415,-0.209434,-0.269273,-0.269273
18416,-0.209434,-0.269273,-0.269273
18417,-0.209434,-0.269273,-0.239354
18418,-0.209434,-0.269273,-0.239354
18419,-0.209434,-0.239354,-0.269273
18420,-0.209434,-0.269273,-0.239354
18421,-0.209434,-0.269273,-0.269273
18422,-0.239354,-0.299192,-0.299192
18423,-0.269273,-0.299192,-0.299192
18424,-0.239354,-0.299192,-0.269273
18425,-0.239354,-0.269273,-0.269273
18426,-0.209434,-0.269273,-0.239354
18427,-0.179515,-0.239354,-0.239354
18428,-0.179515,-0.239354,-0.209434
18429,-0.179515,-0.239354,-0.209434
18430,-0.179515,-0.209434,-0.239354
18431,-0.179515,-0.239354,-0.209434
18432,-0.179515,-0.239354,-0.209434
18433,-0.179515,-0.239354,-0.209434
18434,-0.179515,-0.239354,-0.239354
18435,-0.179515,-0.239354,-0.239354
18436,-0.209434,-0.239354,-0.239354
18437,-0.179515,-0.239354,-0.239354
18438,-0.149596,-0.209434,-0.209434
18439,-0.149596,-0.179515,-0.179515
18440,-0.149596,-0.209434,-0.209434
18441,-0.179515,-0.209434,-0.209434
18442,-0.209434,-0.239354,-0.239354
18443,-0.209434,-0.269273,-0.269273
18444,-0.209434,-0.269273,-0.269273
18445,-0.209434,-0.269273,-0.269273
18446,-0.209434,-0.269273,-0.269273
18447,-0.209434,-0.269273,-0.269273
18448,-0.209434,-0.269273,-0.269273
18449,-0.209434,-0.269273,-0.269273
18450,-0.209434,-0.239354,-0.239354
18451,-0.209434,-0.239354,-0.239354
18452,-0.209434,-0.239354,-0.239354
18453,-0.209434,-0.269273,-0.269273
18454,-0.239354,-0.299192,-0.299192
18455,-0.269273,-0.299192,-0.299192
18456,-0.239354,-0.299192,-0.269273
18457,-0.239354,-0.269273,-0.269273
18458,-0.209434,-0.269273,-0.239354
18459,-0.179515,-0.239354,-0.239354
18460,-0.179515,-0.239354,-0.239354
18461,-0.179515,-0.239354,-0.209434
18462,-0.179515,-0.239354,-0.239354
18463,-0.179515,-0.239354,-0.239354
18464,-0.179515,-0.239354,-0.239354
18465,-0.179515,-0.239354,-0.239354
18466,-0.179515,-0.239354,-0.239354
18467,-0.209434,-0.239354,-0.239354
18468,-0.209434,-0.239354,-0.239354
18469,-0.179515,-0.239354,-0.239354
18470,-0.149596,-0.209434,-0.209434
18471,-0.149596,-0.179515,-0.179515
18472,-0.149596,-0.209434,-0.209434
18473,-0.179515,-0.209434,-0.209434
18474,-0.209434,-0.239354,-0.239354
18475,-0.209434,-0.269273,-0.269273
18476,-0.239354,-0.269273,-0.269273
18477,-0.209434,-0.269273,-0.269273
18478,-0.209434,-0.269273,-0.269273
18479,-0.209434,-0.269273,-0.269273
18480,-0.209434,-0.269273,-0.269273
18481,-0.209434,-0.269273,-0.269273
18482,-0.209434,-0.239354,-0.239354
18483,-0.209434,-0.269273,-0.269273
18484,-0.209434,-0.239354,-0.239354
18485,-0.209434,-0.269273,-0.269273
18486,-0.239354,-0.299192,-0.299192
18487,-0.239354,-0.299192,-0.299192
18488,-0.239354,-0.299192,-0.269273
18489,-0.239354,-0.269273,-0.269273
18490,-0.209434,-0.239354,-0.239354
18491,-0.179515,-0.239354,-0.239354
18492,-0.179515,-0.239354,-0.209434
18493,-0.179515,-0.239354,-0.209434
18494,-0.179515,-0.239354,-0.239354
18495,-0.179515,-0.239354,-0.239354
18496,-0.179515,-0.239354,-0.239354
18497,-0.179515,-0.239354,-0.239354
18498,-0.179515,-0.239354,-0.239354
18499,-0.209434,-0.239354,-0.239354
18500,-0.209434,-0.239354,-0.239354
18501,-0.179515,-0.239354,-0.239354
18502,-0.149596,-0.179515,-0.179515
18503,-0.119677,-0.179515,-0.179515
18504,-0.149596,-0.209434,-0.209434
18505,-0.179515,-0.209434,-0.209434
18506,-0.209434,-0.239354,-0.239354
18507,-0.209434,-0.269273,-0.269273
18508,-0.209434,-0.269273,-0.269273
18509,-0.209434,-0.269273,-0.269273
18510,-0.209434,-0.269273,-0.269273
18511,-0.209434,-0.269273,-0.269273
18512,-0.209434,-0.269273,-0.269273
18513,-0.209434,-0.269273,-0.269273
18514,-0.209434,-0.269273,-0.239354
18515,-0.209434,-0.269273,-0.239354
18516,-0.209434,-0.239354,-0.239354
18517,-0.209434,-0.269273,-0.269273
18518,-0.269273,-0.299192,-0.299192
18519,-0.269273,-0.299192,-0.299192
18520,-0.239354,-0.299192,-0.299192
18521,-0.239354,-0.269273,-0.269273
18522,-0.209434,-0.239354,-0.239354
18523,-0.179515,-0.239354,-0.239354
18524,-0.179515,-0.239354,-0.239354
18525,-0.179515,-0.239354,-0.209434
18526,-0.179515,-0.239354,-0.209434
18527,-0.179515,-0.239354,-0.209434
18528,-0.179515,-0.239354,-0.209434
18529,-0.179515,-0.239354,-0.239354
18530,-0.209434,-0.239354,-0.239354
18531,-0.209434,-0.239354,-0.239354
18532,-0.179515,-0.239354,-0.239354
18533,-0.179515,-0.239354,-0.239354
18534,-0.149596,-0.209434,-0.179515
18535,-0.149596,-0.179515,-0.179515
18536,-0.149596,-0.209434,-0.209434
18537,-0.179515,-0.209434,-0.209434
18538,-0.209434,-0.239354,-0.239354
18539,-0.209434,-0.269273,-0.269273
18540,-0.209434,-0.269273,-0.269273
18541,-0.209434,-0.269273,-0.269273
18542,-0.209434,-0.269273,-0.269273
18543,-0.209434,-0.269273,-0.269273
18544,-0.209434,-0.269273,-0.269273
18545,-0.209434,-0.269273,-0.239354
18546,-0.209434,-0.239354,-0.239354
18547,-0.209434,-0.239354,-0.239354
18548,-0.209434,-0.239354,-0.239354
18549,-0.209434,-0.269273,-0.269273
18550,-0.239354,-0.299192,-0.299192
18551,-0.239354,-0.299192,-0.299192
18552,-0.239354,-0.299192,-0.269273
18553,-0.239354,-0.269273,-0.269273
18554,-0.209434,-0.239354,-0.239354
18555,-0.179515,-0.239354,-0.209434
18556,-0.179515,-0.239354,-0.209434
18557,-0.179515,-0.239354,-0.209434
18558,-0.179515,-0.239354,-0.209434
18559,-0.179515,-0.239354,-0.209434
18560,-0.179515,-0.239354,-0.209434
18561,-0.179515,-0.239354,-0.239354
18562,-0.179515,-0.239354,-0.239354
18563,-0.179515,-0.239354,-0.239354
18564,-0.179515,-0.239354,-0.239354
18565,-0.179515,-0.239354,-0.239354
18566,-0.149596,-0.179515,-0.179515
18567,-0.119677,-0.179515,-0.179515
18568,-0.149596,-0.209434,-0.209434
18569,-0.179515,-0.209434,-0.209434
18570,-0.209434,-0.239354,-0.239354
18571,-0.209434,-0.269273,-0.269273
18572,-0.209434,-0.269273,-0.269273
18573,-0.209434,-0.269273,-0.269273
18574,-0.209434,-0.269273,-0.269273
18575,-0.209434,-0.269273,-0.269273
18576,-0.209434,-0.269273,-0.269273
18577,-0.209434,-0.269273,-0.239354
18578,-0.209434,-0.239354,-0.239354
18579,-0.209434,-0.239354,-0.239354
18580,-0.209434,-0.239354,-0.239354
18581,-0.209434,-0.269273,-0.269273
18582,-0.239354,-0.299192,-0.299192
18583,-0.269273,-0.299192,-0.299192
18584,-0.239354,-0.269273,-0.269273
18585,-0.239354,-0.269273,-0.269273
18586,-0.209434,-0.239354,-0.239354
18587,-0.179515,-0.239354,-0.239354
18588,-0.179515,-0.239354,-0.209434
18589,-0.179515,-0.209434,-0.209434
18590,-0.179515,-0.209434,-0.209434
18591,-0.179515,-0.209434,-0.209434
18592,-0.179515,-0.209434,-0.209434
18593,-0.179515,-0.239354,-0.239354
18594,-0.179515,-0.239354,-0.239354
18595,-0.179515,-0.239354,-0.239354
18596,-0.179515,-0.239354,-0.239354
18597,-0.179515,-0.239354,-0.209434
18598,-0.149596,-0.179515,-0.179515
18599,-0.149596,-0.179515,-0.179515
18600,-0.149596,-0.209434,-0.209434
18601,-0.179515,-0.209434,-0.209434
18602,-0.209434,-0.239354,-0.239354
18603,-0.209434,-0.269273,-0.269273
18604,-0.209434,-0.269273,-0.269273
18605,-0.209434,-0.269273,-0.269273
18606,-0.209434,-0.269273,-0.239354
18607,-0.209434,-0.269273,-0.269273
18608,-0.209434,-0.269273,-0.269273
18609,-0.209434,-0.269273,-0.239354
18610,-0.209434,-0.239354,-0.239354
18611,-0.209434,-0.239354,-0.239354
18612,-0.179515,-0.239354,-0.239354
18613,-0.209434,-0.269273,-0.269273
18614,-0.239354,-0.299192,-0.299192
18615,-0.239354,-0.299192,-0.299192
18616,-0.239354,-0.269273,-0.269273
18617,-0.209434,-0.269273,-0.269273
18618,-0.179515,-0.239354,-0.239354
18619,-0.179515,-0.239354,-0.209434
18620,-0.179515,-0.209434,-0.209434
18621,-0.179515,-0.209434,-0.209434
18622,-0.179515,-0.209434,-0.209434
18623,-0.179515,-0.209434,-0.209434
18624,-0.179515,-0.209434,-0.209434
18625,-0.179515,-0.239354,-0.239354
18626,-0.179515,-0.239354,-0.239354
18627,-0.179515,-0.239354,-0.239354
18628,-0.179515,-0.239354,-0.239354
18629,-0.179515,-0.239354,-0.209434
18630,-0.149596,-0.179515,-0.179515
18631,-0.149596,-0.179515,-0.179515
18632,-0.149596,-0.209434,-0.209434
18633,-0.179515,-0.209434,-0.209434
18634,-0.209434,-0.239354,-0.239354
18635,-0.209434,-0.269273,-0.269273
18636,-0.209434,-0.269273,-0.269273
18637,-0.209434,-0.269273,-0.269273
18638,-0.209434,-0.239354,-0.239354
18639,-0.209434,-0.269273,-0.269273
18640,-0.209434,-0.269273,-0.269273
18641,-0.209434,-0.269273,-0.239354
18642,-0.209434,-0.239354,-0.239354
18643,-0.209434,-0.239354,-0.239354
18644,-0.209434,-0.239354,-0.239354
18645,-0.209434,-0.269273,-0.239354
18646,-0.239354,-0.299192,-0.299192
18647,-0.239354,-0.299192,-0.299192
18648,-0.239354,-0.269273,-0.269273
18649,-0.209434,-0.269273,-0.269273
18650,-0.179515,-0.239354,-0.239354
18651,-0.179515,-0.239354,-0.209434
18652,-0.179515,-0.209434,-0.209434
18653,-0.179515,-0.209434,-0.209434
18654,-0.179515,-0.209434,-0.209434
18655,-0.179515,-0.209434,-0.209434
18656,-0.179515,-0.209434,-0.209434
18657,-0.179515,-0.239354,-0.239354
18658,-0.179515,-0.239354,-0.239354
18659,-0.179515,-0.239354,-0.239354
18660,-0.179515,-0.239354,-0.239354
18661,-0.179515,-0.209434,-0.209434
18662,-0.119677,-0.179515,-0.179515
18663,-0.149596,-0.179515,-0.179515
18664,-0.149596,-0.209434,-0.209434
18665,-0.179515,-0.209434,-0.209434
18666,-0.209434,-0.239354,-0.239354
18667,-0.209434,-0.239354,-0.239354
18668,-0.209434,-0.269273,-0.269273
18669,-0.209434,-0.269273,-0.269273
18670,-0.209434,-0.269273,-0.239354
18671,-0.209434,-0.269273,-0.269273
18672,-0.209434,-0.269273,-0.269273
18673,-0.209434,-0.239354,-0.239354
18674,-0.209434,-0.239354,-0.239354
18675,-0.209434,-0.239354,-0.239354
18676,-0.209434,-0.239354,-0.239354
18677,-0.209434,-0.269273,-0.239354
18678,-0.239354,-0.299192,-0.299192
18679,-0.239354,-0.299192,-0.299192
18680,-0.239354,-0.269273,-0.269273
18681,-0.209434,-0.269273,-0.269273
18682,-0.179515,-0.239354,-0.239354
18683,-0.179515,-0.209434,-0.209434
18684,-0.179515,-0.209434,-0.209434
18685,-0.179515,-0.209434,-0.209434
18686,-0.179515,-0.209434,-0.209434
18687,-0.179515,-0.209434,-0.209434
18688,-0.179515,-0.209434,-0.209434
18689,-0.179515,-0.239354,-0.209434
18690,-0.179515,-0.239354,-0.239354
18691,-0.179515,-0.239354,-0.239354
18692,-0.179515,-0.239354,-0.239354
18693,-0.179515,-0.209434,-0.209434
18694,-0.119677,-0.179515,-0.179515
18695,-0.149596,-0.179515,-0.179515
18696,-0.149596,-0.209434,-0.209434
18697,-0.179515,-0.209434,-0.209434
18698,-0.209434,-0.239354,-0.239354
18699,-0.209434,-0.269273,-0.269273
18700,-0.209434,-0.269273,-0.269273
18701,-0.209434,-0.269273,-0.269273
18702,-0.209434,-0.269273,-0.239354
18703,-0.209434,-0.269273,-0.239354
18704,-0.209434,-0.269273,-0.269273
18705,-0.209434,-0.239354,-0.239354
18706,-0.209434,-0.239354,-0.239354
18707,-0.209434,-0.239354,-0.239354
18708,-0.209434,-0.239354,-0.239354
18709,-0.209434,-0.269273,-0.269273
18710,-0.239354,-0.299192,-0.299192
18711,-0.239354,-0.299192,-0.269273
18712,-0.239354,-0.269273,-0.269273
18713,-0.209434,-0.269273,-0.269273
18714,-0.179515,-0.239354,-0.239354
18715,-0.179515,-0.209434,-0.209434
18716,-0.179515,-0.209434,-0.209434
18717,-0.179515,-0.209434,-0.209434
18718,-0.179515,-0.239354,-0.209434
18719,-0.179515,-0.209434,-0.209434
18720,-0.179515,-0.209434,-0.209434
18721,-0.179515,-0.239354,-0.209434
18722,-0.179515,-0.239354,-0.239354
18723,-0.179515,-0.239354,-0.239354
18724,-0.179515,-0.239354,-0.239354
18725,-0.179515,-0.209434,-0.209434
18726,-0.149596,-0.179515,-0.179515
18727,-0.149596,-0.179515,-0.179515
18728,-0.149596,-0.209434,-0.209434
18729,-0.179515,-0.209434,-0.209434
18730,-0.209434,-0.239354,-0.239354
18731,-0.209434,-0.269273,-0.269273
18732,-0.209434,-0.269273,-0.269273
18733,-0.209434,-0.269273,-0.239354
18734,-0.209434,-0.269273,-0.269273
18735,-0.209434,-0.269273,-0.269273
18736,-0.209434,-0.269273,-0.239354
18737,-0.209434,-0.239354,-0.239354
18738,-0.209434,-0.239354,-0.239354
18739,-0.209434,-0.239354,-0.239354
18740,-0.209434,-0.239354,-0.239354
18741,-0.209434,-0.269273,-0.269273
18742,-0.239354,-0.299192,-0.299192
18743,-0.239354,-0.299192,-0.299192
18744,-0.239354,-0.269273,-0.269273
18745,-0.209434,-0.269273,-0.269273
18746,-0.179515,-0.239354,-0.239354
18747,-0.179515,-0.239354,-0.209434
18748,-0.179515,-0.239354,-0.209434
18749,-0.179515,-0.209434,-0.209434
18750,-0.179515,-0.239354,-0.209434
18751,-0.179515,-0.239354,-0.209434
18752,-0.179515,-0.239354,-0.209434
18753,-0.179515,-0.239354,-0.239354
18754,-0.179515,-0.239354,-0.239354
18755,-0.179515,-0.239354,-0.239354
18756,-0.179515,-0.239354,-0.239354
18757,-0.179515,-0.209434,-0.209434
18758,-0.149596,-0.179515,-0.179515
18759,-0.149596,-0.179515,-0.179515
18760,-0.149596,-0.209434,-0.209434
18761,-0.179515,-0.209434,-0.209434
18762,-0.209434,-0.239354,-0.239354
18763,-0.209434,-0.269273,-0.239354
18764,-0.209434,-0.269273,-0.269273
18765,-0.209434,-0.269273,-0.269273
18766,-0.209434,-0.269273,-0.239354
18767,-0.209434,-0.269273,-0.269273
18768,-0.209434,-0.269273,-0.269273
18769,-0.209434,-0.239354,-0.239354
18770,-0.209434,-0.239354,-0.239354
18771,-0.209434,-0.239354,-0.239354
18772,-0.209434,-0.239354,-0.239354
18773,-0.209434,-0.269273,-0.269273
18774,-0.239354,-0.299192,-0.299192
18775,-0.239354,-0.299192,-0.299192
18776,-0.239354,-0.269273,-0.269273
18777,-0.209434,-0.269273,-0.269273
18778,-0.179515,-0.239354,-0.239354
18779,-0.179515,-0.239354,-0.209434
18780,-0.179515,-0.209434,-0.209434
18781,-0.179515,-0.209434,-0.209434
18782,-0.179515,-0.239354,-0.209434
18783,-0.179515,-0.209434,-0.209434
18784,-0.179515,-0.239354,-0.209434
18785,-0.179515,-0.239354,-0.239354
18786,-0.179515,-0.239354,-0.239354
18787,-0.179515,-0.239354,-0.239354
18788,-0.179515,-0.239354,-0.239354
18789,-0.179515,-0.209434,-0.209434
18790,-0.149596,-0.179515,-0.179515
18791,-0.149596,-0.179515,-0.179515
18792,-0.149596,-0.209434,-0.209434
18793,-0.179515,-0.209434,-0.209434
18794,-0.209434,-0.239354,-0.239354
18795,-0.209434,-0.269273,-0.269273
18796,-0.209434,-0.269273,-0.269273
18797,-0.209434,-0.269273,-0.269273
18798,-0.209434,-0.269273,-0.269273
18799,-0.209434,-0.269273,-0.269273
18800,-0.209434,-0.269273,-0.269273
18801,-0.209434,-0.269273,-0.239354
18802,-0.209434,-0.239354,-0.239354
18803,-0.209434,-0.239354,-0.239354
18804,-0.209434,-0.239354,-0.239354
18805,-0.209434,-0.269273,-0.269273
18806,-0.239354,-0.299192,-0.299192
18807,-0.239354,-0.299192,-0.299192
18808,-0.239354,-0.269273,-0.269273
18809,-0.209434,-0.269273,-0.269273
18810,-0.209434,-0.239354,-0.239354
18811,-0.179515,-0.239354,-0.209434
18812,-0.179515,-0.209434,-0.209434
18813,-0.179515,-0.209434,-0.209434
18814,-0.179515,-0.209434,-0.209434
18815,-0.179515,-0.209434,-0.209434
18816,-0.179515,-0.239354,-0.209434
18817,-0.179515,-0.239354,-0.239354
18818,-0.179515,-0.239354,-0.239354
18819,-0.179515,-0.239354,-0.239354
18820,-0.179515,-0.239354,-0.239354
18821,-0.179515,-0.209434,-0.209434
18822,-0.149596,-0.179515,-0.179515
18823,-0.149596,-0.179515,-0.179515
18824,-0.149596,-0.209434,-0.209434
18825,-0.179515,-0.209434,-0.209434
18826,-0.209434,-0.239354,-0.239354
18827,-0.209434,-0.269273,-0.239354
18828,-0.209434,-0.269273,-0.239354
18829,-0.209434,-0.269273,-0.269273
18830,-0.209434,-0.239354,-0.239354
18831,-0.209434,-0.269273,-0.269273
18832,-0.209434,-0.269273,-0.269273
18833,-0.209434,-0.239354,-0.239354
18834,-0.209434,-0.239354,-0.239354
18835,-0.209434,-0.239354,-0.239354
18836,-0.179515,-0.239354,-0.239354
18837,-0.209434,-0.269273,-0.269273
18838,-0.239354,-0.299192,-0.299192
18839,-0.239354,-0.299192,-0.299192
18840,-0.239354,-0.269273,-0.269273
18841,-0.209434,-0.269273,-0.269273
18842,-0.179515,-0.239354,-0.239354
18843,-0.179515,-0.239354,-0.209434
18844,-0.179515,-0.209434,-0.209434
18845,-0.179515,-0.209434,-0.209434
18846,-0.179515,-0.209434,-0.209434
18847,-0.179515,-0.209434,-0.209434
18848,-0.179515,-0.209434,-0.209434
18849,-0.179515,-0.239354,-0.239354
18850,-0.179515,-0.239354,-0.239354
18851,-0.179515,-0.239354,-0.239354
18852,-0.179515,-0.239354,-0.239354
18853,-0.179515,-0.209434,-0.209434
18854,-0.149596,-0.179515,-0.179515
18855,-0.149596,-0.179515,-0.179515
18856,-0.149596,-0.209434,-0.209434
18857,-0.179515,-0.209434,-0.209434
18858,-0.209434,-0.239354,-0.239354
18859,-0.209434,-0.269273,-0.269273
18860,-0.209434,-0.269273,-0.239354
18861,-0.209434,-0.269273,-0.239354
18862,-0.209434,-0.269273,-0.239354
18863,-0.209434,-0.269273,-0.269273
18864,-0.209434,-0.269273,-0.239354
18865,-0.209434,-0.239354,-0.239354
18866,-0.179515,-0.239354,-0.239354
18867,-0.209434,-0.239354,-0.239354
18868,-0.209434,-0.239354,-0.239354
18869,-0.209434,-0.269273,-0.269273
18870,-0.239354,-0.299192,-0.299192
18871,-0.239354,-0.299192,-0.299192
18872,-0.239354,-0.269273,-0.269273
18873,-0.209434,-0.269273,-0.269273
18874,-0.179515,-0.239354,-0.239354
18875,-0.179515,-0.209434,-0.209434
18876,-0.179515,-0.209434,-0.209434
18877,-0.179515,-0.239354,-0.209434
18878,-0.179515,-0.209434,-0.209434
18879,-0.179515,-0.209434,-0.209434
18880,-0.179515,-0.209434,-0.239354
18881,-0.179515,-0.239354,-0.239354
18882,-0.179515,-0.239354,-0.239354
18883,-0.179515,-0.239354,-0.239354
18884,-0.179515,-0.239354,-0.239354
18885,-0.179515,-0.209434,-0.209434
18886,-0.149596,-0.179515,-0.179515
18887,-0.149596,-0.179515,-0.179515
18888,-0.149596,-0.209434,-0.209434
18889,-0.179515,-0.239354,-0.209434
18890,-0.209434,-0.239354,-0.239354
18891,-0.209434,-0.269273,-0.269273
18892,-0.209434,-0.269273,-0.269273
18893,-0.209434,-0.269273,-0.269273
18894,-0.209434,-0.269273,-0.269273
18895,-0.209434,-0.269273,-0.269273
18896,-0.209434,-0.239354,-0.239354
18897,-0.209434,-0.239354,-0.239354
18898,-0.209434,-0.239354,-0.239354
18899,-0.209434,-0.239354,-0.239354
18900,-0.209434,-0.239354,-0.239354
18901,-0.209434,-0.269273,-0.269273
18902,-0.239354,-0.299192,-0.299192
18903,-0.239354,-0.299192,-0.269273
18904,-0.239354,-0.269273,-0.269273
18905,-0.209434,-0.269273,-0.269273
18906,-0.179515,-0.239354,-0.239354
18907,-0.179515,-0.239354,-0.209434
18908,-0.179515,-0.209434,-0.209434
18909,-0.179515,-0.209434,-0.209434
18910,-0.179515,-0.209434,-0.209434
18911,-0.179515,-0.209434,-0.209434
18912,-0.179515,-0.209434,-0.209434
18913,-0.179515,-0.239354,-0.239354
18914,-0.179515,-0.239354,-0.239354
18915,-0.179515,-0.239354,-0.239354
18916,-0.179515,-0.239354,-0.239354
18917,-0.179515,-0.209434,-0.209434
18918,-0.149596,-0.179515,-0.179515
18919,-0.149596,-0.179515,-0.179515
18920,-0.149596,-0.209434,-0.209434
18921,-0.179515,-0.239354,-0.209434
18922,-0.209434,-0.239354,-0.239354
18923,-0.209434,-0.269273,-0.239354
18924,-0.209434,-0.269273,-0.239354
18925,-0.209434,-0.269273,-0.239354
18926,-0.209434,-0.269273,-0.239354
18927,-0.209434,-0.269273,-0.269273
18928,-0.209434,-0.269273,-0.239354
18929,-0.209434,-0.239354,-0.239354
18930,-0.209434,-0.239354,-0.239354
18931,-0.209434,-0.239354,-0.239354
18932,-0.209434,-0.239354,-0.239354
18933,-0.209434,-0.269273,-0.269273
18934,-0.239354,-0.299192,-0.299192
18935,-0.239354,-0.299192,-0.269273
18936,-0.239354,-0.269273,-0.269273
18937,-0.209434,-0.269273,-0.239354
18938,-0.179515,-0.239354,-0.239354
18939,-0.179515,-0.239354,-0.209434
18940,-0.179515,-0.209434,-0.209434
18941,-0.179515,-0.209434,-0.209434
18942,-0.179515,-0.209434,-0.209434
18943,-0.179515,-0.209434,-0.209434
18944,-0.179515,-0.209434,-0.209434
18945,-0.179515,-0.239354,-0.239354
18946,-0.179515,-0.239354,-0.239354
18947,-0.179515,-0.239354,-0.239354
18948,-0.179515,-0.239354,-0.239354
18949,-0.179515,-0.209434,-0.209434
18950,-0.149596,-0.179515,-0.179515
18951,-0.149596,-0.179515,-0.179515
18952,-0.149596,-0.209434,-0.209434
18953,-0.179515,-0.239354,-0.209434
18954,-0.209434,-0.239354,-0.239354
18955,-0.209434,-0.269273,-0.239354
18956,-0.209434,-0.269273,-0.239354
18957,-0.209434,-0.269273,-0.239354
18958,-0.209434,-0.269273,-0.239354
18959,-0.209434,-0.269273,-0.239354
18960,-0.209434,-0.239354,-0.239354
18961,-0.209434,-0.239354,-0.239354
18962,-0.209434,-0.239354,-0.239354
18963,-0.209434,-0.239354,-0.239354
18964,-0.209434,-0.239354,-0.239354
18965,-0.209434,-0.269273,-0.269273
18966,-0.239354,-0.299192,-0.299192
18967,-0.239354,-0.299192,-0.269273
18968,-0.239354,-0.269273,-0.269273
18969,-0.209434,-0.269273,-0.269273
18970,-0.179515,-0.239354,-0.239354
18971,-0.179515,-0.239354,-0.209434
18972,-0.179515,-0.209434,-0.209434
18973,-0.179515,-0.209434,-0.209434
18974,-0.179515,-0.209434,-0.209434
18975,-0.179515,-0.209434,-0.209434
18976,-0.179515,-0.209434,-0.209434
18977,-0.179515,-0.239354,-0.209434
18978,-0.179515,-0.239354,-0.239354
18979,-0.179515,-0.239354,-0.239354
18980,-0.179515,-0.239354,-0.239354
18981,-0.179515,-0.209434,-0.209434
18982,-0.149596,-0.179515,-0.179515
18983,-0.149596,-0.179515,-0.179515
18984,-0.149596,-0.209434,-0.209434
18985,-0.179515,-0.209434,-0.209434
18986,-0.209434,-0.239354,-0.239354
18987,-0.209434,-0.269273,-0.239354
18988,-0.209434,-0.269273,-0.239354
18989,-0.209434,-0.269273,-0.239354
18990,-0.209434,-0.269273,-0.239354
18991,-0.209434,-0.269273,-0.269273
18992,-0.209434,-0.239354,-0.239354
18993,-0.209434,-0.239354,-0.239354
18994,-0.209434,-0.239354,-0.239354
18995,-0.179515,-0.239354,-0.239354
18996,-0.209434,-0.239354,-0.239354
18997,-0.209434,-0.269273,-0.269273
18998,-0.239354,-0.299192,-0.299192
18999,-0.239354,-0.299192,-0.269273
19000,-0.239354,-0.269273,-0.269273
19001,-0.209434,-0.269273,-0.269273
19002,-0.179515,-0.239354,-0.239354
19003,-0.179515,-0.239354,-0.209434
19004,-0.179515,-0.239354,-0.209434
19005,-0.179515,-0.209434,-0.209434
19006,-0.179515,-0.209434,-0.209434
19007,-0.179515,-0.209434,-0.209434
19008,-0.179515,-0.209434,-0.209434
19009,-0.179515,-0.239354,-0.209434
19010,-0.179515,-0.239354,-0.239354
19011,-0.179515,-0.239354,-0.239354
19012,-0.179515,-0.239354,-0.239354
19013,-0.149596,-0.209434,-0.209434
19014,-0.149596,-0.179515,-0.179515
19015,-0.149596,-0.179515,-0.179515
19016,-0.149596,-0.209434,-0.209434
19017,-0.179515,-0.239354,-0.239354
19018,-0.209434,-0.239354,-0.239354
19019,-0.209434,-0.269273,-0.239354
19020,-0.209434,-0.269273,-0.239354
19021,-0.209434,-0.269273,-0.239354
19022,-0.209434,-0.269273,-0.269273
19023,-0.209434,-0.269273,-0.269273
19024,-0.209434,-0.239354,-0.239354
19025,-0.209434,-0.239354,-0.239354
19026,-0.209434,-0.239354,-0.239354
19027,-0.209434,-0.239354,-0.239354
19028,-0.209434,-0.239354,-0.239354
19029,-0.239354,-0.269273,-0.269273
19030,-0.239354,-0.299192,-0.299192
19031,-0.239354,-0.269273,-0.269273
19032,-0.239354,-0.269273,-0.269273
19033,-0.209434,-0.239354,-0.239354
19034,-0.179515,-0.239354,-0.239354
19035,-0.179515,-0.239354,-0.209434
19036,-0.179515,-0.209434,-0.209434
19037,-0.179515,-0.209434,-0.209434
19038,-0.179515,-0.209434,-0.209434
19039,-0.179515,-0.209434,-0.209434
19040,-0.179515,-0.209434,-0.209434
19041,-0.179515,-0.239354,-0.209434
19042,-0.179515,-0.239354,-0.239354
19043,-0.179515,-0.239354,-0.239354
19044,-0.179515,-0.239354,-0.239354
19045,-0.149596,-0.209434,-0.209434
19046,-0.119677,-0.179515,-0.179515
19047,-0.149596,-0.179515,-0.179515
19048,-0.149596,-0.209434,-0.209434
19049,-0.179515,-0.209434,-0.209434
19050,-0.209434,-0.239354,-0.239354
19051,-0.209434,-0.269273,-0.239354
19052,-0.209434,-0.269273,-0.239354
19053,-0.209434,-0.269273,-0.239354
19054,-0.209434,-0.239354,-0.239354
19055,-0.209434,-0.239354,-0.239354
19056,-0.209434,-0.239354,-0.239354
19057,-0.209434,-0.239354,-0.239354
19058,-0.209434,-0.239354,-0.239354
19059,-0.209434,-0.239354,-0.239354
19060,-0.209434,-0.239354,-0.239354
19061,-0.209434,-0.269273,-0.269273
19062,-0.239354,-0.299192,-0.299192
19063,-0.239354,-0.269273,-0.269273
19064,-0.239354,-0.269273,-0.269273
19065,-0.209434,-0.269273,-0.239354
19066,-0.179515,-0.239354,-0.209434
19067,-0.179515,-0.209434,-0.209434
19068,-0.179515,-0.209434,-0.209434
19069,-0.179515,-0.209434,-0.209434
19070,-0.179515,-0.209434,-0.209434
19071,-0.179515,-0.209434,-0.209434
19072,-0.179515,-0.209434,-0.209434
19073,-0.179515,-0.239354,-0.209434
19074,-0.179515,-0.239354,-0.239354
19075,-0.179515,-0.239354,-0.239354
19076,-0.179515,-0.239354,-0.239354
19077,-0.149596,-0.209434,-0.209434
19078,-0.119677,-0.179515,-0.179515
19079,-0.149596,-0.179515,-0.179515
19080,-0.149596,-0.209434,-0.209434
19081,-0.179515,-0.239354,-0.209434
19082,-0.209434,-0.239354,-0.239354
19083,-0.209434,-0.269273,-0.269273
19084,-0.209434,-0.269273,-0.269273
19085,-0.209434,-0.269273,-0.239354
19086,-0.209434,-0.239354,-0.239354
19087,-0.209434,-0.269273,-0.269273
19088,-0.209434,-0.239354,-0.239354
19089,-0.209434,-0.239354,-0.239354
19090,-0.209434,-0.239354,-0.239354
19091,-0.209434,-0.239354,-0.239354
19092,-0.209434,-0.239354,-0.239354
19093,-0.209434,-0.269273,-0.269273
19094,-0.239354,-0.299192,-0.299192
19095,-0.239354,-0.269273,-0.269273
19096,-0.239354,-0.269273,-0.269273
19097,-0.209434,-0.269273,-0.239354
19098,-0.179515,-0.239354,-0.239354
19099,-0.179515,-0.209434,-0.209434
19100,-0.179515,-0.209434,-0.209434
19101,-0.179515,-0.209434,-0.209434
19102,-0.179515,-0.209434,-0.209434
19103,-0.179515,-0.209434,-0.209434
19104,-0.179515,-0.209434,-0.209434
19105,-0.179515,-0.209434,-0.239354
19106,-0.179515,-0.239354,-0.209434
19107,-0.179515,-0.239354,-0.239354
19108,-0.179515,-0.239354,-0.239354
19109,-0.149596,-0.209434,-0.209434
19110,-0.119677,-0.179515,-0.179515
19111,-0.149596,-0.179515,-0.179515
19112,-0.149596,-0.209434,-0.209434
19113,-0.179515,-0.209434,-0.209434
19114,-0.209434,-0.239354,-0.239354
19115,-0.209434,-0.269273,-0.239354
19116,-0.209434,-0.269273,-0.239354
19117,-0.209434,-0.239354,-0.239354
19118,-0.209434,-0.239354,-0.239354
19119,-0.209434,-0.269273,-0.239354
19120,-0.209434,-0.239354,-0.239354
19121,-0.209434,-0.239354,-0.239354
19122,-0.209434,-0.239354,-0.239354
19123,-0.209434,-0.239354,-0.239354
19124,-0.179515,-0.239354,-0.239354
19125,-0.209434,-0.269273,-0.269273
19126,-0.239354,-0.299192,-0.269273
19127,-0.239354,-0.269273,-0.269273
19128,-0.209434,-0.269273,-0.269273
19129,-0.209434,-0.269273,-0.239354
19130,-0.179515,-0.239354,-0.239354
19131,-0.179515,-0.209434,-0.209434
19132,-0.179515,-0.209434,-0.209434
19133,-0.179515,-0.209434,-0.209434
19134,-0.179515,-0.209434,-0.209434
19135,-0.179515,-0.209434,-0.209434
19136,-0.179515,-0.209434,-0.209434
19137,-0.179515,-0.209434,-0.209434
19138,-0.179515,-0.239354,-0.209434
19139,-0.179515,-0.239354,-0.239354
19140,-0.179515,-0.239354,-0.239354
19141,-0.149596,-0.209434,-0.179515
19142,-0.119677,-0.179515,-0.179515
19143,-0.149596,-0.179515,-0.179515
19144,-0.149596,-0.209434,-0.209434
19145,-0.179515,-0.209434,-0.209434
19146,-0.209434,-0.239354,-0.239354
19147,-0.209434,-0.239354,-0.239354
19148,-0.209434,-0.239354,-0.239354
19149,-0.209434,-0.239354,-0.239354
19150,-0.209434,-0.239354,-0.239354
19151,-0.209434,-0.239354,-0.239354
19152,-0.209434,-0.239354,-0.239354
19153,-0.209434,-0.239354,-0.239354
19154,-0.209434,-0.239354,-0.239354
19155,-0.179515,-0.239354,-0.239354
19156,-0.179515,-0.239354,-0.239354
19157,-0.209434,-0.269273,-0.269273
19158,-0.239354,-0.299192,-0.299192
19159,-0.239354,-0.269273,-0.269273
19160,-0.209434,-0.269273,-0.269273
19161,-0.209434,-0.239354,-0.239354
19162,-0.179515,-0.209434,-0.209434
19163,-0.179515,-0.209434,-0.209434
19164,-0.179515,-0.209434,-0.209434
19165,-0.179515,-0.209434,-0.209434
19166,-0.149596,-0.209434,-0.209434
19167,-0.149596,-0.209434,-0.209434
19168,-0.179515,-0.209434,-0.209434
19169,-0.179515,-0.209434,-0.209434
19170,-0.179515,-0.209434,-0.209434
19171,-0.179515,-0.239354,-0.239354
19172,-0.179515,-0.239354,-0.209434
19173,-0.149596,-0.209434,-0.179515
19174,-0.119677,-0.179515,-0.179515
19175,-0.149596,-0.179515,-0.179515
19176,-0.149596,-0.209434,-0.209434
19177,-0.179515,-0.209434,-0.209434
19178,-0.209434,-0.239354,-0.239354
19179,-0.209434,-0.269273,-0.239354
19180,-0.209434,-0.239354,-0.239354
19181,-0.209434,-0.239354,-0.239354
19182,-0.209434,-0.239354,-0.239354
19183,-0.209434,-0.269273,-0.239354
19184,-0.209434,-0.239354,-0.239354
19185,-0.179515,-0.239354,-0.239354
19186,-0.179515,-0.239354,-0.239354
19187,-0.179515,-0.239354,-0.239354
19188,-0.179515,-0.239354,-0.239354
19189,-0.209434,-0.269273,-0.269273
19190,-0.239354,-0.299192,-0.299192
19191,-0.239354,-0.269273,-0.269273
19192,-0.209434,-0.269273,-0.269273
19193,-0.209434,-0.239354,-0.239354
19194,-0.179515,-0.209434,-0.209434
19195,-0.179515,-0.209434,-0.209434
19196,-0.179515,-0.209434,-0.209434
19197,-0.179515,-0.209434,-0.209434
19198,-0.179515,-0.209434,-0.209434
19199,-0.179515,-0.209434,-0.209434
19200,-0.179515,-0.209434,-0.209434
19201,-0.179515,-0.209434,-0.209434
19202,-0.179515,-0.209434,-0.209434
19203,-0.179515,-0.239354,-0.209434
19204,-0.179515,-0.239354,-0.209434
19205,-0.149596,-0.179515,-0.179515
19206,-0.119677,-0.179515,-0.149596
19207,-0.149596,-0.179515,-0.179515
19208,-0.149596,-0.209434,-0.209434
19209,-0.179515,-0.209434,-0.209434
19210,-0.209434,-0.239354,-0.239354
19211,-0.209434,-0.239354,-0.239354
19212,-0.209434,-0.239354,-0.239354
19213,-0.209434,-0.239354,-0.239354
19214,-0.209434,-0.239354,-0.239354
19215,-0.209434,-0.239354,-0.239354
19216,-0.209434,-0.239354,-0.239354
19217,-0.209434,-0.239354,-0.239354
19218,-0.179515,-0.239354,-0.239354
19219,-0.209434,-0.239354,-0.239354
19220,-0.179515,-0.239354,-0.239354
19221,-0.239354,-0.269273,-0.269273
19222,-0.239354,-0.299192,-0.299192
19223,-0.239354,-0.269273,-0.269273
19224,-0.209434,-0.269273,-0.269273
19225,-0.209434,-0.239354,-0.239354
19226,-0.179515,-0.239354,-0.209434
19227,-0.179515,-0.209434,-0.209434
19228,-0.149596,-0.209434,-0.209434
19229,-0.149596,-0.209434,-0.209434
19230,-0.179515,-0.209434,-0.209434
19231,-0.179515,-0.209434,-0.209434
19232,-0.149596,-0.209434,-0.209434
19233,-0.179515,-0.209434,-0.209434
19234,-0.179515,-0.209434,-0.209434
19235,-0.179515,-0.239354,-0.239354
19236,-0.179515,-0.239354,-0.209434
19237,-0.149596,-0.209434,-0.179515
19238,-0.119677,-0.179515,-0.179515
19239,-0.149596,-0.179515,-0.179515
19240,-0.149596,-0.209434,-0.179515
19241,-0.179515,-0.209434,-0.209434
19242,-0.209434,-0.239354,-0.239354
19243,-0.209434,-0.239354,-0.239354
19244,-0.209434,-0.239354,-0.239354
19245,-0.209434,-0.239354,-0.239354
19246,-0.209434,-0.239354,-0.239354
19247,-0.209434,-0.269273,-0.239354
19248,-0.209434,-0.269273,-0.239354
19249,-0.209434,-0.239354,-0.239354
19250,-0.179515,-0.239354,-0.239354
19251,-0.179515,-0.239354,-0.239354
19252,-0.179515,-0.239354,-0.239354
19253,-0.239354,-0.269273,-0.269273
19254,-0.239354,-0.299192,-0.299192
19255,-0.239354,-0.269273,-0.269273
19256,-0.209434,-0.269273,-0.269273
19257,-0.209434,-0.239354,-0.239354
19258,-0.179515,-0.209434,-0.209434
19259,-0.179515,-0.209434,-0.209434
19260,-0.179515,-0.209434,-0.209434
19261,-0.149596,-0.209434,-0.209434
19262,-0.179515,-0.209434,-0.209434
19263,-0.179515,-0.209434,-0.209434
19264,-0.179515,-0.209434,-0.209434
19265,-0.179515,-0.209434,-0.209434
19266,-0.179515,-0.239354,-0.209434
19267,-0.179515,-0.239354,-0.209434
19268,-0.179515,-0.239354,-0.239354
19269,-0.149596,-0.179515,-0.179515
19270,-0.119677,-0.179515,-0.179515
19271,-0.149596,-0.179515,-0.179515
19272,-0.149596,-0.209434,-0.209434
19273,-0.179515,-0.209434,-0.209434
19274,-0.209434,-0.239354,-0.239354
19275,-0.209434,-0.239354,-0.239354
19276,-0.209434,-0.239354,-0.239354
19277,-0.209434,-0.239354,-0.239354
19278,-0.209434,-0.239354,-0.239354
19279,-0.209434,-0.239354,-0.239354
19280,-0.209434,-0.239354,-0.239354
19281,-0.209434,-0.239354,-0.239354
19282,-0.209434,-0.239354,-0.239354
19283,-0.179515,-0.239354,-0.239354
19284,-0.209434,-0.239354,-0.239354
19285,-0.239354,-0.269273,-0.269273
19286,-0.239354,-0.299192,-0.299192
19287,-0.239354,-0.269273,-0.269273
19288,-0.209434,-0.269273,-0.269273
19289,-0.209434,-0.239354,-0.239354
19290,-0.179515,-0.239354,-0.209434
19291,-0.179515,-0.209434,-0.209434
19292,-0.149596,-0.209434,-0.209434
19293,-0.179515,-0.209434,-0.209434
19294,-0.179515,-0.209434,-0.209434
19295,-0.179515,-0.209434,-0.209434
19296,-0.179515,-0.209434,-0.209434
19297,-0.179515,-0.239354,-0.209434
19298,-0.179515,-0.239354,-0.209434
19299,-0.179515,-0.209434,-0.209434
19300,-0.179515,-0.239354,-0.209434
19301,-0.149596,-0.209434,-0.179515
19302,-0.119677,-0.179515,-0.179515
19303,-0.149596,-0.179515,-0.179515
19304,-0.149596,-0.209434,-0.209434
19305,-0.179515,-0.239354,-0.209434
19306,-0.209434,-0.239354,-0.239354
19307,-0.209434,-0.269273,-0.239354
19308,-0.209434,-0.239354,-0.239354
19309,-0.209434,-0.239354,-0.239354
19310,-0.209434,-0.239354,-0.239354
19311,-0.209434,-0.269273,-0.239354
19312,-0.209434,-0.269273,-0.239354
19313,-0.209434,-0.239354,-0.239354
19314,-0.179515,-0.239354,-0.239354
19315,-0.209434,-0.239354,-0.239354
19316,-0.209434,-0.239354,-0.239354
19317,-0.239354,-0.269273,-0.269273
19318,-0.239354,-0.299192,-0.299192
19319,-0.239354,-0.269273,-0.269273
19320,-0.209434,-0.269273,-0.269273
19321,-0.209434,-0.239354,-0.239354
19322,-0.179515,-0.209434,-0.209434
19323,-0.179515,-0.209434,-0.209434
19324,-0.179515,-0.209434,-0.209434
19325,-0.179515,-0.209434,-0.209434
19326,-0.179515,-0.209434,-0.209434
19327,-0.179515,-0.209434,-0.209434
19328,-0.179515,-0.209434,-0.209434
19329,-0.179515,-0.209434,-0.209434
19330,-0.179515,-0.239354,-0.239354
19331,-0.179515,-0.239354,-0.239354
19332,-0.179515,-0.239354,-0.239354
19333,-0.149596,-0.209434,-0.209434
19334,-0.119677,-0.179515,-0.179515
19335,-0.149596,-0.179515,-0.179515
19336,-0.149596,-0.209434,-0.209434
19337,-0.179515,-0.239354,-0.209434
19338,-0.209434,-0.239354,-0.239354
19339,-0.209434,-0.269273,-0.239354
19340,-0.209434,-0.269273,-0.239354
19341,-0.209434,-0.239354,-0.239354
19342,-0.209434,-0.269273,-0.239354
19343,-0.209434,-0.269273,-0.239354
19344,-0.209434,-0.239354,-0.239354
19345,-0.209434,-0.239354,-0.239354
19346,-0.209434,-0.239354,-0.239354
19347,-0.209434,-0.239354,-0.239354
19348,-0.209434,-0.239354,-0.239354
19349,-0.239354,-0.269273,-0.269273
19350,-0.239354,-0.299192,-0.299192
19351,-0.239354,-0.269273,-0.269273
19352,-0.209434,-0.269273,-0.269273
19353,-0.209434,-0.239354,-0.239354
19354,-0.179515,-0.239354,-0.209434
19355,-0.179515,-0.209434,-0.209434
19356,-0.179515,-0.209434,-0.209434
19357,-0.179515,-0.209434,-0.209434
19358,-0.179515,-0.209434,-0.209434
19359,-0.179515,-0.209434,-0.209434
19360,-0.179515,-0.209434,-0.239354
19361,-0.179515,-0.209434,-0.239354
19362,-0.179515,-0.239354,-0.209434
19363,-0.179515,-0.239354,-0.239354
19364,-0.179515,-0.239354,-0.239354
19365,-0.149596,-0.179515,-0.179515
19366,-0.119677,-0.179515,-0.179515
19367,-0.149596,-0.179515,-0.179515
19368,-0.149596,-0.209434,-0.209434
19369,-0.179515,-0.239354,-0.239354
19370,-0.209434,-0.269273,-0.239354
19371,-0.209434,-0.269273,-0.239354
19372,-0.209434,-0.269273,-0.269273
19373,-0.209434,-0.269273,-0.239354
19374,-0.209434,-0.269273,-0.239354
19375,-0.209434,-0.269273,-0.239354
19376,-0.209434,-0.269273,-0.239354
19377,-0.209434,-0.239354,-0.239354
19378,-0.179515,-0.239354,-0.239354
19379,-0.209434,-0.239354,-0.239354
19380,-0.209434,-0.239354,-0.239354
19381,-0.239354,-0.269273,-0.269273
19382,-0.239354,-0.299192,-0.299192
19383,-0.239354,-0.269273,-0.269273
19384,-0.239354,-0.269273,-0.269273
19385,-0.209434,-0.239354,-0.239354
19386,-0.179515,-0.209434,-0.209434
19387,-0.179515,-0.209434,-0.209434
19388,-0.179515,-0.209434,-0.209434
19389,-0.179515,-0.209434,-0.209434
19390,-0.179515,-0.209434,-0.209434
19391,-0.179515,-0.209434,-0.209434
19392,-0.179515,-0.239354,-0.209434
19393,-0.179515,-0.239354,-0.239354
19394,-0.179515,-0.239354,-0.239354
19395,-0.179515,-0.239354,-0.239354
19396,-0.179515,-0.239354,-0.239354
19397,-0.149596,-0.209434,-0.179515
19398,-0.119677,-0.179515,-0.179515
19399,-0.149596,-0.179515,-0.179515
19400,-0.149596,-0.209434,-0.209434
19401,-0.179515,-0.239354,-0.239354
19402,-0.209434,-0.239354,-0.239354
19403,-0.209434,-0.269273,-0.269273
19404,-0.209434,-0.239354,-0.239354
19405,-0.209434,-0.269273,-0.239354
19406,-0.209434,-0.269273,-0.239354
19407,-0.209434,-0.269273,-0.269273
19408,-0.209434,-0.239354,-0.239354
19409,-0.209434,-0.239354,-0.239354
19410,-0.209434,-0.239354,-0.239354
19411,-0.209434,-0.239354,-0.239354
19412,-0.209434,-0.239354,-0.239354
19413,-0.239354,-0.299192,-0.269273
19414,-0.239354,-0.299192,-0.299192
19415,-0.239354,-0.269273,-0.269273
19416,-0.209434,-0.269273,-0.269273
19417,-0.209434,-0.239354,-0.239354
19418,-0.179515,-0.209434,-0.209434
19419,-0.179515,-0.209434,-0.209434
19420,-0.179515,-0.209434,-0.209434
19421,-0.179515,-0.209434,-0.209434
19422,-0.179515,-0.209434,-0.209434
19423,-0.179515,-0.209434,-0.209434
19424,-0.179515,-0.239354,-0.209434
19425,-0.179515,-0.239354,-0.239354
19426,-0.179515,-0.239354,-0.239354
19427,-0.179515,-0.239354,-0.239354
19428,-0.179515,-0.239354,-0.239354
19429,-0.149596,-0.179515,-0.179515
19430,-0.119677,-0.179515,-0.179515
19431,-0.149596,-0.209434,-0.179515
19432,-0.149596,-0.209434,-0.209434
19433,-0.179515,-0.239354,-0.239354
19434,-0.209434,-0.269273,-0.239354
19435,-0.209434,-0.269273,-0.239354
19436,-0.209434,-0.269273,-0.269273
19437,-0.209434,-0.269273,-0.239354
19438,-0.209434,-0.269273,-0.239354
19439,-0.209434,-0.269273,-0.269273
19440,-0.209434,-0.269273,-0.239354
19441,-0.209434,-0.239354,-0.239354
19442,-0.209434,-0.239354,-0.239354
19443,-0.209434,-0.239354,-0.239354
19444,-0.209434,-0.239354,-0.239354
19445,-0.239354,-0.269273,-0.269273
19446,-0.239354,-0.299192,-0.299192
19447,-0.239354,-0.269273,-0.269273
19448,-0.239354,-0.269273,-0.269273
19449,-0.209434,-0.239354,-0.239354
19450,-0.179515,-0.209434,-0.209434
19451,-0.179515,-0.209434,-0.209434
19452,-0.179515,-0.209434,-0.209434
19453,-0.179515,-0.209434,-0.209434
19454,-0.179515,-0.209434,-0.209434
19455,-0.179515,-0.209434,-0.209434
19456,-0.179515,-0.209434,-0.209434
19457,-0.179515,-0.239354,-0.209434
19458,-0.179515,-0.239354,-0.239354
19459,-0.179515,-0.239354,-0.239354
19460,-0.179515,-0.239354,-0.209434
19461,-0.149596,-0.179515,-0.179515
19462,-0.119677,-0.179515,-0.179515
19463,-0.149596,-0.179515,-0.179515
19464,-0.179515,-0.209434,-0.209434
19465,-0.179515,-0.239354,-0.239354
19466,-0.209434,-0.269273,-0.239354
19467,-0.209434,-0.269273,-0.269273
19468,-0.209434,-0.269273,-0.239354
19469,-0.209434,-0.269273,-0.239354
19470,-0.209434,-0.269273,-0.239354
19471,-0.209434,-0.269273,-0.269273
19472,-0.209434,-0.239354,-0.239354
19473,-0.209434,-0.239354,-0.239354
19474,-0.209434,-0.239354,-0.239354
19475,-0.209434,-0.239354,-0.239354
19476,-0.209434,-0.239354,-0.239354
19477,-0.239354,-0.269273,-0.269273
19478,-0.239354,-0.299192,-0.299192
19479,-0.239354,-0.269273,-0.269273
19480,-0.209434,-0.269273,-0.269273
19481,-0.209434,-0.239354,-0.239354
19482,-0.179515,-0.239354,-0.239354
19483,-0.179515,-0.209434,-0.209434
19484,-0.179515,-0.209434,-0.209434
19485,-0.179515,-0.209434,-0.209434
19486,-0.179515,-0.209434,-0.209434
19487,-0.179515,-0.209434,-0.209434
19488,-0.179515,-0.209434,-0.239354
19489,-0.179515,-0.239354,-0.239354
19490,-0.179515,-0.239354,-0.239354
19491,-0.179515,-0.239354,-0.239354
19492,-0.179515,-0.239354,-0.239354
19493,-0.149596,-0.179515,-0.179515
19494,-0.119677,-0.179515,-0.179515
19495,-0.149596,-0.209434,-0.179515
19496,-0.179515,-0.209434,-0.209434
19497,-0.179515,-0.239354,-0.239354
19498,-0.209434,-0.269273,-0.239354
19499,-0.209434,-0.269273,-0.239354
19500,-0.209434,-0.269273,-0.239354
19501,-0.209434,-0.269273,-0.239354
19502,-0.209434,-0.269273,-0.239354
19503,-0.209434,-0.269273,-0.269273
19504,-0.209434,-0.239354,-0.239354
19505,-0.209434,-0.239354,-0.239354
19506,-0.209434,-0.239354,-0.239354
19507,-0.209434,-0.239354,-0.239354
19508,-0.209434,-0.239354,-0.239354
19509,-0.239354,-0.269273,-0.269273
19510,-0.239354,-0.299192,-0.299192
19511,-0.239354,-0.269273,-0.269273
19512,-0.209434,-0.269273,-0.269273
19513,-0.209434,-0.239354,-0.239354
19514,-0.179515,-0.209434,-0.239354
19515,-0.179515,-0.209434,-0.209434
19516,-0.179515,-0.209434,-0.209434
19517,-0.179515,-0.209434,-0.209434
19518,-0.179515,-0.209434,-0.209434
19519,-0.179515,-0.209434,-0.209434
19520,-0.179515,-0.209434,-0.239354
19521,-0.179515,-0.239354,-0.239354
19522,-0.179515,-0.239354,-0.239354
19523,-0.179515,-0.239354,-0.239354
19524,-0.179515,-0.239354,-0.239354
19525,-0.149596,-0.179515,-0.179515
19526,-0.149596,-0.179515,-0.179515
19527,-0.149596,-0.209434,-0.179515
19528,-0.149596,-0.209434,-0.209434
19529,-0.179515,-0.239354,-0.239354
19530,-0.209434,-0.269273,-0.239354
19531,-0.209434,-0.269273,-0.239354
19532,-0.209434,-0.239354,-0.269273
19533,-0.209434,-0.269273,-0.239354
19534,-0.209434,-0.269273,-0.269273
19535,-0.209434,-0.269273,-0.269273
19536,-0.209434,-0.239354,-0.239354
19537,-0.209434,-0.239354,-0.239354
19538,-0.209434,-0.239354,-0.239354
19539,-0.179515,-0.239354,-0.239354
19540,-0.209434,-0.239354,-0.239354
19541,-0.239354,-0.299192,-0.299192
19542,-0.239354,-0.299192,-0.299192
19543,-0.239354,-0.269273,-0.269273
19544,-0.209434,-0.269273,-0.269273
19545,-0.179515,-0.239354,-0.239354
19546,-0.179515,-0.209434,-0.209434
19547,-0.179515,-0.209434,-0.209434
19548,-0.179515,-0.209434,-0.209434
19549,-0.179515,-0.209434,-0.209434
19550,-0.179515,-0.209434,-0.209434
19551,-0.179515,-0.209434,-0.209434
19552,-0.179515,-0.209434,-0.209434
19553,-0.179515,-0.239354,-0.209434
19554,-0.179515,-0.239354,-0.239354
19555,-0.179515,-0.239354,-0.239354
19556,-0.179515,-0.239354,-0.209434
19557,-0.149596,-0.179515,-0.179515
19558,-0.119677,-0.179515,-0.179515
19559,-0.149596,-0.209434,-0.209434
19560,-0.179515,-0.209434,-0.209434
19561,-0.179515,-0.239354,-0.239354
19562,-0.209434,-0.269273,-0.239354
19563,-0.209434,-0.269273,-0.239354
19564,-0.209434,-0.269273,-0.239354
19565,-0.209434,-0.269273,-0.269273
19566,-0.209434,-0.269273,-0.269273
19567,-0.209434,-0.239354,-0.269273
19568,-0.209434,-0.239354,-0.239354
19569,-0.209434,-0.239354,-0.239354
19570,-0.209434,-0.239354,-0.239354
19571,-0.209434,-0.239354,-0.239354
19572,-0.209434,-0.239354,-0.239354
19573,-0.239354,-0.299192,-0.299192
19574,-0.239354,-0.299192,-0.299192
19575,-0.239354,-0.269273,-0.269273
19576,-0.209434,-0.269273,-0.269273
19577,-0.209434,-0.239354,-0.239354
19578,-0.179515,-0.239354,-0.209434
19579,-0.179515,-0.209434,-0.209434
19580,-0.179515,-0.209434,-0.209434
19581,-0.179515,-0.209434,-0.209434
19582,-0.179515,-0.209434,-0.209434
19583,-0.179515,-0.209434,-0.209434
19584,-0.179515,-0.239354,-0.209434
19585,-0.179515,-0.239354,-0.239354
19586,-0.179515,-0.239354,-0.239354
19587,-0.179515,-0.239354,-0.239354
19588,-0.179515,-0.239354,-0.239354
19589,-0.149596,-0.179515,-0.179515
19590,-0.149596,-0.179515,-0.179515
19591,-0.149596,-0.209434,-0.209434
19592,-0.179515,-0.209434,-0.209434
19593,-0.179515,-0.239354,-0.239354
19594,-0.209434,-0.269273,-0.239354
19595,-0.209434,-0.269273,-0.269273
19596,-0.209434,-0.269273,-0.239354
19597,-0.209434,-0.269273,-0.239354
19598,-0.209434,-0.269273,-0.239354
19599,-0.209434,-0.269273,-0.269273
19600,-0.209434,-0.239354,-0.239354
19601,-0.209434,-0.239354,-0.239354
19602,-0.209434,-0.239354,-0.239354
19603,-0.179515,-0.239354,-0.239354
19604,-0.209434,-0.239354,-0.239354
19605,-0.239354,-0.299192,-0.269273
19606,-0.239354,-0.299192,-0.299192
19607,-0.239354,-0.269273,-0.269273
19608,-0.209434,-0.269273,-0.269273
19609,-0.209434,-0.239354,-0.239354
19610,-0.179515,-0.239354,-0.209434
19611,-0.179515,-0.209434,-0.209434
19612,-0.179515,-0.209434,-0.209434
19613,-0.179515,-0.209434,-0.209434
19614,-0.179515,-0.209434,-0.209434
19615,-0.179515,-0.209434,-0.209434
19616,-0.179515,-0.239354,-0.209434
19617,-0.179515,-0.239354,-0.239354
19618,-0.179515,-0.239354,-0.239354
19619,-0.179515,-0.239354,-0.239354
19620,-0.179515,-0.239354,-0.239354
19621,-0.149596,-0.179515,-0.179515
19622,-0.149596,-0.179515,-0.179515
19623,-0.149596,-0.209434,-0.209434
19624,-0.179515,-0.209434,-0.209434
19625,-0.209434,-0.239354,-0.239354
19626,-0.209434,-0.269273,-0.239354
19627,-0.209434,-0.239354,-0.239354
19628,-0.209434,-0.239354,-0.239354
19629,-0.209434,-0.269273,-0.239354
19630,-0.209434,-0.269273,-0.239354
19631,-0.209434,-0.269273,-0.239354
19632,-0.209434,-0.239354,-0.239354
19633,-0.209434,-0.239354,-0.239354
19634,-0.209434,-0.239354,-0.239354
19635,-0.209434,-0.239354,-0.239354
19636,-0.209434,-0.239354,-0.239354
19637,-0.239354,-0.299192,-0.269273
19638,-0.239354,-0.299192,-0.299192
19639,-0.239354,-0.269273,-0.269273
19640,-0.209434,-0.269273,-0.269273
19641,-0.209434,-0.239354,-0.239354
19642,-0.179515,-0.209434,-0.209434
19643,-0.179515,-0.209434,-0.209434
19644,-0.179515,-0.209434,-0.209434
19645,-0.179515,-0.209434,-0.209434
19646,-0.179515,-0.209434,-0.209434
19647,-0.179515,-0.209434,-0.209434
19648,-0.179515,-0.239354,-0.209434
19649,-0.179515,-0.239354,-0.209434
19650,-0.179515,-0.239354,-0.239354
19651,-0.179515,-0.239354,-0.239354
19652,-0.179515,-0.239354,-0.209434
19653,-0.149596,-0.179515,-0.179515
19654,-0.149596,-0.179515,-0.179515
19655,-0.149596,-0.209434,-0.209434
19656,-0.179515,-0.209434,-0.209434
19657,-0.209434,-0.239354,-0.239354
19658,-0.209434,-0.269273,-0.239354
19659,-0.209434,-0.269273,-0.239354
19660,-0.209434,-0.269273,-0.269273
19661,-0.209434,-0.269273,-0.239354
19662,-0.209434,-0.269273,-0.239354
19663,-0.209434,-0.269273,-0.269273
19664,-0.209434,-0.239354,-0.239354
19665,-0.209434,-0.239354,-0.239354
19666,-0.209434,-0.239354,-0.239354
19667,-0.209434,-0.239354,-0.239354
19668,-0.209434,-0.269273,-0.239354
19669,-0.239354,-0.299192,-0.299192
19670,-0.239354,-0.299192,-0.299192
19671,-0.239354,-0.269273,-0.269273
19672,-0.209434,-0.269273,-0.269273
19673,-0.209434,-0.239354,-0.239354
19674,-0.179515,-0.239354,-0.209434
19675,-0.179515,-0.239354,-0.209434
19676,-0.179515,-0.209434,-0.209434
19677,-0.179515,-0.209434,-0.209434
19678,-0.179515,-0.209434,-0.209434
19679,-0.179515,-0.209434,-0.209434
19680,-0.179515,-0.239354,-0.239354
19681,-0.179515,-0.239354,-0.239354
19682,-0.179515,-0.239354,-0.239354
19683,-0.179515,-0.239354,-0.239354
19684,-0.179515,-0.239354,-0.209434
19685,-0.149596,-0.179515,-0.179515
19686,-0.149596,-0.179515,-0.179515
19687,-0.149596,-0.209434,-0.209434
19688,-0.179515,-0.209434,-0.209434
19689,-0.209434,-0.239354,-0.239354
19690,-0.209434,-0.269273,-0.269273
19691,-0.209434,-0.269273,-0.269273
19692,-0.209434,-0.269273,-0.239354
19693,-0.209434,-0.269273,-0.239354
19694,-0.209434,-0.269273,-0.269273
19695,-0.209434,-0.269273,-0.269273
19696,-0.209434,-0.239354,-0.239354
19697,-0.209434,-0.239354,-0.239354
19698,-0.209434,-0.239354,-0.239354
19699,-0.209434,-0.239354,-0.239354
19700,-0.209434,-0.269273,-0.239354
19701,-0.239354,-0.299192,-0.299192
19702,-0.239354,-0.299192,-0.299192
19703,-0.239354,-0.269273,-0.269273
19704,-0.239354,-0.269273,-0.269273
19705,-0.209434,-0.239354,-0.239354
19706,-0.179515,-0.239354,-0.209434
19707,-0.179515,-0.239354,-0.209434
19708,-0.179515,-0.209434,-0.209434
19709,-0.179515,-0.239354,-0.209434
19710,-0.179515,-0.209434,-0.209434
19711,-0.179515,-0.209434,-0.209434
19712,-0.179515,-0.239354,-0.239354
19713,-0.179515,-0.239354,-0.239354
19714,-0.179515,-0.239354,-0.239354
19715,-0.179515,-0.239354,-0.239354
19716,-0.179515,-0.239354,-0.209434
19717,-0.149596,-0.179515,-0.179515
19718,-0.149596,-0.179515,-0.179515
19719,-0.149596,-0.209434,-0.209434
19720,-0.179515,-0.209434,-0.209434
19721,-0.209434,-0.239354,-0.239354
19722,-0.209434,-0.269273,-0.269273
19723,-0.209434,-0.269273,-0.269273
19724,-0.209434,-0.269273,-0.269273
19725,-0.209434,-0.269273,-0.269273
19726,-0.209434,-0.269273,-0.269273
19727,-0.209434,-0.269273,-0.269273
19728,-0.209434,-0.269273,-0.239354
19729,-0.209434,-0.239354,-0.239354
19730,-0.209434,-0.239354,-0.239354
19731,-0.209434,-0.239354,-0.239354
19732,-0.209434,-0.269273,-0.239354
19733,-0.239354,-0.299192,-0.299192
19734,-0.239354,-0.299192,-0.299192
19735,-0.239354,-0.269273,-0.269273
19736,-0.209434,-0.269273,-0.269273
19737,-0.209434,-0.239354,-0.239354
19738,-0.179515,-0.239354,-0.209434
19739,-0.179515,-0.239354,-0.209434
19740,-0.179515,-0.209434,-0.209434
19741,-0.179515,-0.239354,-0.209434
19742,-0.179515,-0.239354,-0.209434
19743,-0.179515,-0.209434,-0.209434
19744,-0.179515,-0.239354,-0.239354
19745,-0.179515,-0.239354,-0.239354
19746,-0.179515,-0.239354,-0.239354
19747,-0.179515,-0.239354,-0.239354
19748,-0.179515,-0.239354,-0.209434
19749,-0.149596,-0.179515,-0.179515
19750,-0.149596,-0.179515,-0.179515
19751,-0.149596,-0.209434,-0.209434
19752,-0.179515,-0.209434,-0.209434
19753,-0.209434,-0.239354,-0.239354
19754,-0.209434,-0.269273,-0.239354
19755,-0.209434,-0.269273,-0.269273
19756,-0.209434,-0.269273,-0.269273
19757,-0.209434,-0.269273,-0.269273
19758,-0.209434,-0.269273,-0.269273
19759,-0.209434,-0.269273,-0.269273
19760,-0.209434,-0.239354,-0.239354
19761,-0.209434,-0.239354,-0.239354
19762,-0.209434,-0.239354,-0.239354
19763,-0.209434,-0.239354,-0.239354
19764,-0.209434,-0.269273,-0.269273
19765,-0.239354,-0.299192,-0.299192
19766,-0.239354,-0.299192,-0.299192
19767,-0.239354,-0.269273,-0.269273
19768,-0.209434,-0.269273,-0.269273
19769,-0.209434,-0.239354,-0.239354
19770,-0.179515,-0.209434,-0.209434
19771,-0.179515,-0.209434,-0.209434
19772,-0.179515,-0.209434,-0.209434
19773,-0.179515,-0.209434,-0.209434
19774,-0.179515,-0.209434,-0.209434
19775,-0.179515,-0.209434,-0.209434
19776,-0.179515,-0.239354,-0.209434
19777,-0.179515,-0.239354,-0.239354
19778,-0.179515,-0.239354,-0.239354
19779,-0.179515,-0.239354,-0.239354
19780,-0.179515,-0.209434,-0.209434
19781,-0.149596,-0.179515,-0.179515
19782,-0.149596,-0.179515,-0.179515
19783,-0.149596,-0.209434,-0.209434
19784,-0.179515,-0.209434,-0.209434
19785,-0.209434,-0.239354,-0.239354
19786,-0.209434,-0.269273,-0.269273
19787,-0.209434,-0.269273,-0.269273
19788,-0.209434,-0.269273,-0.269273
19789,-0.209434,-0.269273,-0.269273
19790,-0.209434,-0.269273,-0.269273
19791,-0.209434,-0.269273,-0.269273
19792,-0.209434,-0.269273,-0.239354
19793,-0.209434,-0.239354,-0.239354
19794,-0.209434,-0.239354,-0.239354
19795,-0.209434,-0.239354,-0.239354
19796,-0.209434,-0.269273,-0.269273
19797,-0.239354,-0.299192,-0.299192
19798,-0.239354,-0.299192,-0.299192
19799,-0.239354,-0.269273,-0.269273
19800,-0.209434,-0.269273,-0.269273
19801,-0.209434,-0.239354,-0.239354
19802,-0.179515,-0.239354,-0.239354
19803,-0.179515,-0.209434,-0.209434
19804,-0.179515,-0.209434,-0.209434
19805,-0.179515,-0.239354,-0.209434
19806,-0.179515,-0.239354,-0.209434
19807,-0.179515,-0.209434,-0.209434
19808,-0.179515,-0.239354,-0.239354
19809,-0.179515,-0.239354,-0.239354
19810,-0.179515,-0.239354,-0.239354
19811,-0.209434,-0.239354,-0.239354
19812,-0.179515,-0.209434,-0.209434
19813,-0.149596,-0.179515,-0.179515
19814,-0.149596,-0.179515,-0.179515
19815,-0.149596,-0.209434,-0.209434
19816,-0.179515,-0.209434,-0.209434
19817,-0.209434,-0.239354,-0.239354
19818,-0.209434,-0.269273,-0.269273
19819,-0.209434,-0.269273,-0.269273
19820,-0.209434,-0.269273,-0.269273
19821,-0.209434,-0.269273,-0.269273
19822,-0.209434,-0.269273,-0.269273
19823,-0.209434,-0.269273,-0.269273
19824,-0.209434,-0.269273,-0.239354
19825,-0.209434,-0.239354,-0.239354
19826,-0.209434,-0.239354,-0.239354
19827,-0.209434,-0.239354,-0.239354
19828,-0.209434,-0.269273,-0.269273
19829,-0.239354,-0.299192,-0.299192
19830,-0.239354,-0.299192,-0.299192
19831,-0.239354,-0.269273,-0.269273
19832,-0.209434,-0.269273,-0.269273
19833,-0.209434,-0.239354,-0.239354
19834,-0.179515,-0.239354,-0.209434
19835,-0.179515,-0.239354,-0.209434
19836,-0.179515,-0.209434,-0.209434
19837,-0.179515,-0.239354,-0.209434
19838,-0.179515,-0.239354,-0.209434
19839,-0.179515,-0.239354,-0.209434
19840,-0.179515,-0.239354,-0.239354
19841,-0.179515,-0.239354,-0.239354
19842,-0.179515,-0.239354,-0.239354
19843,-0.179515,-0.239354,-0.239354
19844,-0.179515,-0.239354,-0.209434
19845,-0.149596,-0.179515,-0.179515
19846,-0.149596,-0.179515,-0.179515
19847,-0.149596,-0.209434,-0.209434
19848,-0.179515,-0.209434,-0.209434
19849,-0.209434,-0.239354,-0.239354
19850,-0.209434,-0.269273,-0.269273
19851,-0.209434,-0.269273,-0.269273
19852,-0.209434,-0.269273,-0.269273
19853,-0.209434,-0.269273,-0.269273
19854,-0.209434,-0.269273,-0.269273
19855,-0.209434,-0.269273,-0.269273
19856,-0.209434,-0.239354,-0.239354
19857,-0.209434,-0.269273,-0.239354
19858,-0.209434,-0.239354,-0.239354
19859,-0.209434,-0.239354,-0.239354
19860,-0.209434,-0.269273,-0.269273
19861,-0.239354,-0.299192,-0.299192
19862,-0.239354,-0.299192,-0.299192
19863,-0.239354,-0.269273,-0.269273
19864,-0.239354,-0.269273,-0.269273
19865,-0.209434,-0.239354,-0.239354
19866,-0.179515,-0.239354,-0.209434
19867,-0.179515,-0.209434,-0.239354
19868,-0.179515,-0.239354,-0.209434
19869,-0.179515,-0.239354,-0.209434
19870,-0.179515,-0.209434,-0.209434
19871,-0.179515,-0.239354,-0.209434
19872,-0.179515,-0.239354,-0.239354
19873,-0.179515,-0.239354,-0.239354
19874,-0.179515,-0.239354,-0.239354
19875,-0.179515,-0.239354,-0.239354
19876,-0.179515,-0.209434,-0.209434
19877,-0.149596,-0.179515,-0.179515
19878,-0.149596,-0.179515,-0.179515
19879,-0.149596,-0.209434,-0.209434
19880,-0.179515,-0.209434,-0.209434
19881,-0.209434,-0.239354,-0.239354
19882,-0.209434,-0.269273,-0.269273
19883,-0.209434,-0.269273,-0.269273
19884,-0.209434,-0.269273,-0.269273
19885,-0.209434,-0.269273,-0.269273
19886,-0.209434,-0.269273,-0.269273
19887,-0.209434,-0.269273,-0.269273
19888,-0.209434,-0.269273,-0.269273
19889,-0.209434,-0.239354,-0.239354
19890,-0.209434,-0.239354,-0.239354
19891,-0.209434,-0.239354,-0.239354
19892,-0.209434,-0.269273,-0.269273
19893,-0.269273,-0.299192,-0.299192
19894,-0.239354,-0.299192,-0.299192
19895,-0.239354,-0.269273,-0.269273
19896,-0.209434,-0.269273,-0.269273
19897,-0.179515,-0.239354,-0.239354
19898,-0.179515,-0.239354,-0.209434
19899,-0.179515,-0.239354,-0.209434
19900,-0.179515,-0.209434,-0.209434
19901,-0.179515,-0.239354,-0.209434
19902,-0.179515,-0.209434,-0.209434
19903,-0.179515,-0.239354,-0.239354
19904,-0.179515,-0.239354,-0.239354
19905,-0.209434,-0.239354,-0.239354
19906,-0.179515,-0.239354,-0.239354
19907,-0.209434,-0.239354,-0.239354
19908,-0.179515,-0.239354,-0.209434
19909,-0.149596,-0.179515,-0.179515
19910,-0.149596,-0.179515,-0.179515
19911,-0.179515,-0.209434,-0.209434
19912,-0.179515,-0.239354,-0.239354
19913,-0.209434,-0.269273,-0.239354
19914,-0.209434,-0.269273,-0.269273
19915,-0.209434,-0.269273,-0.269273
19916,-0.209434,-0.269273,-0.269273
19917,-0.209434,-0.269273,-0.269273
19918,-0.209434,-0.269273,-0.269273
19919,-0.209434,-0.269273,-0.239354
19920,-0.209434,-0.269273,-0.239354
19921,-0.209434,-0.239354,-0.239354
19922,-0.209434,-0.269273,-0.239354
19923,-0.209434,-0.239354,-0.239354
19924,-0.239354,-0.269273,-0.269273
19925,-0.239354,-0.299192,-0.299192
19926,-0.239354,-0.299192,-0.299192
19927,-0.239354,-0.299192,-0.269273
19928,-0.239354,-0.269273,-0.269273
19929,-0.179515,-0.239354,-0.239354
19930,-0.179515,-0.239354,-0.239354
19931,-0.179515,-0.209434,-0.209434
19932,-0.179515,-0.209434,-0.209434
19933,-0.179515,-0.239354,-0.239354
19934,-0.179515,-0.209434,-0.209434
19935,-0.179515,-0.239354,-0.209434
19936,-0.179515,-0.239354,-0.239354
19937,-0.179515,-0.239354,-0.239354
19938,-0.179515,-0.239354,-0.239354
19939,-0.209434,-0.239354,-0.239354
19940,-0.179515,-0.209434,-0.209434
19941,-0.149596,-0.179515,-0.179515
19942,-0.149596,-0.179515,-0.179515
19943,-0.179515,-0.209434,-0.209434
19944,-0.179515,-0.239354,-0.239354
19945,-0.209434,-0.239354,-0.239354
19946,-0.209434,-0.269273,-0.269273
19947,-0.209434,-0.269273,-0.269273
19948,-0.209434,-0.269273,-0.239354
19949,-0.209434,-0.269273,-0.269273
19950,-0.209434,-0.269273,-0.269273
19951,-0.209434,-0.269273,-0.269273
19952,-0.209434,-0.269273,-0.239354
19953,-0.209434,-0.269273,-0.239354
19954,-0.209434,-0.239354,-0.239354
19955,-0.209434,-0.239354,-0.239354
19956,-0.239354,-0.269273,-0.269273
19957,-0.269273,-0.299192,-0.299192
19958,-0.239354,-0.299192,-0.299192
19959,-0.239354,-0.269273,-0.269273
19960,-0.209434,-0.269273,-0.269273
19961,-0.179515,-0.239354,-0.239354
19962,-0.179515,-0.239354,-0.239354
19963,-0.179515,-0.239354,-0.239354
19964,-0.179515,-0.239354,-0.209434
19965,-0.179515,-0.239354,-0.209434
19966,-0.179515,-0.239354,-0.209434
19967,-0.179515,-0.209434,-0.239354
19968,-0.179515,-0.239354,-0.239354
19969,-0.179515,-0.239354,-0.239354
19970,-0.179515,-0.239354,-0.239354
19971,-0.179515,-0.239354,-0.239354
19972,-0.179515,-0.209434,-0.209434
19973,-0.149596,-0.179515,-0.179515
19974,-0.149596,-0.179515,-0.179515
19975,-0.149596,-0.209434,-0.209434
19976,-0.179515,-0.239354,-0.239354
19977,-0.209434,-0.239354,-0.239354
19978,-0.209434,-0.269273,-0.269273
19979,-0.209434,-0.269273,-0.269273
19980,-0.209434,-0.269273,-0.269273
19981,-0.209434,-0.269273,-0.269273
19982,-0.209434,-0.269273,-0.269273
19983,-0.209434,-0.269273,-0.239354
19984,-0.209434,-0.269273,-0.239354
19985,-0.209434,-0.239354,-0.239354
19986,-0.209434,-0.239354,-0.239354
19987,-0.209434,-0.239354,-0.239354
19988,-0.209434,-0.269273,-0.269273
19989,-0.269273,-0.299192,-0.299192
19990,-0.239354,-0.299192,-0.299192
19991,-0.239354,-0.269273,-0.269273
19992,-0.209434,-0.269273,-0.269273
19993,-0.179515,-0.239354,-0.239354
19994,-0.179515,-0.239354,-0.209434
19995,-0.179515,-0.239354,-0.209434
19996,-0.179515,-0.239354,-0.209434
19997,-0.179515,-0.239354,-0.209434
19998,-0.179515,-0.209434,-0.209434
19999,-0.179515,-0.239354,-0.239354
20000,-0.179515,-0.239354,-0.239354
20001,-0.179515,-0.239354,-0.239354
20002,-0.209434,-0.239354,-0.239354
20003,-0.179515,-0.239354,-0.239354
20004,-0.179515,-0.209434,-0.209434
20005,-0.149596,-0.179515,-0.179515
20006,-0.149596,-0.179515,-0.179515
20007,-0.179515,-0.209434,-0.209434
20008,-0.179515,-0.239354,-0.239354
20009,-0.209434,-0.269273,-0.239354
20010,-0.209434,-0.269273,-0.269273
20011,-0.209434,-0.269273,-0.269273
20012,-0.209434,-0.269273,-0.269273
20013,-0.209434,-0.269273,-0.269273
20014,-0.209434,-0.269273,-0.269273
20015,-0.209434,-0.269273,-0.239354
20016,-0.209434,-0.239354,-0.269273
20017,-0.209434,-0.239354,-0.239354
20018,-0.209434,-0.239354,-0.239354
20019,-0.209434,-0.239354,-0.239354
20020,-0.239354,-0.269273,-0.269273
20021,-0.239354,-0.299192,-0.299192
20022,-0.239354,-0.299192,-0.299192
20023,-0.239354,-0.269273,-0.269273
20024,-0.209434,-0.269273,-0.269273
20025,-0.209434,-0.239354,-0.239354
20026,-0.179515,-0.239354,-0.209434
20027,-0.179515,-0.239354,-0.209434
20028,-0.179515,-0.239354,-0.209434
20029,-0.179515,-0.239354,-0.209434
20030,-0.179515,-0.209434,-0.209434
20031,-0.179515,-0.209434,-0.239354
20032,-0.179515,-0.239354,-0.239354
20033,-0.179515,-0.239354,-0.239354
20034,-0.179515,-0.239354,-0.239354
20035,-0.179515,-0.239354,-0.239354
20036,-0.179515,-0.209434,-0.209434
20037,-0.149596,-0.179515,-0.179515
20038,-0.149596,-0.179515,-0.179515
20039,-0.149596,-0.209434,-0.209434
20040,-0.179515,-0.209434,-0.209434
20041,-0.209434,-0.239354,-0.239354
20042,-0.209434,-0.269273,-0.269273
20043,-0.209434,-0.269273,-0.269273
20044,-0.209434,-0.269273,-0.269273
20045,-0.209434,-0.269273,-0.239354
20046,-0.209434,-0.269273,-0.269273
20047,-0.209434,-0.269273,-0.239354
20048,-0.209434,-0.239354,-0.239354
20049,-0.209434,-0.239354,-0.239354
20050,-0.209434,-0.239354,-0.239354
20051,-0.209434,-0.239354,-0.239354
20052,-0.209434,-0.269273,-0.269273
20053,-0.239354,-0.299192,-0.299192
20054,-0.239354,-0.299192,-0.269273
20055,-0.239354,-0.269273,-0.269273
20056,-0.209434,-0.269273,-0.269273
20057,-0.179515,-0.239354,-0.239354
20058,-0.179515,-0.239354,-0.209434
20059,-0.179515,-0.209434,-0.209434
20060,-0.179515,-0.209434,-0.209434
20061,-0.179515,-0.209434,-0.209434
20062,-0.179515,-0.209434,-0.209434
20063,-0.179515,-0.209434,-0.239354
20064,-0.179515,-0.239354,-0.239354
20065,-0.179515,-0.239354,-0.239354
20066,-0.179515,-0.239354,-0.239354
20067,-0.179515,-0.239354,-0.239354
20068,-0.179515,-0.209434,-0.209434
20069,-0.149596,-0.179515,-0.179515
20070,-0.149596,-0.209434,-0.179515
20071,-0.149596,-0.209434,-0.209434
20072,-0.179515,-0.209434,-0.209434
20073,-0.209434,-0.239354,-0.239354
20074,-0.209434,-0.269273,-0.269273
20075,-0.209434,-0.269273,-0.269273
20076,-0.209434,-0.269273,-0.269273
20077,-0.209434,-0.269273,-0.239354
20078,-0.209434,-0.269273,-0.269273
20079,-0.209434,-0.269273,-0.269273
20080,-0.209434,-0.239354,-0.239354
20081,-0.209434,-0.239354,-0.239354
20082,-0.209434,-0.239354,-0.239354
20083,-0.209434,-0.239354,-0.239354
20084,-0.209434,-0.269273,-0.269273
20085,-0.239354,-0.299192,-0.299192
20086,-0.239354,-0.299192,-0.269273
20087,-0.239354,-0.269273,-0.269273
20088,-0.209434,-0.269273,-0.239354
20089,-0.179515,-0.239354,-0.239354
20090,-0.179515,-0.239354,-0.209434
20091,-0.179515,-0.209434,-0.209434
20092,-0.179515,-0.209434,-0.209434
20093,-0.179515,-0.209434,-0.209434
20094,-0.179515,-0.209434,-0.209434
20095,-0.179515,-0.209434,-0.209434
20096,-0.179515,-0.239354,-0.209434
20097,-0.179515,-0.239354,-0.239354
20098,-0.179515,-0.239354,-0.239354
20099,-0.179515,-0.239354,-0.239354
20100,-0.149596,-0.209434,-0.209434
20101,-0.119677,-0.179515,-0.179515
20102,-0.149596,-0.179515,-0.179515
20103,-0.149596,-0.209434,-0.209434
20104,-0.179515,-0.239354,-0.209434
20105,-0.209434,-0.239354,-0.239354
20106,-0.209434,-0.269273,-0.239354
20107,-0.209434,-0.269273,-0.239354
20108,-0.209434,-0.239354,-0.239354
20109,-0.209434,-0.269273,-0.239354
20110,-0.209434,-0.269273,-0.269273
20111,-0.209434,-0.269273,-0.239354
20112,-0.209434,-0.239354,-0.239354
20113,-0.209434,-0.239354,-0.239354
20114,-0.209434,-0.239354,-0.239354
20115,-0.209434,-0.239354,-0.239354
20116,-0.239354,-0.269273,-0.269273
20117,-0.239354,-0.299192,-0.299192
20118,-0.239354,-0.299192,-0.269273
20119,-0.239354,-0.269273,-0.269273
20120,-0.209434,-0.269273,-0.239354
20121,-0.179515,-0.239354,-0.239354
20122,-0.179515,-0.209434,-0.209434
20123,-0.179515,-0.209434,-0.209434
20124,-0.179515,-0.209434,-0.209434
20125,-0.179515,-0.209434,-0.209434
20126,-0.179515,-0.209434,-0.209434
20127,-0.179515,-0.209434,-0.209434
20128,-0.179515,-0.239354,-0.209434
20129,-0.179515,-0.239354,-0.239354
20130,-0.179515,-0.239354,-0.239354
20131,-0.179515,-0.239354,-0.239354
20132,-0.179515,-0.209434,-0.209434
20133,-0.149596,-0.179515,-0.179515
20134,-0.149596,-0.179515,-0.179515
20135,-0.149596,-0.209434,-0.209434
20136,-0.179515,-0.209434,-0.209434
20137,-0.209434,-0.239354,-0.239354
20138,-0.209434,-0.269273,-0.239354
20139,-0.209434,-0.269273,-0.239354
20140,-0.209434,-0.269273,-0.239354
20141,-0.209434,-0.269273,-0.269273
20142,-0.209434,-0.269273,-0.239354
20143,-0.209434,-0.269273,-0.239354
20144,-0.209434,-0.239354,-0.239354
20145,-0.209434,-0.239354,-0.239354
20146,-0.209434,-0.239354,-0.239354
20147,-0.209434,-0.239354,-0.239354
20148,-0.239354,-0.269273,-0.269273
20149,-0.239354,-0.299192,-0.299192
20150,-0.239354,-0.299192,-0.269273
20151,-0.239354,-0.269273,-0.269273
20152,-0.209434,-0.269273,-0.239354
20153,-0.179515,-0.239354,-0.239354
20154,-0.179515,-0.209434,-0.209434
20155,-0.179515,-0.209434,-0.209434
20156,-0.179515,-0.209434,-0.209434
20157,-0.179515,-0.239354,-0.209434
20158,-0.179515,-0.209434,-0.209434
20159,-0.179515,-0.209434,-0.209434
20160,-0.179515,-0.239354,-0.239354
20161,-0.179515,-0.239354,-0.239354
20162,-0.179515,-0.239354,-0.239354
20163,-0.179515,-0.239354,-0.239354
20164,-0.149596,-0.209434,-0.209434
20165,-0.119677,-0.179515,-0.179515
20166,-0.149596,-0.179515,-0.179515
20167,-0.149596,-0.209434,-0.209434
20168,-0.179515,-0.239354,-0.209434
20169,-0.209434,-0.239354,-0.239354
20170,-0.209434,-0.269273,-0.269273
20171,-0.209434,-0.269273,-0.269273
20172,-0.209434,-0.269273,-0.239354
20173,-0.209434,-0.269273,-0.239354
20174,-0.209434,-0.269273,-0.269273
20175,-0.209434,-0.239354,-0.239354
20176,-0.209434,-0.239354,-0.239354
20177,-0.209434,-0.239354,-0.239354
20178,-0.209434,-0.239354,-0.239354
20179,-0.209434,-0.239354,-0.239354
20180,-0.239354,-0.269273,-0.269273
20181,-0.239354,-0.299192,-0.299192
20182,-0.239354,-0.299192,-0.269273
20183,-0.239354,-0.269273,-0.269273
20184,-0.209434,-0.269273,-0.239354
20185,-0.179515,-0.239354,-0.239354
20186,-0.179515,-0.209434,-0.209434
20187,-0.179515,-0.209434,-0.209434
20188,-0.179515,-0.209434,-0.209434
20189,-0.179515,-0.209434,-0.209434
20190,-0.179515,-0.209434,-0.209434
20191,-0.179515,-0.239354,-0.209434
20192,-0.179515,-0.239354,-0.239354
20193,-0.179515,-0.239354,-0.239354
20194,-0.179515,-0.239354,-0.239354
20195,-0.179515,-0.239354,-0.239354
20196,-0.149596,-0.209434,-0.209434
20197,-0.119677,-0.179515,-0.179515
20198,-0.149596,-0.179515,-0.179515
20199,-0.149596,-0.209434,-0.209434
20200,-0.179515,-0.239354,-0.239354
20201,-0.209434,-0.269273,-0.239354
20202,-0.209434,-0.269273,-0.269273
20203,-0.209434,-0.239354,-0.239354
20204,-0.209434,-0.269273,-0.239354
20205,-0.209434,-0.269273,-0.269273
20206,-0.209434,-0.269273,-0.269273
20207,-0.209434,-0.269273,-0.239354
20208,-0.209434,-0.239354,-0.239354
20209,-0.209434,-0.239354,-0.239354
20210,-0.209434,-0.239354,-0.239354
20211,-0.209434,-0.239354,-0.239354
20212,-0.239354,-0.269273,-0.269273
20213,-0.239354,-0.299192,-0.299192
20214,-0.239354,-0.269273,-0.269273
20215,-0.239354,-0.269273,-0.269273
20216,-0.209434,-0.269273,-0.239354
20217,-0.179515,-0.239354,-0.239354
20218,-0.179515,-0.239354,-0.209434
20219,-0.179515,-0.209434,-0.209434
20220,-0.179515,-0.209434,-0.209434
20221,-0.179515,-0.209434,-0.209434
20222,-0.179515,-0.209434,-0.209434
20223,-0.179515,-0.209434,-0.209434
20224,-0.179515,-0.239354,-0.239354
20225,-0.179515,-0.239354,-0.239354
20226,-0.179515,-0.239354,-0.239354
20227,-0.179515,-0.239354,-0.239354
20228,-0.149596,-0.209434,-0.209434
20229,-0.119677,-0.179515,-0.179515
20230,-0.149596,-0.179515,-0.179515
20231,-0.149596,-0.209434,-0.209434
20232,-0.179515,-0.239354,-0.209434
20233,-0.209434,-0.269273,-0.239354
20234,-0.209434,-0.269273,-0.269273
20235,-0.209434,-0.269273,-0.269273
20236,-0.209434,-0.269273,-0.269273
20237,-0.209434,-0.269273,-0.269273
20238,-0.209434,-0.269273,-0.269273
20239,-0.209434,-0.239354,-0.239354
20240,-0.209434,-0.239354,-0.239354
20241,-0.209434,-0.239354,-0.239354
20242,-0.209434,-0.239354,-0.239354
20243,-0.209434,-0.239354,-0.239354
20244,-0.239354,-0.269273,-0.269273
20245,-0.239354,-0.299192,-0.299192
20246,-0.239354,-0.299192,-0.269273
20247,-0.239354,-0.269273,-0.269273
20248,-0.209434,-0.269273,-0.239354
20249,-0.179515,-0.239354,-0.239354
20250,-0.179515,-0.209434,-0.209434
20251,-0.179515,-0.209434,-0.209434
20252,-0.179515,-0.239354,-0.209434
20253,-0.179515,-0.239354,-0.209434
20254,-0.179515,-0.209434,-0.209434
20255,-0.179515,-0.239354,-0.209434
20256,-0.179515,-0.239354,-0.239354
20257,-0.179515,-0.239354,-0.239354
20258,-0.179515,-0.239354,-0.239354
20259,-0.179515,-0.239354,-0.239354
20260,-0.149596,-0.209434,-0.209434
20261,-0.149596,-0.179515,-0.179515
20262,-0.149596,-0.209434,-0.179515
20263,-0.149596,-0.209434,-0.209434
20264,-0.179515,-0.239354,-0.239354
20265,-0.209434,-0.269273,-0.239354
20266,-0.209434,-0.269273,-0.269273
20267,-0.209434,-0.269273,-0.269273
20268,-0.209434,-0.269273,-0.239354
20269,-0.209434,-0.239354,-0.239354
20270,-0.209434,-0.269273,-0.239354
20271,-0.209434,-0.269273,-0.239354
20272,-0.209434,-0.239354,-0.239354
20273,-0.209434,-0.239354,-0.239354
20274,-0.209434,-0.239354,-0.239354
20275,-0.209434,-0.239354,-0.239354
20276,-0.239354,-0.269273,-0.269273
20277,-0.239354,-0.299192,-0.299192
20278,-0.239354,-0.269273,-0.269273
20279,-0.239354,-0.269273,-0.269273
20280,-0.209434,-0.269273,-0.239354
20281,-0.179515,-0.239354,-0.209434
20282,-0.179515,-0.209434,-0.209434
20283,-0.179515,-0.239354,-0.209434
20284,-0.179515,-0.209434,-0.209434
20285,-0.179515,-0.209434,-0.209434
20286,-0.179515,-0.209434,-0.209434
20287,-0.179515,-0.209434,-0.209434
20288,-0.179515,-0.239354,-0.239354
20289,-0.179515,-0.239354,-0.239354
20290,-0.179515,-0.239354,-0.239354
20291,-0.179515,-0.239354,-0.239354
20292,-0.149596,-0.209434,-0.209434
20293,-0.149596,-0.179515,-0.179515
20294,-0.149596,-0.209434,-0.179515
20295,-0.149596,-0.209434,-0.209434
20296,-0.179515,-0.239354,-0.239354
20297,-0.209434,-0.239354,-0.239354
20298,-0.209434,-0.269273,-0.239354
20299,-0.209434,-0.269273,-0.239354
20300,-0.209434,-0.269273,-0.239354
20301,-0.209434,-0.269273,-0.269273
20302,-0.209434,-0.269273,-0.269273
20303,-0.209434,-0.269273,-0.239354
20304,-0.209434,-0.239354,-0.239354
20305,-0.209434,-0.239354,-0.239354
20306,-0.209434,-0.239354,-0.239354
20307,-0.209434,-0.239354,-0.239354
20308,-0.239354,-0.269273,-0.269273
20309,-0.239354,-0.299192,-0.299192
20310,-0.239354,-0.269273,-0.269273
20311,-0.239354,-0.269273,-0.269273
20312,-0.209434,-0.269273,-0.239354
20313,-0.179515,-0.239354,-0.239354
20314,-0.179515,-0.209434,-0.209434
20315,-0.179515,-0.209434,-0.209434
20316,-0.179515,-0.209434,-0.209434
20317,-0.179515,-0.209434,-0.209434
20318,-0.179515,-0.209434,-0.209434
20319,-0.179515,-0.209434,-0.209434
20320,-0.179515,-0.239354,-0.239354
20321,-0.179515,-0.239354,-0.239354
20322,-0.179515,-0.239354,-0.239354
20323,-0.179515,-0.239354,-0.239354
20324,-0.149596,-0.209434,-0.209434
20325,-0.119677,-0.179515,-0.179515
20326,-0.149596,-0.209434,-0.179515
20327,-0.179515,-0.209434,-0.209434
20328,-0.179515,-0.239354,-0.239354
20329,-0.209434,-0.239354,-0.239354
20330,-0.209434,-0.269273,-0.269273
20331,-0.209434,-0.269273,-0.269273
20332,-0.209434,-0.269273,-0.239354
20333,-0.209434,-0.269273,-0.239354
20334,-0.209434,-0.269273,-0.239354
20335,-0.209434,-0.239354,-0.239354
20336,-0.209434,-0.239354,-0.239354
20337,-0.209434,-0.239354,-0.239354
20338,-0.209434,-0.239354,-0.239354
20339,-0.209434,-0.239354,-0.239354
20340,-0.239354,-0.269273,-0.269273
20341,-0.269273,-0.299192,-0.299192
20342,-0.239354,-0.269273,-0.269273
20343,-0.239354,-0.269273,-0.269273
20344,-0.209434,-0.239354,-0.239354
20345,-0.179515,-0.239354,-0.239354
20346,-0.179515,-0.209434,-0.209434
20347,-0.179515,-0.209434,-0.209434
20348,-0.179515,-0.209434,-0.209434
20349,-0.179515,-0.209434,-0.209434
20350,-0.179515,-0.209434,-0.209434
20351,-0.179515,-0.239354,-0.209434
20352,-0.179515,-0.239354,-0.239354
20353,-0.179515,-0.239354,-0.239354
20354,-0.179515,-0.239354,-0.239354
20355,-0.179515,-0.239354,-0.239354
20356,-0.149596,-0.209434,-0.209434
20357,-0.119677,-0.179515,-0.179515
20358,-0.149596,-0.209434,-0.209434
20359,-0.179515,-0.209434,-0.209434
20360,-0.179515,-0.239354,-0.239354
20361,-0.209434,-0.239354,-0.239354
20362,-0.209434,-0.269273,-0.269273
20363,-0.209434,-0.269273,-0.269273
20364,-0.209434,-0.269273,-0.239354
20365,-0.209434,-0.269273,-0.269273
20366,-0.209434,-0.269273,-0.269273
20367,-0.209434,-0.269273,-0.239354
20368,-0.209434,-0.239354,-0.239354
20369,-0.209434,-0.239354,-0.239354
20370,-0.179515,-0.239354,-0.239354
20371,-0.209434,-0.239354,-0.239354
20372,-0.239354,-0.269273,-0.269273
20373,-0.239354,-0.299192,-0.299192
20374,-0.239354,-0.269273,-0.269273
20375,-0.239354,-0.269273,-0.269273
20376,-0.209434,-0.239354,-0.239354
20377,-0.179515,-0.239354,-0.209434
20378,-0.179515,-0.239354,-0.209434
20379,-0.179515,-0.209434,-0.209434
20380,-0.179515,-0.209434,-0.209434
20381,-0.179515,-0.209434,-0.209434
20382,-0.179515,-0.209434,-0.209434
20383,-0.179515,-0.209434,-0.209434
20384,-0.179515,-0.209434,-0.239354
20385,-0.179515,-0.239354,-0.239354
20386,-0.179515,-0.239354,-0.239354
20387,-0.179515,-0.239354,-0.239354
20388,-0.149596,-0.209434,-0.209434
20389,-0.119677,-0.179515,-0.179515
20390,-0.149596,-0.179515,-0.179515
20391,-0.179515,-0.209434,-0.209434
20392,-0.179515,-0.239354,-0.239354
20393,-0.209434,-0.239354,-0.239354
20394,-0.209434,-0.269273,-0.269273
20395,-0.209434,-0.269273,-0.269273
20396,-0.209434,-0.269273,-0.239354
20397,-0.209434,-0.269273,-0.269273
20398,-0.209434,-0.269273,-0.269273
20399,-0.209434,-0.239354,-0.239354
20400,-0.209434,-0.239354,-0.239354
20401,-0.209434,-0.239354,-0.239354
20402,-0.209434,-0.239354,-0.239354
20403,-0.209434,-0.239354,-0.239354
20404,-0.239354,-0.269273,-0.269273
20405,-0.239354,-0.299192,-0.299192
20406,-0.239354,-0.269273,-0.269273
20407,-0.209434,-0.269273,-0.269273
20408,-0.209434,-0.239354,-0.239354
20409,-0.179515,-0.239354,-0.239354
20410,-0.179515,-0.239354,-0.209434
20411,-0.179515,-0.209434,-0.209434
20412,-0.179515,-0.209434,-0.209434
20413,-0.179515,-0.209434,-0.209434
20414,-0.179515,-0.239354,-0.209434
20415,-0.179515,-0.239354,-0.209434
20416,-0.179515,-0.239354,-0.239354
20417,-0.179515,-0.239354,-0.239354
20418,-0.179515,-0.239354,-0.239354
20419,-0.179515,-0.239354,-0.239354
20420,-0.149596,-0.209434,-0.179515
20421,-0.119677,-0.179515,-0.179515
20422,-0.149596,-0.179515,-0.179515
20423,-0.179515,-0.209434,-0.209434
20424,-0.179515,-0.239354,-0.239354
20425,-0.209434,-0.269273,-0.239354
20426,-0.209434,-0.269273,-0.239354
20427,-0.209434,-0.269273,-0.239354
20428,-0.209434,-0.269273,-0.269273
20429,-0.209434,-0.269273,-0.239354
20430,-0.209434,-0.269273,-0.239354
20431,-0.209434,-0.239354,-0.239354
20432,-0.209434,-0.239354,-0.239354
20433,-0.209434,-0.239354,-0.239354
20434,-0.209434,-0.239354,-0.239354
20435,-0.209434,-0.239354,-0.239354
20436,-0.239354,-0.269273,-0.269273
20437,-0.239354,-0.299192,-0.299192
20438,-0.239354,-0.269273,-0.269273
20439,-0.239354,-0.269273,-0.269273
20440,-0.209434,-0.239354,-0.239354
20441,-0.179515,-0.239354,-0.239354
20442,-0.179515,-0.209434,-0.209434
20443,-0.179515,-0.209434,-0.209434
20444,-0.179515,-0.209434,-0.209434
20445,-0.179515,-0.239354,-0.209434
20446,-0.179515,-0.209434,-0.209434
20447,-0.179515,-0.209434,-0.239354
20448,-0.179515,-0.239354,-0.239354
20449,-0.179515,-0.239354,-0.239354
20450,-0.179515,-0.239354,-0.209434
20451,-0.179515,-0.239354,-0.209434
20452,-0.149596,-0.209434,-0.209434
20453,-0.119677,-0.179515,-0.179515
20454,-0.149596,-0.179515,-0.179515
20455,-0.179515,-0.209434,-0.209434
20456,-0.179515,-0.239354,-0.239354
20457,-0.209434,-0.269273,-0.239354
20458,-0.209434,-0.269273,-0.239354
20459,-0.209434,-0.269273,-0.239354
20460,-0.209434,-0.269273,-0.239354
20461,-0.209434,-0.269273,-0.239354
20462,-0.209434,-0.269273,-0.239354
20463,-0.209434,-0.239354,-0.239354
20464,-0.209434,-0.239354,-0.239354
20465,-0.209434,-0.239354,-0.239354
20466,-0.209434,-0.239354,-0.239354
20467,-0.209434,-0.239354,-0.239354
20468,-0.239354,-0.269273,-0.269273
20469,-0.239354,-0.299192,-0.299192
20470,-0.239354,-0.269273,-0.269273
20471,-0.209434,-0.269273,-0.269273
20472,-0.209434,-0.239354,-0.239354
20473,-0.179515,-0.239354,-0.209434
20474,-0.179515,-0.209434,-0.209434
20475,-0.179515,-0.209434,-0.209434
20476,-0.179515,-0.209434,-0.209434
20477,-0.179515,-0.209434,-0.209434
20478,-0.179515,-0.209434,-0.209434
20479,-0.179515,-0.239354,-0.209434
20480,-0.179515,-0.239354,-0.209434
20481,-0.179515,-0.239354,-0.239354
20482,-0.179515,-0.239354,-0.239354
20483,-0.179515,-0.239354,-0.239354
20484,-0.149596,-0.209434,-0.179515
20485,-0.119677,-0.179515,-0.179515
20486,-0.149596,-0.209434,-0.179515
20487,-0.149596,-0.209434,-0.209434
20488,-0.179515,-0.239354,-0.239354
20489,-0.209434,-0.239354,-0.239354
20490,-0.209434,-0.239354,-0.239354
20491,-0.209434,-0.269273,-0.239354
20492,-0.209434,-0.239354,-0.239354
20493,-0.209434,-0.239354,-0.239354
20494,-0.209434,-0.269273,-0.239354
20495,-0.209434,-0.239354,-0.239354
20496,-0.209434,-0.239354,-0.239354
20497,-0.209434,-0.239354,-0.239354
20498,-0.209434,-0.239354,-0.239354
20499,-0.209434,-0.239354,-0.239354
20500,-0.239354,-0.269273,-0.269273
20501,-0.239354,-0.299192,-0.299192
20502,-0.239354,-0.269273,-0.269273
20503,-0.209434,-0.269273,-0.269273
20504,-0.209434,-0.239354,-0.239354
20505,-0.179515,-0.239354,-0.239354
20506,-0.179515,-0.209434,-0.209434
20507,-0.179515,-0.209434,-0.209434
20508,-0.179515,-0.209434,-0.209434
20509,-0.179515,-0.209434,-0.209434
20510,-0.179515,-0.209434,-0.209434
20511,-0.179515,-0.209434,-0.209434
20512,-0.179515,-0.239354,-0.239354
20513,-0.179515,-0.239354,-0.239354
20514,-0.179515,-0.239354,-0.239354
20515,-0.179515,-0.239354,-0.239354
20516,-0.149596,-0.179515,-0.179515
20517,-0.119677,-0.179515,-0.179515
20518,-0.149596,-0.209434,-0.179515
20519,-0.179515,-0.209434,-0.209434
20520,-0.179515,-0.239354,-0.239354
20521,-0.209434,-0.239354,-0.239354
20522,-0.209434,-0.269273,-0.239354
20523,-0.209434,-0.269273,-0.239354
20524,-0.209434,-0.269273,-0.269273
20525,-0.209434,-0.269273,-0.269273
20526,-0.209434,-0.269273,-0.269273
20527,-0.209434,-0.239354,-0.239354
20528,-0.209434,-0.239354,-0.239354
20529,-0.209434,-0.239354,-0.239354
20530,-0.209434,-0.239354,-0.239354
20531,-0.209434,-0.239354,-0.239354
20532,-0.239354,-0.269273,-0.269273
20533,-0.239354,-0.299192,-0.299192
20534,-0.239354,-0.269273,-0.269273
20535,-0.239354,-0.269273,-0.269273
20536,-0.209434,-0.239354,-0.239354
20537,-0.179515,-0.239354,-0.209434
20538,-0.179515,-0.209434,-0.209434
20539,-0.179515,-0.209434,-0.209434
20540,-0.179515,-0.209434,-0.209434
20541,-0.179515,-0.209434,-0.209434
20542,-0.179515,-0.209434,-0.209434
20543,-0.179515,-0.209434,-0.209434
20544,-0.179515,-0.239354,-0.239354
20545,-0.179515,-0.239354,-0.239354
20546,-0.179515,-0.239354,-0.239354
20547,-0.179515,-0.239354,-0.239354
20548,-0.149596,-0.179515,-0.179515
20549,-0.149596,-0.179515,-0.179515
20550,-0.149596,-0.209434,-0.179515
20551,-0.179515,-0.209434,-0.209434
20552,-0.179515,-0.239354,-0.239354
20553,-0.209434,-0.239354,-0.239354
20554,-0.209434,-0.269273,-0.239354
20555,-0.209434,-0.269273,-0.239354
20556,-0.209434,-0.269273,-0.239354
20557,-0.209434,-0.269273,-0.239354
20558,-0.209434,-0.269273,-0.239354
20559,-0.209434,-0.239354,-0.239354
20560,-0.209434,-0.239354,-0.239354
20561,-0.209434,-0.239354,-0.239354
20562,-0.209434,-0.239354,-0.239354
20563,-0.209434,-0.239354,-0.239354
20564,-0.239354,-0.299192,-0.269273
20565,-0.239354,-0.299192,-0.299192
20566,-0.239354,-0.269273,-0.269273
20567,-0.239354,-0.269273,-0.269273
20568,-0.209434,-0.239354,-0.239354
20569,-0.179515,-0.209434,-0.209434
20570,-0.179515,-0.209434,-0.209434
20571,-0.179515,-0.209434,-0.209434
20572,-0.179515,-0.209434,-0.209434
20573,-0.179515,-0.209434,-0.209434
20574,-0.179515,-0.209434,-0.209434
20575,-0.179515,-0.239354,-0.209434
20576,-0.179515,-0.239354,-0.239354
20577,-0.179515,-0.239354,-0.239354
20578,-0.179515,-0.239354,-0.239354
20579,-0.179515,-0.239354,-0.239354
20580,-0.149596,-0.179515,-0.179515
20581,-0.119677,-0.179515,-0.179515
20582,-0.149596,-0.209434,-0.209434
20583,-0.179515,-0.209434,-0.209434
20584,-0.179515,-0.239354,-0.239354
20585,-0.209434,-0.269273,-0.239354
20586,-0.209434,-0.269273,-0.239354
20587,-0.209434,-0.269273,-0.239354
20588,-0.209434,-0.269273,-0.239354
20589,-0.209434,-0.269273,-0.239354
20590,-0.209434,-0.269273,-0.239354
20591,-0.209434,-0.239354,-0.239354
20592,-0.209434,-0.239354,-0.239354
20593,-0.209434,-0.239354,-0.239354
20594,-0.209434,-0.239354,-0.239354
20595,-0.209434,-0.239354,-0.239354
20596,-0.239354,-0.299192,-0.299192
20597,-0.239354,-0.299192,-0.299192
20598,-0.239354,-0.269273,-0.269273
20599,-0.209434,-0.269273,-0.269273
20600,-0.209434,-0.239354,-0.239354
20601,-0.179515,-0.239354,-0.209434
20602,-0.179515,-0.209434,-0.209434
20603,-0.179515,-0.209434,-0.209434
20604,-0.179515,-0.209434,-0.209434
20605,-0.179515,-0.209434,-0.209434
20606,-0.179515,-0.209434,-0.209434
20607,-0.179515,-0.239354,-0.209434
20608,-0.179515,-0.239354,-0.239354
20609,-0.209434,-0.239354,-0.239354
20610,-0.179515,-0.239354,-0.239354
20611,-0.179515,-0.239354,-0.209434
20612,-0.149596,-0.179515,-0.179515
20613,-0.119677,-0.179515,-0.179515
20614,-0.149596,-0.209434,-0.179515
20615,-0.149596,-0.209434,-0.209434
20616,-0.179515,-0.239354,-0.239354
20617,-0.209434,-0.239354,-0.239354
20618,-0.209434,-0.239354,-0.239354
20619,-0.209434,-0.269273,-0.269273
20620,-0.209434,-0.239354,-0.239354
20621,-0.209434,-0.269273,-0.239354
20622,-0.209434,-0.269273,-0.269273
20623,-0.209434,-0.239354,-0.239354
20624,-0.209434,-0.239354,-0.239354
20625,-0.209434,-0.239354,-0.239354
20626,-0.209434,-0.239354,-0.239354
20627,-0.209434,-0.239354,-0.239354
20628,-0.239354,-0.299192,-0.269273
20629,-0.239354,-0.299192,-0.299192
20630,-0.239354,-0.299192,-0.269273
20631,-0.239354,-0.269273,-0.269273
20632,-0.209434,-0.269273,-0.239354
20633,-0.179515,-0.239354,-0.239354
20634,-0.179515,-0.239354,-0.239354
20635,-0.179515,-0.209434,-0.209434
20636,-0.179515,-0.209434,-0.209434
20637,-0.179515,-0.209434,-0.209434
20638,-0.179515,-0.209434,-0.209434
20639,-0.179515,-0.209434,-0.209434
20640,-0.179515,-0.239354,-0.209434
20641,-0.179515,-0.239354,-0.239354
20642,-0.179515,-0.239354,-0.209434
20643,-0.179515,-0.209434,-0.209434
20644,-0.149596,-0.179515,-0.179515
20645,-0.119677,-0.179515,-0.179515
20646,-0.149596,-0.179515,-0.179515
20647,-0.149596,-0.209434,-0.209434
20648,-0.179515,-0.239354,-0.209434
20649,-0.209434,-0.239354,-0.239354
20650,-0.209434,-0.239354,-0.239354
20651,-0.209434,-0.239354,-0.239354
20652,-0.209434,-0.269273,-0.239354
20653,-0.209434,-0.269273,-0.239354
20654,-0.209434,-0.269273,-0.269273
20655,-0.209434,-0.239354,-0.239354
20656,-0.209434,-0.239354,-0.239354
20657,-0.209434,-0.239354,-0.239354
20658,-0.209434,-0.239354,-0.239354
20659,-0.209434,-0.239354,-0.239354
20660,-0.239354,-0.299192,-0.299192
20661,-0.269273,-0.299192,-0.299192
20662,-0.239354,-0.299192,-0.269273
20663,-0.239354,-0.269273,-0.269273
20664,-0.209434,-0.239354,-0.239354
20665,-0.179515,-0.239354,-0.209434
20666,-0.179515,-0.209434,-0.209434
20667,-0.179515,-0.209434,-0.209434
20668,-0.179515,-0.209434,-0.209434
20669,-0.179515,-0.209434,-0.209434
20670,-0.179515,-0.209434,-0.209434
20671,-0.179515,-0.209434,-0.209434
20672,-0.179515,-0.239354,-0.209434
20673,-0.179515,-0.239354,-0.209434
20674,-0.179515,-0.239354,-0.209434
20675,-0.179515,-0.209434,-0.209434
20676,-0.119677,-0.179515,-0.179515
20677,-0.119677,-0.149596,-0.149596
20678,-0.119677,-0.179515,-0.179515
20679,-0.149596,-0.209434,-0.209434
20680,-0.179515,-0.209434,-0.209434
20681,-0.209434,-0.239354,-0.239354
20682,-0.209434,-0.239354,-0.239354
20683,-0.209434,-0.269273,-0.239354
20684,-0.209434,-0.239354,-0.239354
20685,-0.209434,-0.239354,-0.239354
20686,-0.209434,-0.269273,-0.239354
20687,-0.209434,-0.239354,-0.239354
20688,-0.209434,-0.239354,-0.239354
20689,-0.209434,-0.239354,-0.239354
20690,-0.209434,-0.239354,-0.239354
20691,-0.209434,-0.239354,-0.239354
20692,-0.239354,-0.299192,-0.299192
20693,-0.269273,-0.299192,-0.299192
20694,-0.239354,-0.299192,-0.269273
20695,-0.239354,-0.269273,-0.269273
20696,-0.209434,-0.239354,-0.239354
20697,-0.179515,-0.209434,-0.209434
20698,-0.179515,-0.209434,-0.209434
20699,-0.179515,-0.209434,-0.209434
20700,-0.179515,-0.209434,-0.209434
20701,-0.179515,-0.209434,-0.209434
20702,-0.149596,-0.209434,-0.209434
20703,-0.179515,-0.209434,-0.209434
20704,-0.179515,-0.209434,-0.209434
20705,-0.179515,-0.209434,-0.209434
20706,-0.179515,-0.209434,-0.209434
20707,-0.179515,-0.209434,-0.209434
20708,-0.119677,-0.179515,-0.179515
20709,-0.119677,-0.179515,-0.149596
20710,-0.149596,-0.179515,-0.179515
20711,-0.149596,-0.179515,-0.179515
20712,-0.179515,-0.209434,-0.209434
20713,-0.209434,-0.239354,-0.239354
20714,-0.209434,-0.239354,-0.239354
20715,-0.209434,-0.239354,-0.239354
20716,-0.209434,-0.239354,-0.239354
20717,-0.209434,-0.239354,-0.239354
20718,-0.209434,-0.269273,-0.239354
20719,-0.209434,-0.239354,-0.239354
20720,-0.209434,-0.239354,-0.239354
20721,-0.209434,-0.239354,-0.239354
20722,-0.209434,-0.239354,-0.239354
20723,-0.209434,-0.239354,-0.239354
20724,-0.239354,-0.299192,-0.299192
20725,-0.269273,-0.299192,-0.299192
20726,-0.239354,-0.269273,-0.269273
20727,-0.239354,-0.269273,-0.269273
20728,-0.209434,-0.239354,-0.239354
20729,-0.179515,-0.209434,-0.209434
20730,-0.179515,-0.209434,-0.209434
20731,-0.179515,-0.209434,-0.209434
20732,-0.149596,-0.209434,-0.209434
20733,-0.149596,-0.209434,-0.209434
20734,-0.149596,-0.209434,-0.209434
20735,-0.179515,-0.209434,-0.209434
20736,-0.179515,-0.209434,-0.209434
20737,-0.179515,-0.209434,-0.209434
20738,-0.179515,-0.209434,-0.209434
20739,-0.179515,-0.209434,-0.209434
20740,-0.119677,-0.179515,-0.179515
20741,-0.119677,-0.149596,-0.149596
20742,-0.119677,-0.179515,-0.179515
20743,-0.149596,-0.209434,-0.179515
20744,-0.179515,-0.239354,-0.209434
20745,-0.209434,-0.239354,-0.239354
20746,-0.209434,-0.239354,-0.239354
20747,-0.209434,-0.239354,-0.239354
20748,-0.209434,-0.239354,-0.239354
20749,-0.209434,-0.239354,-0.239354
20750,-0.209434,-0.239354,-0.269273
20751,-0.209434,-0.239354,-0.239354
20752,-0.209434,-0.239354,-0.239354
20753,-0.209434,-0.239354,-0.239354
20754,-0.179515,-0.239354,-0.239354
20755,-0.209434,-0.239354,-0.239354
20756,-0.239354,-0.299192,-0.299192
20757,-0.269273,-0.299192,-0.299192
20758,-0.239354,-0.269273,-0.269273
20759,-0.209434,-0.269273,-0.269273
20760,-0.179515,-0.239354,-0.239354
20761,-0.179515,-0.209434,-0.209434
20762,-0.179515,-0.209434,-0.209434
20763,-0.179515,-0.209434,-0.209434
20764,-0.179515,-0.209434,-0.209434
20765,-0.179515,-0.209434,-0.209434
20766,-0.179515,-0.209434,-0.209434
20767,-0.179515,-0.209434,-0.209434
20768,-0.179515,-0.209434,-0.209434
20769,-0.179515,-0.239354,-0.209434
20770,-0.179515,-0.239354,-0.209434
20771,-0.149596,-0.209434,-0.209434
20772,-0.119677,-0.179515,-0.179515
20773,-0.119677,-0.149596,-0.149596
20774,-0.119677,-0.179515,-0.179515
20775,-0.149596,-0.209434,-0.179515
20776,-0.179515,-0.239354,-0.209434
20777,-0.209434,-0.239354,-0.239354
20778,-0.209434,-0.239354,-0.239354
20779,-0.209434,-0.239354,-0.239354
20780,-0.209434,-0.239354,-0.239354
20781,-0.209434,-0.239354,-0.239354
20782,-0.209434,-0.239354,-0.239354
20783,-0.209434,-0.239354,-0.239354
20784,-0.209434,-0.239354,-0.239354
20785,-0.209434,-0.239354,-0.239354
20786,-0.179515,-0.239354,-0.239354
20787,-0.209434,-0.239354,-0.239354
20788,-0.239354,-0.299192,-0.299192
20789,-0.269273,-0.299192,-0.299192
20790,-0.239354,-0.299192,-0.269273
20791,-0.239354,-0.269273,-0.269273
20792,-0.209434,-0.239354,-0.239354
20793,-0.179515,-0.209434,-0.209434
20794,-0.179515,-0.209434,-0.209434
20795,-0.179515,-0.209434,-0.209434
20796,-0.179515,-0.209434,-0.209434
20797,-0.179515,-0.209434,-0.209434
20798,-0.179515,-0.209434,-0.209434
20799,-0.179515,-0.209434,-0.209434
20800,-0.179515,-0.209434,-0.209434
20801,-0.179515,-0.209434,-0.239354
20802,-0.179515,-0.239354,-0.239354
20803,-0.179515,-0.209434,-0.209434
20804,-0.119677,-0.179515,-0.179515
20805,-0.119677,-0.179515,-0.149596
20806,-0.149596,-0.179515,-0.179515
20807,-0.149596,-0.209434,-0.209434
20808,-0.179515,-0.239354,-0.239354
20809,-0.209434,-0.239354,-0.239354
20810,-0.209434,-0.239354,-0.239354
20811,-0.209434,-0.239354,-0.239354
20812,-0.209434,-0.239354,-0.239354
20813,-0.209434,-0.269273,-0.239354
20814,-0.209434,-0.269273,-0.269273
20815,-0.209434,-0.239354,-0.239354
20816,-0.209434,-0.239354,-0.239354
20817,-0.209434,-0.239354,-0.239354
20818,-0.179515,-0.239354,-0.239354
20819,-0.209434,-0.269273,-0.239354
20820,-0.269273,-0.299192,-0.299192
20821,-0.269273,-0.299192,-0.299192
20822,-0.239354,-0.299192,-0.269273
20823,-0.239354,-0.269273,-0.269273
20824,-0.209434,-0.239354,-0.239354
20825,-0.179515,-0.209434,-0.209434
20826,-0.179515,-0.209434,-0.209434
20827,-0.179515,-0.209434,-0.209434
20828,-0.179515,-0.209434,-0.209434
20829,-0.149596,-0.209434,-0.209434
20830,-0.179515,-0.209434,-0.209434
20831,-0.179515,-0.209434,-0.209434
20832,-0.179515,-0.239354,-0.209434
20833,-0.179515,-0.209434,-0.209434
20834,-0.179515,-0.239354,-0.239354
20835,-0.179515,-0.209434,-0.209434
20836,-0.119677,-0.179515,-0.179515
20837,-0.119677,-0.179515,-0.179515
20838,-0.149596,-0.179515,-0.179515
20839,-0.149596,-0.209434,-0.209434
20840,-0.179515,-0.239354,-0.239354
20841,-0.209434,-0.239354,-0.239354
20842,-0.209434,-0.269273,-0.239354
20843,-0.209434,-0.269273,-0.269273
20844,-0.209434,-0.269273,-0.239354
20845,-0.209434,-0.269273,-0.269273
20846,-0.209434,-0.269273,-0.269273
20847,-0.209434,-0.239354,-0.239354
20848,-0.209434,-0.269273,-0.239354
20849,-0.209434,-0.239354,-0.239354
20850,-0.209434,-0.239354,-0.239354
20851,-0.209434,-0.269273,-0.269273
20852,-0.269273,-0.299192,-0.299192
20853,-0.269273,-0.299192,-0.299192
20854,-0.239354,-0.299192,-0.269273
20855,-0.239354,-0.269273,-0.269273
20856,-0.209434,-0.239354,-0.239354
20857,-0.179515,-0.239354,-0.209434
20858,-0.179515,-0.209434,-0.209434
20859,-0.179515,-0.209434,-0.209434
20860,-0.179515,-0.209434,-0.209434
20861,-0.179515,-0.209434,-0.209434
20862,-0.179515,-0.209434,-0.209434
20863,-0.179515,-0.239354,-0.209434
20864,-0.179515,-0.239354,-0.209434
20865,-0.179515,-0.239354,-0.239354
20866,-0.179515,-0.239354,-0.239354
20867,-0.179515,-0.209434,-0.209434
20868,-0.119677,-0.179515,-0.179515
20869,-0.119677,-0.179515,-0.179515
20870,-0.149596,-0.179515,-0.179515
20871,-0.149596,-0.209434,-0.209434
20872,-0.179515,-0.239354,-0.239354
20873,-0.209434,-0.269273,-0.239354
20874,-0.209434,-0.269273,-0.239354
20875,-0.209434,-0.269273,-0.239354
20876,-0.209434,-0.269273,-0.269273
20877,-0.209434,-0.269273,-0.269273
20878,-0.209434,-0.269273,-0.269273
20879,-0.209434,-0.239354,-0.239354
20880,-0.209434,-0.239354,-0.239354
20881,-0.209434,-0.239354,-0.239354
20882,-0.209434,-0.239354,-0.239354
20883,-0.209434,-0.269273,-0.269273
20884,-0.269273,-0.299192,-0.299192
20885,-0.269273,-0.299192,-0.299192
20886,-0.239354,-0.299192,-0.269273
20887,-0.239354,-0.269273,-0.269273
20888,-0.209434,-0.239354,-0.239354
20889,-0.179515,-0.239354,-0.239354
20890,-0.179515,-0.209434,-0.209434
20891,-0.179515,-0.209434,-0.209434
20892,-0.179515,-0.209434,-0.209434
20893,-0.179515,-0.209434,-0.209434
20894,-0.179515,-0.209434,-0.209434
20895,-0.179515,-0.239354,-0.209434
20896,-0.179515,-0.209434,-0.209434
20897,-0.179515,-0.239354,-0.239354
20898,-0.179515,-0.239354,-0.239354
20899,-0.179515,-0.209434,-0.209434
20900,-0.119677,-0.179515,-0.179515
20901,-0.119677,-0.179515,-0.179515
20902,-0.149596,-0.179515,-0.179515
20903,-0.149596,-0.209434,-0.209434
20904,-0.179515,-0.239354,-0.239354
20905,-0.209434,-0.239354,-0.239354
20906,-0.209434,-0.269273,-0.239354
20907,-0.209434,-0.269273,-0.239354
20908,-0.209434,-0.269273,-0.239354
20909,-0.209434,-0.269273,-0.269273
20910,-0.209434,-0.269273,-0.269273
20911,-0.209434,-0.239354,-0.269273
20912,-0.209434,-0.269273,-0.239354
20913,-0.209434,-0.239354,-0.239354
20914,-0.209434,-0.239354,-0.239354
20915,-0.209434,-0.269273,-0.269273
20916,-0.269273,-0.299192,-0.299192
20917,-0.269273,-0.299192,-0.299192
20918,-0.239354,-0.299192,-0.299192
20919,-0.239354,-0.269273,-0.269273
20920,-0.209434,-0.239354,-0.239354
20921,-0.179515,-0.239354,-0.209434
20922,-0.179515,-0.209434,-0.209434
20923,-0.179515,-0.209434,-0.209434
20924,-0.179515,-0.209434,-0.209434
20925,-0.179515,-0.209434,-0.209434
20926,-0.179515,-0.209434,-0.209434
20927,-0.179515,-0.239354,-0.209434
20928,-0.179515,-0.239354,-0.209434
20929,-0.179515,-0.239354,-0.209434
20930,-0.179515,-0.239354,-0.239354
20931,-0.179515,-0.209434,-0.209434
20932,-0.119677,-0.179515,-0.179515
20933,-0.119677,-0.179515,-0.179515
20934,-0.149596,-0.179515,-0.179515
20935,-0.149596,-0.209434,-0.209434
20936,-0.179515,-0.239354,-0.239354
20937,-0.209434,-0.269273,-0.239354
20938,-0.209434,-0.269273,-0.239354
20939,-0.209434,-0.239354,-0.269273
20940,-0.209434,-0.269273,-0.269273
20941,-0.209434,-0.269273,-0.269273
20942,-0.209434,-0.269273,-0.269273
20943,-0.209434,-0.239354,-0.239354
20944,-0.209434,-0.239354,-0.239354
20945,-0.209434,-0.239354,-0.239354
20946,-0.209434,-0.239354,-0.239354
20947,-0.209434,-0.269273,-0.269273
20948,-0.269273,-0.299192,-0.299192
20949,-0.269273,-0.299192,-0.299192
20950,-0.239354,-0.299192,-0.269273
20951,-0.239354,-0.269273,-0.269273
20952,-0.209434,-0.239354,-0.239354
20953,-0.179515,-0.209434,-0.239354
20954,-0.179515,-0.209434,-0.209434
20955,-0.179515,-0.209434,-0.209434
20956,-0.179515,-0.209434,-0.209434
20957,-0.179515,-0.209434,-0.209434
20958,-0.179515,-0.209434,-0.209434
20959,-0.179515,-0.209434,-0.209434
20960,-0.179515,-0.209434,-0.239354
20961,-0.179515,-0.239354,-0.239354
20962,-0.179515,-0.239354,-0.239354
20963,-0.179515,-0.209434,-0.209434
20964,-0.119677,-0.179515,-0.179515
20965,-0.119677,-0.179515,-0.149596
20966,-0.149596,-0.179515,-0.179515
20967,-0.149596,-0.209434,-0.209434
20968,-0.179515,-0.239354,-0.239354
20969,-0.209434,-0.239354,-0.239354
20970,-0.209434,-0.269273,-0.269273
20971,-0.209434,-0.269273,-0.269273
20972,-0.209434,-0.269273,-0.239354
20973,-0.209434,-0.269273,-0.269273
20974,-0.209434,-0.269273,-0.269273
20975,-0.209434,-0.239354,-0.239354
20976,-0.209434,-0.239354,-0.239354
20977,-0.209434,-0.239354,-0.239354
20978,-0.209434,-0.239354,-0.239354
20979,-0.209434,-0.269273,-0.269273
20980,-0.269273,-0.299192,-0.299192
20981,-0.269273,-0.299192,-0.299192
20982,-0.239354,-0.269273,-0.269273
20983,-0.239354,-0.269273,-0.269273
20984,-0.209434,-0.239354,-0.239354
20985,-0.179515,-0.239354,-0.209434
20986,-0.179515,-0.209434,-0.209434
20987,-0.179515,-0.209434,-0.209434
20988,-0.179515,-0.209434,-0.209434
20989,-0.179515,-0.209434,-0.209434
20990,-0.179515,-0.209434,-0.209434
20991,-0.179515,-0.239354,-0.209434
20992,-0.179515,-0.239354,-0.209434
20993,-0.179515,-0.239354,-0.209434
20994,-0.179515,-0.239354,-0.239354
20995,-0.179515,-0.209434,-0.209434
20996,-0.119677,-0.179515,-0.179515
20997,-0.119677,-0.179515,-0.179515
20998,-0.149596,-0.179515,-0.179515
20999,-0.149596,-0.209434,-0.209434
21000,-0.179515,-0.239354,-0.239354
21001,-0.209434,-0.239354,-0.239354
21002,-0.209434,-0.269273,-0.239354
21003,-0.209434,-0.269273,-0.269273
21004,-0.209434,-0.269273,-0.239354
21005,-0.209434,-0.269273,-0.269273
21006,-0.209434,-0.269273,-0.269273
21007,-0.209434,-0.269273,-0.239354
21008,-0.209434,-0.239354,-0.239354
21009,-0.209434,-0.239354,-0.239354
21010,-0.209434,-0.239354,-0.239354
21011,-0.209434,-0.269273,-0.269273
21012,-0.269273,-0.299192,-0.299192
21013,-0.239354,-0.299192,-0.299192
21014,-0.239354,-0.299192,-0.269273
21015,-0.209434,-0.269273,-0.269273
21016,-0.179515,-0.239354,-0.239354
21017,-0.179515,-0.209434,-0.209434
21018,-0.179515,-0.209434,-0.209434
21019,-0.179515,-0.209434,-0.209434
21020,-0.179515,-0.209434,-0.209434
21021,-0.179515,-0.209434,-0.209434
21022,-0.179515,-0.209434,-0.209434
21023,-0.179515,-0.209434,-0.209434
21024,-0.179515,-0.209434,-0.209434
21025,-0.179515,-0.239354,-0.209434
21026,-0.179515,-0.239354,-0.209434
21027,-0.149596,-0.209434,-0.209434
21028,-0.119677,-0.179515,-0.149596
21029,-0.119677,-0.179515,-0.179515
21030,-0.149596,-0.179515,-0.179515
21031,-0.149596,-0.209434,-0.209434
21032,-0.179515,-0.239354,-0.239354
21033,-0.209434,-0.239354,-0.239354
21034,-0.209434,-0.269273,-0.239354
21035,-0.209434,-0.269273,-0.239354
21036,-0.209434,-0.269273,-0.239354
21037,-0.209434,-0.269273,-0.269273
21038,-0.209434,-0.269273,-0.269273
21039,-0.209434,-0.239354,-0.239354
21040,-0.209434,-0.239354,-0.239354
21041,-0.209434,-0.239354,-0.239354
21042,-0.209434,-0.239354,-0.239354
21043,-0.239354,-0.269273,-0.269273
21044,-0.269273,-0.299192,-0.299192
21045,-0.239354,-0.299192,-0.299192
21046,-0.239354,-0.269273,-0.269273
21047,-0.239354,-0.269273,-0.269273
21048,-0.179515,-0.239354,-0.239354
21049,-0.179515,-0.209434,-0.209434
21050,-0.179515,-0.209434,-0.209434
21051,-0.179515,-0.209434,-0.209434
21052,-0.179515,-0.209434,-0.209434
21053,-0.179515,-0.209434,-0.209434
21054,-0.179515,-0.209434,-0.209434
21055,-0.179515,-0.209434,-0.209434
21056,-0.179515,-0.209434,-0.209434
21057,-0.179515,-0.239354,-0.239354
21058,-0.179515,-0.239354,-0.239354
21059,-0.179515,-0.209434,-0.209434
21060,-0.119677,-0.149596,-0.179515
21061,-0.119677,-0.179515,-0.179515
21062,-0.149596,-0.209434,-0.179515
21063,-0.179515,-0.209434,-0.209434
21064,-0.209434,-0.239354,-0.239354
21065,-0.209434,-0.239354,-0.239354
21066,-0.209434,-0.239354,-0.239354
21067,-0.209434,-0.239354,-0.239354
21068,-0.209434,-0.269273,-0.239354
21069,-0.209434,-0.269273,-0.269273
21070,-0.209434,-0.269273,-0.239354
21071,-0.209434,-0.239354,-0.239354
21072,-0.209434,-0.239354,-0.239354
21073,-0.209434,-0.239354,-0.239354
21074,-0.209434,-0.239354,-0.239354
21075,-0.239354,-0.269273,-0.269273
21076,-0.269273,-0.299192,-0.299192
21077,-0.239354,-0.299192,-0.299192
21078,-0.239354,-0.299192,-0.299192
21079,-0.239354,-0.269273,-0.269273
21080,-0.209434,-0.239354,-0.239354
21081,-0.179515,-0.239354,-0.209434
21082,-0.179515,-0.239354,-0.209434
21083,-0.179515,-0.209434,-0.209434
21084,-0.179515,-0.209434,-0.209434
21085,-0.179515,-0.209434,-0.209434
21086,-0.179515,-0.209434,-0.209434
21087,-0.179515,-0.209434,-0.209434
21088,-0.179515,-0.239354,-0.209434
21089,-0.179515,-0.239354,-0.239354
21090,-0.179515,-0.239354,-0.239354
21091,-0.149596,-0.209434,-0.209434
21092,-0.119677,-0.179515,-0.179515
21093,-0.149596,-0.179515,-0.179515
21094,-0.149596,-0.209434,-0.209434
21095,-0.179515,-0.209434,-0.209434
21096,-0.209434,-0.239354,-0.239354
21097,-0.209434,-0.269273,-0.239354
21098,-0.209434,-0.269273,-0.269273
21099,-0.209434,-0.269273,-0.269273
21100,-0.209434,-0.269273,-0.269273
21101,-0.209434,-0.269273,-0.269273
21102,-0.209434,-0.269273,-0.239354
21103,-0.209434,-0.239354,-0.239354
21104,-0.209434,-0.239354,-0.239354
21105,-0.209434,-0.239354,-0.239354
21106,-0.209434,-0.239354,-0.239354
21107,-0.239354,-0.269273,-0.269273
21108,-0.239354,-0.299192,-0.299192
21109,-0.239354,-0.299192,-0.269273
21110,-0.239354,-0.269273,-0.269273
21111,-0.209434,-0.269273,-0.269273
21112,-0.179515,-0.239354,-0.239354
21113,-0.179515,-0.209434,-0.209434
21114,-0.179515,-0.209434,-0.209434
21115,-0.179515,-0.209434,-0.209434
21116,-0.179515,-0.239354,-0.209434
21117,-0.179515,-0.209434,-0.209434
21118,-0.179515,-0.209434,-0.209434
21119,-0.179515,-0.239354,-0.239354
21120,-0.179515,-0.239354,-0.239354
21121,-0.179515,-0.239354,-0.239354
21122,-0.209434,-0.239354,-0.239354
21123,-0.179515,-0.209434,-0.209434
21124,-0.119677,-0.179515,-0.179515
21125,-0.149596,-0.179515,-0.179515
21126,-0.149596,-0.209434,-0.209434
21127,-0.179515,-0.209434,-0.209434
21128,-0.209434,-0.239354,-0.239354
21129,-0.209434,-0.269273,-0.269273
21130,-0.209434,-0.269273,-0.239354
21131,-0.209434,-0.269273,-0.269273
21132,-0.209434,-0.269273,-0.269273
21133,-0.209434,-0.269273,-0.269273
21134,-0.209434,-0.269273,-0.269273
21135,-0.209434,-0.239354,-0.239354
21136,-0.209434,-0.239354,-0.239354
21137,-0.209434,-0.239354,-0.239354
21138,-0.209434,-0.239354,-0.239354
21139,-0.209434,-0.269273,-0.269273
21140,-0.269273,-0.299192,-0.299192
21141,-0.239354,-0.299192,-0.299192
21142,-0.239354,-0.269273,-0.269273
21143,-0.209434,-0.269273,-0.269273
21144,-0.179515,-0.239354,-0.239354
21145,-0.179515,-0.239354,-0.239354
21146,-0.179515,-0.209434,-0.209434
21147,-0.179515,-0.209434,-0.209434
21148,-0.179515,-0.209434,-0.209434
21149,-0.179515,-0.239354,-0.209434
21150,-0.179515,-0.239354,-0.239354
21151,-0.179515,-0.239354,-0.239354
21152,-0.179515,-0.239354,-0.239354
21153,-0.179515,-0.239354,-0.239354
21154,-0.179515,-0.239354,-0.239354
21155,-0.179515,-0.209434,-0.209434
21156,-0.149596,-0.179515,-0.179515
21157,-0.149596,-0.209434,-0.179515
21158,-0.149596,-0.209434,-0.209434
21159,-0.179515,-0.239354,-0.209434
21160,-0.209434,-0.239354,-0.239354
21161,-0.209434,-0.269273,-0.269273
21162,-0.209434,-0.269273,-0.269273
21163,-0.209434,-0.269273,-0.269273
21164,-0.209434,-0.269273,-0.269273
21165,-0.209434,-0.269273,-0.269273
21166,-0.209434,-0.269273,-0.269273
21167,-0.209434,-0.239354,-0.239354
21168,-0.209434,-0.269273,-0.239354
21169,-0.209434,-0.239354,-0.239354
21170,-0.209434,-0.239354,-0.239354
21171,-0.239354,-0.269273,-0.269273
21172,-0.239354,-0.299192,-0.299192
21173,-0.239354,-0.299192,-0.299192
21174,-0.239354,-0.269273,-0.269273
21175,-0.209434,-0.269273,-0.269273
21176,-0.179515,-0.239354,-0.239354
21177,-0.179515,-0.209434,-0.209434
21178,-0.179515,-0.209434,-0.209434
21179,-0.179515,-0.209434,-0.209434
21180,-0.179515,-0.209434,-0.209434
21181,-0.179515,-0.209434,-0.209434
21182,-0.179515,-0.209434,-0.209434
21183,-0.179515,-0.239354,-0.239354
21184,-0.179515,-0.239354,-0.239354
21185,-0.179515,-0.239354,-0.239354
21186,-0.179515,-0.239354,-0.239354
21187,-0.179515,-0.209434,-0.209434
21188,-0.149596,-0.179515,-0.179515
21189,-0.149596,-0.179515,-0.179515
21190,-0.149596,-0.209434,-0.209434
21191,-0.179515,-0.239354,-0.239354
21192,-0.209434,-0.269273,-0.239354
21193,-0.209434,-0.269273,-0.269273
21194,-0.209434,-0.269273,-0.269273
21195,-0.209434,-0.269273,-0.269273
21196,-0.209434,-0.269273,-0.269273
21197,-0.209434,-0.269273,-0.269273
21198,-0.209434,-0.269273,-0.269273
21199,-0.209434,-0.239354,-0.239354
21200,-0.209434,-0.239354,-0.239354
21201,-0.209434,-0.239354,-0.239354
21202,-0.209434,-0.239354,-0.239354
21203,-0.239354,-0.269273,-0.269273
21204,-0.269273,-0.299192,-0.299192
21205,-0.239354,-0.299192,-0.299192
21206,-0.239354,-0.269273,-0.269273
21207,-0.209434,-0.269273,-0.269273
21208,-0.179515,-0.239354,-0.239354
21209,-0.179515,-0.239354,-0.239354
21210,-0.179515,-0.209434,-0.209434
21211,-0.179515,-0.209434,-0.209434
21212,-0.179515,-0.239354,-0.209434
21213,-0.179515,-0.209434,-0.209434
21214,-0.179515,-0.239354,-0.209434
21215,-0.179515,-0.239354,-0.239354
21216,-0.179515,-0.239354,-0.239354
21217,-0.209434,-0.239354,-0.239354
21218,-0.179515,-0.239354,-0.239354
21219,-0.179515,-0.209434,-0.209434
21220,-0.149596,-0.179515,-0.179515
21221,-0.149596,-0.209434,-0.179515
21222,-0.149596,-0.209434,-0.209434
21223,-0.179515,-0.209434,-0.239354
21224,-0.209434,-0.239354,-0.239354
21225,-0.209434,-0.269273,-0.269273
21226,-0.209434,-0.269273,-0.269273
21227,-0.209434,-0.269273,-0.269273
21228,-0.209434,-0.269273,-0.269273
21229,-0.209434,-0.269273,-0.269273
21230,-0.209434,-0.269273,-0.269273
21231,-0.209434,-0.239354,-0.239354
21232,-0.209434,-0.239354,-0.239354
21233,-0.209434,-0.239354,-0.239354
21234,-0.209434,-0.239354,-0.239354
21235,-0.239354,-0.269273,-0.269273
21236,-0.269273,-0.299192,-0.299192
21237,-0.239354,-0.299192,-0.299192
21238,-0.239354,-0.269273,-0.269273
21239,-0.209434,-0.269273,-0.239354
21240,-0.179515,-0.239354,-0.239354
21241,-0.179515,-0.239354,-0.239354
21242,-0.179515,-0.209434,-0.209434
21243,-0.179515,-0.209434,-0.209434
21244,-0.179515,-0.239354,-0.209434
21245,-0.179515,-0.209434,-0.209434
21246,-0.179515,-0.239354,-0.209434
21247,-0.179515,-0.239354,-0.239354
21248,-0.179515,-0.239354,-0.239354
21249,-0.179515,-0.239354,-0.239354
21250,-0.179515,-0.239354,-0.239354
21251,-0.179515,-0.209434,-0.209434
21252,-0.149596,-0.179515,-0.179515
21253,-0.149596,-0.179515,-0.179515
21254,-0.179515,-0.209434,-0.209434
21255,-0.179515,-0.239354,-0.239354
21256,-0.209434,-0.269273,-0.239354
21257,-0.209434,-0.269273,-0.269273
21258,-0.209434,-0.269273,-0.269273
21259,-0.209434,-0.269273,-0.269273
21260,-0.209434,-0.269273,-0.269273
21261,-0.209434,-0.269273,-0.269273
21262,-0.209434,-0.269273,-0.239354
21263,-0.209434,-0.269273,-0.269273
21264,-0.209434,-0.269273,-0.269273
21265,-0.209434,-0.239354,-0.239354
21266,-0.209434,-0.239354,-0.239354
21267,-0.239354,-0.269273,-0.269273
21268,-0.269273,-0.299192,-0.299192
21269,-0.239354,-0.299192,-0.299192
21270,-0.239354,-0.269273,-0.269273
21271,-0.209434,-0.269273,-0.269273
21272,-0.179515,-0.239354,-0.239354
21273,-0.179515,-0.239354,-0.239354
21274,-0.179515,-0.239354,-0.209434
21275,-0.179515,-0.209434,-0.209434
21276,-0.179515,-0.239354,-0.239354
21277,-0.179515,-0.209434,-0.209434
21278,-0.179515,-0.239354,-0.239354
21279,-0.179515,-0.239354,-0.239354
21280,-0.179515,-0.239354,-0.239354
21281,-0.179515,-0.239354,-0.239354
21282,-0.179515,-0.239354,-0.239354
21283,-0.149596,-0.209434,-0.209434
21284,-0.149596,-0.179515,-0.179515
21285,-0.149596,-0.179515,-0.179515
21286,-0.179515,-0.209434,-0.209434
21287,-0.179515,-0.239354,-0.239354
21288,-0.209434,-0.239354,-0.269273
21289,-0.209434,-0.269273,-0.269273
21290,-0.209434,-0.269273,-0.269273
21291,-0.209434,-0.269273,-0.269273
21292,-0.209434,-0.269273,-0.239354
21293,-0.209434,-0.269273,-0.269273
21294,-0.209434,-0.269273,-0.239354
21295,-0.209434,-0.239354,-0.239354
21296,-0.209434,-0.239354,-0.239354
21297,-0.209434,-0.239354,-0.239354
21298,-0.209434,-0.239354,-0.239354
21299,-0.239354,-0.269273,-0.269273
21300,-0.269273,-0.299192,-0.299192
21301,-0.239354,-0.299192,-0.299192
21302,-0.239354,-0.269273,-0.269273
21303,-0.209434,-0.269273,-0.239354
21304,-0.179515,-0.239354,-0.239354
21305,-0.179515,-0.209434,-0.239354
21306,-0.179515,-0.239354,-0.209434
21307,-0.179515,-0.209434,-0.239354
21308,-0.179515,-0.209434,-0.209434
21309,-0.179515,-0.239354,-0.209434
21310,-0.179515,-0.239354,-0.239354
21311,-0.179515,-0.239354,-0.239354
21312,-0.179515,-0.239354,-0.239354
21313,-0.179515,-0.239354,-0.239354
21314,-0.179515,-0.239354,-0.239354
21315,-0.149596,-0.209434,-0.209434
21316,-0.149596,-0.179515,-0.179515
21317,-0.149596,-0.179515,-0.209434
21318,-0.179515,-0.209434,-0.209434
21319,-0.179515,-0.239354,-0.239354
21320,-0.209434,-0.269273,-0.239354
21321,-0.209434,-0.269273,-0.269273
21322,-0.209434,-0.269273,-0.269273
21323,-0.209434,-0.269273,-0.269273
21324,-0.209434,-0.269273,-0.269273
21325,-0.209434,-0.269273,-0.269273
21326,-0.209434,-0.269273,-0.239354
21327,-0.209434,-0.239354,-0.239354
21328,-0.209434,-0.239354,-0.239354
21329,-0.209434,-0.239354,-0.239354
21330,-0.209434,-0.239354,-0.239354
21331,-0.239354,-0.269273,-0.269273
21332,-0.239354,-0.299192,-0.299192
21333,-0.239354,-0.299192,-0.269273
21334,-0.239354,-0.269273,-0.269273
21335,-0.209434,-0.269273,-0.239354
21336,-0.179515,-0.239354,-0.239354
21337,-0.179515,-0.209434,-0.209434
21338,-0.179515,-0.209434,-0.209434
21339,-0.179515,-0.239354,-0.209434
21340,-0.179515,-0.209434,-0.209434
21341,-0.179515,-0.209434,-0.209434
21342,-0.179515,-0.209434,-0.209434
21343,-0.179515,-0.239354,-0.239354
21344,-0.179515,-0.239354,-0.239354
21345,-0.179515,-0.239354,-0.239354
21346,-0.179515,-0.239354,-0.239354
21347,-0.149596,-0.209434,-0.209434
21348,-0.149596,-0.179515,-0.179515
21349,-0.149596,-0.179515,-0.179515
21350,-0.149596,-0.209434,-0.209434
21351,-0.179515,-0.239354,-0.239354
21352,-0.209434,-0.269273,-0.269273
21353,-0.209434,-0.269273,-0.269273
21354,-0.209434,-0.269273,-0.239354
21355,-0.209434,-0.239354,-0.269273
21356,-0.209434,-0.269273,-0.239354
21357,-0.209434,-0.269273,-0.269273
21358,-0.209434,-0.269273,-0.239354
21359,-0.209434,-0.239354,-0.239354
21360,-0.209434,-0.239354,-0.239354
21361,-0.209434,-0.239354,-0.239354
21362,-0.209434,-0.239354,-0.239354
21363,-0.239354,-0.269273,-0.269273
21364,-0.269273,-0.299192,-0.299192
21365,-0.239354,-0.269273,-0.269273
21366,-0.239354,-0.269273,-0.269273
21367,-0.209434,-0.269273,-0.239354
21368,-0.179515,-0.239354,-0.239354
21369,-0.179515,-0.239354,-0.209434
21370,-0.179515,-0.209434,-0.209434
21371,-0.179515,-0.209434,-0.209434
21372,-0.179515,-0.209434,-0.209434
21373,-0.179515,-0.209434,-0.209434
21374,-0.179515,-0.209434,-0.239354
21375,-0.179515,-0.239354,-0.239354
21376,-0.179515,-0.239354,-0.239354
21377,-0.179515,-0.239354,-0.239354
21378,-0.179515,-0.239354,-0.239354
21379,-0.149596,-0.209434,-0.209434
21380,-0.119677,-0.179515,-0.179515
21381,-0.149596,-0.179515,-0.179515
21382,-0.149596,-0.209434,-0.209434
21383,-0.179515,-0.239354,-0.239354
21384,-0.209434,-0.269273,-0.239354
21385,-0.209434,-0.269273,-0.239354
21386,-0.209434,-0.269273,-0.269273
21387,-0.209434,-0.239354,-0.269273
21388,-0.209434,-0.269273,-0.239354
21389,-0.209434,-0.269273,-0.269273
21390,-0.209434,-0.239354,-0.239354
21391,-0.209434,-0.239354,-0.239354
21392,-0.209434,-0.239354,-0.239354
21393,-0.209434,-0.239354,-0.239354
21394,-0.209434,-0.239354,-0.239354
21395,-0.239354,-0.269273,-0.269273
21396,-0.239354,-0.299192,-0.299192
21397,-0.239354,-0.299192,-0.269273
21398,-0.239354,-0.269273,-0.269273
21399,-0.209434,-0.239354,-0.239354
21400,-0.179515,-0.239354,-0.239354
21401,-0.179515,-0.209434,-0.209434
21402,-0.179515,-0.209434,-0.209434
21403,-0.179515,-0.209434,-0.209434
21404,-0.179515,-0.209434,-0.209434
21405,-0.179515,-0.209434,-0.209434
21406,-0.179515,-0.239354,-0.209434
21407,-0.179515,-0.239354,-0.239354
21408,-0.179515,-0.239354,-0.239354
21409,-0.179515,-0.239354,-0.239354
21410,-0.179515,-0.239354,-0.239354
21411,-0.149596,-0.209434,-0.209434
21412,-0.119677,-0.179515,-0.179515
21413,-0.149596,-0.179515,-0.179515
21414,-0.179515,-0.209434,-0.209434
21415,-0.179515,-0.239354,-0.239354
21416,-0.209434,-0.239354,-0.239354
21417,-0.209434,-0.269273,-0.239354
21418,-0.209434,-0.269273,-0.269273
21419,-0.209434,-0.269273,-0.269273
21420,-0.209434,-0.239354,-0.269273
21421,-0.209434,-0.269273,-0.269273
21422,-0.209434,-0.269273,-0.239354
21423,-0.209434,-0.239354,-0.239354
21424,-0.209434,-0.239354,-0.239354
21425,-0.209434,-0.239354,-0.239354
21426,-0.209434,-0.239354,-0.239354
21427,-0.239354,-0.269273,-0.269273
21428,-0.239354,-0.299192,-0.299192
21429,-0.239354,-0.269273,-0.269273
21430,-0.239354,-0.269273,-0.269273
21431,-0.209434,-0.239354,-0.239354
21432,-0.179515,-0.239354,-0.209434
21433,-0.179515,-0.209434,-0.209434
21434,-0.179515,-0.209434,-0.209434
21435,-0.179515,-0.209434,-0.209434
21436,-0.179515,-0.209434,-0.209434
21437,-0.179515,-0.209434,-0.209434
21438,-0.179515,-0.239354,-0.239354
21439,-0.179515,-0.239354,-0.239354
21440,-0.179515,-0.239354,-0.239354
21441,-0.179515,-0.239354,-0.239354
21442,-0.179515,-0.239354,-0.239354
21443,-0.149596,-0.209434,-0.209434
21444,-0.119677,-0.179515,-0.179515
21445,-0.149596,-0.209434,-0.209434
21446,-0.179515,-0.209434,-0.209434
21447,-0.179515,-0.239354,-0.209434
21448,-0.209434,-0.269273,-0.239354
21449,-0.209434,-0.269273,-0.269273
21450,-0.209434,-0.269273,-0.239354
21451,-0.209434,-0.269273,-0.269273
21452,-0.209434,-0.269273,-0.269273
21453,-0.209434,-0.269273,-0.269273
21454,-0.209434,-0.239354,-0.239354
21455,-0.209434,-0.239354,-0.239354
21456,-0.209434,-0.239354,-0.239354
21457,-0.209434,-0.239354,-0.239354
21458,-0.209434,-0.239354,-0.239354
21459,-0.239354,-0.269273,-0.269273
21460,-0.239354,-0.299192,-0.299192
21461,-0.239354,-0.269273,-0.269273
21462,-0.239354,-0.269273,-0.269273
21463,-0.209434,-0.239354,-0.239354
21464,-0.179515,-0.239354,-0.239354
21465,-0.179515,-0.209434,-0.209434
21466,-0.179515,-0.209434,-0.209434
21467,-0.179515,-0.209434,-0.209434
21468,-0.179515,-0.209434,-0.209434
21469,-0.179515,-0.209434,-0.209434
21470,-0.179515,-0.209434,-0.209434
21471,-0.179515,-0.239354,-0.239354
21472,-0.179515,-0.239354,-0.239354
21473,-0.179515,-0.239354,-0.239354
21474,-0.179515,-0.239354,-0.239354
21475,-0.149596,-0.209434,-0.209434
21476,-0.149596,-0.179515,-0.179515
21477,-0.149596,-0.179515,-0.179515
21478,-0.149596,-0.209434,-0.209434
21479,-0.179515,-0.209434,-0.239354
21480,-0.209434,-0.239354,-0.239354
21481,-0.209434,-0.269273,-0.269273
21482,-0.209434,-0.269273,-0.239354
21483,-0.209434,-0.269273,-0.269273
21484,-0.209434,-0.269273,-0.269273
21485,-0.209434,-0.269273,-0.269273
21486,-0.209434,-0.239354,-0.239354
21487,-0.209434,-0.239354,-0.239354
21488,-0.209434,-0.239354,-0.239354
21489,-0.209434,-0.239354,-0.239354
21490,-0.209434,-0.239354,-0.239354
21491,-0.239354,-0.269273,-0.269273
21492,-0.239354,-0.299192,-0.299192
21493,-0.239354,-0.269273,-0.269273
21494,-0.239354,-0.269273,-0.269273
21495,-0.209434,-0.239354,-0.239354
21496,-0.179515,-0.239354,-0.239354
21497,-0.179515,-0.209434,-0.209434
21498,-0.179515,-0.209434,-0.209434
21499,-0.179515,-0.209434,-0.209434
21500,-0.179515,-0.209434,-0.209434
21501,-0.179515,-0.209434,-0.209434
21502,-0.179515,-0.239354,-0.209434
21503,-0.179515,-0.239354,-0.239354
21504,-0.179515,-0.239354,-0.239354
21505,-0.179515,-0.239354,-0.239354
21506,-0.179515,-0.239354,-0.239354
21507,-0.149596,-0.209434,-0.209434
21508,-0.119677,-0.179515,-0.179515
21509,-0.149596,-0.179515,-0.179515
21510,-0.179515,-0.209434,-0.209434
21511,-0.179515,-0.239354,-0.239354
21512,-0.209434,-0.269273,-0.239354
21513,-0.209434,-0.269273,-0.269273
21514,-0.209434,-0.269273,-0.269273
21515,-0.209434,-0.269273,-0.239354
21516,-0.209434,-0.269273,-0.269273
21517,-0.209434,-0.269273,-0.269273
21518,-0.209434,-0.239354,-0.239354
21519,-0.209434,-0.239354,-0.239354
21520,-0.209434,-0.239354,-0.239354
21521,-0.209434,-0.239354,-0.239354
21522,-0.209434,-0.239354,-0.239354
21523,-0.239354,-0.269273,-0.269273
21524,-0.239354,-0.299192,-0.299192
21525,-0.239354,-0.269273,-0.269273
21526,-0.239354,-0.269273,-0.269273
21527,-0.209434,-0.239354,-0.239354
21528,-0.179515,-0.239354,-0.239354
21529,-0.179515,-0.209434,-0.209434
21530,-0.179515,-0.209434,-0.209434
21531,-0.179515,-0.209434,-0.209434
21532,-0.179515,-0.209434,-0.209434
21533,-0.179515,-0.209434,-0.209434
21534,-0.179515,-0.239354,-0.239354
21535,-0.179515,-0.239354,-0.239354
21536,-0.179515,-0.239354,-0.239354
21537,-0.179515,-0.239354,-0.239354
21538,-0.179515,-0.239354,-0.239354
21539,-0.149596,-0.209434,-0.209434
21540,-0.119677,-0.179515,-0.179515
21541,-0.149596,-0.209434,-0.179515
21542,-0.179515,-0.209434,-0.209434
21543,-0.179515,-0.239354,-0.239354
21544,-0.209434,-0.239354,-0.239354
21545,-0.209434,-0.269273,-0.269273
21546,-0.209434,-0.269273,-0.239354
21547,-0.209434,-0.269273,-0.239354
21548,-0.209434,-0.269273,-0.269273
21549,-0.209434,-0.269273,-0.269273
21550,-0.209434,-0.239354,-0.239354
21551,-0.209434,-0.239354,-0.239354
21552,-0.209434,-0.239354,-0.239354
21553,-0.209434,-0.239354,-0.239354
21554,-0.209434,-0.239354,-0.239354
21555,-0.239354,-0.269273,-0.269273
21556,-0.239354,-0.299192,-0.299192
21557,-0.239354,-0.299192,-0.269273
21558,-0.209434,-0.269273,-0.269273
21559,-0.209434,-0.239354,-0.239354
21560,-0.179515,-0.239354,-0.209434
21561,-0.179515,-0.209434,-0.209434
21562,-0.179515,-0.209434,-0.209434
21563,-0.179515,-0.239354,-0.209434
21564,-0.179515,-0.239354,-0.209434
21565,-0.179515,-0.209434,-0.209434
21566,-0.179515,-0.239354,-0.209434
21567,-0.179515,-0.239354,-0.239354
21568,-0.179515,-0.239354,-0.239354
21569,-0.179515,-0.239354,-0.239354
21570,-0.179515,-0.239354,-0.239354
21571,-0.149596,-0.209434,-0.179515
21572,-0.119677,-0.179515,-0.179515
21573,-0.149596,-0.209434,-0.209434
21574,-0.179515,-0.209434,-0.209434
21575,-0.179515,-0.239354,-0.239354
21576,-0.209434,-0.239354,-0.239354
21577,-0.209434,-0.269273,-0.269273
21578,-0.209434,-0.269273,-0.269273
21579,-0.209434,-0.239354,-0.269273
21580,-0.209434,-0.269273,-0.239354
21581,-0.209434,-0.269273,-0.269273
21582,-0.209434,-0.239354,-0.239354
21583,-0.209434,-0.239354,-0.239354
21584,-0.209434,-0.239354,-0.239354
21585,-0.209434,-0.239354,-0.239354
21586,-0.209434,-0.239354,-0.239354
21587,-0.239354,-0.299192,-0.269273
21588,-0.269273,-0.299192,-0.299192
21589,-0.239354,-0.269273,-0.269273
21590,-0.239354,-0.269273,-0.269273
21591,-0.209434,-0.239354,-0.239354
21592,-0.179515,-0.239354,-0.209434
21593,-0.179515,-0.209434,-0.209434
21594,-0.179515,-0.239354,-0.209434
21595,-0.179515,-0.209434,-0.209434
21596,-0.179515,-0.209434,-0.209434
21597,-0.179515,-0.209434,-0.209434
21598,-0.179515,-0.239354,-0.209434
21599,-0.179515,-0.239354,-0.239354
21600,-0.179515,-0.239354,-0.239354
21601,-0.179515,-0.239354,-0.239354
21602,-0.179515,-0.239354,-0.239354
21603,-0.149596,-0.209434,-0.209434
21604,-0.119677,-0.179515,-0.179515
21605,-0.149596,-0.209434,-0.179515
21606,-0.179515,-0.209434,-0.209434
21607,-0.179515,-0.239354,-0.239354
21608,-0.209434,-0.269273,-0.239354
21609,-0.209434,-0.269273,-0.239354
21610,-0.209434,-0.269273,-0.239354
21611,-0.209434,-0.239354,-0.269273
21612,-0.209434,-0.269273,-0.269273
21613,-0.209434,-0.269273,-0.239354
21614,-0.209434,-0.239354,-0.239354
21615,-0.209434,-0.239354,-0.239354
21616,-0.209434,-0.239354,-0.239354
21617,-0.209434,-0.239354,-0.239354
21618,-0.209434,-0.239354,-0.239354
21619,-0.239354,-0.269273,-0.269273
21620,-0.239354,-0.299192,-0.299192
21621,-0.239354,-0.269273,-0.269273
21622,-0.239354,-0.269273,-0.269273
21623,-0.209434,-0.239354,-0.239354
21624,-0.179515,-0.239354,-0.239354
21625,-0.179515,-0.239354,-0.209434
21626,-0.179515,-0.209434,-0.209434
21627,-0.179515,-0.209434,-0.209434
21628,-0.179515,-0.209434,-0.209434
21629,-0.179515,-0.209434,-0.209434
21630,-0.179515,-0.239354,-0.209434
21631,-0.179515,-0.239354,-0.209434
21632,-0.179515,-0.239354,-0.239354
21633,-0.179515,-0.239354,-0.239354
21634,-0.179515,-0.239354,-0.239354
21635,-0.149596,-0.209434,-0.179515
21636,-0.149596,-0.179515,-0.179515
21637,-0.149596,-0.209434,-0.179515
21638,-0.179515,-0.209434,-0.209434
21639,-0.179515,-0.239354,-0.239354
21640,-0.209434,-0.269273,-0.239354
21641,-0.209434,-0.269273,-0.269273
21642,-0.209434,-0.269273,-0.269273
21643,-0.209434,-0.269273,-0.239354
21644,-0.209434,-0.269273,-0.239354
21645,-0.209434,-0.269273,-0.239354
21646,-0.209434,-0.269273,-0.239354
21647,-0.209434,-0.239354,-0.239354
21648,-0.209434,-0.239354,-0.239354
21649,-0.209434,-0.239354,-0.239354
21650,-0.209434,-0.239354,-0.239354
21651,-0.239354,-0.299192,-0.269273
21652,-0.239354,-0.299192,-0.299192
21653,-0.239354,-0.269273,-0.269273
21654,-0.209434,-0.269273,-0.269273
21655,-0.209434,-0.239354,-0.239354
21656,-0.179515,-0.209434,-0.209434
21657,-0.179515,-0.239354,-0.209434
21658,-0.179515,-0.239354,-0.209434
21659,-0.179515,-0.239354,-0.209434
21660,-0.179515,-0.239354,-0.209434
21661,-0.179515,-0.209434,-0.209434
21662,-0.179515,-0.239354,-0.209434
21663,-0.179515,-0.239354,-0.239354
21664,-0.179515,-0.239354,-0.239354
21665,-0.179515,-0.239354,-0.239354
21666,-0.179515,-0.239354,-0.239354
21667,-0.149596,-0.209434,-0.179515
21668,-0.149596,-0.179515,-0.179515
21669,-0.149596,-0.209434,-0.209434
21670,-0.179515,-0.209434,-0.209434
21671,-0.179515,-0.239354,-0.239354
21672,-0.209434,-0.269273,-0.239354
21673,-0.209434,-0.269273,-0.239354
21674,-0.209434,-0.269273,-0.269273
21675,-0.209434,-0.269273,-0.269273
21676,-0.209434,-0.269273,-0.269273
21677,-0.209434,-0.269273,-0.269273
21678,-0.209434,-0.239354,-0.239354
21679,-0.209434,-0.239354,-0.239354
21680,-0.209434,-0.239354,-0.239354
21681,-0.209434,-0.239354,-0.239354
21682,-0.209434,-0.239354,-0.239354
21683,-0.239354,-0.299192,-0.269273
21684,-0.239354,-0.299192,-0.299192
21685,-0.239354,-0.269273,-0.269273
21686,-0.239354,-0.269273,-0.269273
21687,-0.209434,-0.239354,-0.239354
21688,-0.179515,-0.239354,-0.209434
21689,-0.179515,-0.239354,-0.209434
21690,-0.179515,-0.239354,-0.209434
21691,-0.179515,-0.209434,-0.209434
21692,-0.179515,-0.209434,-0.209434
21693,-0.179515,-0.209434,-0.209434
21694,-0.179515,-0.209434,-0.239354
21695,-0.179515,-0.239354,-0.239354
21696,-0.179515,-0.239354,-0.239354
21697,-0.179515,-0.239354,-0.239354
21698,-0.179515,-0.239354,-0.239354
21699,-0.149596,-0.209434,-0.179515
21700,-0.149596,-0.179515,-0.179515
21701,-0.149596,-0.209434,-0.209434
21702,-0.179515,-0.209434,-0.209434
21703,-0.179515,-0.239354,-0.239354
21704,-0.209434,-0.269273,-0.269273
21705,-0.209434,-0.269273,-0.269273
21706,-0.209434,-0.269273,-0.239354
21707,-0.209434,-0.269273,-0.239354
21708,-0.209434,-0.269273,-0.269273
21709,-0.209434,-0.269273,-0.269273
21710,-0.209434,-0.269273,-0.239354
21711,-0.209434,-0.239354,-0.239354
21712,-0.209434,-0.239354,-0.239354
21713,-0.209434,-0.239354,-0.239354
21714,-0.209434,-0.239354,-0.239354
21715,-0.239354,-0.299192,-0.269273
21716,-0.239354,-0.299192,-0.299192
21717,-0.239354,-0.269273,-0.269273
21718,-0.239354,-0.269273,-0.269273
21719,-0.209434,-0.239354,-0.239354
21720,-0.179515,-0.209434,-0.209434
21721,-0.179515,-0.209434,-0.209434
21722,-0.179515,-0.209434,-0.209434
21723,-0.179515,-0.209434,-0.209434
21724,-0.179515,-0.209434,-0.209434
21725,-0.179515,-0.239354,-0.209434
21726,-0.179515,-0.239354,-0.239354
21727,-0.179515,-0.239354,-0.239354
21728,-0.179515,-0.239354,-0.239354
21729,-0.179515,-0.239354,-0.239354
21730,-0.179515,-0.239354,-0.239354
21731,-0.149596,-0.179515,-0.179515
21732,-0.119677,-0.179515,-0.179515
21733,-0.149596,-0.209434,-0.209434
21734,-0.179515,-0.209434,-0.209434
21735,-0.179515,-0.239354,-0.239354
21736,-0.209434,-0.269273,-0.269273
21737,-0.209434,-0.269273,-0.269273
21738,-0.209434,-0.269273,-0.239354
21739,-0.209434,-0.269273,-0.239354
21740,-0.209434,-0.269273,-0.239354
21741,-0.209434,-0.269273,-0.239354
21742,-0.209434,-0.239354,-0.239354
21743,-0.209434,-0.239354,-0.239354
21744,-0.209434,-0.239354,-0.239354
21745,-0.209434,-0.239354,-0.239354
21746,-0.209434,-0.239354,-0.239354
21747,-0.239354,-0.299192,-0.299192
21748,-0.239354,-0.299192,-0.299192
21749,-0.239354,-0.269273,-0.269273
21750,-0.239354,-0.269273,-0.269273
21751,-0.209434,-0.239354,-0.239354
21752,-0.179515,-0.239354,-0.209434
21753,-0.179515,-0.209434,-0.209434
21754,-0.179515,-0.209434,-0.209434
21755,-0.179515,-0.209434,-0.209434
21756,-0.179515,-0.209434,-0.209434
21757,-0.179515,-0.209434,-0.209434
21758,-0.179515,-0.239354,-0.239354
21759,-0.179515,-0.239354,-0.239354
21760,-0.179515,-0.239354,-0.239354
21761,-0.179515,-0.239354,-0.239354
21762,-0.179515,-0.239354,-0.239354
21763,-0.149596,-0.209434,-0.179515
21764,-0.149596,-0.179515,-0.179515
21765,-0.149596,-0.209434,-0.209434
21766,-0.179515,-0.209434,-0.209434
21767,-0.209434,-0.239354,-0.239354
21768,-0.209434,-0.269273,-0.269273
21769,-0.209434,-0.269273,-0.269273
21770,-0.209434,-0.269273,-0.269273
21771,-0.209434,-0.269273,-0.269273
21772,-0.209434,-0.269273,-0.269273
21773,-0.209434,-0.269273,-0.269273
21774,-0.209434,-0.239354,-0.239354
21775,-0.209434,-0.239354,-0.239354
21776,-0.209434,-0.239354,-0.239354
21777,-0.209434,-0.239354,-0.239354
21778,-0.209434,-0.239354,-0.239354
21779,-0.239354,-0.299192,-0.269273
21780,-0.239354,-0.299192,-0.299192
21781,-0.239354,-0.269273,-0.269273
21782,-0.209434,-0.269273,-0.269273
21783,-0.209434,-0.239354,-0.239354
21784,-0.179515,-0.239354,-0.209434
21785,-0.179515,-0.209434,-0.209434
21786,-0.179515,-0.209434,-0.209434
21787,-0.179515,-0.209434,-0.209434
21788,-0.179515,-0.209434,-0.209434
21789,-0.179515,-0.209434,-0.209434
21790,-0.179515,-0.209434,-0.209434
21791,-0.179515,-0.239354,-0.239354
21792,-0.179515,-0.239354,-0.239354
21793,-0.179515,-0.239354,-0.239354
21794,-0.179515,-0.239354,-0.239354
21795,-0.149596,-0.179515,-0.179515
21796,-0.149596,-0.179515,-0.179515
21797,-0.149596,-0.209434,-0.179515
21798,-0.179515,-0.209434,-0.209434
21799,-0.179515,-0.239354,-0.239354
21800,-0.209434,-0.269273,-0.269273
21801,-0.209434,-0.269273,-0.239354
21802,-0.209434,-0.269273,-0.239354
21803,-0.209434,-0.269273,-0.239354
21804,-0.209434,-0.269273,-0.239354
21805,-0.209434,-0.269273,-0.269273
21806,-0.209434,-0.239354,-0.239354
21807,-0.209434,-0.239354,-0.239354
21808,-0.209434,-0.239354,-0.239354
21809,-0.209434,-0.239354,-0.239354
21810,-0.209434,-0.239354,-0.239354
21811,-0.239354,-0.299192,-0.269273
21812,-0.239354,-0.299192,-0.299192
21813,-0.239354,-0.269273,-0.269273
21814,-0.209434,-0.269273,-0.269273
21815,-0.209434,-0.239354,-0.239354
21816,-0.179515,-0.209434,-0.209434
21817,-0.179515,-0.209434,-0.209434
21818,-0.179515,-0.209434,-0.209434
21819,-0.179515,-0.209434,-0.209434
21820,-0.179515,-0.239354,-0.209434
21821,-0.179515,-0.239354,-0.209434
21822,-0.179515,-0.209434,-0.209434
21823,-0.179515,-0.239354,-0.209434
21824,-0.179515,-0.239354,-0.239354
21825,-0.179515,-0.239354,-0.239354
21826,-0.179515,-0.239354,-0.209434
21827,-0.149596,-0.179515,-0.179515
21828,-0.149596,-0.179515,-0.179515
21829,-0.149596,-0.209434,-0.209434
21830,-0.179515,-0.209434,-0.209434
21831,-0.209434,-0.239354,-0.239354
21832,-0.209434,-0.269273,-0.239354
21833,-0.209434,-0.269273,-0.239354
21834,-0.209434,-0.269273,-0.239354
21835,-0.209434,-0.269273,-0.239354
21836,-0.209434,-0.269273,-0.269273
21837,-0.209434,-0.269273,-0.239354
21838,-0.209434,-0.239354,-0.239354
21839,-0.209434,-0.239354,-0.239354
21840,-0.209434,-0.239354,-0.239354
21841,-0.209434,-0.239354,-0.239354
21842,-0.209434,-0.269273,-0.239354
21843,-0.239354,-0.299192,-0.299192
21844,-0.239354,-0.299192,-0.299192
21845,-0.239354,-0.269273,-0.269273
21846,-0.209434,-0.269273,-0.269273
21847,-0.209434,-0.239354,-0.239354
21848,-0.179515,-0.239354,-0.209434
21849,-0.179515,-0.209434,-0.209434
21850,-0.179515,-0.209434,-0.209434
21851,-0.179515,-0.209434,-0.209434
21852,-0.179515,-0.209434,-0.209434
21853,-0.179515,-0.209434,-0.209434
21854,-0.179515,-0.239354,-0.209434
21855,-0.179515,-0.239354,-0.239354
21856,-0.179515,-0.239354,-0.239354
21857,-0.179515,-0.239354,-0.239354
21858,-0.179515,-0.239354,-0.209434
21859,-0.149596,-0.179515,-0.179515
21860,-0.119677,-0.179515,-0.179515
21861,-0.149596,-0.209434,-0.209434
21862,-0.179515,-0.209434,-0.209434
21863,-0.179515,-0.239354,-0.239354
21864,-0.209434,-0.269273,-0.269273
21865,-0.209434,-0.269273,-0.239354
21866,-0.209434,-0.269273,-0.269273
21867,-0.209434,-0.269273,-0.269273
21868,-0.209434,-0.269273,-0.269273
21869,-0.209434,-0.269273,-0.269273
21870,-0.209434,-0.269273,-0.239354
21871,-0.209434,-0.269273,-0.239354
21872,-0.209434,-0.239354,-0.239354
21873,-0.209434,-0.239354,-0.239354
21874,-0.209434,-0.269273,-0.239354
21875,-0.239354,-0.299192,-0.269273
21876,-0.239354,-0.299192,-0.299192
21877,-0.239354,-0.269273,-0.269273
21878,-0.209434,-0.269273,-0.269273
21879,-0.209434,-0.239354,-0.239354
21880,-0.179515,-0.209434,-0.209434
21881,-0.179515,-0.209434,-0.209434
21882,-0.179515,-0.209434,-0.209434
21883,-0.179515,-0.209434,-0.209434
21884,-0.179515,-0.209434,-0.209434
21885,-0.179515,-0.209434,-0.209434
21886,-0.179515,-0.239354,-0.209434
21887,-0.179515,-0.239354,-0.239354
21888,-0.179515,-0.239354,-0.239354
21889,-0.179515,-0.239354,-0.239354
21890,-0.179515,-0.239354,-0.239354
21891,-0.149596,-0.179515,-0.179515
21892,-0.119677,-0.179515,-0.179515
21893,-0.149596,-0.209434,-0.209434
21894,-0.179515,-0.209434,-0.209434
21895,-0.209434,-0.239354,-0.239354
21896,-0.209434,-0.269273,-0.269273
21897,-0.209434,-0.269273,-0.269273
21898,-0.209434,-0.269273,-0.239354
21899,-0.209434,-0.269273,-0.239354
21900,-0.209434,-0.269273,-0.269273
21901,-0.209434,-0.269273,-0.269273
21902,-0.209434,-0.239354,-0.239354
21903,-0.209434,-0.239354,-0.239354
21904,-0.209434,-0.239354,-0.239354
21905,-0.209434,-0.239354,-0.239354
21906,-0.209434,-0.239354,-0.239354
21907,-0.239354,-0.299192,-0.299192
21908,-0.239354,-0.299192,-0.299192
21909,-0.239354,-0.269273,-0.269273
21910,-0.209434,-0.269273,-0.269273
21911,-0.179515,-0.239354,-0.239354
21912,-0.179515,-0.209434,-0.239354
21913,-0.179515,-0.209434,-0.209434
21914,-0.179515,-0.209434,-0.209434
21915,-0.179515,-0.209434,-0.209434
21916,-0.179515,-0.209434,-0.209434
21917,-0.179515,-0.239354,-0.209434
21918,-0.179515,-0.239354,-0.239354
21919,-0.179515,-0.239354,-0.239354
21920,-0.179515,-0.239354,-0.239354
21921,-0.179515,-0.239354,-0.239354
21922,-0.179515,-0.209434,-0.239354
21923,-0.149596,-0.179515,-0.179515
21924,-0.149596,-0.179515,-0.179515
21925,-0.149596,-0.209434,-0.209434
21926,-0.179515,-0.209434,-0.209434
21927,-0.209434,-0.239354,-0.239354
21928,-0.209434,-0.269273,-0.269273
21929,-0.209434,-0.269273,-0.269273
21930,-0.209434,-0.269273,-0.239354
21931,-0.209434,-0.269273,-0.239354
21932,-0.209434,-0.269273,-0.269273
21933,-0.209434,-0.269273,-0.269273
21934,-0.209434,-0.239354,-0.239354
21935,-0.209434,-0.239354,-0.239354
21936,-0.209434,-0.239354,-0.239354
21937,-0.209434,-0.239354,-0.239354
21938,-0.209434,-0.269273,-0.239354
21939,-0.239354,-0.299192,-0.299192
21940,-0.239354,-0.299192,-0.299192
21941,-0.239354,-0.269273,-0.269273
21942,-0.209434,-0.269273,-0.269273
21943,-0.209434,-0.239354,-0.239354
21944,-0.179515,-0.239354,-0.209434
21945,-0.179515,-0.209434,-0.209434
21946,-0.179515,-0.209434,-0.209434
21947,-0.179515,-0.209434,-0.209434
21948,-0.179515,-0.209434,-0.209434
21949,-0.179515,-0.209434,-0.239354
21950,-0.179515,-0.239354,-0.239354
21951,-0.179515,-0.239354,-0.239354
21952,-0.179515,-0.239354,-0.239354
21953,-0.179515,-0.239354,-0.239354
21954,-0.179515,-0.209434,-0.239354
21955,-0.149596,-0.179515,-0.179515
21956,-0.149596,-0.179515,-0.179515
21957,-0.149596,-0.209434,-0.209434
21958,-0.179515,-0.209434,-0.209434
21959,-0.209434,-0.239354,-0.239354
21960,-0.209434,-0.269273,-0.239354
21961,-0.209434,-0.269273,-0.269273
21962,-0.209434,-0.269273,-0.269273
21963,-0.209434,-0.269273,-0.239354
21964,-0.209434,-0.269273,-0.269273
21965,-0.209434,-0.269273,-0.269273
21966,-0.209434,-0.239354,-0.239354
21967,-0.209434,-0.239354,-0.239354
21968,-0.209434,-0.239354,-0.239354
21969,-0.209434,-0.239354,-0.239354
21970,-0.209434,-0.239354,-0.239354
21971,-0.239354,-0.299192,-0.299192
21972,-0.239354,-0.299192,-0.269273
21973,-0.209434,-0.269273,-0.269273
21974,-0.209434,-0.269273,-0.269273
21975,-0.179515,-0.239354,-0.239354
21976,-0.179515,-0.239354,-0.209434
21977,-0.179515,-0.209434,-0.209434
21978,-0.179515,-0.209434,-0.209434
21979,-0.179515,-0.209434,-0.209434
21980,-0.179515,-0.209434,-0.209434
21981,-0.179515,-0.209434,-0.209434
21982,-0.179515,-0.239354,-0.239354
21983,-0.179515,-0.239354,-0.239354
21984,-0.179515,-0.239354,-0.239354
21985,-0.179515,-0.239354,-0.239354
21986,-0.179515,-0.239354,-0.209434
21987,-0.119677,-0.179515,-0.179515
21988,-0.149596,-0.179515,-0.179515
21989,-0.149596,-0.209434,-0.209434
21990,-0.179515,-0.209434,-0.209434
21991,-0.209434,-0.239354,-0.239354
21992,-0.209434,-0.269273,-0.269273
21993,-0.209434,-0.269273,-0.269273
21994,-0.209434,-0.269273,-0.269273
21995,-0.209434,-0.269273,-0.269273
21996,-0.209434,-0.269273,-0.269273
21997,-0.209434,-0.269273,-0.239354
21998,-0.209434,-0.239354,-0.239354
21999,-0.209434,-0.239354,-0.239354
22000,-0.209434,-0.239354,-0.239354
22001,-0.209434,-0.239354,-0.239354
22002,-0.209434,-0.269273,-0.239354
22003,-0.239354,-0.299192,-0.299192
22004,-0.239354,-0.299192,-0.299192
22005,-0.239354,-0.269273,-0.269273
22006,-0.209434,-0.269273,-0.269273
22007,-0.179515,-0.239354,-0.239354
22008,-0.179515,-0.209434,-0.209434
22009,-0.179515,-0.209434,-0.209434
22010,-0.179515,-0.239354,-0.209434
22011,-0.179515,-0.239354,-0.209434
22012,-0.179515,-0.209434,-0.209434
22013,-0.179515,-0.209434,-0.209434
22014,-0.179515,-0.239354,-0.209434
22015,-0.179515,-0.239354,-0.239354
22016,-0.179515,-0.239354,-0.239354
22017,-0.179515,-0.239354,-0.239354
22018,-0.179515,-0.209434,-0.209434
22019,-0.149596,-0.179515,-0.179515
22020,-0.149596,-0.179515,-0.179515
22021,-0.149596,-0.209434,-0.209434
22022,-0.179515,-0.209434,-0.209434
22023,-0.209434,-0.239354,-0.239354
22024,-0.209434,-0.269273,-0.239354
22025,-0.209434,-0.269273,-0.269273
22026,-0.209434,-0.269273,-0.239354
22027,-0.209434,-0.269273,-0.239354
22028,-0.209434,-0.269273,-0.239354
22029,-0.209434,-0.269273,-0.239354
22030,-0.209434,-0.239354,-0.239354
22031,-0.209434,-0.239354,-0.239354
22032,-0.209434,-0.239354,-0.239354
22033,-0.209434,-0.239354,-0.239354
22034,-0.209434,-0.269273,-0.269273
22035,-0.239354,-0.299192,-0.299192
22036,-0.239354,-0.299192,-0.299192
22037,-0.239354,-0.269273,-0.269273
22038,-0.209434,-0.269273,-0.269273
22039,-0.179515,-0.239354,-0.239354
22040,-0.179515,-0.239354,-0.209434
22041,-0.179515,-0.209434,-0.209434
22042,-0.179515,-0.209434,-0.209434
22043,-0.179515,-0.209434,-0.209434
22044,-0.179515,-0.209434,-0.209434
22045,-0.179515,-0.209434,-0.209434
22046,-0.179515,-0.239354,-0.239354
22047,-0.179515,-0.239354,-0.209434
22048,-0.179515,-0.239354,-0.239354
22049,-0.179515,-0.239354,-0.239354
22050,-0.179515,-0.209434,-0.209434
22051,-0.119677,-0.179515,-0.179515
22052,-0.149596,-0.179515,-0.179515
22053,-0.149596,-0.209434,-0.209434
22054,-0.179515,-0.209434,-0.209434
22055,-0.209434,-0.239354,-0.239354
22056,-0.209434,-0.269273,-0.269273
22057,-0.209434,-0.269273,-0.239354
22058,-0.209434,-0.269273,-0.269273
22059,-0.209434,-0.269273,-0.239354
22060,-0.209434,-0.269273,-0.269273
22061,-0.209434,-0.269273,-0.269273
22062,-0.209434,-0.239354,-0.239354
22063,-0.209434,-0.239354,-0.239354
22064,-0.209434,-0.239354,-0.239354
22065,-0.209434,-0.239354,-0.239354
22066,-0.209434,-0.269273,-0.269273
22067,-0.239354,-0.299192,-0.299192
22068,-0.239354,-0.299192,-0.299192
22069,-0.239354,-0.269273,-0.269273
22070,-0.209434,-0.269273,-0.269273
22071,-0.179515,-0.239354,-0.239354
22072,-0.179515,-0.209434,-0.239354
22073,-0.179515,-0.209434,-0.209434
22074,-0.179515,-0.209434,-0.209434
22075,-0.179515,-0.209434,-0.209434
22076,-0.179515,-0.209434,-0.209434
22077,-0.179515,-0.239354,-0.209434
22078,-0.179515,-0.239354,-0.239354
22079,-0.179515,-0.239354,-0.239354
22080,-0.179515,-0.239354,-0.239354
22081,-0.179515,-0.239354,-0.239354
22082,-0.179515,-0.209434,-0.209434
22083,-0.149596,-0.179515,-0.179515
22084,-0.149596,-0.179515,-0.179515
22085,-0.149596,-0.209434,-0.209434
22086,-0.179515,-0.209434,-0.209434
22087,-0.209434,-0.239354,-0.239354
22088,-0.209434,-0.269273,-0.239354
22089,-0.209434,-0.269273,-0.269273
22090,-0.209434,-0.269273,-0.269273
22091,-0.209434,-0.269273,-0.269273
22092,-0.209434,-0.269273,-0.269273
22093,-0.209434,-0.269273,-0.269273
22094,-0.209434,-0.239354,-0.239354
22095,-0.209434,-0.239354,-0.239354
22096,-0.209434,-0.239354,-0.239354
22097,-0.209434,-0.239354,-0.239354
22098,-0.209434,-0.269273,-0.269273
22099,-0.239354,-0.299192,-0.299192
22100,-0.239354,-0.299192,-0.299192
22101,-0.239354,-0.269273,-0.269273
22102,-0.209434,-0.269273,-0.269273
22103,-0.179515,-0.239354,-0.239354
22104,-0.179515,-0.209434,-0.209434
22105,-0.179515,-0.209434,-0.209434
22106,-0.179515,-0.209434,-0.209434
22107,-0.179515,-0.209434,-0.209434
22108,-0.179515,-0.209434,-0.209434
22109,-0.179515,-0.209434,-0.209434
22110,-0.179515,-0.239354,-0.209434
22111,-0.179515,-0.239354,-0.239354
22112,-0.179515,-0.239354,-0.239354
22113,-0.179515,-0.239354,-0.239354
22114,-0.179515,-0.209434,-0.209434
22115,-0.149596,-0.179515,-0.179515
22116,-0.149596,-0.179515,-0.179515
22117,-0.149596,-0.209434,-0.209434
22118,-0.179515,-0.239354,-0.209434
22119,-0.209434,-0.239354,-0.239354
22120,-0.209434,-0.269273,-0.269273
22121,-0.209434,-0.269273,-0.269273
22122,-0.209434,-0.269273,-0.239354
22123,-0.209434,-0.239354,-0.239354
22124,-0.209434,-0.269273,-0.269273
22125,-0.209434,-0.269273,-0.239354
22126,-0.209434,-0.239354,-0.239354
22127,-0.209434,-0.239354,-0.239354
22128,-0.209434,-0.239354,-0.239354
22129,-0.209434,-0.239354,-0.239354
22130,-0.209434,-0.269273,-0.269273
22131,-0.239354,-0.299192,-0.299192
22132,-0.239354,-0.299192,-0.299192
22133,-0.239354,-0.269273,-0.269273
22134,-0.209434,-0.269273,-0.269273
22135,-0.179515,-0.239354,-0.239354
22136,-0.179515,-0.209434,-0.209434
22137,-0.179515,-0.209434,-0.209434
22138,-0.179515,-0.209434,-0.209434
22139,-0.179515,-0.209434,-0.209434
22140,-0.179515,-0.209434,-0.209434
22141,-0.179515,-0.209434,-0.209434
22142,-0.179515,-0.239354,-0.239354
22143,-0.179515,-0.239354,-0.239354
22144,-0.179515,-0.239354,-0.239354
22145,-0.179515,-0.239354,-0.239354
22146,-0.179515,-0.209434,-0.209434
22147,-0.119677,-0.179515,-0.179515
22148,-0.149596,-0.179515,-0.179515
22149,-0.149596,-0.209434,-0.209434
22150,-0.179515,-0.209434,-0.239354
22151,-0.209434,-0.239354,-0.239354
22152,-0.209434,-0.269273,-0.269273
22153,-0.209434,-0.269273,-0.269273
22154,-0.209434,-0.269273,-0.239354
22155,-0.209434,-0.269273,-0.239354
22156,-0.209434,-0.269273,-0.269273
22157,-0.209434,-0.269273,-0.239354
22158,-0.209434,-0.239354,-0.239354
22159,-0.209434,-0.239354,-0.239354
22160,-0.209434,-0.239354,-0.239354
22161,-0.179515,-0.239354,-0.239354
22162,-0.209434,-0.269273,-0.269273
22163,-0.239354,-0.299192,-0.299192
22164,-0.239354,-0.299192,-0.269273
22165,-0.239354,-0.269273,-0.269273
22166,-0.209434,-0.269273,-0.269273
22167,-0.179515,-0.239354,-0.239354
22168,-0.179515,-0.239354,-0.209434
22169,-0.179515,-0.209434,-0.209434
22170,-0.179515,-0.209434,-0.209434
22171,-0.179515,-0.209434,-0.209434
22172,-0.179515,-0.209434,-0.209434
22173,-0.179515,-0.209434,-0.209434
22174,-0.179515,-0.239354,-0.239354
22175,-0.179515,-0.239354,-0.239354
22176,-0.179515,-0.239354,-0.239354
22177,-0.179515,-0.239354,-0.239354
22178,-0.179515,-0.209434,-0.209434
22179,-0.119677,-0.179515,-0.179515
22180,-0.149596,-0.179515,-0.179515
22181,-0.149596,-0.209434,-0.209434
22182,-0.179515,-0.209434,-0.209434
22183,-0.209434,-0.239354,-0.239354
22184,-0.209434,-0.269273,-0.269273
22185,-0.209434,-0.269273,-0.269273
22186,-0.209434,-0.269273,-0.269273
22187,-0.209434,-0.239354,-0.269273
22188,-0.209434,-0.269273,-0.269273
22189,-0.209434,-0.239354,-0.269273
22190,-0.209434,-0.239354,-0.239354
22191,-0.209434,-0.239354,-0.239354
22192,-0.179515,-0.239354,-0.239354
22193,-0.209434,-0.239354,-0.239354
22194,-0.209434,-0.269273,-0.269273
22195,-0.239354,-0.299192,-0.299192
22196,-0.239354,-0.299192,-0.269273
22197,-0.239354,-0.269273,-0.269273
22198,-0.209434,-0.269273,-0.269273
22199,-0.179515,-0.239354,-0.239354
22200,-0.179515,-0.209434,-0.209434
22201,-0.179515,-0.209434,-0.209434
22202,-0.179515,-0.209434,-0.209434
22203,-0.179515,-0.209434,-0.209434
22204,-0.179515,-0.209434,-0.209434
22205,-0.179515,-0.209434,-0.209434
22206,-0.179515,-0.239354,-0.239354
22207,-0.179515,-0.239354,-0.239354
22208,-0.179515,-0.239354,-0.239354
22209,-0.179515,-0.239354,-0.239354
22210,-0.179515,-0.209434,-0.209434
22211,-0.119677,-0.179515,-0.179515
22212,-0.149596,-0.179515,-0.179515
22213,-0.149596,-0.209434,-0.209434
22214,-0.179515,-0.239354,-0.209434
22215,-0.209434,-0.239354,-0.239354
22216,-0.209434,-0.269273,-0.239354
22217,-0.209434,-0.269273,-0.269273
22218,-0.209434,-0.269273,-0.269273
22219,-0.209434,-0.269273,-0.269273
22220,-0.209434,-0.269273,-0.269273
22221,-0.209434,-0.269273,-0.239354
22222,-0.209434,-0.239354,-0.239354
22223,-0.209434,-0.239354,-0.239354
22224,-0.209434,-0.239354,-0.239354
22225,-0.209434,-0.239354,-0.239354
22226,-0.209434,-0.269273,-0.269273
22227,-0.239354,-0.299192,-0.299192
22228,-0.239354,-0.299192,-0.299192
22229,-0.209434,-0.269273,-0.269273
22230,-0.209434,-0.269273,-0.269273
22231,-0.179515,-0.239354,-0.239354
22232,-0.179515,-0.209434,-0.209434
22233,-0.179515,-0.239354,-0.209434
22234,-0.179515,-0.209434,-0.209434
22235,-0.179515,-0.209434,-0.209434
22236,-0.179515,-0.209434,-0.209434
22237,-0.179515,-0.239354,-0.209434
22238,-0.179515,-0.239354,-0.209434
22239,-0.179515,-0.239354,-0.209434
22240,-0.179515,-0.239354,-0.239354
22241,-0.179515,-0.239354,-0.239354
22242,-0.179515,-0.209434,-0.209434
22243,-0.119677,-0.179515,-0.179515
22244,-0.149596,-0.179515,-0.179515
22245,-0.149596,-0.209434,-0.209434
22246,-0.179515,-0.239354,-0.239354
22247,-0.209434,-0.239354,-0.239354
22248,-0.209434,-0.269273,-0.269273
22249,-0.209434,-0.269273,-0.269273
22250,-0.209434,-0.269273,-0.269273
22251,-0.209434,-0.269273,-0.269273
22252,-0.209434,-0.269273,-0.269273
22253,-0.209434,-0.269273,-0.239354
22254,-0.209434,-0.239354,-0.239354
22255,-0.209434,-0.239354,-0.239354
22256,-0.209434,-0.239354,-0.239354
22257,-0.209434,-0.239354,-0.239354
22258,-0.209434,-0.269273,-0.269273
22259,-0.269273,-0.299192,-0.299192
22260,-0.239354,-0.299192,-0.299192
22261,-0.239354,-0.269273,-0.269273
22262,-0.209434,-0.269273,-0.269273
22263,-0.179515,-0.239354,-0.239354
22264,-0.179515,-0.239354,-0.209434
22265,-0.179515,-0.209434,-0.209434
22266,-0.179515,-0.209434,-0.209434
22267,-0.179515,-0.209434,-0.209434
22268,-0.179515,-0.209434,-0.209434
22269,-0.179515,-0.209434,-0.209434
22270,-0.179515,-0.239354,-0.209434
22271,-0.179515,-0.239354,-0.239354
22272,-0.179515,-0.239354,-0.239354
22273,-0.179515,-0.239354,-0.239354
22274,-0.179515,-0.209434,-0.209434
22275,-0.119677,-0.179515,-0.179515
22276,-0.149596,-0.179515,-0.179515
22277,-0.149596,-0.209434,-0.209434
22278,-0.179515,-0.239354,-0.209434
22279,-0.209434,-0.239354,-0.239354
22280,-0.209434,-0.239354,-0.269273
22281,-0.209434,-0.269273,-0.269273
22282,-0.209434,-0.269273,-0.269273
22283,-0.209434,-0.269273,-0.269273
22284,-0.209434,-0.269273,-0.239354
22285,-0.209434,-0.269273,-0.239354
22286,-0.209434,-0.239354,-0.239354
22287,-0.209434,-0.239354,-0.239354
22288,-0.209434,-0.239354,-0.239354
22289,-0.209434,-0.239354,-0.239354
22290,-0.239354,-0.269273,-0.269273
22291,-0.269273,-0.299192,-0.299192
22292,-0.239354,-0.299192,-0.299192
22293,-0.239354,-0.269273,-0.269273
22294,-0.209434,-0.269273,-0.269273
22295,-0.179515,-0.239354,-0.239354
22296,-0.179515,-0.209434,-0.209434
22297,-0.179515,-0.209434,-0.209434
22298,-0.179515,-0.239354,-0.209434
22299,-0.179515,-0.209434,-0.209434
22300,-0.179515,-0.209434,-0.209434
22301,-0.179515,-0.239354,-0.209434
22302,-0.179515,-0.239354,-0.239354
22303,-0.179515,-0.239354,-0.239354
22304,-0.179515,-0.239354,-0.239354
22305,-0.179515,-0.239354,-0.239354
22306,-0.149596,-0.209434,-0.209434
22307,-0.119677,-0.179515,-0.179515
22308,-0.149596,-0.179515,-0.179515
22309,-0.149596,-0.209434,-0.209434
22310,-0.179515,-0.239354,-0.209434
22311,-0.209434,-0.239354,-0.239354
22312,-0.209434,-0.269273,-0.239354
22313,-0.209434,-0.269273,-0.269273
22314,-0.209434,-0.269273,-0.239354
22315,-0.209434,-0.269273,-0.269273
22316,-0.209434,-0.269273,-0.269273
22317,-0.209434,-0.269273,-0.239354
22318,-0.209434,-0.239354,-0.239354
22319,-0.209434,-0.239354,-0.239354
22320,-0.209434,-0.239354,-0.239354
22321,-0.209434,-0.239354,-0.239354
22322,-0.209434,-0.269273,-0.269273
22323,-0.239354,-0.299192,-0.299192
22324,-0.239354,-0.299192,-0.269273
22325,-0.239354,-0.269273,-0.269273
22326,-0.209434,-0.269273,-0.239354
22327,-0.179515,-0.239354,-0.239354
22328,-0.179515,-0.209434,-0.209434
22329,-0.179515,-0.209434,-0.209434
22330,-0.179515,-0.209434,-0.209434
22331,-0.179515,-0.209434,-0.209434
22332,-0.179515,-0.209434,-0.209434
22333,-0.179515,-0.209434,-0.209434
22334,-0.179515,-0.239354,-0.209434
22335,-0.179515,-0.239354,-0.209434
22336,-0.179515,-0.239354,-0.239354
22337,-0.179515,-0.239354,-0.239354
22338,-0.179515,-0.209434,-0.209434
22339,-0.119677,-0.179515,-0.179515
22340,-0.149596,-0.179515,-0.179515
22341,-0.149596,-0.209434,-0.209434
22342,-0.179515,-0.209434,-0.239354
22343,-0.209434,-0.239354,-0.239354
22344,-0.209434,-0.269273,-0.269273
22345,-0.209434,-0.269273,-0.269273
22346,-0.209434,-0.269273,-0.239354
22347,-0.209434,-0.269273,-0.239354
22348,-0.209434,-0.269273,-0.269273
22349,-0.209434,-0.269273,-0.239354
22350,-0.209434,-0.239354,-0.239354
22351,-0.209434,-0.239354,-0.239354
22352,-0.209434,-0.239354,-0.239354
22353,-0.209434,-0.239354,-0.239354
22354,-0.239354,-0.269273,-0.269273
22355,-0.269273,-0.299192,-0.299192
22356,-0.239354,-0.299192,-0.299192
22357,-0.239354,-0.269273,-0.269273
22358,-0.209434,-0.239354,-0.239354
22359,-0.179515,-0.239354,-0.239354
22360,-0.179515,-0.209434,-0.209434
22361,-0.179515,-0.209434,-0.209434
22362,-0.179515,-0.209434,-0.209434
22363,-0.179515,-0.209434,-0.209434
22364,-0.179515,-0.209434,-0.209434
22365,-0.179515,-0.209434,-0.209434
22366,-0.179515,-0.239354,-0.209434
22367,-0.179515,-0.239354,-0.239354
22368,-0.179515,-0.239354,-0.239354
22369,-0.179515,-0.239354,-0.239354
22370,-0.149596,-0.209434,-0.209434
22371,-0.119677,-0.179515,-0.179515
22372,-0.149596,-0.209434,-0.179515
22373,-0.149596,-0.209434,-0.209434
22374,-0.179515,-0.239354,-0.209434
22375,-0.209434,-0.269273,-0.239354
22376,-0.209434,-0.269273,-0.269273
22377,-0.209434,-0.269273,-0.239354
22378,-0.209434,-0.269273,-0.269273
22379,-0.209434,-0.269273,-0.269273
22380,-0.209434,-0.269273,-0.269273
22381,-0.209434,-0.269273,-0.269273
22382,-0.209434,-0.239354,-0.239354
22383,-0.209434,-0.239354,-0.239354
22384,-0.209434,-0.239354,-0.239354
22385,-0.209434,-0.239354,-0.239354
22386,-0.209434,-0.269273,-0.269273
22387,-0.239354,-0.299192,-0.299192
22388,-0.239354,-0.299192,-0.269273
22389,-0.239354,-0.269273,-0.269273
22390,-0.209434,-0.239354,-0.239354
22391,-0.179515,-0.239354,-0.239354
22392,-0.179515,-0.209434,-0.209434
22393,-0.179515,-0.209434,-0.209434
22394,-0.179515,-0.209434,-0.209434
22395,-0.179515,-0.209434,-0.209434
22396,-0.179515,-0.209434,-0.209434
22397,-0.179515,-0.209434,-0.209434
22398,-0.179515,-0.239354,-0.239354
22399,-0.179515,-0.239354,-0.239354
22400,-0.179515,-0.239354,-0.239354
22401,-0.179515,-0.239354,-0.239354
22402,-0.179515,-0.209434,-0.209434
22403,-0.149596,-0.179515,-0.179515
22404,-0.149596,-0.209434,-0.179515
22405,-0.179515,-0.209434,-0.209434
22406,-0.179515,-0.239354,-0.239354
22407,-0.209434,-0.239354,-0.239354
22408,-0.209434,-0.269273,-0.239354
22409,-0.209434,-0.269273,-0.269273
22410,-0.209434,-0.239354,-0.269273
22411,-0.209434,-0.269273,-0.239354
22412,-0.209434,-0.269273,-0.269273
22413,-0.209434,-0.269273,-0.239354
22414,-0.209434,-0.239354,-0.239354
22415,-0.209434,-0.239354,-0.239354
22416,-0.209434,-0.239354,-0.239354
22417,-0.209434,-0.239354,-0.239354
22418,-0.239354,-0.269273,-0.269273
22419,-0.239354,-0.299192,-0.299192
22420,-0.239354,-0.299192,-0.269273
22421,-0.239354,-0.269273,-0.269273
22422,-0.209434,-0.239354,-0.239354
22423,-0.179515,-0.239354,-0.239354
22424,-0.179515,-0.209434,-0.239354
22425,-0.179515,-0.239354,-0.209434
22426,-0.179515,-0.209434,-0.209434
22427,-0.179515,-0.209434,-0.209434
22428,-0.179515,-0.209434,-0.209434
22429,-0.179515,-0.209434,-0.209434
22430,-0.179515,-0.239354,-0.239354
22431,-0.179515,-0.239354,-0.239354
22432,-0.179515,-0.239354,-0.239354
22433,-0.179515,-0.239354,-0.239354
22434,-0.149596,-0.209434,-0.209434
22435,-0.119677,-0.179515,-0.179515
22436,-0.149596,-0.179515,-0.179515
22437,-0.149596,-0.209434,-0.209434
22438,-0.179515,-0.239354,-0.239354
22439,-0.209434,-0.239354,-0.239354
22440,-0.209434,-0.269273,-0.269273
22441,-0.209434,-0.269273,-0.269273
22442,-0.209434,-0.269273,-0.269273
22443,-0.209434,-0.269273,-0.269273
22444,-0.209434,-0.269273,-0.269273
22445,-0.209434,-0.269273,-0.269273
22446,-0.209434,-0.269273,-0.239354
22447,-0.209434,-0.239354,-0.239354
22448,-0.209434,-0.239354,-0.239354
22449,-0.209434,-0.239354,-0.239354
22450,-0.239354,-0.269273,-0.269273
22451,-0.239354,-0.299192,-0.299192
22452,-0.239354,-0.269273,-0.269273
22453,-0.209434,-0.269273,-0.269273
22454,-0.209434,-0.269273,-0.239354
22455,-0.179515,-0.239354,-0.239354
22456,-0.179515,-0.209434,-0.209434
22457,-0.179515,-0.209434,-0.209434
22458,-0.179515,-0.209434,-0.209434
22459,-0.179515,-0.209434,-0.209434
22460,-0.179515,-0.209434,-0.209434
22461,-0.179515,-0.239354,-0.209434
22462,-0.179515,-0.239354,-0.239354
22463,-0.179515,-0.239354,-0.239354
22464,-0.179515,-0.239354,-0.239354
22465,-0.179515,-0.239354,-0.239354
22466,-0.149596,-0.209434,-0.209434
22467,-0.149596,-0.179515,-0.179515
22468,-0.149596,-0.179515,-0.179515
22469,-0.149596,-0.209434,-0.209434
22470,-0.179515,-0.239354,-0.239354
22471,-0.209434,-0.239354,-0.239354
22472,-0.209434,-0.269273,-0.269273
22473,-0.209434,-0.269273,-0.239354
22474,-0.209434,-0.269273,-0.239354
22475,-0.209434,-0.269273,-0.269273
22476,-0.209434,-0.269273,-0.239354
22477,-0.209434,-0.269273,-0.239354
22478,-0.209434,-0.239354,-0.239354
22479,-0.209434,-0.239354,-0.239354
22480,-0.209434,-0.239354,-0.239354
22481,-0.209434,-0.239354,-0.239354
22482,-0.239354,-0.269273,-0.269273
22483,-0.239354,-0.299192,-0.299192
22484,-0.239354,-0.269273,-0.269273
22485,-0.239354,-0.269273,-0.269273
22486,-0.209434,-0.269273,-0.239354
22487,-0.179515,-0.239354,-0.209434
22488,-0.179515,-0.209434,-0.209434
22489,-0.179515,-0.209434,-0.209434
22490,-0.179515,-0.209434,-0.209434
22491,-0.179515,-0.209434,-0.209434
22492,-0.179515,-0.209434,-0.209434
22493,-0.179515,-0.239354,-0.209434
22494,-0.179515,-0.239354,-0.239354
22495,-0.179515,-0.239354,-0.239354
22496,-0.179515,-0.239354,-0.239354
22497,-0.179515,-0.239354,-0.239354
22498,-0.149596,-0.209434,-0.209434
22499,-0.119677,-0.179515,-0.179515
22500,-0.149596,-0.209434,-0.179515
22501,-0.149596,-0.209434,-0.209434
22502,-0.179515,-0.239354,-0.239354
22503,-0.209434,-0.239354,-0.239354
22504,-0.209434,-0.269273,-0.239354
22505,-0.209434,-0.269273,-0.269273
22506,-0.209434,-0.269273,-0.269273
22507,-0.209434,-0.269273,-0.239354
22508,-0.239354,-0.269273,-0.269273
22509,-0.209434,-0.269273,-0.239354
22510,-0.209434,-0.269273,-0.239354
22511,-0.209434,-0.239354,-0.239354
22512,-0.209434,-0.239354,-0.239354
22513,-0.209434,-0.239354,-0.239354
22514,-0.239354,-0.269273,-0.269273
22515,-0.269273,-0.299192,-0.299192
22516,-0.239354,-0.299192,-0.299192
22517,-0.239354,-0.269273,-0.269273
22518,-0.209434,-0.239354,-0.239354
22519,-0.179515,-0.239354,-0.239354
22520,-0.179515,-0.209434,-0.209434
22521,-0.179515,-0.209434,-0.209434
22522,-0.179515,-0.209434,-0.209434
22523,-0.179515,-0.209434,-0.209434
22524,-0.179515,-0.209434,-0.209434
22525,-0.179515,-0.239354,-0.209434
22526,-0.179515,-0.239354,-0.239354
22527,-0.179515,-0.239354,-0.239354
22528,-0.179515,-0.239354,-0.239354
22529,-0.179515,-0.239354,-0.239354
22530,-0.149596,-0.209434,-0.209434
22531,-0.119677,-0.179515,-0.179515
22532,-0.149596,-0.179515,-0.179515
22533,-0.149596,-0.209434,-0.209434
22534,-0.179515,-0.239354,-0.239354
22535,-0.209434,-0.269273,-0.239354
22536,-0.209434,-0.269273,-0.269273
22537,-0.209434,-0.269273,-0.269273
22538,-0.209434,-0.269273,-0.239354
22539,-0.209434,-0.269273,-0.269273
22540,-0.209434,-0.269273,-0.269273
22541,-0.209434,-0.269273,-0.239354
22542,-0.209434,-0.239354,-0.239354
22543,-0.209434,-0.239354,-0.239354
22544,-0.209434,-0.239354,-0.239354
22545,-0.209434,-0.239354,-0.239354
22546,-0.239354,-0.269273,-0.269273
22547,-0.239354,-0.299192,-0.299192
22548,-0.239354,-0.299192,-0.269273
22549,-0.239354,-0.269273,-0.269273
22550,-0.209434,-0.239354,-0.239354
22551,-0.179515,-0.239354,-0.209434
22552,-0.179515,-0.209434,-0.209434
22553,-0.179515,-0.209434,-0.209434
22554,-0.179515,-0.209434,-0.209434
22555,-0.179515,-0.209434,-0.209434
22556,-0.179515,-0.209434,-0.209434
22557,-0.179515,-0.239354,-0.209434
22558,-0.179515,-0.239354,-0.239354
22559,-0.179515,-0.239354,-0.239354
22560,-0.179515,-0.239354,-0.239354
22561,-0.179515,-0.239354,-0.239354
22562,-0.149596,-0.209434,-0.209434
22563,-0.119677,-0.179515,-0.179515
22564,-0.149596,-0.179515,-0.209434
22565,-0.179515,-0.209434,-0.209434
22566,-0.179515,-0.239354,-0.239354
22567,-0.209434,-0.269273,-0.239354
22568,-0.209434,-0.269273,-0.269273
22569,-0.209434,-0.269273,-0.269273
22570,-0.209434,-0.269273,-0.239354
22571,-0.209434,-0.269273,-0.239354
22572,-0.209434,-0.269273,-0.269273
22573,-0.209434,-0.269273,-0.239354
22574,-0.209434,-0.239354,-0.239354
22575,-0.209434,-0.239354,-0.239354
22576,-0.209434,-0.239354,-0.239354
22577,-0.209434,-0.239354,-0.239354
22578,-0.239354,-0.269273,-0.269273
22579,-0.239354,-0.299192,-0.299192
22580,-0.239354,-0.299192,-0.269273
22581,-0.239354,-0.269273,-0.269273
22582,-0.209434,-0.239354,-0.239354
22583,-0.179515,-0.239354,-0.209434
22584,-0.179515,-0.239354,-0.209434
22585,-0.179515,-0.209434,-0.209434
22586,-0.179515,-0.209434,-0.209434
22587,-0.179515,-0.209434,-0.209434
22588,-0.179515,-0.209434,-0.209434
22589,-0.179515,-0.209434,-0.209434
22590,-0.179515,-0.239354,-0.239354
22591,-0.179515,-0.239354,-0.239354
22592,-0.179515,-0.239354,-0.239354
22593,-0.179515,-0.239354,-0.239354
22594,-0.149596,-0.209434,-0.209434
22595,-0.119677,-0.179515,-0.179515
22596,-0.149596,-0.209434,-0.179515
22597,-0.149596,-0.209434,-0.209434
22598,-0.179515,-0.239354,-0.239354
22599,-0.209434,-0.239354,-0.239354
22600,-0.209434,-0.269273,-0.269273
22601,-0.209434,-0.269273,-0.269273
22602,-0.209434,-0.269273,-0.269273
22603,-0.209434,-0.269273,-0.239354
22604,-0.209434,-0.269273,-0.239354
22605,-0.209434,-0.239354,-0.239354
22606,-0.209434,-0.239354,-0.239354
22607,-0.209434,-0.239354,-0.239354
22608,-0.209434,-0.239354,-0.239354
22609,-0.209434,-0.239354,-0.239354
22610,-0.239354,-0.269273,-0.269273
22611,-0.239354,-0.299192,-0.299192
22612,-0.239354,-0.269273,-0.269273
22613,-0.239354,-0.269273,-0.269273
22614,-0.209434,-0.239354,-0.239354
22615,-0.179515,-0.239354,-0.239354
22616,-0.179515,-0.239354,-0.209434
22617,-0.179515,-0.209434,-0.209434
22618,-0.179515,-0.209434,-0.209434
22619,-0.179515,-0.209434,-0.209434
22620,-0.179515,-0.209434,-0.209434
22621,-0.179515,-0.239354,-0.209434
22622,-0.179515,-0.239354,-0.239354
22623,-0.179515,-0.239354,-0.239354
22624,-0.179515,-0.239354,-0.239354
22625,-0.179515,-0.239354,-0.239354
22626,-0.149596,-0.209434,-0.179515
22627,-0.119677,-0.179515,-0.179515
22628,-0.149596,-0.209434,-0.179515
22629,-0.149596,-0.209434,-0.209434
22630,-0.179515,-0.239354,-0.239354
22631,-0.209434,-0.269273,-0.239354
22632,-0.209434,-0.269273,-0.269273
22633,-0.209434,-0.269273,-0.269273
22634,-0.209434,-0.269273,-0.269273
22635,-0.209434,-0.269273,-0.239354
22636,-0.209434,-0.269273,-0.269273
22637,-0.209434,-0.239354,-0.239354
22638,-0.209434,-0.239354,-0.239354
22639,-0.209434,-0.239354,-0.239354
22640,-0.209434,-0.239354,-0.239354
22641,-0.209434,-0.239354,-0.239354
22642,-0.239354,-0.269273,-0.269273
22643,-0.269273,-0.299192,-0.299192
22644,-0.239354,-0.269273,-0.269273
22645,-0.239354,-0.269273,-0.269273
22646,-0.209434,-0.239354,-0.239354
22647,-0.179515,-0.239354,-0.239354
22648,-0.179515,-0.209434,-0.209434
22649,-0.179515,-0.209434,-0.209434
22650,-0.179515,-0.209434,-0.209434
22651,-0.179515,-0.209434,-0.209434
22652,-0.179515,-0.209434,-0.209434
22653,-0.179515,-0.209434,-0.209434
22654,-0.179515,-0.239354,-0.239354
22655,-0.179515,-0.239354,-0.239354
22656,-0.179515,-0.239354,-0.239354
22657,-0.179515,-0.239354,-0.239354
22658,-0.149596,-0.209434,-0.179515
22659,-0.119677,-0.179515,-0.179515
22660,-0.149596,-0.209434,-0.179515
22661,-0.179515,-0.209434,-0.209434
22662,-0.179515,-0.239354,-0.239354
22663,-0.209434,-0.269273,-0.239354
22664,-0.209434,-0.269273,-0.239354
22665,-0.209434,-0.269273,-0.269273
22666,-0.209434,-0.269273,-0.269273
22667,-0.209434,-0.239354,-0.239354
22668,-0.209434,-0.269273,-0.269273
22669,-0.209434,-0.269273,-0.239354
22670,-0.209434,-0.239354,-0.239354
22671,-0.209434,-0.239354,-0.239354
22672,-0.179515,-0.239354,-0.239354
22673,-0.209434,-0.239354,-0.239354
22674,-0.239354,-0.269273,-0.269273
22675,-0.269273,-0.299192,-0.299192
22676,-0.239354,-0.269273,-0.269273
22677,-0.239354,-0.269273,-0.269273
22678,-0.209434,-0.239354,-0.239354
22679,-0.179515,-0.209434,-0.209434
22680,-0.179515,-0.209434,-0.209434
22681,-0.179515,-0.209434,-0.209434
22682,-0.179515,-0.209434,-0.209434
22683,-0.179515,-0.209434,-0.209434
22684,-0.179515,-0.209434,-0.209434
22685,-0.179515,-0.209434,-0.209434
22686,-0.179515,-0.239354,-0.239354
22687,-0.179515,-0.239354,-0.239354
22688,-0.179515,-0.239354,-0.239354
22689,-0.179515,-0.239354,-0.239354
22690,-0.149596,-0.209434,-0.179515
22691,-0.119677,-0.179515,-0.179515
22692,-0.149596,-0.209434,-0.179515
22693,-0.149596,-0.209434,-0.209434
22694,-0.179515,-0.239354,-0.239354
22695,-0.209434,-0.239354,-0.239354
22696,-0.209434,-0.269273,-0.269273
22697,-0.209434,-0.269273,-0.269273
22698,-0.209434,-0.269273,-0.239354
22699,-0.209434,-0.269273,-0.269273
22700,-0.209434,-0.269273,-0.269273
22701,-0.209434,-0.239354,-0.239354
22702,-0.209434,-0.239354,-0.239354
22703,-0.209434,-0.239354,-0.239354
22704,-0.209434,-0.239354,-0.239354
22705,-0.209434,-0.239354,-0.239354
22706,-0.239354,-0.269273,-0.269273
22707,-0.239354,-0.299192,-0.299192
22708,-0.239354,-0.269273,-0.269273
22709,-0.239354,-0.269273,-0.269273
22710,-0.209434,-0.239354,-0.239354
22711,-0.179515,-0.239354,-0.209434
22712,-0.179515,-0.209434,-0.209434
22713,-0.179515,-0.209434,-0.209434
22714,-0.179515,-0.209434,-0.209434
22715,-0.179515,-0.209434,-0.209434
22716,-0.179515,-0.209434,-0.209434
22717,-0.179515,-0.209434,-0.209434
22718,-0.179515,-0.239354,-0.209434
22719,-0.179515,-0.239354,-0.239354
22720,-0.179515,-0.239354,-0.239354
22721,-0.179515,-0.239354,-0.239354
22722,-0.149596,-0.209434,-0.209434
22723,-0.149596,-0.179515,-0.179515
22724,-0.149596,-0.209434,-0.209434
22725,-0.179515,-0.209434,-0.209434
22726,-0.179515,-0.239354,-0.239354
22727,-0.209434,-0.239354,-0.269273
22728,-0.209434,-0.269273,-0.269273
22729,-0.209434,-0.269273,-0.239354
22730,-0.209434,-0.239354,-0.239354
22731,-0.209434,-0.269273,-0.269273
22732,-0.209434,-0.269273,-0.269273
22733,-0.209434,-0.239354,-0.239354
22734,-0.209434,-0.239354,-0.239354
22735,-0.209434,-0.239354,-0.239354
22736,-0.209434,-0.239354,-0.239354
22737,-0.209434,-0.239354,-0.239354
22738,-0.239354,-0.299192,-0.269273
22739,-0.239354,-0.299192,-0.299192
22740,-0.239354,-0.269273,-0.269273
22741,-0.239354,-0.269273,-0.269273
22742,-0.209434,-0.239354,-0.239354
22743,-0.179515,-0.239354,-0.209434
22744,-0.179515,-0.209434,-0.209434
22745,-0.179515,-0.209434,-0.209434
22746,-0.179515,-0.209434,-0.209434
22747,-0.179515,-0.209434,-0.209434
22748,-0.179515,-0.209434,-0.209434
22749,-0.179515,-0.239354,-0.209434
22750,-0.179515,-0.239354,-0.239354
22751,-0.179515,-0.239354,-0.239354
22752,-0.179515,-0.239354,-0.239354
22753,-0.179515,-0.239354,-0.239354
22754,-0.149596,-0.209434,-0.179515
22755,-0.119677,-0.179515,-0.179515
22756,-0.149596,-0.209434,-0.179515
22757,-0.179515,-0.209434,-0.209434
22758,-0.179515,-0.239354,-0.239354
22759,-0.209434,-0.269273,-0.239354
22760,-0.209434,-0.269273,-0.239354
22761,-0.209434,-0.269273,-0.239354
22762,-0.209434,-0.269273,-0.239354
22763,-0.209434,-0.269273,-0.269273
22764,-0.209434,-0.269273,-0.269273
22765,-0.209434,-0.269273,-0.239354
22766,-0.209434,-0.239354,-0.239354
22767,-0.209434,-0.239354,-0.239354
22768,-0.209434,-0.239354,-0.239354
22769,-0.209434,-0.239354,-0.239354
22770,-0.239354,-0.299192,-0.269273
22771,-0.239354,-0.299192,-0.299192
22772,-0.239354,-0.269273,-0.269273
22773,-0.239354,-0.269273,-0.269273
22774,-0.209434,-0.239354,-0.239354
22775,-0.179515,-0.239354,-0.209434
22776,-0.179515,-0.209434,-0.209434
22777,-0.179515,-0.209434,-0.209434
22778,-0.179515,-0.209434,-0.209434
22779,-0.179515,-0.209434,-0.209434
22780,-0.179515,-0.209434,-0.209434
22781,-0.179515,-0.239354,-0.239354
22782,-0.179515,-0.239354,-0.239354
22783,-0.179515,-0.239354,-0.239354
22784,-0.179515,-0.239354,-0.239354
22785,-0.179515,-0.239354,-0.239354
22786,-0.149596,-0.209434,-0.179515
22787,-0.119677,-0.179515,-0.179515
22788,-0.149596,-0.209434,-0.209434
22789,-0.179515,-0.209434,-0.209434
22790,-0.179515,-0.239354,-0.239354
22791,-0.209434,-0.269273,-0.239354
22792,-0.209434,-0.269273,-0.269273
22793,-0.209434,-0.269273,-0.239354
22794,-0.209434,-0.269273,-0.239354
22795,-0.209434,-0.269273,-0.239354
22796,-0.209434,-0.269273,-0.269273
22797,-0.209434,-0.269273,-0.239354
22798,-0.209434,-0.239354,-0.239354
22799,-0.209434,-0.239354,-0.239354
22800,-0.209434,-0.239354,-0.239354
22801,-0.209434,-0.239354,-0.239354
22802,-0.239354,-0.299192,-0.269273
22803,-0.239354,-0.299192,-0.299192
22804,-0.239354,-0.269273,-0.269273
22805,-0.209434,-0.269273,-0.269273
22806,-0.209434,-0.239354,-0.239354
22807,-0.179515,-0.239354,-0.239354
22808,-0.179515,-0.209434,-0.209434
22809,-0.179515,-0.209434,-0.209434
22810,-0.179515,-0.209434,-0.209434
22811,-0.179515,-0.209434,-0.209434
22812,-0.179515,-0.209434,-0.209434
22813,-0.179515,-0.239354,-0.209434
22814,-0.179515,-0.239354,-0.209434
22815,-0.179515,-0.239354,-0.239354
22816,-0.179515,-0.239354,-0.239354
22817,-0.179515,-0.239354,-0.209434
22818,-0.149596,-0.209434,-0.179515
22819,-0.119677,-0.179515,-0.179515
22820,-0.149596,-0.209434,-0.209434
22821,-0.179515,-0.209434,-0.209434
22822,-0.179515,-0.239354,-0.239354
22823,-0.209434,-0.239354,-0.269273
22824,-0.209434,-0.269273,-0.269273
22825,-0.209434,-0.269273,-0.269273
22826,-0.209434,-0.269273,-0.269273
22827,-0.209434,-0.269273,-0.239354
22828,-0.209434,-0.269273,-0.269273
22829,-0.209434,-0.239354,-0.239354
22830,-0.209434,-0.239354,-0.239354
22831,-0.209434,-0.239354,-0.239354
22832,-0.209434,-0.239354,-0.239354
22833,-0.209434,-0.239354,-0.239354
22834,-0.239354,-0.299192,-0.269273
22835,-0.239354,-0.299192,-0.299192
22836,-0.239354,-0.269273,-0.269273
22837,-0.209434,-0.269273,-0.269273
22838,-0.209434,-0.239354,-0.239354
22839,-0.179515,-0.209434,-0.209434
22840,-0.179515,-0.209434,-0.209434
22841,-0.179515,-0.209434,-0.209434
22842,-0.179515,-0.209434,-0.209434
22843,-0.179515,-0.209434,-0.209434
22844,-0.179515,-0.209434,-0.209434
22845,-0.179515,-0.209434,-0.209434
22846,-0.179515,-0.239354,-0.209434
22847,-0.179515,-0.239354,-0.239354
22848,-0.179515,-0.239354,-0.239354
22849,-0.179515,-0.239354,-0.239354
22850,-0.149596,-0.179515,-0.179515
22851,-0.119677,-0.179515,-0.179515
22852,-0.149596,-0.209434,-0.209434
22853,-0.179515,-0.209434,-0.209434
22854,-0.179515,-0.239354,-0.239354
22855,-0.209434,-0.239354,-0.239354
22856,-0.209434,-0.269273,-0.239354
22857,-0.209434,-0.269273,-0.239354
22858,-0.209434,-0.269273,-0.269273
22859,-0.209434,-0.269273,-0.239354
22860,-0.209434,-0.269273,-0.269273
22861,-0.209434,-0.239354,-0.239354
22862,-0.209434,-0.239354,-0.239354
22863,-0.209434,-0.239354,-0.239354
22864,-0.209434,-0.239354,-0.239354
22865,-0.209434,-0.239354,-0.239354
22866,-0.239354,-0.299192,-0.269273
22867,-0.239354,-0.299192,-0.299192
22868,-0.239354,-0.269273,-0.269273
22869,-0.209434,-0.269273,-0.269273
22870,-0.209434,-0.239354,-0.239354
22871,-0.179515,-0.239354,-0.209434
22872,-0.179515,-0.209434,-0.209434
22873,-0.179515,-0.209434,-0.209434
22874,-0.179515,-0.209434,-0.209434
22875,-0.179515,-0.209434,-0.209434
22876,-0.179515,-0.209434,-0.209434
22877,-0.179515,-0.209434,-0.209434
22878,-0.179515,-0.239354,-0.239354
22879,-0.179515,-0.239354,-0.239354
22880,-0.179515,-0.239354,-0.239354
22881,-0.179515,-0.239354,-0.209434
22882,-0.149596,-0.179515,-0.179515
22883,-0.119677,-0.179515,-0.179515
22884,-0.149596,-0.209434,-0.209434
22885,-0.179515,-0.209434,-0.209434
22886,-0.179515,-0.239354,-0.239354
22887,-0.209434,-0.269273,-0.269273
22888,-0.209434,-0.269273,-0.269273
22889,-0.209434,-0.269273,-0.269273
22890,-0.209434,-0.269273,-0.269273
22891,-0.209434,-0.269273,-0.269273
22892,-0.209434,-0.269273,-0.239354
22893,-0.209434,-0.239354,-0.239354
22894,-0.209434,-0.239354,-0.239354
22895,-0.209434,-0.239354,-0.239354
22896,-0.209434,-0.239354,-0.239354
22897,-0.209434,-0.239354,-0.239354
22898,-0.239354,-0.299192,-0.269273
22899,-0.239354,-0.299192,-0.299192
22900,-0.239354,-0.269273,-0.269273
22901,-0.209434,-0.269273,-0.269273
22902,-0.209434,-0.239354,-0.239354
22903,-0.179515,-0.209434,-0.209434
22904,-0.179515,-0.209434,-0.209434
22905,-0.179515,-0.209434,-0.209434
22906,-0.179515,-0.209434,-0.209434
22907,-0.179515,-0.209434,-0.209434
22908,-0.179515,-0.209434,-0.209434
22909,-0.179515,-0.239354,-0.209434
22910,-0.179515,-0.239354,-0.209434
22911,-0.179515,-0.239354,-0.239354
22912,-0.209434,-0.239354,-0.239354
22913,-0.179515,-0.239354,-0.239354
22914,-0.149596,-0.179515,-0.179515
22915,-0.149596,-0.179515,-0.179515
22916,-0.149596,-0.209434,-0.209434
22917,-0.179515,-0.209434,-0.209434
22918,-0.179515,-0.239354,-0.239354
22919,-0.209434,-0.269273,-0.269273
22920,-0.209434,-0.269273,-0.269273
22921,-0.209434,-0.269273,-0.269273
22922,-0.209434,-0.269273,-0.269273
22923,-0.209434,-0.269273,-0.239354
22924,-0.209434,-0.269273,-0.239354
22925,-0.209434,-0.239354,-0.239354
22926,-0.209434,-0.239354,-0.239354
22927,-0.209434,-0.239354,-0.239354
22928,-0.209434,-0.239354,-0.239354
22929,-0.209434,-0.239354,-0.239354
22930,-0.239354,-0.299192,-0.269273
22931,-0.239354,-0.299192,-0.299192
22932,-0.239354,-0.269273,-0.269273
22933,-0.209434,-0.269273,-0.269273
22934,-0.209434,-0.239354,-0.239354
22935,-0.179515,-0.209434,-0.209434
22936,-0.179515,-0.209434,-0.209434
22937,-0.179515,-0.209434,-0.209434
22938,-0.179515,-0.209434,-0.209434
22939,-0.179515,-0.209434,-0.209434
22940,-0.179515,-0.209434,-0.209434
22941,-0.179515,-0.239354,-0.209434
22942,-0.179515,-0.239354,-0.239354
22943,-0.179515,-0.239354,-0.239354
22944,-0.179515,-0.239354,-0.239354
22945,-0.179515,-0.239354,-0.239354
22946,-0.149596,-0.179515,-0.179515
22947,-0.149596,-0.179515,-0.179515
22948,-0.149596,-0.209434,-0.209434
22949,-0.179515,-0.209434,-0.209434
22950,-0.209434,-0.239354,-0.239354
22951,-0.209434,-0.269273,-0.239354
22952,-0.209434,-0.269273,-0.239354
22953,-0.209434,-0.269273,-0.269273
22954,-0.209434,-0.269273,-0.239354
22955,-0.209434,-0.269273,-0.269273
22956,-0.209434,-0.269273,-0.269273
22957,-0.209434,-0.239354,-0.239354
22958,-0.209434,-0.239354,-0.239354
22959,-0.209434,-0.239354,-0.239354
22960,-0.209434,-0.239354,-0.239354
22961,-0.209434,-0.239354,-0.239354
22962,-0.239354,-0.299192,-0.269273
22963,-0.239354,-0.299192,-0.299192
22964,-0.239354,-0.269273,-0.269273
22965,-0.209434,-0.269273,-0.269273
22966,-0.209434,-0.239354,-0.239354
22967,-0.179515,-0.239354,-0.209434
22968,-0.179515,-0.239354,-0.209434
22969,-0.179515,-0.209434,-0.209434
22970,-0.179515,-0.209434,-0.209434
22971,-0.179515,-0.209434,-0.209434
22972,-0.179515,-0.209434,-0.209434
22973,-0.179515,-0.239354,-0.209434
22974,-0.179515,-0.239354,-0.239354
22975,-0.179515,-0.239354,-0.239354
22976,-0.179515,-0.239354,-0.239354
22977,-0.179515,-0.239354,-0.209434
22978,-0.149596,-0.179515,-0.179515
22979,-0.149596,-0.179515,-0.179515
22980,-0.149596,-0.209434,-0.209434
22981,-0.179515,-0.209434,-0.209434
22982,-0.179515,-0.239354,-0.239354
22983,-0.209434,-0.269273,-0.269273
22984,-0.209434,-0.269273,-0.269273
22985,-0.209434,-0.269273,-0.269273
22986,-0.209434,-0.269273,-0.239354
22987,-0.209434,-0.269273,-0.239354
22988,-0.209434,-0.269273,-0.269273
22989,-0.209434,-0.239354,-0.239354
22990,-0.209434,-0.239354,-0.239354
22991,-0.209434,-0.239354,-0.239354
22992,-0.209434,-0.239354,-0.239354
22993,-0.209434,-0.239354,-0.239354
22994,-0.239354,-0.299192,-0.299192
22995,-0.239354,-0.299192,-0.299192
22996,-0.239354,-0.269273,-0.269273
22997,-0.239354,-0.269273,-0.269273
22998,-0.209434,-0.239354,-0.239354
22999,-0.179515,-0.209434,-0.209434
23000,-0.179515,-0.209434,-0.209434
23001,-0.179515,-0.209434,-0.209434
23002,-0.179515,-0.209434,-0.209434
23003,-0.179515,-0.209434,-0.209434
23004,-0.179515,-0.209434,-0.209434
23005,-0.179515,-0.239354,-0.209434
23006,-0.179515,-0.239354,-0.209434
23007,-0.179515,-0.239354,-0.239354
23008,-0.179515,-0.239354,-0.239354
23009,-0.179515,-0.209434,-0.209434
23010,-0.149596,-0.179515,-0.179515
23011,-0.149596,-0.179515,-0.179515
23012,-0.149596,-0.209434,-0.209434
23013,-0.179515,-0.209434,-0.209434
23014,-0.209434,-0.239354,-0.239354
23015,-0.209434,-0.269273,-0.239354
23016,-0.209434,-0.269273,-0.239354
23017,-0.209434,-0.269273,-0.239354
23018,-0.209434,-0.269273,-0.269273
23019,-0.209434,-0.269273,-0.269273
23020,-0.209434,-0.269273,-0.269273
23021,-0.209434,-0.239354,-0.239354
23022,-0.209434,-0.239354,-0.239354
23023,-0.209434,-0.239354,-0.239354
23024,-0.209434,-0.239354,-0.239354
23025,-0.209434,-0.239354,-0.239354
23026,-0.239354,-0.299192,-0.299192
23027,-0.239354,-0.299192,-0.299192
23028,-0.239354,-0.269273,-0.269273
23029,-0.209434,-0.269273,-0.269273
23030,-0.209434,-0.239354,-0.239354
23031,-0.179515,-0.239354,-0.209434
23032,-0.179515,-0.209434,-0.209434
23033,-0.179515,-0.209434,-0.209434
23034,-0.179515,-0.209434,-0.209434
23035,-0.179515,-0.209434,-0.209434
23036,-0.179515,-0.209434,-0.209434
23037,-0.179515,-0.239354,-0.209434
23038,-0.179515,-0.239354,-0.239354
23039,-0.179515,-0.239354,-0.239354
23040,-0.179515,-0.239354,-0.239354
23041,-0.179515,-0.239354,-0.209434
23042,-0.149596,-0.179515,-0.179515
23043,-0.119677,-0.179515,-0.179515
23044,-0.149596,-0.209434,-0.209434
23045,-0.179515,-0.209434,-0.209434
23046,-0.179515,-0.239354,-0.239354
23047,-0.209434,-0.269273,-0.239354
23048,-0.209434,-0.269273,-0.239354
23049,-0.209434,-0.269273,-0.239354
23050,-0.209434,-0.269273,-0.269273
23051,-0.209434,-0.269273,-0.269273
23052,-0.209434,-0.269273,-0.239354
23053,-0.209434,-0.239354,-0.239354
23054,-0.209434,-0.239354,-0.239354
23055,-0.209434,-0.239354,-0.239354
23056,-0.209434,-0.239354,-0.239354
23057,-0.209434,-0.239354,-0.239354
23058,-0.239354,-0.299192,-0.299192
23059,-0.239354,-0.299192,-0.299192
23060,-0.239354,-0.269273,-0.269273
23061,-0.209434,-0.269273,-0.269273
23062,-0.209434,-0.239354,-0.239354
23063,-0.179515,-0.209434,-0.239354
23064,-0.179515,-0.209434,-0.209434
23065,-0.179515,-0.209434,-0.209434
23066,-0.179515,-0.209434,-0.209434
23067,-0.179515,-0.209434,-0.209434
23068,-0.179515,-0.209434,-0.209434
23069,-0.179515,-0.239354,-0.239354
23070,-0.179515,-0.239354,-0.239354
23071,-0.179515,-0.239354,-0.209434
23072,-0.179515,-0.239354,-0.239354
23073,-0.179515,-0.239354,-0.209434
23074,-0.149596,-0.179515,-0.179515
23075,-0.149596,-0.179515,-0.179515
23076,-0.149596,-0.209434,-0.209434
23077,-0.179515,-0.209434,-0.209434
23078,-0.209434,-0.239354,-0.239354
23079,-0.209434,-0.269273,-0.269273
23080,-0.209434,-0.269273,-0.269273
23081,-0.209434,-0.269273,-0.269273
23082,-0.209434,-0.269273,-0.269273
23083,-0.209434,-0.269273,-0.269273
23084,-0.209434,-0.269273,-0.269273
23085,-0.209434,-0.239354,-0.239354
23086,-0.209434,-0.239354,-0.239354
23087,-0.209434,-0.239354,-0.239354
23088,-0.209434,-0.239354,-0.239354
23089,-0.209434,-0.269273,-0.239354
23090,-0.239354,-0.299192,-0.299192
23091,-0.239354,-0.299192,-0.299192
23092,-0.239354,-0.269273,-0.269273
23093,-0.209434,-0.269273,-0.269273
23094,-0.209434,-0.239354,-0.239354
23095,-0.179515,-0.239354,-0.209434
23096,-0.179515,-0.209434,-0.209434
23097,-0.179515,-0.209434,-0.209434
23098,-0.179515,-0.209434,-0.209434
23099,-0.179515,-0.209434,-0.209434
23100,-0.179515,-0.209434,-0.209434
23101,-0.179515,-0.239354,-0.239354
23102,-0.179515,-0.239354,-0.239354
23103,-0.179515,-0.239354,-0.239354
23104,-0.179515,-0.239354,-0.239354
23105,-0.179515,-0.239354,-0.209434
23106,-0.149596,-0.179515,-0.179515
23107,-0.149596,-0.179515,-0.179515
23108,-0.149596,-0.209434,-0.209434
23109,-0.179515,-0.209434,-0.209434
23110,-0.209434,-0.239354,-0.239354
23111,-0.209434,-0.269273,-0.269273
23112,-0.209434,-0.239354,-0.269273
23113,-0.209434,-0.239354,-0.269273
23114,-0.209434,-0.269273,-0.239354
23115,-0.209434,-0.269273,-0.269273
23116,-0.209434,-0.269273,-0.269273
23117,-0.209434,-0.239354,-0.239354
23118,-0.209434,-0.239354,-0.239354
23119,-0.209434,-0.239354,-0.239354
23120,-0.209434,-0.239354,-0.239354
23121,-0.209434,-0.269273,-0.239354
23122,-0.239354,-0.299192,-0.299192
23123,-0.239354,-0.299192,-0.299192
23124,-0.239354,-0.269273,-0.269273
23125,-0.209434,-0.269273,-0.269273
23126,-0.179515,-0.239354,-0.239354
23127,-0.179515,-0.209434,-0.209434
23128,-0.179515,-0.209434,-0.209434
23129,-0.179515,-0.209434,-0.209434
23130,-0.179515,-0.209434,-0.209434
23131,-0.179515,-0.209434,-0.209434
23132,-0.179515,-0.239354,-0.209434
23133,-0.179515,-0.239354,-0.239354
23134,-0.179515,-0.239354,-0.239354
23135,-0.179515,-0.239354,-0.239354
23136,-0.179515,-0.239354,-0.239354
23137,-0.179515,-0.209434,-0.209434
23138,-0.149596,-0.179515,-0.179515
23139,-0.149596,-0.179515,-0.179515
23140,-0.149596,-0.209434,-0.209434
23141,-0.179515,-0.209434,-0.209434
23142,-0.209434,-0.239354,-0.239354
23143,-0.209434,-0.269273,-0.239354
23144,-0.209434,-0.269273,-0.269273
23145,-0.209434,-0.269273,-0.269273
23146,-0.209434,-0.269273,-0.239354
23147,-0.209434,-0.269273,-0.269273
23148,-0.209434,-0.239354,-0.269273
23149,-0.209434,-0.239354,-0.239354
23150,-0.209434,-0.239354,-0.239354
23151,-0.209434,-0.239354,-0.239354
23152,-0.209434,-0.239354,-0.239354
23153,-0.209434,-0.269273,-0.269273
23154,-0.239354,-0.299192,-0.299192
23155,-0.239354,-0.299192,-0.299192
23156,-0.239354,-0.269273,-0.269273
23157,-0.209434,-0.269273,-0.269273
23158,-0.179515,-0.239354,-0.239354
23159,-0.179515,-0.239354,-0.209434
23160,-0.179515,-0.239354,-0.209434
23161,-0.179515,-0.209434,-0.209434
23162,-0.179515,-0.209434,-0.209434
23163,-0.179515,-0.209434,-0.209434
23164,-0.179515,-0.209434,-0.209434
23165,-0.179515,-0.239354,-0.209434
23166,-0.179515,-0.239354,-0.239354
23167,-0.179515,-0.239354,-0.239354
23168,-0.179515,-0.239354,-0.239354
23169,-0.179515,-0.209434,-0.209434
23170,-0.149596,-0.179515,-0.179515
23171,-0.149596,-0.179515,-0.179515
23172,-0.149596,-0.209434,-0.209434
23173,-0.179515,-0.209434,-0.209434
23174,-0.209434,-0.239354,-0.239354
23175,-0.209434,-0.269273,-0.269273
23176,-0.209434,-0.269273,-0.269273
23177,-0.209434,-0.269273,-0.239354
23178,-0.209434,-0.269273,-0.239354
23179,-0.209434,-0.269273,-0.269273
23180,-0.209434,-0.269273,-0.239354
23181,-0.209434,-0.239354,-0.239354
23182,-0.209434,-0.239354,-0.239354
23183,-0.209434,-0.239354,-0.239354
23184,-0.209434,-0.239354,-0.239354
23185,-0.209434,-0.269273,-0.269273
23186,-0.239354,-0.299192,-0.299192
23187,-0.239354,-0.299192,-0.299192
23188,-0.239354,-0.269273,-0.269273
23189,-0.209434,-0.269273,-0.269273
23190,-0.209434,-0.239354,-0.239354
23191,-0.179515,-0.239354,-0.239354
23192,-0.179515,-0.209434,-0.209434
23193,-0.179515,-0.209434,-0.209434
23194,-0.179515,-0.209434,-0.209434
23195,-0.179515,-0.209434,-0.209434
23196,-0.179515,-0.209434,-0.209434
23197,-0.179515,-0.239354,-0.209434
23198,-0.179515,-0.239354,-0.239354
23199,-0.179515,-0.239354,-0.239354
23200,-0.179515,-0.239354,-0.239354
23201,-0.179515,-0.209434,-0.209434
23202,-0.149596,-0.179515,-0.179515
23203,-0.149596,-0.179515,-0.179515
23204,-0.149596,-0.209434,-0.209434
23205,-0.179515,-0.209434,-0.209434
23206,-0.209434,-0.239354,-0.239354
23207,-0.209434,-0.269273,-0.239354
23208,-0.209434,-0.269273,-0.269273
23209,-0.209434,-0.269273,-0.269273
23210,-0.209434,-0.239354,-0.269273
23211,-0.209434,-0.269273,-0.269273
23212,-0.209434,-0.269273,-0.239354
23213,-0.209434,-0.239354,-0.239354
23214,-0.209434,-0.239354,-0.239354
23215,-0.209434,-0.239354,-0.239354
23216,-0.209434,-0.239354,-0.239354
23217,-0.209434,-0.269273,-0.269273
23218,-0.239354,-0.299192,-0.299192
23219,-0.239354,-0.299192,-0.299192
23220,-0.239354,-0.269273,-0.269273
23221,-0.209434,-0.269273,-0.269273
23222,-0.179515,-0.239354,-0.239354
23223,-0.179515,-0.209434,-0.209434
23224,-0.179515,-0.209434,-0.209434
23225,-0.179515,-0.209434,-0.209434
23226,-0.179515,-0.209434,-0.209434
23227,-0.179515,-0.209434,-0.209434
23228,-0.179515,-0.239354,-0.209434
23229,-0.179515,-0.239354,-0.209434
23230,-0.179515,-0.239354,-0.239354
23231,-0.179515,-0.239354,-0.239354
23232,-0.179515,-0.239354,-0.239354
23233,-0.179515,-0.209434,-0.209434
23234,-0.149596,-0.179515,-0.179515
23235,-0.149596,-0.179515,-0.179515
23236,-0.149596,-0.209434,-0.209434
23237,-0.179515,-0.209434,-0.209434
23238,-0.209434,-0.239354,-0.239354
23239,-0.209434,-0.269273,-0.269273
23240,-0.209434,-0.269273,-0.269273
23241,-0.209434,-0.269273,-0.269273
23242,-0.209434,-0.269273,-0.239354
23243,-0.209434,-0.269273,-0.269273
23244,-0.209434,-0.239354,-0.239354
23245,-0.209434,-0.239354,-0.239354
23246,-0.209434,-0.239354,-0.239354
23247,-0.209434,-0.239354,-0.239354
23248,-0.209434,-0.239354,-0.239354
23249,-0.209434,-0.269273,-0.269273
23250,-0.239354,-0.299192,-0.299192
23251,-0.239354,-0.299192,-0.299192
23252,-0.239354,-0.269273,-0.269273
23253,-0.209434,-0.269273,-0.269273
23254,-0.179515,-0.239354,-0.239354
23255,-0.179515,-0.239354,-0.209434
23256,-0.179515,-0.209434,-0.209434
23257,-0.179515,-0.209434,-0.209434
23258,-0.179515,-0.209434,-0.209434
23259,-0.179515,-0.209434,-0.209434
23260,-0.179515,-0.209434,-0.209434
23261,-0.179515,-0.239354,-0.209434
23262,-0.179515,-0.239354,-0.239354
23263,-0.179515,-0.239354,-0.239354
23264,-0.179515,-0.239354,-0.239354
23265,-0.179515,-0.209434,-0.209434
23266,-0.149596,-0.179515,-0.179515
23267,-0.149596,-0.179515,-0.179515
23268,-0.149596,-0.209434,-0.209434
23269,-0.179515,-0.209434,-0.209434
23270,-0.209434,-0.239354,-0.239354
23271,-0.209434,-0.269273,-0.269273
23272,-0.209434,-0.269273,-0.269273
23273,-0.209434,-0.269273,-0.269273
23274,-0.209434,-0.269273,-0.239354
23275,-0.209434,-0.269273,-0.269273
23276,-0.209434,-0.239354,-0.239354
23277,-0.209434,-0.239354,-0.239354
23278,-0.209434,-0.239354,-0.239354
23279,-0.209434,-0.239354,-0.239354
23280,-0.209434,-0.239354,-0.239354
23281,-0.209434,-0.269273,-0.269273
23282,-0.239354,-0.299192,-0.299192
23283,-0.239354,-0.299192,-0.299192
23284,-0.239354,-0.269273,-0.269273
23285,-0.209434,-0.269273,-0.269273
23286,-0.179515,-0.239354,-0.239354
23287,-0.179515,-0.209434,-0.209434
23288,-0.179515,-0.239354,-0.209434
23289,-0.179515,-0.209434,-0.209434
23290,-0.179515,-0.209434,-0.209434
23291,-0.179515,-0.209434,-0.209434
23292,-0.179515,-0.239354,-0.209434
23293,-0.179515,-0.239354,-0.239354
23294,-0.179515,-0.239354,-0.239354
23295,-0.179515,-0.239354,-0.239354
23296,-0.179515,-0.239354,-0.239354
23297,-0.179515,-0.209434,-0.209434
23298,-0.149596,-0.179515,-0.179515
23299,-0.149596,-0.179515,-0.179515
23300,-0.149596,-0.209434,-0.209434
23301,-0.179515,-0.209434,-0.209434
23302,-0.209434,-0.239354,-0.239354
23303,-0.209434,-0.269273,-0.239354
23304,-0.209434,-0.269273,-0.269273
23305,-0.209434,-0.269273,-0.269273
23306,-0.209434,-0.269273,-0.239354
23307,-0.209434,-0.269273,-0.269273
23308,-0.209434,-0.269273,-0.269273
23309,-0.209434,-0.269273,-0.239354
23310,-0.209434,-0.239354,-0.239354
23311,-0.209434,-0.239354,-0.239354
23312,-0.209434,-0.239354,-0.239354
23313,-0.209434,-0.269273,-0.269273
23314,-0.239354,-0.299192,-0.299192
23315,-0.239354,-0.299192,-0.269273
23316,-0.239354,-0.269273,-0.269273
23317,-0.209434,-0.269273,-0.269273
23318,-0.179515,-0.239354,-0.239354
23319,-0.179515,-0.239354,-0.209434
23320,-0.179515,-0.209434,-0.209434
23321,-0.179515,-0.209434,-0.209434
23322,-0.179515,-0.209434,-0.209434
23323,-0.179515,-0.209434,-0.209434
23324,-0.179515,-0.209434,-0.209434
23325,-0.179515,-0.239354,-0.239354
23326,-0.179515,-0.239354,-0.239354
23327,-0.179515,-0.239354,-0.239354
23328,-0.179515,-0.239354,-0.239354
23329,-0.179515,-0.209434,-0.209434
23330,-0.149596,-0.179515,-0.179515
23331,-0.149596,-0.179515,-0.179515
23332,-0.149596,-0.209434,-0.209434
23333,-0.179515,-0.209434,-0.209434
23334,-0.209434,-0.239354,-0.239354
23335,-0.209434,-0.269273,-0.239354
23336,-0.209434,-0.269273,-0.269273
23337,-0.209434,-0.269273,-0.269273
23338,-0.209434,-0.269273,-0.269273
23339,-0.209434,-0.269273,-0.269273
23340,-0.209434,-0.239354,-0.269273
23341,-0.209434,-0.239354,-0.239354
23342,-0.209434,-0.239354,-0.239354
23343,-0.209434,-0.239354,-0.239354
23344,-0.209434,-0.239354,-0.239354
23345,-0.209434,-0.269273,-0.269273
23346,-0.239354,-0.299192,-0.299192
23347,-0.239354,-0.299192,-0.299192
23348,-0.239354,-0.269273,-0.269273
23349,-0.209434,-0.269273,-0.269273
23350,-0.179515,-0.239354,-0.239354
23351,-0.179515,-0.209434,-0.209434
23352,-0.179515,-0.209434,-0.209434
23353,-0.179515,-0.209434,-0.209434
23354,-0.179515,-0.209434,-0.209434
23355,-0.179515,-0.209434,-0.209434
23356,-0.179515,-0.209434,-0.209434
23357,-0.179515,-0.239354,-0.239354
23358,-0.179515,-0.239354,-0.239354
23359,-0.179515,-0.239354,-0.239354
23360,-0.179515,-0.239354,-0.239354
23361,-0.179515,-0.209434,-0.209434
23362,-0.119677,-0.179515,-0.179515
23363,-0.149596,-0.179515,-0.179515
23364,-0.149596,-0.209434,-0.209434
23365,-0.179515,-0.209434,-0.209434
23366,-0.209434,-0.239354,-0.239354
23367,-0.209434,-0.269273,-0.239354
23368,-0.209434,-0.269273,-0.269273
23369,-0.209434,-0.269273,-0.269273
23370,-0.209434,-0.269273,-0.269273
23371,-0.209434,-0.269273,-0.269273
23372,-0.209434,-0.269273,-0.239354
23373,-0.209434,-0.239354,-0.239354
23374,-0.209434,-0.239354,-0.239354
23375,-0.209434,-0.239354,-0.239354
23376,-0.209434,-0.239354,-0.239354
23377,-0.209434,-0.269273,-0.269273
23378,-0.239354,-0.299192,-0.299192
23379,-0.239354,-0.299192,-0.299192
23380,-0.239354,-0.269273,-0.269273
23381,-0.209434,-0.269273,-0.269273
23382,-0.179515,-0.239354,-0.239354
23383,-0.179515,-0.209434,-0.209434
23384,-0.179515,-0.209434,-0.209434
23385,-0.179515,-0.209434,-0.209434
23386,-0.179515,-0.209434,-0.209434
23387,-0.179515,-0.209434,-0.209434
23388,-0.179515,-0.239354,-0.209434
23389,-0.179515,-0.239354,-0.209434
23390,-0.179515,-0.239354,-0.209434
23391,-0.179515,-0.239354,-0.239354
23392,-0.179515,-0.239354,-0.239354
23393,-0.179515,-0.209434,-0.209434
23394,-0.149596,-0.179515,-0.179515
23395,-0.149596,-0.179515,-0.179515
23396,-0.149596,-0.209434,-0.209434
23397,-0.179515,-0.239354,-0.209434
23398,-0.209434,-0.239354,-0.239354
23399,-0.209434,-0.269273,-0.269273
23400,-0.209434,-0.269273,-0.239354
23401,-0.209434,-0.269273,-0.269273
23402,-0.209434,-0.239354,-0.269273
23403,-0.209434,-0.269273,-0.269273
23404,-0.209434,-0.269273,-0.239354
23405,-0.209434,-0.239354,-0.239354
23406,-0.209434,-0.239354,-0.239354
23407,-0.209434,-0.239354,-0.239354
23408,-0.209434,-0.239354,-0.239354
23409,-0.209434,-0.269273,-0.269273
23410,-0.239354,-0.299192,-0.299192
23411,-0.239354,-0.299192,-0.299192
23412,-0.239354,-0.269273,-0.269273
23413,-0.209434,-0.269273,-0.269273
23414,-0.179515,-0.239354,-0.239354
23415,-0.179515,-0.209434,-0.209434
23416,-0.179515,-0.209434,-0.209434
23417,-0.179515,-0.209434,-0.209434
23418,-0.179515,-0.209434,-0.209434
23419,-0.179515,-0.209434,-0.209434
23420,-0.179515,-0.209434,-0.209434
23421,-0.179515,-0.239354,-0.209434
23422,-0.179515,-0.239354,-0.239354
23423,-0.179515,-0.239354,-0.239354
23424,-0.179515,-0.239354,-0.239354
23425,-0.179515,-0.209434,-0.209434
23426,-0.149596,-0.179515,-0.179515
23427,-0.149596,-0.179515,-0.179515
23428,-0.149596,-0.209434,-0.209434
23429,-0.179515,-0.209434,-0.209434
23430,-0.209434,-0.239354,-0.239354
23431,-0.209434,-0.269273,-0.239354
23432,-0.209434,-0.269273,-0.269273
23433,-0.209434,-0.269273,-0.239354
23434,-0.209434,-0.269273,-0.239354
23435,-0.209434,-0.269273,-0.269273
23436,-0.209434,-0.269273,-0.239354
23437,-0.209434,-0.239354,-0.239354
23438,-0.209434,-0.239354,-0.239354
23439,-0.209434,-0.239354,-0.239354
23440,-0.209434,-0.239354,-0.239354
23441,-0.209434,-0.269273,-0.269273
23442,-0.269273,-0.299192,-0.299192
23443,-0.239354,-0.299192,-0.299192
23444,-0.239354,-0.269273,-0.269273
23445,-0.209434,-0.269273,-0.239354
23446,-0.179515,-0.239354,-0.239354
23447,-0.179515,-0.209434,-0.209434
23448,-0.179515,-0.209434,-0.209434
23449,-0.179515,-0.209434,-0.209434
23450,-0.179515,-0.209434,-0.209434
23451,-0.179515,-0.209434,-0.209434
23452,-0.179515,-0.209434,-0.209434
23453,-0.179515,-0.239354,-0.239354
23454,-0.179515,-0.239354,-0.239354
23455,-0.179515,-0.239354,-0.239354
23456,-0.179515,-0.239354,-0.239354
23457,-0.149596,-0.209434,-0.209434
23458,-0.119677,-0.179515,-0.179515
23459,-0.149596,-0.179515,-0.179515
23460,-0.149596,-0.209434,-0.209434
23461,-0.179515,-0.209434,-0.209434
23462,-0.209434,-0.239354,-0.239354
23463,-0.209434,-0.269273,-0.239354
23464,-0.209434,-0.269273,-0.269273
23465,-0.209434,-0.269273,-0.269273
23466,-0.209434,-0.269273,-0.239354
23467,-0.209434,-0.269273,-0.269273
23468,-0.209434,-0.269273,-0.239354
23469,-0.209434,-0.239354,-0.239354
23470,-0.209434,-0.239354,-0.239354
23471,-0.209434,-0.239354,-0.239354
23472,-0.209434,-0.239354,-0.239354
23473,-0.209434,-0.269273,-0.269273
23474,-0.239354,-0.299192,-0.299192
23475,-0.239354,-0.269273,-0.269273
23476,-0.239354,-0.269273,-0.269273
23477,-0.209434,-0.269273,-0.239354
23478,-0.179515,-0.239354,-0.239354
23479,-0.179515,-0.239354,-0.209434
23480,-0.179515,-0.209434,-0.209434
23481,-0.179515,-0.209434,-0.209434
23482,-0.179515,-0.209434,-0.209434
23483,-0.179515,-0.209434,-0.209434
23484,-0.179515,-0.209434,-0.209434
23485,-0.179515,-0.209434,-0.239354
23486,-0.179515,-0.239354,-0.239354
23487,-0.179515,-0.239354,-0.239354
23488,-0.179515,-0.239354,-0.239354
23489,-0.149596,-0.209434,-0.209434
23490,-0.119677,-0.179515,-0.179515
23491,-0.149596,-0.179515,-0.179515
23492,-0.149596,-0.209434,-0.209434
23493,-0.179515,-0.239354,-0.209434
23494,-0.209434,-0.239354,-0.239354
23495,-0.209434,-0.269273,-0.239354
23496,-0.209434,-0.269273,-0.269273
23497,-0.209434,-0.269273,-0.269273
23498,-0.209434,-0.269273,-0.239354
23499,-0.209434,-0.269273,-0.269273
23500,-0.209434,-0.269273,-0.239354
23501,-0.209434,-0.239354,-0.239354
23502,-0.209434,-0.239354,-0.239354
23503,-0.209434,-0.239354,-0.239354
23504,-0.209434,-0.239354,-0.239354
23505,-0.209434,-0.269273,-0.269273
23506,-0.239354,-0.299192,-0.299192
23507,-0.239354,-0.299192,-0.269273
23508,-0.239354,-0.269273,-0.269273
23509,-0.209434,-0.269273,-0.239354
23510,-0.179515,-0.239354,-0.239354
23511,-0.179515,-0.209434,-0.209434
23512,-0.179515,-0.209434,-0.209434
23513,-0.179515,-0.209434,-0.209434
23514,-0.179515,-0.239354,-0.209434
23515,-0.179515,-0.209434,-0.209434
23516,-0.179515,-0.209434,-0.209434
23517,-0.179515,-0.239354,-0.239354
23518,-0.179515,-0.239354,-0.239354
23519,-0.179515,-0.239354,-0.239354
23520,-0.179515,-0.239354,-0.239354
23521,-0.149596,-0.209434,-0.209434
23522,-0.119677,-0.179515,-0.179515
23523,-0.149596,-0.179515,-0.179515
23524,-0.149596,-0.209434,-0.209434
23525,-0.179515,-0.239354,-0.209434
23526,-0.209434,-0.239354,-0.239354
23527,-0.209434,-0.269273,-0.269273
23528,-0.209434,-0.269273,-0.269273
23529,-0.209434,-0.239354,-0.269273
23530,-0.209434,-0.269273,-0.269273
23531,-0.209434,-0.269273,-0.269273
23532,-0.209434,-0.239354,-0.239354
23533,-0.209434,-0.239354,-0.239354
23534,-0.209434,-0.239354,-0.239354
23535,-0.209434,-0.239354,-0.239354
23536,-0.209434,-0.239354,-0.239354
23537,-0.209434,-0.269273,-0.269273
23538,-0.239354,-0.299192,-0.299192
23539,-0.239354,-0.299192,-0.269273
23540,-0.239354,-0.269273,-0.269273
23541,-0.209434,-0.269273,-0.239354
23542,-0.179515,-0.239354,-0.239354
23543,-0.179515,-0.209434,-0.209434
23544,-0.179515,-0.209434,-0.209434
23545,-0.179515,-0.209434,-0.209434
23546,-0.179515,-0.209434,-0.209434
23547,-0.179515,-0.209434,-0.209434
23548,-0.179515,-0.239354,-0.209434
23549,-0.179515,-0.239354,-0.209434
23550,-0.179515,-0.239354,-0.239354
23551,-0.179515,-0.239354,-0.239354
23552,-0.179515,-0.239354,-0.239354
23553,-0.149596,-0.209434,-0.209434
23554,-0.149596,-0.179515,-0.179515
23555,-0.149596,-0.179515,-0.179515
23556,-0.149596,-0.209434,-0.209434
23557,-0.179515,-0.239354,-0.209434
23558,-0.209434,-0.239354,-0.239354
23559,-0.209434,-0.269273,-0.239354
23560,-0.209434,-0.269273,-0.239354
23561,-0.209434,-0.269273,-0.239354
23562,-0.209434,-0.269273,-0.239354
23563,-0.209434,-0.269273,-0.269273
23564,-0.209434,-0.269273,-0.239354
23565,-0.209434,-0.239354,-0.239354
23566,-0.209434,-0.239354,-0.239354
23567,-0.209434,-0.239354,-0.239354
23568,-0.209434,-0.239354,-0.239354
23569,-0.209434,-0.269273,-0.269273
23570,-0.239354,-0.299192,-0.299192
23571,-0.239354,-0.269273,-0.269273
23572,-0.239354,-0.269273,-0.269273
23573,-0.209434,-0.239354,-0.239354
23574,-0.179515,-0.239354,-0.239354
23575,-0.179515,-0.209434,-0.209434
23576,-0.179515,-0.209434,-0.209434
23577,-0.179515,-0.209434,-0.209434
23578,-0.179515,-0.209434,-0.209434
23579,-0.179515,-0.209434,-0.209434
23580,-0.179515,-0.209434,-0.209434
23581,-0.179515,-0.239354,-0.209434
23582,-0.179515,-0.239354,-0.239354
23583,-0.179515,-0.239354,-0.239354
23584,-0.179515,-0.239354,-0.239354
23585,-0.149596,-0.209434,-0.209434
23586,-0.149596,-0.179515,-0.179515
23587,-0.149596,-0.179515,-0.179515
23588,-0.149596,-0.209434,-0.209434
23589,-0.179515,-0.239354,-0.239354
23590,-0.209434,-0.239354,-0.239354
23591,-0.209434,-0.269273,-0.269273
23592,-0.209434,-0.269273,-0.269273
23593,-0.209434,-0.269273,-0.239354
23594,-0.209434,-0.269273,-0.239354
23595,-0.209434,-0.269273,-0.269273
23596,-0.209434,-0.239354,-0.269273
23597,-0.209434,-0.239354,-0.239354
23598,-0.209434,-0.239354,-0.239354
23599,-0.209434,-0.239354,-0.239354
23600,-0.209434,-0.239354,-0.239354
23601,-0.239354,-0.269273,-0.269273
23602,-0.269273,-0.299192,-0.299192
23603,-0.239354,-0.269273,-0.269273
23604,-0.239354,-0.269273,-0.269273
23605,-0.209434,-0.239354,-0.239354
23606,-0.179515,-0.239354,-0.239354
23607,-0.179515,-0.209434,-0.209434
23608,-0.179515,-0.209434,-0.209434
23609,-0.179515,-0.209434,-0.209434
23610,-0.179515,-0.209434,-0.209434
23611,-0.179515,-0.209434,-0.209434
23612,-0.179515,-0.239354,-0.209434
23613,-0.179515,-0.239354,-0.239354
23614,-0.179515,-0.239354,-0.239354
23615,-0.179515,-0.239354,-0.239354
23616,-0.179515,-0.239354,-0.239354
23617,-0.149596,-0.209434,-0.209434
23618,-0.119677,-0.179515,-0.179515
23619,-0.149596,-0.179515,-0.179515
23620,-0.179515,-0.209434,-0.209434
23621,-0.179515,-0.239354,-0.239354
23622,-0.209434,-0.239354,-0.239354
23623,-0.209434,-0.269273,-0.269273
23624,-0.209434,-0.269273,-0.269273
23625,-0.209434,-0.269273,-0.239354
23626,-0.209434,-0.269273,-0.239354
23627,-0.209434,-0.269273,-0.269273
23628,-0.209434,-0.239354,-0.239354
23629,-0.209434,-0.239354,-0.239354
23630,-0.209434,-0.239354,-0.239354
23631,-0.209434,-0.239354,-0.239354
23632,-0.209434,-0.239354,-0.239354
23633,-0.239354,-0.269273,-0.269273
23634,-0.239354,-0.299192,-0.299192
23635,-0.239354,-0.269273,-0.269273
23636,-0.239354,-0.269273,-0.269273
23637,-0.209434,-0.239354,-0.269273
23638,-0.179515,-0.239354,-0.239354
23639,-0.179515,-0.209434,-0.209434
23640,-0.179515,-0.209434,-0.209434
23641,-0.179515,-0.209434,-0.209434
23642,-0.179515,-0.209434,-0.209434
23643,-0.179515,-0.209434,-0.209434
23644,-0.179515,-0.239354,-0.209434
23645,-0.179515,-0.239354,-0.239354
23646,-0.179515,-0.239354,-0.239354
23647,-0.179515,-0.239354,-0.239354
23648,-0.179515,-0.239354,-0.239354
23649,-0.149596,-0.209434,-0.209434
23650,-0.119677,-0.179515,-0.179515
23651,-0.149596,-0.179515,-0.179515
23652,-0.149596,-0.209434,-0.209434
23653,-0.179515,-0.239354,-0.239354
23654,-0.209434,-0.269273,-0.239354
23655,-0.209434,-0.269273,-0.269273
23656,-0.209434,-0.269273,-0.239354
23657,-0.209434,-0.239354,-0.239354
23658,-0.209434,-0.269273,-0.239354
23659,-0.209434,-0.269273,-0.269273
23660,-0.209434,-0.239354,-0.239354
23661,-0.209434,-0.239354,-0.239354
23662,-0.209434,-0.239354,-0.239354
23663,-0.209434,-0.239354,-0.239354
23664,-0.209434,-0.239354,-0.239354
23665,-0.239354,-0.269273,-0.269273
23666,-0.239354,-0.299192,-0.299192
23667,-0.239354,-0.269273,-0.269273
23668,-0.239354,-0.269273,-0.269273
23669,-0.209434,-0.269273,-0.239354
23670,-0.179515,-0.239354,-0.239354
23671,-0.179515,-0.209434,-0.209434
23672,-0.179515,-0.209434,-0.209434
23673,-0.179515,-0.209434,-0.209434
23674,-0.179515,-0.209434,-0.209434
23675,-0.179515,-0.209434,-0.209434
23676,-0.179515,-0.209434,-0.209434
23677,-0.179515,-0.239354,-0.239354
23678,-0.179515,-0.239354,-0.209434
23679,-0.179515,-0.239354,-0.239354
23680,-0.179515,-0.239354,-0.239354
23681,-0.149596,-0.209434,-0.209434
23682,-0.119677,-0.179515,-0.179515
23683,-0.149596,-0.209434,-0.179515
23684,-0.179515,-0.209434,-0.209434
23685,-0.179515,-0.239354,-0.239354
23686,-0.209434,-0.239354,-0.239354
23687,-0.209434,-0.269273,-0.269273
23688,-0.209434,-0.269273,-0.239354
23689,-0.209434,-0.269273,-0.239354
23690,-0.209434,-0.269273,-0.269273
23691,-0.209434,-0.269273,-0.269273
23692,-0.209434,-0.239354,-0.239354
23693,-0.209434,-0.239354,-0.239354
23694,-0.209434,-0.239354,-0.239354
23695,-0.209434,-0.239354,-0.239354
23696,-0.209434,-0.239354,-0.239354
23697,-0.239354,-0.269273,-0.269273
23698,-0.239354,-0.299192,-0.299192
23699,-0.239354,-0.269273,-0.269273
23700,-0.239354,-0.269273,-0.269273
23701,-0.209434,-0.239354,-0.239354
23702,-0.179515,-0.239354,-0.239354
23703,-0.179515,-0.209434,-0.209434
23704,-0.179515,-0.209434,-0.209434
23705,-0.179515,-0.209434,-0.209434
23706,-0.179515,-0.209434,-0.209434
23707,-0.179515,-0.209434,-0.209434
23708,-0.179515,-0.239354,-0.209434
23709,-0.179515,-0.239354,-0.239354
23710,-0.179515,-0.239354,-0.239354
23711,-0.179515,-0.239354,-0.239354
23712,-0.179515,-0.239354,-0.239354
23713,-0.149596,-0.209434,-0.209434
23714,-0.149596,-0.179515,-0.179515
23715,-0.149596,-0.209434,-0.179515
23716,-0.179515,-0.209434,-0.209434
23717,-0.179515,-0.239354,-0.239354
23718,-0.209434,-0.239354,-0.239354
23719,-0.209434,-0.269273,-0.239354
23720,-0.209434,-0.269273,-0.239354
23721,-0.209434,-0.269273,-0.269273
23722,-0.209434,-0.269273,-0.269273
23723,-0.209434,-0.269273,-0.239354
23724,-0.209434,-0.239354,-0.269273
23725,-0.209434,-0.239354,-0.239354
23726,-0.209434,-0.239354,-0.239354
23727,-0.209434,-0.239354,-0.239354
23728,-0.209434,-0.239354,-0.239354
23729,-0.239354,-0.269273,-0.269273
23730,-0.239354,-0.299192,-0.299192
23731,-0.239354,-0.299192,-0.299192
23732,-0.239354,-0.269273,-0.269273
23733,-0.209434,-0.239354,-0.239354
23734,-0.179515,-0.239354,-0.209434
23735,-0.179515,-0.209434,-0.209434
23736,-0.179515,-0.209434,-0.209434
23737,-0.179515,-0.209434,-0.209434
23738,-0.179515,-0.209434,-0.209434
23739,-0.179515,-0.209434,-0.209434
23740,-0.179515,-0.209434,-0.209434
23741,-0.179515,-0.239354,-0.209434
23742,-0.179515,-0.239354,-0.239354
23743,-0.179515,-0.239354,-0.239354
23744,-0.179515,-0.239354,-0.239354
23745,-0.149596,-0.209434,-0.209434
23746,-0.119677,-0.179515,-0.179515
23747,-0.149596,-0.179515,-0.209434
23748,-0.149596,-0.209434,-0.209434
23749,-0.179515,-0.239354,-0.209434
23750,-0.209434,-0.239354,-0.239354
23751,-0.209434,-0.269273,-0.269273
23752,-0.209434,-0.269273,-0.269273
23753,-0.209434,-0.269273,-0.239354
23754,-0.209434,-0.269273,-0.239354
23755,-0.209434,-0.269273,-0.269273
23756,-0.209434,-0.239354,-0.269273
23757,-0.209434,-0.239354,-0.239354
23758,-0.209434,-0.239354,-0.239354
23759,-0.209434,-0.239354,-0.239354
23760,-0.209434,-0.239354,-0.239354
23761,-0.239354,-0.269273,-0.269273
23762,-0.239354,-0.299192,-0.299192
23763,-0.239354,-0.269273,-0.269273
23764,-0.239354,-0.269273,-0.269273
23765,-0.209434,-0.239354,-0.239354
23766,-0.179515,-0.239354,-0.209434
23767,-0.179515,-0.209434,-0.209434
23768,-0.179515,-0.209434,-0.209434
23769,-0.179515,-0.209434,-0.209434
23770,-0.179515,-0.209434,-0.209434
23771,-0.179515,-0.209434,-0.209434
23772,-0.179515,-0.209434,-0.209434
23773,-0.179515,-0.239354,-0.239354
23774,-0.179515,-0.239354,-0.209434
23775,-0.179515,-0.239354,-0.239354
23776,-0.179515,-0.239354,-0.239354
23777,-0.149596,-0.209434,-0.209434
23778,-0.119677,-0.179515,-0.179515
23779,-0.149596,-0.209434,-0.209434
23780,-0.179515,-0.209434,-0.209434
23781,-0.179515,-0.239354,-0.239354
23782,-0.209434,-0.239354,-0.269273
23783,-0.209434,-0.269273,-0.269273
23784,-0.209434,-0.269273,-0.269273
23785,-0.209434,-0.269273,-0.269273
23786,-0.209434,-0.269273,-0.269273
23787,-0.209434,-0.269273,-0.269273
23788,-0.209434,-0.239354,-0.239354
23789,-0.209434,-0.239354,-0.239354
23790,-0.209434,-0.239354,-0.239354
23791,-0.209434,-0.239354,-0.239354
23792,-0.209434,-0.239354,-0.239354
23793,-0.239354,-0.269273,-0.269273
23794,-0.239354,-0.299192,-0.299192
23795,-0.239354,-0.269273,-0.269273
23796,-0.209434,-0.269273,-0.269273
23797,-0.209434,-0.239354,-0.239354
23798,-0.179515,-0.239354,-0.239354
23799,-0.179515,-0.209434,-0.209434
23800,-0.179515,-0.209434,-0.209434
23801,-0.179515,-0.209434,-0.209434
23802,-0.179515,-0.209434,-0.209434
23803,-0.179515,-0.209434,-0.209434
23804,-0.179515,-0.239354,-0.209434
23805,-0.179515,-0.239354,-0.239354
23806,-0.179515,-0.239354,-0.239354
23807,-0.179515,-0.239354,-0.239354
23808,-0.179515,-0.239354,-0.239354
23809,-0.149596,-0.209434,-0.209434
23810,-0.119677,-0.179515,-0.179515
23811,-0.149596,-0.209434,-0.179515
23812,-0.149596,-0.209434,-0.209434
23813,-0.179515,-0.239354,-0.239354
23814,-0.209434,-0.239354,-0.239354
23815,-0.209434,-0.269273,-0.269273
23816,-0.209434,-0.269273,-0.269273
23817,-0.209434,-0.269273,-0.269273
23818,-0.209434,-0.269273,-0.239354
23819,-0.209434,-0.269273,-0.269273
23820,-0.209434,-0.239354,-0.239354
23821,-0.209434,-0.239354,-0.239354
23822,-0.209434,-0.239354,-0.239354
23823,-0.209434,-0.239354,-0.239354
23824,-0.209434,-0.239354,-0.239354
23825,-0.239354,-0.269273,-0.269273
23826,-0.239354,-0.299192,-0.299192
23827,-0.239354,-0.269273,-0.269273
23828,-0.209434,-0.269273,-0.269273
23829,-0.209434,-0.239354,-0.239354
23830,-0.179515,-0.239354,-0.239354
23831,-0.179515,-0.209434,-0.209434
23832,-0.179515,-0.209434,-0.209434
23833,-0.179515,-0.209434,-0.209434
23834,-0.179515,-0.239354,-0.209434
23835,-0.179515,-0.209434,-0.209434
23836,-0.179515,-0.209434,-0.209434
23837,-0.179515,-0.239354,-0.209434
23838,-0.179515,-0.239354,-0.239354
23839,-0.179515,-0.239354,-0.239354
23840,-0.179515,-0.239354,-0.239354
23841,-0.149596,-0.209434,-0.179515
23842,-0.149596,-0.179515,-0.179515
23843,-0.149596,-0.209434,-0.209434
23844,-0.149596,-0.209434,-0.209434
23845,-0.179515,-0.239354,-0.239354
23846,-0.209434,-0.269273,-0.239354
23847,-0.209434,-0.269273,-0.269273
23848,-0.209434,-0.269273,-0.239354
23849,-0.209434,-0.269273,-0.239354
23850,-0.209434,-0.269273,-0.239354
23851,-0.209434,-0.269273,-0.239354
23852,-0.209434,-0.269273,-0.239354
23853,-0.209434,-0.239354,-0.239354
23854,-0.209434,-0.239354,-0.239354
23855,-0.209434,-0.239354,-0.239354
23856,-0.209434,-0.239354,-0.239354
23857,-0.239354,-0.269273,-0.269273
23858,-0.239354,-0.299192,-0.299192
23859,-0.239354,-0.269273,-0.269273
23860,-0.239354,-0.269273,-0.269273
23861,-0.209434,-0.239354,-0.239354
23862,-0.179515,-0.239354,-0.209434
23863,-0.179515,-0.239354,-0.209434
23864,-0.179515,-0.209434,-0.209434
23865,-0.179515,-0.209434,-0.209434
23866,-0.179515,-0.209434,-0.209434
23867,-0.179515,-0.209434,-0.209434
23868,-0.179515,-0.209434,-0.239354
23869,-0.179515,-0.239354,-0.239354
23870,-0.179515,-0.239354,-0.239354
23871,-0.179515,-0.239354,-0.239354
23872,-0.179515,-0.239354,-0.239354
23873,-0.149596,-0.209434,-0.209434
23874,-0.119677,-0.179515,-0.179515
23875,-0.149596,-0.179515,-0.179515
23876,-0.149596,-0.209434,-0.209434
23877,-0.179515,-0.239354,-0.239354
23878,-0.209434,-0.239354,-0.239354
23879,-0.209434,-0.269273,-0.269273
23880,-0.209434,-0.239354,-0.269273
23881,-0.209434,-0.269273,-0.269273
23882,-0.209434,-0.269273,-0.239354
23883,-0.209434,-0.269273,-0.269273
23884,-0.209434,-0.239354,-0.239354
23885,-0.209434,-0.239354,-0.239354
23886,-0.209434,-0.239354,-0.239354
23887,-0.209434,-0.239354,-0.239354
23888,-0.209434,-0.239354,-0.239354
23889,-0.239354,-0.269273,-0.269273
23890,-0.239354,-0.299192,-0.299192
23891,-0.239354,-0.269273,-0.269273
23892,-0.209434,-0.269273,-0.269273
23893,-0.209434,-0.239354,-0.239354
23894,-0.179515,-0.239354,-0.209434
23895,-0.179515,-0.209434,-0.209434
23896,-0.179515,-0.209434,-0.209434
23897,-0.179515,-0.209434,-0.209434
23898,-0.179515,-0.209434,-0.209434
23899,-0.179515,-0.209434,-0.209434
23900,-0.179515,-0.209434,-0.209434
23901,-0.179515,-0.239354,-0.209434
23902,-0.179515,-0.239354,-0.239354
23903,-0.179515,-0.239354,-0.239354
23904,-0.179515,-0.239354,-0.239354
23905,-0.149596,-0.209434,-0.179515
23906,-0.119677,-0.179515,-0.179515
23907,-0.149596,-0.209434,-0.179515
23908,-0.149596,-0.209434,-0.209434
23909,-0.179515,-0.239354,-0.239354
23910,-0.209434,-0.269273,-0.239354
23911,-0.209434,-0.269273,-0.239354
23912,-0.209434,-0.269273,-0.269273
23913,-0.209434,-0.269273,-0.269273
23914,-0.209434,-0.239354,-0.239354
23915,-0.209434,-0.269273,-0.269273
23916,-0.209434,-0.239354,-0.239354
23917,-0.209434,-0.239354,-0.239354
23918,-0.209434,-0.239354,-0.239354
23919,-0.209434,-0.239354,-0.239354
23920,-0.209434,-0.239354,-0.239354
23921,-0.239354,-0.269273,-0.269273
23922,-0.239354,-0.299192,-0.299192
23923,-0.239354,-0.269273,-0.269273
23924,-0.209434,-0.269273,-0.269273
23925,-0.209434,-0.239354,-0.239354
23926,-0.179515,-0.239354,-0.209434
23927,-0.179515,-0.209434,-0.209434
23928,-0.179515,-0.209434,-0.209434
23929,-0.179515,-0.209434,-0.209434
23930,-0.179515,-0.209434,-0.209434
23931,-0.179515,-0.209434,-0.209434
23932,-0.179515,-0.239354,-0.209434
23933,-0.179515,-0.239354,-0.209434
23934,-0.179515,-0.239354,-0.239354
23935,-0.179515,-0.239354,-0.239354
23936,-0.179515,-0.239354,-0.239354
23937,-0.149596,-0.179515,-0.179515
23938,-0.119677,-0.179515,-0.179515
23939,-0.149596,-0.209434,-0.179515
23940,-0.149596,-0.209434,-0.209434
23941,-0.179515,-0.239354,-0.239354
23942,-0.209434,-0.239354,-0.269273
23943,-0.209434,-0.269273,-0.269273
23944,-0.209434,-0.269273,-0.269273
23945,-0.209434,-0.269273,-0.239354
23946,-0.209434,-0.269273,-0.239354
23947,-0.209434,-0.269273,-0.269273
23948,-0.209434,-0.239354,-0.239354
23949,-0.209434,-0.239354,-0.239354
23950,-0.209434,-0.239354,-0.239354
23951,-0.209434,-0.239354,-0.239354
23952,-0.209434,-0.239354,-0.239354
23953,-0.239354,-0.269273,-0.269273
23954,-0.239354,-0.299192,-0.299192
23955,-0.239354,-0.269273,-0.269273
23956,-0.209434,-0.269273,-0.269273
23957,-0.209434,-0.239354,-0.239354
23958,-0.179515,-0.239354,-0.209434
23959,-0.179515,-0.209434,-0.209434
23960,-0.179515,-0.209434,-0.209434
23961,-0.179515,-0.209434,-0.209434
23962,-0.179515,-0.209434,-0.209434
23963,-0.179515,-0.209434,-0.209434
23964,-0.179515,-0.209434,-0.239354
23965,-0.179515,-0.239354,-0.239354
23966,-0.179515,-0.239354,-0.239354
23967,-0.179515,-0.239354,-0.239354
23968,-0.179515,-0.239354,-0.239354
23969,-0.149596,-0.179515,-0.179515
23970,-0.119677,-0.179515,-0.179515
23971,-0.149596,-0.209434,-0.209434
23972,-0.179515,-0.209434,-0.209434
23973,-0.179515,-0.239354,-0.239354
23974,-0.209434,-0.269273,-0.239354
23975,-0.209434,-0.269273,-0.239354
23976,-0.209434,-0.269273,-0.269273
23977,-0.209434,-0.269273,-0.239354
23978,-0.209434,-0.269273,-0.269273
23979,-0.209434,-0.269273,-0.269273
23980,-0.209434,-0.239354,-0.239354
23981,-0.209434,-0.239354,-0.239354
23982,-0.209434,-0.239354,-0.239354
23983,-0.209434,-0.239354,-0.239354
23984,-0.209434,-0.239354,-0.239354
23985,-0.239354,-0.299192,-0.269273
23986,-0.239354,-0.299192,-0.299192
23987,-0.239354,-0.269273,-0.269273
23988,-0.209434,-0.269273,-0.269273
23989,-0.209434,-0.239354,-0.239354
23990,-0.179515,-0.239354,-0.209434
23991,-0.179515,-0.209434,-0.209434
23992,-0.179515,-0.209434,-0.209434
23993,-0.179515,-0.209434,-0.209434
23994,-0.179515,-0.209434,-0.209434
23995,-0.179515,-0.209434,-0.209434
23996,-0.179515,-0.209434,-0.239354
23997,-0.179515,-0.239354,-0.239354
23998,-0.179515,-0.239354,-0.239354
23999,-0.179515,-0.239354,-0.239354
24000,-0.179515,-0.239354,-0.239354
