sample_index,acc_ch1,acc_ch2,acc_ch3
1,-0.209434,-0.269273,-0.269273
2,-0.239354,-0.269273,-0.269273
3,-0.239354,-0.269273,-0.269273
4,-0.209434,-0.269273,-0.269273
5,-0.209434,-0.239354,-0.239354
6,-0.179515,-0.239354,-0.209434
7,-0.179515,-0.239354,-0.209434
8,-0.179515,-0.239354,-0.209434
9,-0.179515,-0.209434,-0.209434
10,-0.179515,-0.209434,-0.209434
11,-0.179515,-0.209434,-0.209434
12,-0.179515,-0.239354,-0.239354
13,-0.179515,-0.239354,-0.239354
14,-0.179515,-0.239354,-0.239354
15,-0.179515,-0.239354,-0.239354
16,-0.209434,-0.239354,-0.239354
17,-0.179515,-0.209434,-0.209434
18,-0.149596,-0.209434,-0.179515
19,-0.179515,-0.209434,-0.209434
20,-0.179515,-0.209434,-0.209434
21,-0.179515,-0.239354,-0.239354
22,-0.209434,-0.269273,-0.239354
23,-0.209434,-0.269273,-0.239354
24,-0.209434,-0.239354,-0.269273
25,-0.209434,-0.239354,-0.239354
26,-0.209434,-0.269273,-0.239354
27,-0.209434,-0.269273,-0.239354
28,-0.209434,-0.239354,-0.239354
29,-0.209434,-0.239354,-0.239354
30,-0.209434,-0.239354,-0.239354
31,-0.209434,-0.239354,-0.239354
32,-0.209434,-0.239354,-0.239354
33,-0.209434,-0.269273,-0.269273
34,-0.239354,-0.269273,-0.269273
35,-0.239354,-0.269273,-0.269273
36,-0.209434,-0.269273,-0.269273
37,-0.209434,-0.239354,-0.239354
38,-0.179515,-0.239354,-0.239354
39,-0.179515,-0.239354,-0.209434
40,-0.179515,-0.209434,-0.209434
41,-0.179515,-0.239354,-0.209434
42,-0.179515,-0.239354,-0.209434
43,-0.179515,-0.239354,-0.209434
44,-0.179515,-0.239354,-0.209434
45,-0.179515,-0.239354,-0.239354
46,-0.179515,-0.239354,-0.239354
47,-0.179515,-0.239354,-0.239354
48,-0.179515,-0.239354,-0.239354
49,-0.179515,-0.209434,-0.209434
50,-0.149596,-0.179515,-0.179515
51,-0.149596,-0.209434,-0.209434
52,-0.179515,-0.209434,-0.209434
53,-0.179515,-0.239354,-0.239354
54,-0.209434,-0.239354,-0.239354
55,-0.209434,-0.269273,-0.239354
56,-0.209434,-0.269273,-0.239354
57,-0.209434,-0.239354,-0.239354
58,-0.209434,-0.239354,-0.239354
59,-0.209434,-0.269273,-0.239354
60,-0.209434,-0.239354,-0.239354
61,-0.209434,-0.239354,-0.239354
62,-0.209434,-0.239354,-0.239354
63,-0.209434,-0.239354,-0.239354
64,-0.209434,-0.239354,-0.239354
65,-0.209434,-0.269273,-0.269273
66,-0.239354,-0.269273,-0.269273
67,-0.239354,-0.269273,-0.269273
68,-0.209434,-0.269273,-0.269273
69,-0.209434,-0.239354,-0.239354
70,-0.179515,-0.239354,-0.239354
71,-0.179515,-0.239354,-0.209434
72,-0.179515,-0.239354,-0.209434
73,-0.179515,-0.239354,-0.209434
74,-0.179515,-0.239354,-0.209434
75,-0.179515,-0.239354,-0.209434
76,-0.179515,-0.239354,-0.209434
77,-0.179515,-0.239354,-0.239354
78,-0.179515,-0.239354,-0.239354
79,-0.179515,-0.239354,-0.239354
80,-0.179515,-0.239354,-0.239354
81,-0.179515,-0.209434,-0.209434
82,-0.149596,-0.179515,-0.179515
83,-0.149596,-0.209434,-0.209434
84,-0.179515,-0.209434,-0.209434
85,-0.179515,-0.239354,-0.239354
86,-0.209434,-0.239354,-0.239354
87,-0.209434,-0.269273,-0.239354
88,-0.209434,-0.269273,-0.239354
89,-0.209434,-0.239354,-0.239354
90,-0.209434,-0.239354,-0.239354
91,-0.209434,-0.269273,-0.239354
92,-0.209434,-0.239354,-0.239354
93,-0.209434,-0.239354,-0.239354
94,-0.209434,-0.239354,-0.239354
95,-0.209434,-0.239354,-0.239354
96,-0.209434,-0.239354,-0.239354
97,-0.209434,-0.269273,-0.269273
98,-0.239354,-0.269273,-0.269273
99,-0.239354,-0.269273,-0.269273
100,-0.209434,-0.269273,-0.269273
101,-0.209434,-0.239354,-0.239354
102,-0.179515,-0.239354,-0.209434
103,-0.179515,-0.239354,-0.209434
104,-0.179515,-0.209434,-0.209434
105,-0.179515,-0.239354,-0.209434
106,-0.179515,-0.239354,-0.209434
107,-0.179515,-0.209434,-0.209434
108,-0.179515,-0.239354,-0.209434
109,-0.179515,-0.239354,-0.209434
110,-0.179515,-0.239354,-0.239354
111,-0.179515,-0.239354,-0.239354
112,-0.179515,-0.239354,-0.239354
113,-0.179515,-0.209434,-0.209434
114,-0.149596,-0.209434,-0.179515
115,-0.149596,-0.209434,-0.209434
116,-0.179515,-0.209434,-0.209434
117,-0.179515,-0.239354,-0.239354
118,-0.209434,-0.239354,-0.239354
119,-0.209434,-0.269273,-0.239354
120,-0.209434,-0.239354,-0.239354
121,-0.209434,-0.239354,-0.239354
122,-0.209434,-0.239354,-0.239354
123,-0.209434,-0.239354,-0.239354
124,-0.209434,-0.239354,-0.239354
125,-0.209434,-0.239354,-0.239354
126,-0.209434,-0.239354,-0.239354
127,-0.209434,-0.239354,-0.239354
128,-0.209434,-0.239354,-0.239354
129,-0.239354,-0.269273,-0.269273
130,-0.239354,-0.269273,-0.269273
131,-0.239354,-0.269273,-0.269273
132,-0.209434,-0.269273,-0.269273
133,-0.209434,-0.239354,-0.239354
134,-0.179515,-0.239354,-0.239354
135,-0.179515,-0.239354,-0.239354
136,-0.179515,-0.209434,-0.209434
137,-0.179515,-0.209434,-0.209434
138,-0.179515,-0.239354,-0.209434
139,-0.179515,-0.239354,-0.209434
140,-0.179515,-0.239354,-0.239354
141,-0.179515,-0.239354,-0.239354
142,-0.179515,-0.239354,-0.239354
143,-0.179515,-0.239354,-0.239354
144,-0.179515,-0.239354,-0.239354
145,-0.149596,-0.209434,-0.209434
146,-0.149596,-0.179515,-0.179515
147,-0.179515,-0.209434,-0.209434
148,-0.179515,-0.209434,-0.209434
149,-0.179515,-0.239354,-0.239354
150,-0.209434,-0.239354,-0.239354
151,-0.209434,-0.239354,-0.239354
152,-0.209434,-0.239354,-0.239354
153,-0.209434,-0.239354,-0.239354
154,-0.209434,-0.239354,-0.239354
155,-0.209434,-0.269273,-0.269273
156,-0.209434,-0.239354,-0.239354
157,-0.209434,-0.239354,-0.239354
158,-0.209434,-0.239354,-0.239354
159,-0.209434,-0.239354,-0.239354
160,-0.209434,-0.239354,-0.239354
161,-0.209434,-0.269273,-0.269273
162,-0.239354,-0.299192,-0.269273
163,-0.239354,-0.269273,-0.269273
164,-0.239354,-0.269273,-0.269273
165,-0.209434,-0.239354,-0.239354
166,-0.179515,-0.239354,-0.239354
167,-0.179515,-0.239354,-0.209434
168,-0.179515,-0.239354,-0.209434
169,-0.179515,-0.209434,-0.209434
170,-0.179515,-0.239354,-0.239354
171,-0.179515,-0.209434,-0.209434
172,-0.179515,-0.239354,-0.239354
173,-0.179515,-0.239354,-0.239354
174,-0.179515,-0.239354,-0.239354
175,-0.179515,-0.239354,-0.239354
176,-0.179515,-0.239354,-0.239354
177,-0.179515,-0.209434,-0.209434
178,-0.149596,-0.209434,-0.179515
179,-0.149596,-0.209434,-0.209434
180,-0.179515,-0.209434,-0.209434
181,-0.179515,-0.239354,-0.239354
182,-0.209434,-0.239354,-0.239354
183,-0.209434,-0.269273,-0.239354
184,-0.209434,-0.269273,-0.239354
185,-0.209434,-0.239354,-0.239354
186,-0.209434,-0.239354,-0.239354
187,-0.209434,-0.269273,-0.239354
188,-0.209434,-0.239354,-0.239354
189,-0.209434,-0.239354,-0.239354
190,-0.209434,-0.239354,-0.239354
191,-0.209434,-0.239354,-0.239354
192,-0.209434,-0.239354,-0.239354
193,-0.239354,-0.269273,-0.269273
194,-0.239354,-0.299192,-0.269273
195,-0.239354,-0.269273,-0.269273
196,-0.209434,-0.269273,-0.269273
197,-0.209434,-0.239354,-0.239354
198,-0.179515,-0.239354,-0.209434
199,-0.179515,-0.239354,-0.209434
200,-0.179515,-0.239354,-0.209434
201,-0.179515,-0.239354,-0.209434
202,-0.179515,-0.209434,-0.209434
203,-0.179515,-0.239354,-0.209434
204,-0.179515,-0.239354,-0.209434
205,-0.179515,-0.239354,-0.239354
206,-0.179515,-0.239354,-0.239354
207,-0.179515,-0.239354,-0.239354
208,-0.209434,-0.239354,-0.239354
209,-0.179515,-0.209434,-0.209434
210,-0.149596,-0.209434,-0.179515
211,-0.149596,-0.209434,-0.209434
212,-0.179515,-0.209434,-0.209434
213,-0.179515,-0.239354,-0.239354
214,-0.209434,-0.239354,-0.239354
215,-0.209434,-0.269273,-0.239354
216,-0.209434,-0.269273,-0.239354
217,-0.209434,-0.239354,-0.239354
218,-0.209434,-0.239354,-0.239354
219,-0.209434,-0.269273,-0.269273
220,-0.209434,-0.239354,-0.239354
221,-0.209434,-0.239354,-0.239354
222,-0.209434,-0.239354,-0.239354
223,-0.209434,-0.239354,-0.239354
224,-0.209434,-0.239354,-0.239354
225,-0.239354,-0.269273,-0.269273
226,-0.239354,-0.269273,-0.269273
227,-0.239354,-0.269273,-0.269273
228,-0.209434,-0.269273,-0.269273
229,-0.209434,-0.239354,-0.239354
230,-0.179515,-0.239354,-0.239354
231,-0.179515,-0.239354,-0.239354
232,-0.179515,-0.209434,-0.209434
233,-0.179515,-0.209434,-0.209434
234,-0.179515,-0.239354,-0.209434
235,-0.179515,-0.239354,-0.209434
236,-0.179515,-0.239354,-0.209434
237,-0.179515,-0.239354,-0.239354
238,-0.179515,-0.239354,-0.239354
239,-0.179515,-0.239354,-0.239354
240,-0.179515,-0.239354,-0.239354
241,-0.149596,-0.209434,-0.209434
242,-0.149596,-0.179515,-0.179515
243,-0.179515,-0.209434,-0.209434
244,-0.179515,-0.209434,-0.209434
245,-0.179515,-0.239354,-0.239354
246,-0.209434,-0.239354,-0.239354
247,-0.209434,-0.269273,-0.239354
248,-0.209434,-0.239354,-0.239354
249,-0.209434,-0.269273,-0.239354
250,-0.209434,-0.239354,-0.239354
251,-0.209434,-0.239354,-0.239354
252,-0.209434,-0.239354,-0.239354
253,-0.209434,-0.239354,-0.239354
254,-0.209434,-0.239354,-0.239354
255,-0.209434,-0.239354,-0.239354
256,-0.209434,-0.239354,-0.239354
257,-0.239354,-0.269273,-0.269273
258,-0.239354,-0.269273,-0.269273
259,-0.239354,-0.269273,-0.269273
260,-0.209434,-0.269273,-0.269273
261,-0.209434,-0.239354,-0.239354
262,-0.179515,-0.239354,-0.209434
263,-0.179515,-0.239354,-0.239354
264,-0.179515,-0.239354,-0.209434
265,-0.179515,-0.239354,-0.209434
266,-0.179515,-0.239354,-0.239354
267,-0.179515,-0.209434,-0.209434
268,-0.179515,-0.239354,-0.209434
269,-0.179515,-0.239354,-0.239354
270,-0.179515,-0.239354,-0.239354
271,-0.179515,-0.239354,-0.239354
272,-0.179515,-0.239354,-0.239354
273,-0.179515,-0.209434,-0.209434
274,-0.149596,-0.209434,-0.179515
275,-0.149596,-0.209434,-0.209434
276,-0.179515,-0.209434,-0.209434
277,-0.179515,-0.239354,-0.239354
278,-0.209434,-0.239354,-0.239354
279,-0.209434,-0.269273,-0.239354
280,-0.209434,-0.239354,-0.239354
281,-0.209434,-0.239354,-0.239354
282,-0.209434,-0.239354,-0.239354
283,-0.209434,-0.239354,-0.269273
284,-0.209434,-0.239354,-0.239354
285,-0.209434,-0.239354,-0.239354
286,-0.209434,-0.239354,-0.239354
287,-0.209434,-0.239354,-0.239354
288,-0.209434,-0.239354,-0.239354
289,-0.239354,-0.269273,-0.269273
290,-0.239354,-0.269273,-0.269273
291,-0.239354,-0.269273,-0.269273
292,-0.209434,-0.269273,-0.269273
293,-0.209434,-0.239354,-0.239354
294,-0.179515,-0.239354,-0.239354
295,-0.179515,-0.239354,-0.209434
296,-0.179515,-0.209434,-0.239354
297,-0.179515,-0.239354,-0.209434
298,-0.179515,-0.239354,-0.239354
299,-0.179515,-0.239354,-0.209434
300,-0.179515,-0.239354,-0.209434
301,-0.179515,-0.239354,-0.239354
302,-0.179515,-0.239354,-0.239354
303,-0.179515,-0.239354,-0.239354
304,-0.179515,-0.239354,-0.239354
305,-0.179515,-0.209434,-0.209434
306,-0.149596,-0.209434,-0.209434
307,-0.179515,-0.209434,-0.209434
308,-0.179515,-0.209434,-0.209434
309,-0.179515,-0.239354,-0.239354
310,-0.209434,-0.239354,-0.239354
311,-0.209434,-0.269273,-0.239354
312,-0.209434,-0.269273,-0.239354
313,-0.209434,-0.239354,-0.239354
314,-0.209434,-0.269273,-0.239354
315,-0.209434,-0.269273,-0.239354
316,-0.209434,-0.239354,-0.239354
317,-0.209434,-0.239354,-0.239354
318,-0.209434,-0.239354,-0.239354
319,-0.209434,-0.239354,-0.239354
320,-0.209434,-0.239354,-0.239354
321,-0.239354,-0.269273,-0.269273
322,-0.239354,-0.299192,-0.269273
323,-0.239354,-0.269273,-0.269273
324,-0.209434,-0.269273,-0.239354
325,-0.209434,-0.239354,-0.239354
326,-0.179515,-0.239354,-0.239354
327,-0.179515,-0.239354,-0.209434
328,-0.179515,-0.209434,-0.209434
329,-0.179515,-0.239354,-0.209434
330,-0.179515,-0.209434,-0.209434
331,-0.179515,-0.239354,-0.209434
332,-0.179515,-0.239354,-0.209434
333,-0.179515,-0.239354,-0.209434
334,-0.179515,-0.239354,-0.239354
335,-0.179515,-0.239354,-0.239354
336,-0.179515,-0.239354,-0.239354
337,-0.149596,-0.209434,-0.209434
338,-0.149596,-0.209434,-0.179515
339,-0.149596,-0.209434,-0.209434
340,-0.179515,-0.209434,-0.209434
341,-0.209434,-0.239354,-0.239354
342,-0.209434,-0.239354,-0.239354
343,-0.209434,-0.269273,-0.239354
344,-0.209434,-0.239354,-0.239354
345,-0.209434,-0.239354,-0.239354
346,-0.209434,-0.269273,-0.239354
347,-0.209434,-0.239354,-0.239354
348,-0.209434,-0.239354,-0.239354
349,-0.209434,-0.239354,-0.239354
350,-0.209434,-0.239354,-0.239354
351,-0.209434,-0.239354,-0.239354
352,-0.209434,-0.239354,-0.239354
353,-0.239354,-0.269273,-0.269273
354,-0.239354,-0.269273,-0.269273
355,-0.209434,-0.269273,-0.269273
356,-0.209434,-0.269273,-0.269273
357,-0.209434,-0.239354,-0.239354
358,-0.179515,-0.239354,-0.209434
359,-0.179515,-0.239354,-0.209434
360,-0.179515,-0.209434,-0.209434
361,-0.179515,-0.209434,-0.209434
362,-0.179515,-0.239354,-0.209434
363,-0.179515,-0.239354,-0.209434
364,-0.179515,-0.239354,-0.209434
365,-0.179515,-0.239354,-0.209434
366,-0.179515,-0.239354,-0.239354
367,-0.179515,-0.239354,-0.239354
368,-0.179515,-0.239354,-0.239354
369,-0.149596,-0.209434,-0.209434
370,-0.149596,-0.209434,-0.179515
371,-0.149596,-0.209434,-0.209434
372,-0.179515,-0.209434,-0.209434
373,-0.179515,-0.239354,-0.239354
374,-0.209434,-0.239354,-0.239354
375,-0.209434,-0.239354,-0.239354
376,-0.209434,-0.269273,-0.239354
377,-0.209434,-0.269273,-0.239354
378,-0.209434,-0.239354,-0.239354
379,-0.209434,-0.239354,-0.239354
380,-0.209434,-0.239354,-0.239354
381,-0.209434,-0.239354,-0.239354
382,-0.209434,-0.239354,-0.239354
383,-0.209434,-0.239354,-0.239354
384,-0.209434,-0.239354,-0.239354
385,-0.239354,-0.269273,-0.269273
386,-0.239354,-0.269273,-0.269273
387,-0.239354,-0.269273,-0.269273
388,-0.209434,-0.269273,-0.269273
389,-0.209434,-0.239354,-0.239354
390,-0.179515,-0.239354,-0.239354
391,-0.179515,-0.239354,-0.239354
392,-0.179515,-0.239354,-0.209434
393,-0.179515,-0.239354,-0.209434
394,-0.179515,-0.239354,-0.239354
395,-0.179515,-0.209434,-0.209434
396,-0.179515,-0.239354,-0.209434
397,-0.179515,-0.239354,-0.239354
398,-0.179515,-0.239354,-0.239354
399,-0.209434,-0.239354,-0.239354
400,-0.209434,-0.239354,-0.239354
401,-0.149596,-0.209434,-0.209434
402,-0.149596,-0.209434,-0.179515
403,-0.149596,-0.209434,-0.209434
404,-0.179515,-0.209434,-0.209434
405,-0.179515,-0.239354,-0.239354
406,-0.209434,-0.239354,-0.239354
407,-0.209434,-0.269273,-0.239354
408,-0.209434,-0.269273,-0.239354
409,-0.209434,-0.269273,-0.239354
410,-0.209434,-0.269273,-0.239354
411,-0.209434,-0.269273,-0.239354
412,-0.209434,-0.239354,-0.239354
413,-0.209434,-0.239354,-0.239354
414,-0.209434,-0.239354,-0.239354
415,-0.209434,-0.239354,-0.239354
416,-0.209434,-0.239354,-0.239354
417,-0.239354,-0.269273,-0.269273
418,-0.239354,-0.269273,-0.269273
419,-0.239354,-0.269273,-0.269273
420,-0.209434,-0.269273,-0.269273
421,-0.209434,-0.239354,-0.239354
422,-0.179515,-0.239354,-0.209434
423,-0.179515,-0.209434,-0.209434
424,-0.179515,-0.209434,-0.209434
425,-0.179515,-0.239354,-0.209434
426,-0.179515,-0.239354,-0.209434
427,-0.179515,-0.239354,-0.209434
428,-0.179515,-0.239354,-0.209434
429,-0.179515,-0.239354,-0.239354
430,-0.179515,-0.239354,-0.239354
431,-0.179515,-0.239354,-0.239354
432,-0.179515,-0.239354,-0.239354
433,-0.149596,-0.209434,-0.209434
434,-0.149596,-0.209434,-0.209434
435,-0.179515,-0.209434,-0.209434
436,-0.179515,-0.209434,-0.209434
437,-0.179515,-0.239354,-0.239354
438,-0.209434,-0.239354,-0.239354
439,-0.209434,-0.269273,-0.239354
440,-0.209434,-0.239354,-0.239354
441,-0.209434,-0.239354,-0.239354
442,-0.209434,-0.269273,-0.239354
443,-0.209434,-0.269273,-0.239354
444,-0.209434,-0.239354,-0.239354
445,-0.209434,-0.239354,-0.239354
446,-0.209434,-0.239354,-0.239354
447,-0.209434,-0.239354,-0.239354
448,-0.209434,-0.239354,-0.239354
449,-0.239354,-0.269273,-0.269273
450,-0.239354,-0.269273,-0.269273
451,-0.209434,-0.269273,-0.269273
452,-0.209434,-0.269273,-0.269273
453,-0.209434,-0.239354,-0.239354
454,-0.179515,-0.239354,-0.209434
455,-0.179515,-0.209434,-0.209434
456,-0.179515,-0.209434,-0.209434
457,-0.179515,-0.239354,-0.209434
458,-0.179515,-0.239354,-0.209434
459,-0.179515,-0.209434,-0.209434
460,-0.179515,-0.239354,-0.239354
461,-0.179515,-0.239354,-0.209434
462,-0.179515,-0.239354,-0.239354
463,-0.179515,-0.239354,-0.239354
464,-0.179515,-0.239354,-0.239354
465,-0.149596,-0.209434,-0.209434
466,-0.149596,-0.209434,-0.179515
467,-0.179515,-0.209434,-0.209434
468,-0.179515,-0.209434,-0.209434
469,-0.179515,-0.239354,-0.239354
470,-0.209434,-0.239354,-0.239354
471,-0.209434,-0.269273,-0.239354
472,-0.209434,-0.239354,-0.239354
473,-0.209434,-0.239354,-0.239354
474,-0.209434,-0.269273,-0.239354
475,-0.209434,-0.269273,-0.239354
476,-0.209434,-0.239354,-0.239354
477,-0.209434,-0.239354,-0.239354
478,-0.209434,-0.239354,-0.239354
479,-0.209434,-0.239354,-0.239354
480,-0.209434,-0.239354,-0.239354
481,-0.239354,-0.269273,-0.269273
482,-0.239354,-0.299192,-0.269273
483,-0.239354,-0.269273,-0.269273
484,-0.209434,-0.269273,-0.269273
485,-0.179515,-0.239354,-0.239354
486,-0.179515,-0.239354,-0.239354
487,-0.179515,-0.239354,-0.209434
488,-0.179515,-0.239354,-0.209434
489,-0.179515,-0.239354,-0.209434
490,-0.179515,-0.239354,-0.209434
491,-0.179515,-0.239354,-0.209434
492,-0.179515,-0.239354,-0.209434
493,-0.179515,-0.239354,-0.239354
494,-0.179515,-0.239354,-0.239354
495,-0.179515,-0.239354,-0.239354
496,-0.179515,-0.239354,-0.239354
497,-0.149596,-0.209434,-0.209434
498,-0.149596,-0.209434,-0.179515
499,-0.179515,-0.209434,-0.209434
500,-0.179515,-0.209434,-0.209434
501,-0.179515,-0.239354,-0.239354
502,-0.209434,-0.239354,-0.239354
503,-0.209434,-0.269273,-0.239354
504,-0.209434,-0.269273,-0.239354
505,-0.209434,-0.239354,-0.239354
506,-0.209434,-0.269273,-0.239354
507,-0.209434,-0.269273,-0.239354
508,-0.209434,-0.239354,-0.239354
509,-0.209434,-0.239354,-0.239354
510,-0.209434,-0.239354,-0.239354
511,-0.209434,-0.239354,-0.239354
512,-0.209434,-0.239354,-0.239354
513,-0.239354,-0.269273,-0.269273
514,-0.239354,-0.269273,-0.269273
515,-0.239354,-0.269273,-0.269273
516,-0.209434,-0.269273,-0.269273
517,-0.209434,-0.239354,-0.239354
518,-0.179515,-0.209434,-0.209434
519,-0.179515,-0.209434,-0.209434
520,-0.179515,-0.239354,-0.209434
521,-0.179515,-0.239354,-0.209434
522,-0.179515,-0.239354,-0.209434
523,-0.179515,-0.239354,-0.209434
524,-0.179515,-0.239354,-0.239354
525,-0.179515,-0.239354,-0.239354
526,-0.209434,-0.239354,-0.239354
527,-0.179515,-0.239354,-0.239354
528,-0.179515,-0.239354,-0.239354
529,-0.149596,-0.209434,-0.209434
530,-0.149596,-0.209434,-0.179515
531,-0.179515,-0.209434,-0.209434
532,-0.179515,-0.209434,-0.209434
533,-0.209434,-0.239354,-0.239354
534,-0.209434,-0.269273,-0.239354
535,-0.209434,-0.269273,-0.239354
536,-0.209434,-0.239354,-0.239354
537,-0.209434,-0.239354,-0.239354
538,-0.209434,-0.269273,-0.239354
539,-0.209434,-0.269273,-0.239354
540,-0.209434,-0.239354,-0.239354
541,-0.209434,-0.239354,-0.239354
542,-0.209434,-0.239354,-0.239354
543,-0.209434,-0.239354,-0.239354
544,-0.209434,-0.239354,-0.239354
545,-0.239354,-0.269273,-0.269273
546,-0.239354,-0.269273,-0.269273
547,-0.239354,-0.269273,-0.269273
548,-0.209434,-0.269273,-0.269273
549,-0.209434,-0.239354,-0.239354
550,-0.179515,-0.239354,-0.209434
551,-0.179515,-0.239354,-0.209434
552,-0.179515,-0.239354,-0.209434
553,-0.179515,-0.239354,-0.209434
554,-0.179515,-0.239354,-0.209434
555,-0.179515,-0.209434,-0.209434
556,-0.179515,-0.239354,-0.209434
557,-0.179515,-0.239354,-0.239354
558,-0.179515,-0.239354,-0.239354
559,-0.179515,-0.239354,-0.239354
560,-0.179515,-0.239354,-0.239354
561,-0.149596,-0.209434,-0.209434
562,-0.149596,-0.209434,-0.209434
563,-0.149596,-0.209434,-0.209434
564,-0.179515,-0.209434,-0.209434
565,-0.209434,-0.239354,-0.239354
566,-0.209434,-0.269273,-0.239354
567,-0.209434,-0.269273,-0.239354
568,-0.209434,-0.239354,-0.269273
569,-0.209434,-0.239354,-0.239354
570,-0.209434,-0.269273,-0.239354
571,-0.209434,-0.239354,-0.239354
572,-0.209434,-0.239354,-0.239354
573,-0.209434,-0.239354,-0.239354
574,-0.209434,-0.239354,-0.239354
575,-0.209434,-0.239354,-0.239354
576,-0.209434,-0.239354,-0.239354
577,-0.239354,-0.269273,-0.269273
578,-0.239354,-0.269273,-0.269273
579,-0.239354,-0.269273,-0.269273
580,-0.209434,-0.269273,-0.269273
581,-0.209434,-0.239354,-0.239354
582,-0.179515,-0.239354,-0.239354
583,-0.179515,-0.239354,-0.209434
584,-0.179515,-0.239354,-0.209434
585,-0.179515,-0.239354,-0.209434
586,-0.179515,-0.239354,-0.239354
587,-0.179515,-0.239354,-0.209434
588,-0.179515,-0.239354,-0.239354
589,-0.179515,-0.239354,-0.239354
590,-0.179515,-0.239354,-0.239354
591,-0.209434,-0.239354,-0.239354
592,-0.179515,-0.239354,-0.239354
593,-0.149596,-0.209434,-0.209434
594,-0.149596,-0.209434,-0.179515
595,-0.179515,-0.209434,-0.209434
596,-0.179515,-0.209434,-0.209434
597,-0.209434,-0.239354,-0.239354
598,-0.209434,-0.269273,-0.239354
599,-0.209434,-0.269273,-0.239354
600,-0.209434,-0.269273,-0.239354
601,-0.209434,-0.239354,-0.239354
602,-0.209434,-0.239354,-0.239354
603,-0.209434,-0.239354,-0.239354
604,-0.209434,-0.239354,-0.239354
605,-0.209434,-0.239354,-0.239354
606,-0.209434,-0.239354,-0.239354
607,-0.209434,-0.239354,-0.239354
608,-0.209434,-0.239354,-0.239354
609,-0.239354,-0.269273,-0.269273
610,-0.239354,-0.269273,-0.269273
611,-0.239354,-0.269273,-0.269273
612,-0.209434,-0.269273,-0.269273
613,-0.209434,-0.239354,-0.239354
614,-0.179515,-0.239354,-0.209434
615,-0.179515,-0.239354,-0.209434
616,-0.179515,-0.239354,-0.209434
617,-0.179515,-0.239354,-0.209434
618,-0.179515,-0.239354,-0.209434
619,-0.179515,-0.239354,-0.209434
620,-0.179515,-0.239354,-0.239354
621,-0.179515,-0.239354,-0.239354
622,-0.179515,-0.239354,-0.209434
623,-0.179515,-0.239354,-0.239354
624,-0.179515,-0.239354,-0.239354
625,-0.149596,-0.209434,-0.209434
626,-0.149596,-0.209434,-0.209434
627,-0.179515,-0.209434,-0.209434
628,-0.179515,-0.239354,-0.209434
629,-0.209434,-0.239354,-0.239354
630,-0.209434,-0.269273,-0.239354
631,-0.209434,-0.269273,-0.239354
632,-0.209434,-0.239354,-0.239354
633,-0.209434,-0.239354,-0.239354
634,-0.209434,-0.239354,-0.239354
635,-0.209434,-0.269273,-0.239354
636,-0.209434,-0.239354,-0.239354
637,-0.209434,-0.239354,-0.239354
638,-0.209434,-0.239354,-0.239354
639,-0.209434,-0.239354,-0.239354
640,-0.209434,-0.239354,-0.239354
641,-0.239354,-0.269273,-0.269273
642,-0.239354,-0.269273,-0.269273
643,-0.239354,-0.269273,-0.269273
644,-0.209434,-0.269273,-0.239354
645,-0.209434,-0.239354,-0.239354
646,-0.179515,-0.239354,-0.239354
647,-0.179515,-0.239354,-0.209434
648,-0.179515,-0.239354,-0.209434
649,-0.179515,-0.239354,-0.209434
650,-0.179515,-0.239354,-0.239354
651,-0.179515,-0.239354,-0.209434
652,-0.179515,-0.239354,-0.239354
653,-0.179515,-0.239354,-0.239354
654,-0.179515,-0.239354,-0.239354
655,-0.179515,-0.239354,-0.239354
656,-0.179515,-0.239354,-0.239354
657,-0.149596,-0.209434,-0.209434
658,-0.149596,-0.209434,-0.179515
659,-0.149596,-0.209434,-0.209434
660,-0.179515,-0.239354,-0.209434
661,-0.209434,-0.239354,-0.239354
662,-0.209434,-0.239354,-0.239354
663,-0.209434,-0.269273,-0.239354
664,-0.209434,-0.269273,-0.239354
665,-0.209434,-0.239354,-0.239354
666,-0.209434,-0.239354,-0.239354
667,-0.209434,-0.269273,-0.239354
668,-0.209434,-0.269273,-0.239354
669,-0.209434,-0.239354,-0.239354
670,-0.209434,-0.239354,-0.239354
671,-0.209434,-0.239354,-0.239354
672,-0.209434,-0.239354,-0.239354
673,-0.239354,-0.269273,-0.269273
674,-0.239354,-0.269273,-0.269273
675,-0.239354,-0.269273,-0.269273
676,-0.209434,-0.269273,-0.269273
677,-0.209434,-0.239354,-0.239354
678,-0.179515,-0.239354,-0.209434
679,-0.179515,-0.239354,-0.209434
680,-0.179515,-0.209434,-0.209434
681,-0.179515,-0.239354,-0.209434
682,-0.179515,-0.209434,-0.209434
683,-0.179515,-0.209434,-0.209434
684,-0.179515,-0.239354,-0.239354
685,-0.179515,-0.239354,-0.209434
686,-0.179515,-0.239354,-0.239354
687,-0.179515,-0.239354,-0.239354
688,-0.179515,-0.239354,-0.239354
689,-0.149596,-0.209434,-0.209434
690,-0.149596,-0.209434,-0.209434
691,-0.179515,-0.209434,-0.209434
692,-0.179515,-0.209434,-0.209434
693,-0.209434,-0.239354,-0.239354
694,-0.209434,-0.239354,-0.239354
695,-0.209434,-0.269273,-0.239354
696,-0.209434,-0.269273,-0.239354
697,-0.209434,-0.239354,-0.239354
698,-0.209434,-0.269273,-0.239354
699,-0.209434,-0.269273,-0.239354
700,-0.209434,-0.239354,-0.239354
701,-0.209434,-0.239354,-0.239354
702,-0.209434,-0.239354,-0.239354
703,-0.209434,-0.239354,-0.239354
704,-0.209434,-0.269273,-0.239354
705,-0.239354,-0.269273,-0.269273
706,-0.239354,-0.269273,-0.269273
707,-0.239354,-0.269273,-0.269273
708,-0.209434,-0.269273,-0.269273
709,-0.209434,-0.239354,-0.239354
710,-0.179515,-0.239354,-0.239354
711,-0.179515,-0.209434,-0.209434
712,-0.179515,-0.239354,-0.209434
713,-0.179515,-0.239354,-0.209434
714,-0.179515,-0.239354,-0.209434
715,-0.179515,-0.239354,-0.209434
716,-0.179515,-0.239354,-0.209434
717,-0.179515,-0.239354,-0.239354
718,-0.179515,-0.239354,-0.239354
719,-0.179515,-0.239354,-0.239354
720,-0.179515,-0.239354,-0.239354
721,-0.149596,-0.209434,-0.209434
722,-0.149596,-0.209434,-0.179515
723,-0.179515,-0.209434,-0.209434
724,-0.179515,-0.209434,-0.209434
725,-0.209434,-0.239354,-0.239354
726,-0.209434,-0.239354,-0.239354
727,-0.209434,-0.269273,-0.239354
728,-0.209434,-0.239354,-0.239354
729,-0.209434,-0.239354,-0.239354
730,-0.209434,-0.239354,-0.239354
731,-0.209434,-0.269273,-0.239354
732,-0.209434,-0.239354,-0.239354
733,-0.209434,-0.239354,-0.239354
734,-0.209434,-0.239354,-0.239354
735,-0.209434,-0.239354,-0.239354
736,-0.209434,-0.239354,-0.239354
737,-0.239354,-0.269273,-0.269273
738,-0.239354,-0.269273,-0.269273
739,-0.239354,-0.269273,-0.269273
740,-0.209434,-0.269273,-0.269273
741,-0.209434,-0.239354,-0.239354
742,-0.179515,-0.239354,-0.209434
743,-0.179515,-0.239354,-0.209434
744,-0.179515,-0.239354,-0.209434
745,-0.179515,-0.239354,-0.209434
746,-0.179515,-0.239354,-0.209434
747,-0.179515,-0.239354,-0.209434
748,-0.179515,-0.239354,-0.239354
749,-0.179515,-0.239354,-0.239354
750,-0.179515,-0.239354,-0.239354
751,-0.179515,-0.239354,-0.239354
752,-0.179515,-0.239354,-0.209434
753,-0.149596,-0.209434,-0.179515
754,-0.149596,-0.209434,-0.209434
755,-0.179515,-0.209434,-0.209434
756,-0.179515,-0.209434,-0.209434
757,-0.209434,-0.239354,-0.239354
758,-0.209434,-0.269273,-0.239354
759,-0.209434,-0.269273,-0.239354
760,-0.209434,-0.269273,-0.239354
761,-0.209434,-0.269273,-0.239354
762,-0.209434,-0.269273,-0.239354
763,-0.209434,-0.269273,-0.239354
764,-0.209434,-0.239354,-0.239354
765,-0.209434,-0.239354,-0.239354
766,-0.209434,-0.239354,-0.239354
767,-0.209434,-0.239354,-0.239354
768,-0.209434,-0.239354,-0.239354
769,-0.239354,-0.269273,-0.269273
770,-0.239354,-0.269273,-0.269273
771,-0.239354,-0.269273,-0.269273
772,-0.209434,-0.269273,-0.269273
773,-0.209434,-0.239354,-0.239354
774,-0.179515,-0.239354,-0.239354
775,-0.179515,-0.239354,-0.209434
776,-0.179515,-0.209434,-0.209434
777,-0.179515,-0.239354,-0.209434
778,-0.179515,-0.209434,-0.209434
779,-0.179515,-0.239354,-0.209434
780,-0.179515,-0.239354,-0.239354
781,-0.179515,-0.239354,-0.239354
782,-0.179515,-0.239354,-0.239354
783,-0.179515,-0.239354,-0.239354
784,-0.179515,-0.239354,-0.239354
785,-0.149596,-0.209434,-0.179515
786,-0.149596,-0.209434,-0.179515
787,-0.179515,-0.209434,-0.209434
788,-0.179515,-0.209434,-0.209434
789,-0.209434,-0.239354,-0.239354
790,-0.209434,-0.239354,-0.239354
791,-0.209434,-0.239354,-0.239354
792,-0.209434,-0.269273,-0.239354
793,-0.209434,-0.269273,-0.239354
794,-0.209434,-0.269273,-0.239354
795,-0.209434,-0.239354,-0.239354
796,-0.209434,-0.239354,-0.239354
797,-0.209434,-0.239354,-0.239354
798,-0.209434,-0.239354,-0.239354
799,-0.209434,-0.239354,-0.239354
800,-0.209434,-0.239354,-0.239354
801,-0.239354,-0.269273,-0.269273
802,-0.239354,-0.269273,-0.269273
803,-0.239354,-0.269273,-0.269273
804,-0.209434,-0.269273,-0.269273
805,-0.209434,-0.239354,-0.239354
806,-0.179515,-0.239354,-0.209434
807,-0.179515,-0.239354,-0.209434
808,-0.179515,-0.239354,-0.209434
809,-0.179515,-0.239354,-0.209434
810,-0.179515,-0.239354,-0.209434
811,-0.179515,-0.239354,-0.209434
812,-0.179515,-0.239354,-0.209434
813,-0.179515,-0.239354,-0.239354
814,-0.179515,-0.239354,-0.239354
815,-0.179515,-0.239354,-0.239354
816,-0.179515,-0.239354,-0.239354
817,-0.149596,-0.209434,-0.179515
818,-0.149596,-0.209434,-0.209434
819,-0.179515,-0.209434,-0.209434
820,-0.179515,-0.209434,-0.209434
821,-0.209434,-0.239354,-0.239354
822,-0.209434,-0.269273,-0.239354
823,-0.209434,-0.239354,-0.239354
824,-0.209434,-0.239354,-0.239354
825,-0.209434,-0.269273,-0.239354
826,-0.209434,-0.269273,-0.239354
827,-0.209434,-0.239354,-0.239354
828,-0.209434,-0.239354,-0.239354
829,-0.209434,-0.239354,-0.239354
830,-0.209434,-0.239354,-0.239354
831,-0.209434,-0.239354,-0.239354
832,-0.209434,-0.239354,-0.239354
833,-0.239354,-0.269273,-0.269273
834,-0.239354,-0.269273,-0.269273
835,-0.209434,-0.269273,-0.269273
836,-0.209434,-0.269273,-0.239354
837,-0.209434,-0.239354,-0.239354
838,-0.179515,-0.239354,-0.239354
839,-0.179515,-0.209434,-0.209434
840,-0.179515,-0.239354,-0.209434
841,-0.179515,-0.239354,-0.209434
842,-0.179515,-0.239354,-0.209434
843,-0.179515,-0.239354,-0.209434
844,-0.179515,-0.239354,-0.239354
845,-0.179515,-0.239354,-0.209434
846,-0.179515,-0.239354,-0.209434
847,-0.179515,-0.239354,-0.239354
848,-0.179515,-0.239354,-0.239354
849,-0.149596,-0.209434,-0.179515
850,-0.149596,-0.209434,-0.179515
851,-0.179515,-0.209434,-0.209434
852,-0.179515,-0.239354,-0.209434
853,-0.209434,-0.239354,-0.239354
854,-0.209434,-0.239354,-0.239354
855,-0.209434,-0.269273,-0.239354
856,-0.209434,-0.239354,-0.239354
857,-0.209434,-0.239354,-0.239354
858,-0.209434,-0.269273,-0.239354
859,-0.209434,-0.239354,-0.239354
860,-0.209434,-0.239354,-0.239354
861,-0.209434,-0.239354,-0.239354
862,-0.209434,-0.239354,-0.239354
863,-0.209434,-0.239354,-0.239354
864,-0.209434,-0.239354,-0.239354
865,-0.239354,-0.269273,-0.269273
866,-0.239354,-0.269273,-0.269273
867,-0.239354,-0.269273,-0.269273
868,-0.209434,-0.269273,-0.239354
869,-0.209434,-0.239354,-0.239354
870,-0.179515,-0.239354,-0.239354
871,-0.179515,-0.239354,-0.209434
872,-0.179515,-0.239354,-0.209434
873,-0.179515,-0.239354,-0.209434
874,-0.179515,-0.239354,-0.209434
875,-0.179515,-0.239354,-0.209434
876,-0.179515,-0.239354,-0.209434
877,-0.179515,-0.239354,-0.239354
878,-0.179515,-0.239354,-0.239354
879,-0.179515,-0.239354,-0.239354
880,-0.179515,-0.239354,-0.239354
881,-0.149596,-0.209434,-0.209434
882,-0.149596,-0.209434,-0.179515
883,-0.179515,-0.209434,-0.209434
884,-0.179515,-0.209434,-0.209434
885,-0.209434,-0.239354,-0.239354
886,-0.209434,-0.269273,-0.239354
887,-0.209434,-0.269273,-0.239354
888,-0.209434,-0.269273,-0.239354
889,-0.209434,-0.239354,-0.239354
890,-0.209434,-0.269273,-0.239354
891,-0.209434,-0.269273,-0.239354
892,-0.209434,-0.239354,-0.239354
893,-0.209434,-0.239354,-0.239354
894,-0.209434,-0.239354,-0.239354
895,-0.209434,-0.239354,-0.239354
896,-0.209434,-0.269273,-0.239354
897,-0.239354,-0.269273,-0.269273
898,-0.239354,-0.269273,-0.269273
899,-0.239354,-0.269273,-0.269273
900,-0.209434,-0.269273,-0.239354
901,-0.179515,-0.239354,-0.239354
902,-0.179515,-0.209434,-0.239354
903,-0.179515,-0.209434,-0.239354
904,-0.179515,-0.239354,-0.209434
905,-0.179515,-0.239354,-0.239354
906,-0.179515,-0.239354,-0.209434
907,-0.179515,-0.209434,-0.209434
908,-0.179515,-0.239354,-0.239354
909,-0.179515,-0.239354,-0.239354
910,-0.179515,-0.239354,-0.239354
911,-0.179515,-0.239354,-0.239354
912,-0.179515,-0.239354,-0.209434
913,-0.149596,-0.209434,-0.209434
914,-0.149596,-0.209434,-0.209434
915,-0.179515,-0.209434,-0.209434
916,-0.179515,-0.239354,-0.209434
917,-0.209434,-0.239354,-0.239354
918,-0.209434,-0.269273,-0.239354
919,-0.209434,-0.269273,-0.239354
920,-0.209434,-0.239354,-0.239354
921,-0.209434,-0.239354,-0.239354
922,-0.209434,-0.269273,-0.239354
923,-0.209434,-0.269273,-0.239354
924,-0.209434,-0.239354,-0.239354
925,-0.209434,-0.239354,-0.239354
926,-0.209434,-0.239354,-0.239354
927,-0.209434,-0.239354,-0.239354
928,-0.209434,-0.239354,-0.239354
929,-0.239354,-0.269273,-0.269273
930,-0.239354,-0.269273,-0.269273
931,-0.209434,-0.269273,-0.269273
932,-0.209434,-0.269273,-0.239354
933,-0.179515,-0.239354,-0.239354
934,-0.179515,-0.239354,-0.239354
935,-0.179515,-0.239354,-0.209434
936,-0.179515,-0.209434,-0.209434
937,-0.179515,-0.239354,-0.209434
938,-0.179515,-0.239354,-0.209434
939,-0.179515,-0.209434,-0.239354
940,-0.179515,-0.239354,-0.209434
941,-0.179515,-0.239354,-0.239354
942,-0.179515,-0.239354,-0.239354
943,-0.179515,-0.239354,-0.239354
944,-0.179515,-0.239354,-0.209434
945,-0.149596,-0.209434,-0.179515
946,-0.149596,-0.209434,-0.209434
947,-0.179515,-0.209434,-0.209434
948,-0.179515,-0.209434,-0.209434
949,-0.209434,-0.239354,-0.239354
950,-0.209434,-0.269273,-0.239354
951,-0.209434,-0.269273,-0.239354
952,-0.209434,-0.269273,-0.239354
953,-0.209434,-0.239354,-0.239354
954,-0.209434,-0.269273,-0.239354
955,-0.209434,-0.269273,-0.239354
956,-0.209434,-0.239354,-0.239354
957,-0.209434,-0.239354,-0.239354
958,-0.209434,-0.239354,-0.239354
959,-0.209434,-0.239354,-0.239354
960,-0.209434,-0.269273,-0.239354
961,-0.239354,-0.269273,-0.269273
962,-0.239354,-0.269273,-0.269273
963,-0.239354,-0.269273,-0.269273
964,-0.209434,-0.269273,-0.239354
965,-0.179515,-0.239354,-0.239354
966,-0.179515,-0.239354,-0.209434
967,-0.179515,-0.239354,-0.209434
968,-0.179515,-0.239354,-0.209434
969,-0.179515,-0.239354,-0.209434
970,-0.179515,-0.239354,-0.209434
971,-0.179515,-0.239354,-0.209434
972,-0.179515,-0.239354,-0.239354
973,-0.179515,-0.239354,-0.239354
974,-0.179515,-0.239354,-0.239354
975,-0.179515,-0.239354,-0.239354
976,-0.179515,-0.239354,-0.239354
977,-0.149596,-0.209434,-0.179515
978,-0.149596,-0.209434,-0.179515
979,-0.179515,-0.209434,-0.209434
980,-0.179515,-0.239354,-0.209434
981,-0.209434,-0.239354,-0.239354
982,-0.209434,-0.269273,-0.239354
983,-0.209434,-0.269273,-0.239354
984,-0.209434,-0.269273,-0.239354
985,-0.209434,-0.269273,-0.239354
986,-0.209434,-0.269273,-0.239354
987,-0.209434,-0.269273,-0.239354
988,-0.209434,-0.239354,-0.239354
989,-0.209434,-0.239354,-0.239354
990,-0.209434,-0.239354,-0.239354
991,-0.209434,-0.239354,-0.239354
992,-0.209434,-0.269273,-0.239354
993,-0.239354,-0.269273,-0.269273
994,-0.239354,-0.269273,-0.269273
995,-0.209434,-0.269273,-0.269273
996,-0.209434,-0.269273,-0.239354
997,-0.179515,-0.239354,-0.239354
998,-0.179515,-0.239354,-0.239354
999,-0.179515,-0.239354,-0.209434
1000,-0.179515,-0.239354,-0.209434
1001,-0.179515,-0.239354,-0.209434
1002,-0.179515,-0.239354,-0.209434
1003,-0.179515,-0.239354,-0.209434
1004,-0.179515,-0.239354,-0.239354
1005,-0.179515,-0.239354,-0.239354
1006,-0.209434,-0.239354,-0.239354
1007,-0.179515,-0.239354,-0.239354
1008,-0.179515,-0.239354,-0.209434
1009,-0.149596,-0.209434,-0.179515
1010,-0.149596,-0.209434,-0.209434
1011,-0.179515,-0.209434,-0.209434
1012,-0.179515,-0.239354,-0.209434
1013,-0.209434,-0.239354,-0.239354
1014,-0.209434,-0.269273,-0.239354
1015,-0.209434,-0.269273,-0.239354
1016,-0.209434,-0.239354,-0.239354
1017,-0.209434,-0.269273,-0.239354
1018,-0.209434,-0.269273,-0.239354
1019,-0.209434,-0.239354,-0.239354
1020,-0.209434,-0.239354,-0.239354
1021,-0.209434,-0.239354,-0.239354
1022,-0.209434,-0.239354,-0.239354
1023,-0.209434,-0.239354,-0.239354
1024,-0.209434,-0.269273,-0.239354
1025,-0.239354,-0.269273,-0.269273
1026,-0.239354,-0.269273,-0.269273
1027,-0.239354,-0.269273,-0.269273
1028,-0.209434,-0.269273,-0.239354
1029,-0.179515,-0.239354,-0.239354
1030,-0.179515,-0.239354,-0.209434
1031,-0.179515,-0.239354,-0.209434
1032,-0.179515,-0.239354,-0.209434
1033,-0.179515,-0.209434,-0.209434
1034,-0.179515,-0.209434,-0.209434
1035,-0.179515,-0.239354,-0.209434
1036,-0.179515,-0.239354,-0.239354
1037,-0.179515,-0.239354,-0.239354
1038,-0.179515,-0.239354,-0.239354
1039,-0.179515,-0.239354,-0.239354
1040,-0.179515,-0.239354,-0.239354
1041,-0.149596,-0.179515,-0.179515
1042,-0.149596,-0.209434,-0.209434
1043,-0.179515,-0.209434,-0.209434
1044,-0.179515,-0.239354,-0.239354
1045,-0.209434,-0.239354,-0.239354
1046,-0.209434,-0.239354,-0.239354
1047,-0.209434,-0.269273,-0.239354
1048,-0.209434,-0.269273,-0.239354
1049,-0.209434,-0.239354,-0.239354
1050,-0.209434,-0.239354,-0.239354
1051,-0.209434,-0.239354,-0.239354
1052,-0.209434,-0.239354,-0.239354
1053,-0.209434,-0.239354,-0.239354
1054,-0.209434,-0.239354,-0.239354
1055,-0.209434,-0.239354,-0.239354
1056,-0.209434,-0.269273,-0.269273
1057,-0.239354,-0.269273,-0.269273
1058,-0.239354,-0.269273,-0.269273
1059,-0.209434,-0.269273,-0.269273
1060,-0.209434,-0.269273,-0.239354
1061,-0.179515,-0.239354,-0.239354
1062,-0.179515,-0.239354,-0.209434
1063,-0.179515,-0.239354,-0.209434
1064,-0.179515,-0.239354,-0.209434
1065,-0.179515,-0.239354,-0.209434
1066,-0.179515,-0.239354,-0.209434
1067,-0.179515,-0.209434,-0.209434
1068,-0.179515,-0.239354,-0.239354
1069,-0.179515,-0.239354,-0.239354
1070,-0.179515,-0.239354,-0.239354
1071,-0.179515,-0.239354,-0.239354
1072,-0.179515,-0.239354,-0.209434
1073,-0.149596,-0.209434,-0.179515
1074,-0.149596,-0.209434,-0.209434
1075,-0.179515,-0.209434,-0.209434
1076,-0.179515,-0.239354,-0.209434
1077,-0.209434,-0.239354,-0.239354
1078,-0.209434,-0.239354,-0.239354
1079,-0.209434,-0.239354,-0.239354
1080,-0.209434,-0.239354,-0.239354
1081,-0.209434,-0.239354,-0.239354
1082,-0.209434,-0.269273,-0.239354
1083,-0.209434,-0.269273,-0.239354
1084,-0.209434,-0.239354,-0.239354
1085,-0.209434,-0.239354,-0.239354
1086,-0.209434,-0.239354,-0.239354
1087,-0.209434,-0.239354,-0.239354
1088,-0.209434,-0.269273,-0.239354
1089,-0.239354,-0.269273,-0.269273
1090,-0.239354,-0.269273,-0.269273
1091,-0.209434,-0.269273,-0.269273
1092,-0.209434,-0.269273,-0.239354
1093,-0.179515,-0.239354,-0.239354
1094,-0.179515,-0.239354,-0.209434
1095,-0.179515,-0.239354,-0.209434
1096,-0.179515,-0.239354,-0.209434
1097,-0.179515,-0.239354,-0.209434
1098,-0.179515,-0.239354,-0.209434
1099,-0.179515,-0.239354,-0.209434
1100,-0.179515,-0.239354,-0.239354
1101,-0.179515,-0.239354,-0.239354
1102,-0.179515,-0.239354,-0.239354
1103,-0.179515,-0.239354,-0.239354
1104,-0.179515,-0.239354,-0.209434
1105,-0.149596,-0.209434,-0.179515
1106,-0.149596,-0.209434,-0.179515
1107,-0.179515,-0.209434,-0.209434
1108,-0.179515,-0.239354,-0.239354
1109,-0.209434,-0.239354,-0.239354
1110,-0.209434,-0.239354,-0.239354
1111,-0.209434,-0.239354,-0.239354
1112,-0.209434,-0.269273,-0.239354
1113,-0.209434,-0.269273,-0.239354
1114,-0.209434,-0.239354,-0.239354
1115,-0.209434,-0.269273,-0.239354
1116,-0.209434,-0.269273,-0.239354
1117,-0.209434,-0.239354,-0.239354
1118,-0.209434,-0.239354,-0.239354
1119,-0.209434,-0.239354,-0.239354
1120,-0.209434,-0.269273,-0.239354
1121,-0.239354,-0.299192,-0.269273
1122,-0.239354,-0.269273,-0.269273
1123,-0.209434,-0.269273,-0.269273
1124,-0.209434,-0.269273,-0.239354
1125,-0.179515,-0.239354,-0.239354
1126,-0.179515,-0.239354,-0.239354
1127,-0.179515,-0.239354,-0.209434
1128,-0.179515,-0.209434,-0.209434
1129,-0.179515,-0.239354,-0.209434
1130,-0.179515,-0.239354,-0.209434
1131,-0.179515,-0.239354,-0.209434
1132,-0.179515,-0.239354,-0.239354
1133,-0.179515,-0.239354,-0.239354
1134,-0.179515,-0.239354,-0.239354
1135,-0.179515,-0.239354,-0.239354
1136,-0.179515,-0.239354,-0.209434
1137,-0.149596,-0.209434,-0.209434
1138,-0.149596,-0.209434,-0.209434
1139,-0.179515,-0.209434,-0.209434
1140,-0.179515,-0.239354,-0.209434
1141,-0.209434,-0.239354,-0.239354
1142,-0.209434,-0.269273,-0.239354
1143,-0.209434,-0.239354,-0.239354
1144,-0.209434,-0.239354,-0.239354
1145,-0.209434,-0.239354,-0.239354
1146,-0.209434,-0.269273,-0.239354
1147,-0.209434,-0.269273,-0.239354
1148,-0.209434,-0.239354,-0.239354
1149,-0.209434,-0.239354,-0.239354
1150,-0.209434,-0.239354,-0.239354
1151,-0.209434,-0.239354,-0.239354
1152,-0.209434,-0.269273,-0.239354
1153,-0.239354,-0.299192,-0.269273
1154,-0.239354,-0.269273,-0.269273
1155,-0.209434,-0.269273,-0.269273
1156,-0.209434,-0.269273,-0.239354
1157,-0.179515,-0.239354,-0.239354
1158,-0.179515,-0.239354,-0.239354
1159,-0.179515,-0.239354,-0.209434
1160,-0.179515,-0.239354,-0.209434
1161,-0.179515,-0.239354,-0.209434
1162,-0.179515,-0.239354,-0.209434
1163,-0.179515,-0.239354,-0.209434
1164,-0.179515,-0.239354,-0.239354
1165,-0.179515,-0.239354,-0.239354
1166,-0.179515,-0.239354,-0.239354
1167,-0.179515,-0.239354,-0.239354
1168,-0.179515,-0.209434,-0.209434
1169,-0.149596,-0.209434,-0.179515
1170,-0.149596,-0.209434,-0.209434
1171,-0.179515,-0.209434,-0.209434
1172,-0.179515,-0.239354,-0.209434
1173,-0.209434,-0.239354,-0.239354
1174,-0.209434,-0.239354,-0.239354
1175,-0.209434,-0.269273,-0.239354
1176,-0.209434,-0.269273,-0.239354
1177,-0.209434,-0.239354,-0.239354
1178,-0.209434,-0.239354,-0.239354
1179,-0.209434,-0.239354,-0.239354
1180,-0.209434,-0.239354,-0.239354
1181,-0.209434,-0.239354,-0.239354
1182,-0.209434,-0.239354,-0.239354
1183,-0.209434,-0.239354,-0.239354
1184,-0.209434,-0.269273,-0.239354
1185,-0.239354,-0.299192,-0.269273
1186,-0.239354,-0.269273,-0.269273
1187,-0.209434,-0.269273,-0.269273
1188,-0.209434,-0.269273,-0.239354
1189,-0.179515,-0.239354,-0.239354
1190,-0.179515,-0.239354,-0.209434
1191,-0.179515,-0.239354,-0.239354
1192,-0.179515,-0.209434,-0.209434
1193,-0.179515,-0.239354,-0.209434
1194,-0.179515,-0.239354,-0.209434
1195,-0.179515,-0.239354,-0.209434
1196,-0.179515,-0.239354,-0.209434
1197,-0.179515,-0.239354,-0.239354
1198,-0.179515,-0.239354,-0.239354
1199,-0.179515,-0.239354,-0.239354
1200,-0.179515,-0.239354,-0.209434
1201,-0.149596,-0.209434,-0.179515
1202,-0.149596,-0.209434,-0.209434
1203,-0.179515,-0.209434,-0.209434
1204,-0.179515,-0.239354,-0.209434
1205,-0.209434,-0.239354,-0.239354
1206,-0.209434,-0.269273,-0.239354
1207,-0.209434,-0.269273,-0.239354
1208,-0.209434,-0.239354,-0.239354
1209,-0.209434,-0.239354,-0.239354
1210,-0.209434,-0.239354,-0.239354
1211,-0.209434,-0.239354,-0.239354
1212,-0.209434,-0.239354,-0.239354
1213,-0.209434,-0.239354,-0.239354
1214,-0.209434,-0.239354,-0.239354
1215,-0.209434,-0.239354,-0.239354
1216,-0.209434,-0.269273,-0.269273
1217,-0.239354,-0.269273,-0.269273
1218,-0.239354,-0.269273,-0.269273
1219,-0.209434,-0.269273,-0.269273
1220,-0.209434,-0.269273,-0.239354
1221,-0.179515,-0.239354,-0.239354
1222,-0.179515,-0.209434,-0.209434
1223,-0.179515,-0.239354,-0.209434
1224,-0.179515,-0.239354,-0.209434
1225,-0.179515,-0.209434,-0.239354
1226,-0.179515,-0.239354,-0.209434
1227,-0.179515,-0.239354,-0.209434
1228,-0.179515,-0.239354,-0.239354
1229,-0.179515,-0.239354,-0.239354
1230,-0.179515,-0.239354,-0.239354
1231,-0.179515,-0.239354,-0.239354
1232,-0.179515,-0.239354,-0.209434
1233,-0.149596,-0.209434,-0.179515
1234,-0.149596,-0.209434,-0.209434
1235,-0.179515,-0.209434,-0.209434
1236,-0.179515,-0.239354,-0.209434
1237,-0.209434,-0.239354,-0.239354
1238,-0.209434,-0.239354,-0.239354
1239,-0.209434,-0.239354,-0.239354
1240,-0.209434,-0.239354,-0.239354
1241,-0.209434,-0.269273,-0.239354
1242,-0.209434,-0.239354,-0.239354
1243,-0.209434,-0.269273,-0.239354
1244,-0.209434,-0.239354,-0.239354
1245,-0.209434,-0.239354,-0.239354
1246,-0.209434,-0.239354,-0.239354
1247,-0.209434,-0.239354,-0.239354
1248,-0.209434,-0.269273,-0.269273
1249,-0.239354,-0.299192,-0.269273
1250,-0.239354,-0.269273,-0.269273
1251,-0.239354,-0.269273,-0.269273
1252,-0.209434,-0.239354,-0.239354
1253,-0.179515,-0.239354,-0.239354
1254,-0.179515,-0.239354,-0.239354
1255,-0.179515,-0.239354,-0.209434
1256,-0.179515,-0.239354,-0.209434
1257,-0.179515,-0.239354,-0.209434
1258,-0.179515,-0.239354,-0.209434
1259,-0.179515,-0.239354,-0.209434
1260,-0.179515,-0.239354,-0.239354
1261,-0.179515,-0.239354,-0.239354
1262,-0.179515,-0.239354,-0.239354
1263,-0.179515,-0.239354,-0.239354
1264,-0.179515,-0.209434,-0.209434
1265,-0.149596,-0.209434,-0.179515
1266,-0.149596,-0.209434,-0.209434
1267,-0.179515,-0.209434,-0.209434
1268,-0.179515,-0.239354,-0.239354
1269,-0.209434,-0.239354,-0.239354
1270,-0.209434,-0.269273,-0.239354
1271,-0.209434,-0.269273,-0.239354
1272,-0.209434,-0.269273,-0.239354
1273,-0.209434,-0.269273,-0.239354
1274,-0.209434,-0.269273,-0.239354
1275,-0.209434,-0.269273,-0.239354
1276,-0.209434,-0.239354,-0.239354
1277,-0.209434,-0.239354,-0.239354
1278,-0.209434,-0.239354,-0.239354
1279,-0.209434,-0.239354,-0.239354
1280,-0.209434,-0.269273,-0.239354
1281,-0.239354,-0.269273,-0.269273
1282,-0.239354,-0.269273,-0.269273
1283,-0.209434,-0.269273,-0.269273
1284,-0.209434,-0.239354,-0.239354
1285,-0.179515,-0.239354,-0.239354
1286,-0.179515,-0.239354,-0.209434
1287,-0.179515,-0.239354,-0.209434
1288,-0.179515,-0.209434,-0.209434
1289,-0.179515,-0.239354,-0.209434
1290,-0.179515,-0.239354,-0.209434
1291,-0.179515,-0.239354,-0.209434
1292,-0.179515,-0.239354,-0.209434
1293,-0.179515,-0.239354,-0.239354
1294,-0.179515,-0.239354,-0.239354
1295,-0.179515,-0.239354,-0.239354
1296,-0.179515,-0.209434,-0.209434
1297,-0.149596,-0.179515,-0.179515
1298,-0.149596,-0.209434,-0.209434
1299,-0.179515,-0.209434,-0.209434
1300,-0.179515,-0.239354,-0.209434
1301,-0.209434,-0.239354,-0.239354
1302,-0.209434,-0.269273,-0.239354
1303,-0.209434,-0.269273,-0.239354
1304,-0.209434,-0.239354,-0.239354
1305,-0.209434,-0.239354,-0.239354
1306,-0.209434,-0.239354,-0.239354
1307,-0.209434,-0.239354,-0.239354
1308,-0.209434,-0.239354,-0.239354
1309,-0.209434,-0.239354,-0.239354
1310,-0.209434,-0.239354,-0.239354
1311,-0.209434,-0.239354,-0.239354
1312,-0.209434,-0.269273,-0.269273
1313,-0.239354,-0.299192,-0.269273
1314,-0.239354,-0.269273,-0.269273
1315,-0.209434,-0.269273,-0.269273
1316,-0.209434,-0.239354,-0.239354
1317,-0.179515,-0.239354,-0.239354
1318,-0.179515,-0.239354,-0.209434
1319,-0.179515,-0.209434,-0.209434
1320,-0.179515,-0.239354,-0.209434
1321,-0.179515,-0.239354,-0.209434
1322,-0.179515,-0.239354,-0.209434
1323,-0.179515,-0.239354,-0.239354
1324,-0.179515,-0.239354,-0.239354
1325,-0.179515,-0.239354,-0.239354
1326,-0.179515,-0.239354,-0.239354
1327,-0.179515,-0.239354,-0.239354
1328,-0.179515,-0.209434,-0.209434
1329,-0.149596,-0.179515,-0.179515
1330,-0.149596,-0.209434,-0.209434
1331,-0.179515,-0.209434,-0.209434
1332,-0.179515,-0.239354,-0.239354
1333,-0.209434,-0.239354,-0.239354
1334,-0.209434,-0.269273,-0.239354
1335,-0.209434,-0.269273,-0.239354
1336,-0.209434,-0.269273,-0.239354
1337,-0.209434,-0.239354,-0.239354
1338,-0.209434,-0.239354,-0.239354
1339,-0.209434,-0.239354,-0.239354
1340,-0.209434,-0.239354,-0.239354
1341,-0.209434,-0.239354,-0.239354
1342,-0.209434,-0.239354,-0.239354
1343,-0.209434,-0.239354,-0.239354
1344,-0.209434,-0.269273,-0.269273
1345,-0.239354,-0.269273,-0.269273
1346,-0.239354,-0.269273,-0.269273
1347,-0.239354,-0.269273,-0.269273
1348,-0.209434,-0.269273,-0.239354
1349,-0.179515,-0.239354,-0.239354
1350,-0.179515,-0.239354,-0.209434
1351,-0.179515,-0.239354,-0.209434
1352,-0.179515,-0.239354,-0.209434
1353,-0.179515,-0.239354,-0.209434
1354,-0.179515,-0.239354,-0.209434
1355,-0.179515,-0.239354,-0.209434
1356,-0.179515,-0.239354,-0.239354
1357,-0.179515,-0.239354,-0.239354
1358,-0.179515,-0.239354,-0.239354
1359,-0.209434,-0.239354,-0.239354
1360,-0.179515,-0.209434,-0.209434
1361,-0.149596,-0.209434,-0.179515
1362,-0.149596,-0.209434,-0.209434
1363,-0.179515,-0.209434,-0.209434
1364,-0.179515,-0.239354,-0.239354
1365,-0.209434,-0.239354,-0.239354
1366,-0.209434,-0.269273,-0.239354
1367,-0.209434,-0.269273,-0.239354
1368,-0.209434,-0.239354,-0.239354
1369,-0.209434,-0.239354,-0.239354
1370,-0.209434,-0.269273,-0.239354
1371,-0.209434,-0.239354,-0.239354
1372,-0.209434,-0.239354,-0.239354
1373,-0.209434,-0.239354,-0.239354
1374,-0.209434,-0.239354,-0.239354
1375,-0.209434,-0.239354,-0.239354
1376,-0.209434,-0.269273,-0.239354
1377,-0.239354,-0.269273,-0.269273
1378,-0.239354,-0.269273,-0.269273
1379,-0.209434,-0.269273,-0.269273
1380,-0.209434,-0.239354,-0.239354
1381,-0.179515,-0.239354,-0.239354
1382,-0.179515,-0.239354,-0.209434
1383,-0.179515,-0.239354,-0.239354
1384,-0.179515,-0.239354,-0.209434
1385,-0.179515,-0.239354,-0.209434
1386,-0.179515,-0.209434,-0.209434
1387,-0.179515,-0.239354,-0.209434
1388,-0.179515,-0.239354,-0.239354
1389,-0.179515,-0.239354,-0.239354
1390,-0.179515,-0.239354,-0.239354
1391,-0.179515,-0.239354,-0.239354
1392,-0.179515,-0.209434,-0.209434
1393,-0.149596,-0.209434,-0.179515
1394,-0.149596,-0.209434,-0.209434
1395,-0.179515,-0.209434,-0.209434
1396,-0.179515,-0.239354,-0.209434
1397,-0.209434,-0.239354,-0.239354
1398,-0.209434,-0.269273,-0.239354
1399,-0.209434,-0.269273,-0.239354
1400,-0.209434,-0.269273,-0.239354
1401,-0.209434,-0.269273,-0.239354
1402,-0.209434,-0.269273,-0.239354
1403,-0.209434,-0.239354,-0.239354
1404,-0.209434,-0.239354,-0.239354
1405,-0.209434,-0.239354,-0.239354
1406,-0.209434,-0.239354,-0.239354
1407,-0.209434,-0.239354,-0.239354
1408,-0.209434,-0.269273,-0.269273
1409,-0.239354,-0.269273,-0.269273
1410,-0.239354,-0.269273,-0.269273
1411,-0.209434,-0.269273,-0.269273
1412,-0.209434,-0.239354,-0.239354
1413,-0.179515,-0.239354,-0.239354
1414,-0.179515,-0.239354,-0.239354
1415,-0.179515,-0.239354,-0.209434
1416,-0.179515,-0.239354,-0.209434
1417,-0.179515,-0.239354,-0.209434
1418,-0.179515,-0.239354,-0.209434
1419,-0.179515,-0.239354,-0.209434
1420,-0.179515,-0.239354,-0.239354
1421,-0.179515,-0.239354,-0.239354
1422,-0.179515,-0.239354,-0.239354
1423,-0.179515,-0.239354,-0.239354
1424,-0.179515,-0.209434,-0.209434
1425,-0.149596,-0.209434,-0.179515
1426,-0.149596,-0.209434,-0.209434
1427,-0.179515,-0.209434,-0.209434
1428,-0.179515,-0.239354,-0.239354
1429,-0.209434,-0.239354,-0.239354
1430,-0.209434,-0.269273,-0.239354
1431,-0.209434,-0.269273,-0.269273
1432,-0.209434,-0.239354,-0.239354
1433,-0.209434,-0.239354,-0.239354
1434,-0.209434,-0.239354,-0.239354
1435,-0.209434,-0.239354,-0.239354
1436,-0.209434,-0.239354,-0.239354
1437,-0.209434,-0.239354,-0.239354
1438,-0.209434,-0.239354,-0.239354
1439,-0.209434,-0.239354,-0.239354
1440,-0.209434,-0.269273,-0.269273
1441,-0.239354,-0.269273,-0.269273
1442,-0.239354,-0.269273,-0.269273
1443,-0.209434,-0.269273,-0.269273
1444,-0.209434,-0.239354,-0.239354
1445,-0.179515,-0.239354,-0.239354
1446,-0.179515,-0.239354,-0.239354
1447,-0.179515,-0.239354,-0.209434
1448,-0.179515,-0.239354,-0.209434
1449,-0.179515,-0.239354,-0.209434
1450,-0.179515,-0.239354,-0.209434
1451,-0.179515,-0.239354,-0.239354
1452,-0.179515,-0.239354,-0.239354
1453,-0.179515,-0.239354,-0.239354
1454,-0.179515,-0.239354,-0.239354
1455,-0.179515,-0.239354,-0.239354
1456,-0.179515,-0.209434,-0.209434
1457,-0.149596,-0.209434,-0.179515
1458,-0.149596,-0.209434,-0.209434
1459,-0.179515,-0.209434,-0.209434
1460,-0.179515,-0.239354,-0.239354
1461,-0.209434,-0.239354,-0.239354
1462,-0.209434,-0.239354,-0.239354
1463,-0.209434,-0.239354,-0.239354
1464,-0.209434,-0.239354,-0.239354
1465,-0.209434,-0.269273,-0.239354
1466,-0.209434,-0.269273,-0.239354
1467,-0.209434,-0.239354,-0.239354
1468,-0.209434,-0.239354,-0.239354
1469,-0.209434,-0.239354,-0.239354
1470,-0.209434,-0.239354,-0.239354
1471,-0.209434,-0.239354,-0.239354
1472,-0.209434,-0.269273,-0.269273
1473,-0.239354,-0.269273,-0.269273
1474,-0.239354,-0.269273,-0.269273
1475,-0.209434,-0.269273,-0.269273
1476,-0.209434,-0.239354,-0.239354
1477,-0.179515,-0.239354,-0.239354
1478,-0.179515,-0.239354,-0.209434
1479,-0.179515,-0.239354,-0.209434
1480,-0.179515,-0.239354,-0.209434
1481,-0.179515,-0.239354,-0.209434
1482,-0.179515,-0.239354,-0.209434
1483,-0.179515,-0.239354,-0.209434
1484,-0.179515,-0.239354,-0.239354
1485,-0.179515,-0.239354,-0.239354
1486,-0.179515,-0.239354,-0.239354
1487,-0.179515,-0.239354,-0.239354
1488,-0.179515,-0.209434,-0.209434
1489,-0.149596,-0.209434,-0.179515
1490,-0.149596,-0.209434,-0.209434
1491,-0.179515,-0.209434,-0.209434
1492,-0.179515,-0.239354,-0.239354
1493,-0.209434,-0.239354,-0.239354
1494,-0.209434,-0.269273,-0.239354
1495,-0.209434,-0.269273,-0.239354
1496,-0.209434,-0.239354,-0.239354
1497,-0.209434,-0.239354,-0.239354
1498,-0.209434,-0.269273,-0.239354
1499,-0.209434,-0.239354,-0.239354
1500,-0.209434,-0.239354,-0.239354
1501,-0.209434,-0.239354,-0.239354
1502,-0.209434,-0.239354,-0.239354
1503,-0.209434,-0.239354,-0.239354
1504,-0.209434,-0.269273,-0.269273
1505,-0.239354,-0.299192,-0.269273
1506,-0.239354,-0.269273,-0.269273
1507,-0.209434,-0.269273,-0.269273
1508,-0.209434,-0.239354,-0.239354
1509,-0.179515,-0.239354,-0.239354
1510,-0.179515,-0.239354,-0.209434
1511,-0.179515,-0.239354,-0.209434
1512,-0.179515,-0.239354,-0.209434
1513,-0.179515,-0.239354,-0.209434
1514,-0.179515,-0.239354,-0.209434
1515,-0.179515,-0.239354,-0.239354
1516,-0.179515,-0.239354,-0.239354
1517,-0.179515,-0.239354,-0.239354
1518,-0.179515,-0.239354,-0.239354
1519,-0.179515,-0.239354,-0.239354
1520,-0.149596,-0.209434,-0.209434
1521,-0.149596,-0.209434,-0.179515
1522,-0.149596,-0.209434,-0.209434
1523,-0.179515,-0.209434,-0.209434
1524,-0.179515,-0.239354,-0.239354
1525,-0.209434,-0.239354,-0.239354
1526,-0.209434,-0.239354,-0.239354
1527,-0.209434,-0.269273,-0.239354
1528,-0.209434,-0.269273,-0.239354
1529,-0.209434,-0.239354,-0.239354
1530,-0.209434,-0.239354,-0.239354
1531,-0.209434,-0.239354,-0.239354
1532,-0.209434,-0.239354,-0.239354
1533,-0.209434,-0.239354,-0.239354
1534,-0.209434,-0.239354,-0.239354
1535,-0.209434,-0.239354,-0.239354
1536,-0.239354,-0.269273,-0.269273
1537,-0.239354,-0.299192,-0.269273
1538,-0.239354,-0.269273,-0.269273
1539,-0.209434,-0.269273,-0.269273
1540,-0.209434,-0.239354,-0.239354
1541,-0.179515,-0.239354,-0.239354
1542,-0.179515,-0.239354,-0.209434
1543,-0.179515,-0.239354,-0.209434
1544,-0.179515,-0.239354,-0.209434
1545,-0.179515,-0.239354,-0.209434
1546,-0.179515,-0.239354,-0.209434
1547,-0.179515,-0.239354,-0.209434
1548,-0.179515,-0.239354,-0.239354
1549,-0.179515,-0.239354,-0.239354
1550,-0.179515,-0.239354,-0.239354
1551,-0.179515,-0.239354,-0.239354
1552,-0.179515,-0.209434,-0.209434
1553,-0.149596,-0.209434,-0.179515
1554,-0.149596,-0.209434,-0.209434
1555,-0.179515,-0.209434,-0.209434
1556,-0.179515,-0.239354,-0.239354
1557,-0.209434,-0.239354,-0.239354
1558,-0.209434,-0.269273,-0.239354
1559,-0.209434,-0.269273,-0.239354
1560,-0.209434,-0.269273,-0.239354
1561,-0.209434,-0.239354,-0.239354
1562,-0.209434,-0.269273,-0.239354
1563,-0.209434,-0.239354,-0.239354
1564,-0.209434,-0.239354,-0.239354
1565,-0.209434,-0.239354,-0.239354
1566,-0.209434,-0.239354,-0.239354
1567,-0.209434,-0.239354,-0.239354
1568,-0.209434,-0.269273,-0.269273
1569,-0.239354,-0.299192,-0.269273
1570,-0.239354,-0.269273,-0.269273
1571,-0.209434,-0.269273,-0.269273
1572,-0.209434,-0.239354,-0.239354
1573,-0.179515,-0.239354,-0.239354
1574,-0.179515,-0.239354,-0.209434
1575,-0.179515,-0.239354,-0.209434
1576,-0.179515,-0.239354,-0.209434
1577,-0.179515,-0.239354,-0.239354
1578,-0.179515,-0.239354,-0.209434
1579,-0.179515,-0.239354,-0.239354
1580,-0.179515,-0.239354,-0.239354
1581,-0.179515,-0.239354,-0.239354
1582,-0.179515,-0.239354,-0.239354
1583,-0.179515,-0.239354,-0.239354
1584,-0.179515,-0.209434,-0.209434
1585,-0.149596,-0.209434,-0.209434
1586,-0.149596,-0.209434,-0.209434
1587,-0.179515,-0.209434,-0.209434
1588,-0.179515,-0.239354,-0.239354
1589,-0.209434,-0.239354,-0.239354
1590,-0.209434,-0.269273,-0.239354
1591,-0.209434,-0.269273,-0.239354
1592,-0.209434,-0.269273,-0.239354
1593,-0.209434,-0.239354,-0.239354
1594,-0.209434,-0.269273,-0.239354
1595,-0.209434,-0.239354,-0.239354
1596,-0.209434,-0.239354,-0.239354
1597,-0.209434,-0.239354,-0.239354
1598,-0.209434,-0.239354,-0.239354
1599,-0.209434,-0.239354,-0.239354
1600,-0.209434,-0.269273,-0.269273
1601,-0.239354,-0.269273,-0.269273
1602,-0.239354,-0.269273,-0.269273
1603,-0.209434,-0.269273,-0.269273
1604,-0.209434,-0.239354,-0.239354
1605,-0.179515,-0.239354,-0.239354
1606,-0.179515,-0.239354,-0.209434
1607,-0.179515,-0.239354,-0.209434
1608,-0.179515,-0.239354,-0.209434
1609,-0.179515,-0.239354,-0.209434
1610,-0.179515,-0.239354,-0.209434
1611,-0.179515,-0.239354,-0.209434
1612,-0.179515,-0.239354,-0.239354
1613,-0.179515,-0.239354,-0.239354
1614,-0.179515,-0.239354,-0.239354
1615,-0.179515,-0.239354,-0.239354
1616,-0.179515,-0.209434,-0.209434
1617,-0.149596,-0.209434,-0.179515
1618,-0.149596,-0.209434,-0.209434
1619,-0.179515,-0.209434,-0.209434
1620,-0.179515,-0.239354,-0.239354
1621,-0.209434,-0.269273,-0.239354
1622,-0.209434,-0.269273,-0.239354
1623,-0.209434,-0.269273,-0.239354
1624,-0.209434,-0.269273,-0.239354
1625,-0.209434,-0.239354,-0.239354
1626,-0.209434,-0.269273,-0.239354
1627,-0.209434,-0.269273,-0.239354
1628,-0.209434,-0.239354,-0.239354
1629,-0.209434,-0.239354,-0.239354
1630,-0.209434,-0.239354,-0.239354
1631,-0.209434,-0.239354,-0.239354
1632,-0.239354,-0.269273,-0.269273
1633,-0.239354,-0.299192,-0.269273
1634,-0.239354,-0.269273,-0.269273
1635,-0.239354,-0.269273,-0.269273
1636,-0.209434,-0.239354,-0.239354
1637,-0.179515,-0.239354,-0.209434
1638,-0.179515,-0.239354,-0.209434
1639,-0.179515,-0.209434,-0.209434
1640,-0.179515,-0.239354,-0.209434
1641,-0.179515,-0.239354,-0.239354
1642,-0.179515,-0.239354,-0.209434
1643,-0.179515,-0.239354,-0.239354
1644,-0.179515,-0.239354,-0.239354
1645,-0.179515,-0.239354,-0.209434
1646,-0.179515,-0.239354,-0.239354
1647,-0.209434,-0.239354,-0.239354
1648,-0.149596,-0.209434,-0.209434
1649,-0.149596,-0.209434,-0.179515
1650,-0.149596,-0.209434,-0.209434
1651,-0.179515,-0.209434,-0.209434
1652,-0.179515,-0.239354,-0.239354
1653,-0.209434,-0.239354,-0.239354
1654,-0.209434,-0.269273,-0.239354
1655,-0.209434,-0.269273,-0.239354
1656,-0.209434,-0.269273,-0.239354
1657,-0.209434,-0.239354,-0.239354
1658,-0.209434,-0.269273,-0.239354
1659,-0.209434,-0.239354,-0.239354
1660,-0.209434,-0.239354,-0.239354
1661,-0.209434,-0.239354,-0.239354
1662,-0.209434,-0.239354,-0.239354
1663,-0.209434,-0.239354,-0.239354
1664,-0.209434,-0.269273,-0.269273
1665,-0.239354,-0.299192,-0.269273
1666,-0.239354,-0.269273,-0.269273
1667,-0.209434,-0.269273,-0.269273
1668,-0.209434,-0.239354,-0.239354
1669,-0.179515,-0.239354,-0.239354
1670,-0.179515,-0.239354,-0.239354
1671,-0.179515,-0.239354,-0.239354
1672,-0.179515,-0.239354,-0.209434
1673,-0.179515,-0.239354,-0.209434
1674,-0.179515,-0.239354,-0.239354
1675,-0.179515,-0.239354,-0.239354
1676,-0.179515,-0.239354,-0.239354
1677,-0.179515,-0.239354,-0.239354
1678,-0.179515,-0.239354,-0.239354
1679,-0.179515,-0.239354,-0.239354
1680,-0.179515,-0.209434,-0.209434
1681,-0.149596,-0.209434,-0.179515
1682,-0.149596,-0.209434,-0.209434
1683,-0.179515,-0.209434,-0.209434
1684,-0.179515,-0.239354,-0.239354
1685,-0.209434,-0.269273,-0.239354
1686,-0.209434,-0.269273,-0.239354
1687,-0.209434,-0.239354,-0.269273
1688,-0.209434,-0.239354,-0.269273
1689,-0.209434,-0.239354,-0.239354
1690,-0.209434,-0.269273,-0.239354
1691,-0.209434,-0.239354,-0.239354
1692,-0.209434,-0.239354,-0.239354
1693,-0.209434,-0.239354,-0.239354
1694,-0.209434,-0.239354,-0.239354
1695,-0.209434,-0.239354,-0.239354
1696,-0.239354,-0.269273,-0.269273
1697,-0.239354,-0.269273,-0.269273
1698,-0.239354,-0.269273,-0.269273
1699,-0.209434,-0.269273,-0.269273
1700,-0.209434,-0.239354,-0.239354
1701,-0.179515,-0.239354,-0.239354
1702,-0.179515,-0.239354,-0.239354
1703,-0.179515,-0.239354,-0.209434
1704,-0.179515,-0.239354,-0.209434
1705,-0.179515,-0.239354,-0.239354
1706,-0.179515,-0.239354,-0.239354
1707,-0.179515,-0.209434,-0.239354
1708,-0.179515,-0.239354,-0.239354
1709,-0.179515,-0.239354,-0.239354
1710,-0.179515,-0.239354,-0.239354
1711,-0.179515,-0.239354,-0.239354
1712,-0.179515,-0.209434,-0.209434
1713,-0.149596,-0.209434,-0.179515
1714,-0.179515,-0.209434,-0.209434
1715,-0.179515,-0.209434,-0.209434
1716,-0.179515,-0.239354,-0.239354
1717,-0.209434,-0.239354,-0.239354
1718,-0.209434,-0.269273,-0.239354
1719,-0.209434,-0.269273,-0.239354
1720,-0.209434,-0.239354,-0.239354
1721,-0.209434,-0.269273,-0.239354
1722,-0.209434,-0.269273,-0.239354
1723,-0.209434,-0.269273,-0.239354
1724,-0.209434,-0.239354,-0.239354
1725,-0.209434,-0.239354,-0.239354
1726,-0.209434,-0.239354,-0.239354
1727,-0.209434,-0.239354,-0.239354
1728,-0.239354,-0.269273,-0.269273
1729,-0.239354,-0.269273,-0.269273
1730,-0.239354,-0.269273,-0.269273
1731,-0.209434,-0.269273,-0.269273
1732,-0.209434,-0.269273,-0.239354
1733,-0.179515,-0.239354,-0.239354
1734,-0.179515,-0.239354,-0.239354
1735,-0.179515,-0.239354,-0.209434
1736,-0.179515,-0.239354,-0.209434
1737,-0.179515,-0.239354,-0.209434
1738,-0.179515,-0.239354,-0.209434
1739,-0.179515,-0.239354,-0.239354
1740,-0.179515,-0.239354,-0.239354
1741,-0.179515,-0.239354,-0.239354
1742,-0.179515,-0.239354,-0.239354
1743,-0.179515,-0.239354,-0.239354
1744,-0.149596,-0.209434,-0.209434
1745,-0.149596,-0.209434,-0.179515
1746,-0.149596,-0.209434,-0.209434
1747,-0.179515,-0.209434,-0.209434
1748,-0.179515,-0.239354,-0.239354
1749,-0.209434,-0.239354,-0.239354
1750,-0.209434,-0.269273,-0.239354
1751,-0.209434,-0.269273,-0.269273
1752,-0.209434,-0.239354,-0.239354
1753,-0.209434,-0.269273,-0.239354
1754,-0.209434,-0.269273,-0.239354
1755,-0.209434,-0.269273,-0.239354
1756,-0.209434,-0.239354,-0.239354
1757,-0.209434,-0.239354,-0.239354
1758,-0.209434,-0.239354,-0.239354
1759,-0.209434,-0.239354,-0.239354
1760,-0.239354,-0.269273,-0.269273
1761,-0.239354,-0.269273,-0.269273
1762,-0.239354,-0.269273,-0.269273
1763,-0.209434,-0.269273,-0.269273
1764,-0.209434,-0.239354,-0.239354
1765,-0.179515,-0.239354,-0.239354
1766,-0.179515,-0.239354,-0.209434
1767,-0.179515,-0.239354,-0.209434
1768,-0.179515,-0.239354,-0.209434
1769,-0.179515,-0.239354,-0.239354
1770,-0.179515,-0.239354,-0.209434
1771,-0.179515,-0.239354,-0.209434
1772,-0.179515,-0.239354,-0.209434
1773,-0.179515,-0.239354,-0.239354
1774,-0.179515,-0.239354,-0.239354
1775,-0.179515,-0.239354,-0.239354
1776,-0.149596,-0.209434,-0.209434
1777,-0.149596,-0.179515,-0.179515
1778,-0.179515,-0.209434,-0.209434
1779,-0.179515,-0.209434,-0.209434
1780,-0.179515,-0.239354,-0.239354
1781,-0.209434,-0.239354,-0.239354
1782,-0.209434,-0.269273,-0.239354
1783,-0.209434,-0.269273,-0.239354
1784,-0.209434,-0.269273,-0.239354
1785,-0.209434,-0.239354,-0.239354
1786,-0.209434,-0.269273,-0.239354
1787,-0.209434,-0.269273,-0.239354
1788,-0.209434,-0.239354,-0.239354
1789,-0.209434,-0.239354,-0.239354
1790,-0.209434,-0.239354,-0.239354
1791,-0.209434,-0.239354,-0.239354
1792,-0.239354,-0.269273,-0.269273
1793,-0.239354,-0.269273,-0.269273
1794,-0.239354,-0.269273,-0.269273
1795,-0.209434,-0.269273,-0.269273
1796,-0.209434,-0.239354,-0.239354
1797,-0.179515,-0.239354,-0.239354
1798,-0.179515,-0.239354,-0.239354
1799,-0.179515,-0.239354,-0.209434
1800,-0.179515,-0.239354,-0.209434
1801,-0.179515,-0.239354,-0.239354
1802,-0.179515,-0.239354,-0.239354
1803,-0.179515,-0.239354,-0.239354
1804,-0.179515,-0.239354,-0.239354
1805,-0.179515,-0.239354,-0.239354
1806,-0.209434,-0.239354,-0.239354
1807,-0.209434,-0.239354,-0.239354
1808,-0.179515,-0.209434,-0.209434
1809,-0.149596,-0.209434,-0.179515
1810,-0.149596,-0.209434,-0.209434
1811,-0.179515,-0.209434,-0.209434
1812,-0.179515,-0.239354,-0.239354
1813,-0.209434,-0.269273,-0.239354
1814,-0.209434,-0.269273,-0.239354
1815,-0.209434,-0.269273,-0.239354
1816,-0.209434,-0.239354,-0.239354
1817,-0.209434,-0.239354,-0.239354
1818,-0.209434,-0.269273,-0.269273
1819,-0.209434,-0.269273,-0.239354
1820,-0.209434,-0.239354,-0.239354
1821,-0.209434,-0.239354,-0.239354
1822,-0.179515,-0.239354,-0.239354
1823,-0.209434,-0.239354,-0.239354
1824,-0.239354,-0.269273,-0.269273
1825,-0.239354,-0.269273,-0.269273
1826,-0.239354,-0.269273,-0.269273
1827,-0.209434,-0.269273,-0.269273
1828,-0.209434,-0.239354,-0.239354
1829,-0.179515,-0.239354,-0.239354
1830,-0.179515,-0.239354,-0.239354
1831,-0.179515,-0.239354,-0.209434
1832,-0.179515,-0.239354,-0.209434
1833,-0.179515,-0.209434,-0.209434
1834,-0.179515,-0.239354,-0.209434
1835,-0.179515,-0.239354,-0.239354
1836,-0.179515,-0.239354,-0.239354
1837,-0.179515,-0.239354,-0.239354
1838,-0.179515,-0.239354,-0.239354
1839,-0.179515,-0.239354,-0.239354
1840,-0.179515,-0.209434,-0.209434
1841,-0.149596,-0.209434,-0.179515
1842,-0.149596,-0.209434,-0.209434
1843,-0.179515,-0.209434,-0.209434
1844,-0.179515,-0.239354,-0.239354
1845,-0.209434,-0.269273,-0.239354
1846,-0.209434,-0.269273,-0.239354
1847,-0.209434,-0.269273,-0.239354
1848,-0.209434,-0.269273,-0.239354
1849,-0.209434,-0.269273,-0.239354
1850,-0.209434,-0.269273,-0.239354
1851,-0.209434,-0.239354,-0.239354
1852,-0.209434,-0.239354,-0.239354
1853,-0.209434,-0.239354,-0.239354
1854,-0.209434,-0.239354,-0.239354
1855,-0.209434,-0.239354,-0.239354
1856,-0.239354,-0.269273,-0.269273
1857,-0.239354,-0.269273,-0.269273
1858,-0.239354,-0.269273,-0.269273
1859,-0.209434,-0.269273,-0.269273
1860,-0.209434,-0.239354,-0.239354
1861,-0.179515,-0.239354,-0.239354
1862,-0.179515,-0.239354,-0.209434
1863,-0.179515,-0.239354,-0.209434
1864,-0.179515,-0.239354,-0.209434
1865,-0.179515,-0.239354,-0.209434
1866,-0.179515,-0.239354,-0.209434
1867,-0.179515,-0.239354,-0.209434
1868,-0.179515,-0.239354,-0.239354
1869,-0.179515,-0.239354,-0.239354
1870,-0.179515,-0.239354,-0.239354
1871,-0.179515,-0.239354,-0.239354
1872,-0.149596,-0.209434,-0.209434
1873,-0.149596,-0.209434,-0.179515
1874,-0.149596,-0.209434,-0.209434
1875,-0.179515,-0.209434,-0.209434
1876,-0.179515,-0.239354,-0.239354
1877,-0.209434,-0.239354,-0.239354
1878,-0.209434,-0.269273,-0.239354
1879,-0.209434,-0.269273,-0.239354
1880,-0.209434,-0.239354,-0.239354
1881,-0.209434,-0.269273,-0.239354
1882,-0.209434,-0.269273,-0.239354
1883,-0.209434,-0.239354,-0.239354
1884,-0.209434,-0.239354,-0.239354
1885,-0.209434,-0.239354,-0.239354
1886,-0.209434,-0.239354,-0.239354
1887,-0.209434,-0.239354,-0.239354
1888,-0.239354,-0.269273,-0.269273
1889,-0.239354,-0.269273,-0.269273
1890,-0.209434,-0.269273,-0.269273
1891,-0.209434,-0.269273,-0.269273
1892,-0.209434,-0.239354,-0.239354
1893,-0.179515,-0.239354,-0.209434
1894,-0.179515,-0.239354,-0.209434
1895,-0.179515,-0.209434,-0.209434
1896,-0.179515,-0.239354,-0.209434
1897,-0.179515,-0.239354,-0.239354
1898,-0.179515,-0.239354,-0.239354
1899,-0.179515,-0.239354,-0.239354
1900,-0.179515,-0.239354,-0.239354
1901,-0.179515,-0.239354,-0.239354
1902,-0.179515,-0.239354,-0.239354
1903,-0.179515,-0.239354,-0.239354
1904,-0.149596,-0.209434,-0.209434
1905,-0.149596,-0.209434,-0.179515
1906,-0.179515,-0.209434,-0.209434
1907,-0.179515,-0.209434,-0.209434
1908,-0.209434,-0.239354,-0.239354
1909,-0.209434,-0.239354,-0.239354
1910,-0.209434,-0.269273,-0.239354
1911,-0.209434,-0.269273,-0.239354
1912,-0.209434,-0.239354,-0.239354
1913,-0.209434,-0.239354,-0.239354
1914,-0.209434,-0.239354,-0.239354
1915,-0.209434,-0.239354,-0.239354
1916,-0.209434,-0.239354,-0.239354
1917,-0.209434,-0.239354,-0.239354
1918,-0.209434,-0.239354,-0.239354
1919,-0.209434,-0.239354,-0.239354
1920,-0.239354,-0.269273,-0.269273
1921,-0.239354,-0.269273,-0.269273
1922,-0.239354,-0.269273,-0.269273
1923,-0.209434,-0.269273,-0.269273
1924,-0.209434,-0.239354,-0.239354
1925,-0.179515,-0.239354,-0.239354
1926,-0.179515,-0.239354,-0.239354
1927,-0.179515,-0.239354,-0.209434
1928,-0.179515,-0.239354,-0.209434
1929,-0.179515,-0.239354,-0.209434
1930,-0.179515,-0.239354,-0.209434
1931,-0.179515,-0.239354,-0.239354
1932,-0.179515,-0.239354,-0.239354
1933,-0.179515,-0.239354,-0.239354
1934,-0.179515,-0.239354,-0.239354
1935,-0.179515,-0.239354,-0.239354
1936,-0.179515,-0.209434,-0.209434
1937,-0.149596,-0.209434,-0.179515
1938,-0.179515,-0.209434,-0.209434
1939,-0.179515,-0.239354,-0.209434
1940,-0.209434,-0.239354,-0.239354
1941,-0.209434,-0.239354,-0.239354
1942,-0.209434,-0.239354,-0.239354
1943,-0.209434,-0.269273,-0.239354
1944,-0.209434,-0.269273,-0.239354
1945,-0.209434,-0.269273,-0.239354
1946,-0.209434,-0.269273,-0.239354
1947,-0.209434,-0.239354,-0.239354
1948,-0.209434,-0.239354,-0.239354
1949,-0.209434,-0.239354,-0.239354
1950,-0.209434,-0.239354,-0.239354
1951,-0.209434,-0.239354,-0.239354
1952,-0.239354,-0.269273,-0.269273
1953,-0.239354,-0.269273,-0.269273
1954,-0.209434,-0.269273,-0.269273
1955,-0.209434,-0.269273,-0.269273
1956,-0.209434,-0.239354,-0.239354
1957,-0.179515,-0.239354,-0.209434
1958,-0.179515,-0.239354,-0.209434
1959,-0.179515,-0.239354,-0.209434
1960,-0.179515,-0.239354,-0.209434
1961,-0.179515,-0.239354,-0.209434
1962,-0.179515,-0.239354,-0.209434
1963,-0.179515,-0.239354,-0.209434
1964,-0.179515,-0.239354,-0.239354
1965,-0.179515,-0.239354,-0.239354
1966,-0.179515,-0.239354,-0.239354
1967,-0.179515,-0.239354,-0.239354
1968,-0.149596,-0.209434,-0.209434
1969,-0.149596,-0.209434,-0.179515
1970,-0.149596,-0.209434,-0.209434
1971,-0.179515,-0.209434,-0.209434
1972,-0.209434,-0.239354,-0.239354
1973,-0.209434,-0.239354,-0.239354
1974,-0.209434,-0.269273,-0.239354
1975,-0.209434,-0.269273,-0.239354
1976,-0.209434,-0.239354,-0.239354
1977,-0.209434,-0.239354,-0.239354
1978,-0.209434,-0.269273,-0.239354
1979,-0.209434,-0.239354,-0.239354
1980,-0.209434,-0.239354,-0.239354
1981,-0.209434,-0.239354,-0.239354
1982,-0.209434,-0.239354,-0.239354
1983,-0.209434,-0.239354,-0.239354
1984,-0.239354,-0.269273,-0.269273
1985,-0.239354,-0.269273,-0.269273
1986,-0.239354,-0.269273,-0.269273
1987,-0.209434,-0.269273,-0.269273
1988,-0.209434,-0.239354,-0.239354
1989,-0.179515,-0.239354,-0.239354
1990,-0.179515,-0.239354,-0.209434
1991,-0.179515,-0.239354,-0.209434
1992,-0.179515,-0.239354,-0.209434
1993,-0.179515,-0.239354,-0.209434
1994,-0.179515,-0.239354,-0.209434
1995,-0.179515,-0.239354,-0.209434
1996,-0.179515,-0.239354,-0.209434
1997,-0.179515,-0.239354,-0.239354
1998,-0.179515,-0.239354,-0.239354
1999,-0.179515,-0.239354,-0.239354
2000,-0.149596,-0.209434,-0.209434
2001,-0.149596,-0.179515,-0.179515
2002,-0.149596,-0.209434,-0.209434
2003,-0.179515,-0.209434,-0.209434
2004,-0.209434,-0.239354,-0.239354
2005,-0.209434,-0.269273,-0.239354
2006,-0.209434,-0.239354,-0.239354
2007,-0.209434,-0.239354,-0.239354
2008,-0.209434,-0.269273,-0.239354
2009,-0.209434,-0.269273,-0.239354
2010,-0.209434,-0.239354,-0.239354
2011,-0.209434,-0.239354,-0.239354
2012,-0.209434,-0.239354,-0.239354
2013,-0.209434,-0.239354,-0.239354
2014,-0.209434,-0.239354,-0.239354
2015,-0.209434,-0.239354,-0.239354
2016,-0.239354,-0.269273,-0.269273
2017,-0.239354,-0.299192,-0.269273
2018,-0.239354,-0.269273,-0.269273
2019,-0.209434,-0.269273,-0.269273
2020,-0.209434,-0.239354,-0.239354
2021,-0.179515,-0.239354,-0.239354
2022,-0.179515,-0.239354,-0.209434
2023,-0.179515,-0.239354,-0.209434
2024,-0.179515,-0.239354,-0.209434
2025,-0.179515,-0.239354,-0.209434
2026,-0.179515,-0.239354,-0.209434
2027,-0.179515,-0.239354,-0.209434
2028,-0.179515,-0.239354,-0.239354
2029,-0.179515,-0.239354,-0.239354
2030,-0.179515,-0.239354,-0.239354
2031,-0.179515,-0.239354,-0.239354
2032,-0.149596,-0.209434,-0.209434
2033,-0.149596,-0.209434,-0.179515
2034,-0.149596,-0.209434,-0.209434
2035,-0.179515,-0.209434,-0.209434
2036,-0.179515,-0.239354,-0.239354
2037,-0.209434,-0.269273,-0.239354
2038,-0.209434,-0.269273,-0.239354
2039,-0.209434,-0.269273,-0.239354
2040,-0.209434,-0.269273,-0.239354
2041,-0.209434,-0.269273,-0.239354
2042,-0.209434,-0.239354,-0.239354
2043,-0.209434,-0.239354,-0.239354
2044,-0.209434,-0.239354,-0.239354
2045,-0.209434,-0.239354,-0.239354
2046,-0.209434,-0.239354,-0.239354
2047,-0.209434,-0.239354,-0.239354
2048,-0.239354,-0.269273,-0.269273
2049,-0.239354,-0.269273,-0.269273
2050,-0.209434,-0.269273,-0.269273
2051,-0.209434,-0.269273,-0.269273
2052,-0.209434,-0.239354,-0.239354
2053,-0.179515,-0.239354,-0.209434
2054,-0.179515,-0.239354,-0.209434
2055,-0.179515,-0.209434,-0.209434
2056,-0.179515,-0.239354,-0.209434
2057,-0.179515,-0.239354,-0.209434
2058,-0.179515,-0.239354,-0.209434
2059,-0.179515,-0.239354,-0.239354
2060,-0.179515,-0.239354,-0.239354
2061,-0.179515,-0.239354,-0.239354
2062,-0.179515,-0.239354,-0.239354
2063,-0.179515,-0.239354,-0.239354
2064,-0.149596,-0.209434,-0.209434
2065,-0.149596,-0.209434,-0.179515
2066,-0.149596,-0.209434,-0.209434
2067,-0.179515,-0.209434,-0.209434
2068,-0.209434,-0.239354,-0.239354
2069,-0.209434,-0.269273,-0.239354
2070,-0.209434,-0.269273,-0.239354
2071,-0.209434,-0.269273,-0.239354
2072,-0.209434,-0.269273,-0.239354
2073,-0.209434,-0.269273,-0.239354
2074,-0.209434,-0.269273,-0.239354
2075,-0.209434,-0.239354,-0.239354
2076,-0.209434,-0.239354,-0.239354
2077,-0.209434,-0.239354,-0.239354
2078,-0.209434,-0.239354,-0.239354
2079,-0.209434,-0.239354,-0.239354
2080,-0.239354,-0.269273,-0.269273
2081,-0.239354,-0.269273,-0.269273
2082,-0.239354,-0.269273,-0.269273
2083,-0.209434,-0.269273,-0.269273
2084,-0.209434,-0.239354,-0.239354
2085,-0.179515,-0.239354,-0.239354
2086,-0.179515,-0.239354,-0.239354
2087,-0.179515,-0.239354,-0.209434
2088,-0.179515,-0.239354,-0.239354
2089,-0.179515,-0.239354,-0.239354
2090,-0.179515,-0.209434,-0.209434
2091,-0.179515,-0.239354,-0.239354
2092,-0.179515,-0.239354,-0.239354
2093,-0.179515,-0.239354,-0.239354
2094,-0.179515,-0.239354,-0.239354
2095,-0.179515,-0.239354,-0.239354
2096,-0.149596,-0.209434,-0.209434
2097,-0.149596,-0.209434,-0.209434
2098,-0.149596,-0.209434,-0.209434
2099,-0.179515,-0.239354,-0.209434
2100,-0.179515,-0.239354,-0.239354
2101,-0.209434,-0.239354,-0.239354
2102,-0.209434,-0.239354,-0.239354
2103,-0.209434,-0.269273,-0.239354
2104,-0.209434,-0.239354,-0.239354
2105,-0.209434,-0.239354,-0.239354
2106,-0.209434,-0.239354,-0.239354
2107,-0.209434,-0.239354,-0.239354
2108,-0.209434,-0.239354,-0.239354
2109,-0.209434,-0.239354,-0.239354
2110,-0.209434,-0.239354,-0.239354
2111,-0.209434,-0.239354,-0.239354
2112,-0.239354,-0.269273,-0.269273
2113,-0.239354,-0.269273,-0.269273
2114,-0.239354,-0.269273,-0.269273
2115,-0.209434,-0.269273,-0.239354
2116,-0.209434,-0.239354,-0.239354
2117,-0.179515,-0.239354,-0.239354
2118,-0.179515,-0.239354,-0.209434
2119,-0.179515,-0.239354,-0.209434
2120,-0.179515,-0.239354,-0.209434
2121,-0.179515,-0.239354,-0.209434
2122,-0.179515,-0.239354,-0.209434
2123,-0.179515,-0.239354,-0.239354
2124,-0.179515,-0.239354,-0.239354
2125,-0.179515,-0.239354,-0.239354
2126,-0.209434,-0.239354,-0.239354
2127,-0.179515,-0.239354,-0.239354
2128,-0.149596,-0.209434,-0.179515
2129,-0.149596,-0.209434,-0.179515
2130,-0.179515,-0.209434,-0.209434
2131,-0.179515,-0.209434,-0.209434
2132,-0.209434,-0.239354,-0.239354
2133,-0.209434,-0.239354,-0.239354
2134,-0.209434,-0.239354,-0.239354
2135,-0.209434,-0.269273,-0.239354
2136,-0.209434,-0.269273,-0.239354
2137,-0.209434,-0.239354,-0.239354
2138,-0.209434,-0.269273,-0.239354
2139,-0.209434,-0.269273,-0.239354
2140,-0.209434,-0.239354,-0.239354
2141,-0.209434,-0.239354,-0.239354
2142,-0.209434,-0.239354,-0.239354
2143,-0.209434,-0.239354,-0.239354
2144,-0.239354,-0.269273,-0.269273
2145,-0.239354,-0.269273,-0.269273
2146,-0.239354,-0.269273,-0.269273
2147,-0.209434,-0.269273,-0.269273
2148,-0.209434,-0.239354,-0.239354
2149,-0.179515,-0.239354,-0.209434
2150,-0.179515,-0.239354,-0.209434
2151,-0.179515,-0.209434,-0.209434
2152,-0.179515,-0.239354,-0.209434
2153,-0.179515,-0.239354,-0.209434
2154,-0.179515,-0.239354,-0.209434
2155,-0.179515,-0.239354,-0.209434
2156,-0.179515,-0.239354,-0.209434
2157,-0.179515,-0.239354,-0.239354
2158,-0.179515,-0.239354,-0.239354
2159,-0.179515,-0.239354,-0.239354
2160,-0.149596,-0.209434,-0.179515
2161,-0.149596,-0.209434,-0.179515
2162,-0.149596,-0.209434,-0.209434
2163,-0.179515,-0.209434,-0.209434
2164,-0.209434,-0.239354,-0.239354
2165,-0.209434,-0.239354,-0.239354
2166,-0.209434,-0.239354,-0.239354
2167,-0.209434,-0.239354,-0.239354
2168,-0.209434,-0.239354,-0.239354
2169,-0.209434,-0.269273,-0.239354
2170,-0.209434,-0.269273,-0.239354
2171,-0.209434,-0.239354,-0.239354
2172,-0.209434,-0.239354,-0.239354
2173,-0.209434,-0.239354,-0.239354
2174,-0.209434,-0.239354,-0.239354
2175,-0.209434,-0.239354,-0.239354
2176,-0.239354,-0.269273,-0.269273
2177,-0.239354,-0.269273,-0.269273
2178,-0.239354,-0.269273,-0.269273
2179,-0.209434,-0.269273,-0.269273
2180,-0.209434,-0.239354,-0.239354
2181,-0.179515,-0.239354,-0.209434
2182,-0.179515,-0.239354,-0.209434
2183,-0.179515,-0.239354,-0.209434
2184,-0.179515,-0.239354,-0.239354
2185,-0.179515,-0.239354,-0.239354
2186,-0.179515,-0.209434,-0.239354
2187,-0.179515,-0.239354,-0.239354
2188,-0.179515,-0.239354,-0.239354
2189,-0.179515,-0.239354,-0.239354
2190,-0.179515,-0.239354,-0.239354
2191,-0.179515,-0.239354,-0.239354
2192,-0.149596,-0.209434,-0.179515
2193,-0.149596,-0.209434,-0.179515
2194,-0.149596,-0.209434,-0.209434
2195,-0.179515,-0.209434,-0.209434
2196,-0.209434,-0.239354,-0.239354
2197,-0.209434,-0.239354,-0.239354
2198,-0.209434,-0.269273,-0.239354
2199,-0.209434,-0.239354,-0.239354
2200,-0.209434,-0.239354,-0.239354
2201,-0.209434,-0.239354,-0.239354
2202,-0.209434,-0.269273,-0.239354
2203,-0.209434,-0.239354,-0.239354
2204,-0.209434,-0.239354,-0.239354
2205,-0.209434,-0.239354,-0.239354
2206,-0.209434,-0.239354,-0.239354
2207,-0.209434,-0.239354,-0.239354
2208,-0.239354,-0.269273,-0.269273
2209,-0.239354,-0.269273,-0.269273
2210,-0.209434,-0.269273,-0.269273
2211,-0.209434,-0.269273,-0.239354
2212,-0.209434,-0.239354,-0.239354
2213,-0.179515,-0.239354,-0.239354
2214,-0.179515,-0.209434,-0.239354
2215,-0.179515,-0.209434,-0.209434
2216,-0.179515,-0.239354,-0.209434
2217,-0.179515,-0.239354,-0.209434
2218,-0.179515,-0.209434,-0.209434
2219,-0.179515,-0.239354,-0.239354
2220,-0.179515,-0.239354,-0.239354
2221,-0.179515,-0.239354,-0.239354
2222,-0.179515,-0.239354,-0.239354
2223,-0.179515,-0.239354,-0.239354
2224,-0.149596,-0.209434,-0.209434
2225,-0.149596,-0.209434,-0.179515
2226,-0.149596,-0.209434,-0.209434
2227,-0.179515,-0.239354,-0.209434
2228,-0.209434,-0.239354,-0.239354
2229,-0.209434,-0.239354,-0.239354
2230,-0.209434,-0.239354,-0.239354
2231,-0.209434,-0.269273,-0.239354
2232,-0.209434,-0.269273,-0.239354
2233,-0.209434,-0.269273,-0.239354
2234,-0.209434,-0.239354,-0.239354
2235,-0.209434,-0.239354,-0.239354
2236,-0.209434,-0.239354,-0.239354
2237,-0.209434,-0.239354,-0.239354
2238,-0.209434,-0.239354,-0.239354
2239,-0.209434,-0.239354,-0.239354
2240,-0.239354,-0.269273,-0.269273
2241,-0.239354,-0.269273,-0.269273
2242,-0.239354,-0.269273,-0.269273
2243,-0.209434,-0.269273,-0.269273
2244,-0.179515,-0.239354,-0.239354
2245,-0.179515,-0.239354,-0.209434
2246,-0.179515,-0.239354,-0.209434
2247,-0.179515,-0.209434,-0.209434
2248,-0.179515,-0.209434,-0.209434
2249,-0.179515,-0.239354,-0.209434
2250,-0.179515,-0.239354,-0.209434
2251,-0.179515,-0.239354,-0.239354
2252,-0.179515,-0.239354,-0.239354
2253,-0.179515,-0.239354,-0.239354
2254,-0.179515,-0.239354,-0.239354
2255,-0.179515,-0.239354,-0.239354
2256,-0.149596,-0.209434,-0.209434
2257,-0.149596,-0.209434,-0.209434
2258,-0.149596,-0.209434,-0.209434
2259,-0.179515,-0.209434,-0.209434
2260,-0.209434,-0.239354,-0.239354
2261,-0.209434,-0.269273,-0.239354
2262,-0.209434,-0.269273,-0.239354
2263,-0.209434,-0.269273,-0.239354
2264,-0.209434,-0.269273,-0.239354
2265,-0.209434,-0.269273,-0.239354
2266,-0.209434,-0.269273,-0.239354
2267,-0.209434,-0.239354,-0.239354
2268,-0.209434,-0.239354,-0.239354
2269,-0.209434,-0.239354,-0.239354
2270,-0.209434,-0.239354,-0.239354
2271,-0.209434,-0.239354,-0.239354
2272,-0.239354,-0.269273,-0.269273
2273,-0.239354,-0.269273,-0.269273
2274,-0.239354,-0.269273,-0.269273
2275,-0.209434,-0.269273,-0.269273
2276,-0.179515,-0.239354,-0.239354
2277,-0.179515,-0.239354,-0.239354
2278,-0.179515,-0.239354,-0.209434
2279,-0.179515,-0.239354,-0.209434
2280,-0.179515,-0.209434,-0.209434
2281,-0.179515,-0.209434,-0.209434
2282,-0.179515,-0.209434,-0.209434
2283,-0.179515,-0.239354,-0.239354
2284,-0.179515,-0.239354,-0.239354
2285,-0.209434,-0.239354,-0.239354
2286,-0.179515,-0.239354,-0.239354
2287,-0.179515,-0.239354,-0.209434
2288,-0.149596,-0.209434,-0.209434
2289,-0.149596,-0.209434,-0.209434
2290,-0.179515,-0.209434,-0.209434
2291,-0.179515,-0.209434,-0.209434
2292,-0.209434,-0.239354,-0.239354
2293,-0.209434,-0.239354,-0.239354
2294,-0.209434,-0.269273,-0.239354
2295,-0.209434,-0.239354,-0.239354
2296,-0.209434,-0.239354,-0.239354
2297,-0.209434,-0.239354,-0.239354
2298,-0.209434,-0.239354,-0.239354
2299,-0.209434,-0.239354,-0.239354
2300,-0.209434,-0.239354,-0.239354
2301,-0.209434,-0.239354,-0.239354
2302,-0.209434,-0.239354,-0.239354
2303,-0.209434,-0.239354,-0.239354
2304,-0.239354,-0.269273,-0.269273
2305,-0.239354,-0.269273,-0.269273
2306,-0.239354,-0.269273,-0.269273
2307,-0.209434,-0.269273,-0.269273
2308,-0.179515,-0.239354,-0.239354
2309,-0.179515,-0.239354,-0.209434
2310,-0.179515,-0.239354,-0.209434
2311,-0.179515,-0.209434,-0.209434
2312,-0.179515,-0.239354,-0.209434
2313,-0.179515,-0.239354,-0.209434
2314,-0.179515,-0.239354,-0.209434
2315,-0.179515,-0.239354,-0.239354
2316,-0.179515,-0.239354,-0.239354
2317,-0.209434,-0.239354,-0.239354
2318,-0.209434,-0.239354,-0.239354
2319,-0.179515,-0.239354,-0.239354
2320,-0.149596,-0.209434,-0.179515
2321,-0.149596,-0.209434,-0.179515
2322,-0.179515,-0.209434,-0.209434
2323,-0.179515,-0.209434,-0.209434
2324,-0.209434,-0.239354,-0.239354
2325,-0.209434,-0.239354,-0.239354
2326,-0.209434,-0.239354,-0.239354
2327,-0.209434,-0.269273,-0.239354
2328,-0.209434,-0.269273,-0.239354
2329,-0.209434,-0.269273,-0.239354
2330,-0.209434,-0.269273,-0.239354
2331,-0.209434,-0.239354,-0.239354
2332,-0.209434,-0.239354,-0.239354
2333,-0.209434,-0.239354,-0.239354
2334,-0.209434,-0.239354,-0.239354
2335,-0.209434,-0.239354,-0.239354
2336,-0.239354,-0.269273,-0.269273
2337,-0.239354,-0.269273,-0.269273
2338,-0.209434,-0.269273,-0.269273
2339,-0.209434,-0.269273,-0.239354
2340,-0.209434,-0.239354,-0.239354
2341,-0.179515,-0.239354,-0.239354
2342,-0.179515,-0.209434,-0.209434
2343,-0.179515,-0.209434,-0.209434
2344,-0.179515,-0.209434,-0.209434
2345,-0.179515,-0.239354,-0.209434
2346,-0.179515,-0.239354,-0.239354
2347,-0.179515,-0.239354,-0.239354
2348,-0.179515,-0.239354,-0.239354
2349,-0.179515,-0.239354,-0.239354
2350,-0.179515,-0.239354,-0.239354
2351,-0.179515,-0.239354,-0.239354
2352,-0.149596,-0.209434,-0.209434
2353,-0.149596,-0.209434,-0.209434
2354,-0.179515,-0.209434,-0.209434
2355,-0.179515,-0.239354,-0.209434
2356,-0.209434,-0.239354,-0.239354
2357,-0.209434,-0.239354,-0.239354
2358,-0.209434,-0.269273,-0.239354
2359,-0.209434,-0.269273,-0.239354
2360,-0.209434,-0.269273,-0.239354
2361,-0.209434,-0.269273,-0.239354
2362,-0.209434,-0.239354,-0.239354
2363,-0.209434,-0.239354,-0.239354
2364,-0.209434,-0.239354,-0.239354
2365,-0.209434,-0.239354,-0.239354
2366,-0.209434,-0.239354,-0.239354
2367,-0.209434,-0.239354,-0.239354
2368,-0.239354,-0.269273,-0.269273
2369,-0.239354,-0.269273,-0.269273
2370,-0.209434,-0.269273,-0.269273
2371,-0.209434,-0.269273,-0.269273
2372,-0.209434,-0.239354,-0.239354
2373,-0.179515,-0.239354,-0.209434
2374,-0.179515,-0.209434,-0.209434
2375,-0.179515,-0.239354,-0.209434
2376,-0.179515,-0.239354,-0.209434
2377,-0.179515,-0.239354,-0.209434
2378,-0.179515,-0.209434,-0.209434
2379,-0.179515,-0.239354,-0.239354
2380,-0.179515,-0.239354,-0.239354
2381,-0.179515,-0.239354,-0.239354
2382,-0.179515,-0.239354,-0.239354
2383,-0.179515,-0.239354,-0.239354
2384,-0.149596,-0.209434,-0.209434
2385,-0.149596,-0.209434,-0.209434
2386,-0.179515,-0.209434,-0.209434
2387,-0.179515,-0.209434,-0.209434
2388,-0.209434,-0.239354,-0.239354
2389,-0.209434,-0.269273,-0.239354
2390,-0.209434,-0.269273,-0.239354
2391,-0.209434,-0.269273,-0.239354
2392,-0.209434,-0.239354,-0.239354
2393,-0.209434,-0.239354,-0.239354
2394,-0.209434,-0.239354,-0.239354
2395,-0.209434,-0.239354,-0.239354
2396,-0.209434,-0.239354,-0.239354
2397,-0.209434,-0.239354,-0.239354
2398,-0.209434,-0.239354,-0.239354
2399,-0.209434,-0.269273,-0.239354
2400,-0.239354,-0.269273,-0.269273
2401,-0.239354,-0.269273,-0.269273
2402,-0.239354,-0.269273,-0.269273
2403,-0.209434,-0.269273,-0.239354
2404,-0.209434,-0.239354,-0.239354
2405,-0.179515,-0.239354,-0.209434
2406,-0.179515,-0.239354,-0.209434
2407,-0.179515,-0.209434,-0.209434
2408,-0.179515,-0.239354,-0.209434
2409,-0.179515,-0.239354,-0.209434
2410,-0.179515,-0.239354,-0.209434
2411,-0.179515,-0.239354,-0.209434
2412,-0.179515,-0.239354,-0.239354
2413,-0.179515,-0.239354,-0.239354
2414,-0.209434,-0.239354,-0.239354
2415,-0.179515,-0.239354,-0.209434
2416,-0.149596,-0.209434,-0.209434
2417,-0.149596,-0.209434,-0.209434
2418,-0.179515,-0.209434,-0.209434
2419,-0.179515,-0.239354,-0.209434
2420,-0.209434,-0.239354,-0.239354
2421,-0.209434,-0.239354,-0.239354
2422,-0.209434,-0.269273,-0.239354
2423,-0.209434,-0.269273,-0.239354
2424,-0.209434,-0.269273,-0.239354
2425,-0.209434,-0.269273,-0.239354
2426,-0.209434,-0.239354,-0.239354
2427,-0.209434,-0.239354,-0.239354
2428,-0.209434,-0.239354,-0.239354
2429,-0.209434,-0.239354,-0.239354
2430,-0.209434,-0.239354,-0.239354
2431,-0.209434,-0.239354,-0.239354
2432,-0.239354,-0.269273,-0.269273
2433,-0.239354,-0.269273,-0.269273
2434,-0.239354,-0.269273,-0.269273
2435,-0.209434,-0.269273,-0.239354
2436,-0.179515,-0.239354,-0.239354
2437,-0.179515,-0.239354,-0.209434
2438,-0.179515,-0.239354,-0.239354
2439,-0.179515,-0.239354,-0.209434
2440,-0.179515,-0.239354,-0.209434
2441,-0.179515,-0.239354,-0.209434
2442,-0.179515,-0.239354,-0.209434
2443,-0.179515,-0.239354,-0.239354
2444,-0.179515,-0.239354,-0.239354
2445,-0.179515,-0.239354,-0.239354
2446,-0.179515,-0.239354,-0.239354
2447,-0.179515,-0.239354,-0.209434
2448,-0.149596,-0.209434,-0.209434
2449,-0.149596,-0.209434,-0.209434
2450,-0.179515,-0.209434,-0.209434
2451,-0.179515,-0.209434,-0.209434
2452,-0.209434,-0.239354,-0.239354
2453,-0.209434,-0.269273,-0.239354
2454,-0.209434,-0.269273,-0.239354
2455,-0.209434,-0.269273,-0.239354
2456,-0.209434,-0.269273,-0.239354
2457,-0.209434,-0.239354,-0.239354
2458,-0.209434,-0.239354,-0.239354
2459,-0.209434,-0.239354,-0.239354
2460,-0.209434,-0.239354,-0.239354
2461,-0.209434,-0.239354,-0.239354
2462,-0.209434,-0.239354,-0.239354
2463,-0.209434,-0.239354,-0.239354
2464,-0.239354,-0.269273,-0.269273
2465,-0.239354,-0.269273,-0.269273
2466,-0.209434,-0.269273,-0.269273
2467,-0.209434,-0.269273,-0.239354
2468,-0.179515,-0.239354,-0.239354
2469,-0.179515,-0.239354,-0.209434
2470,-0.179515,-0.239354,-0.209434
2471,-0.179515,-0.209434,-0.209434
2472,-0.179515,-0.209434,-0.209434
2473,-0.179515,-0.239354,-0.209434
2474,-0.179515,-0.239354,-0.239354
2475,-0.179515,-0.239354,-0.239354
2476,-0.179515,-0.239354,-0.239354
2477,-0.179515,-0.239354,-0.239354
2478,-0.179515,-0.239354,-0.239354
2479,-0.179515,-0.239354,-0.209434
2480,-0.149596,-0.209434,-0.179515
2481,-0.149596,-0.209434,-0.209434
2482,-0.149596,-0.209434,-0.209434
2483,-0.179515,-0.239354,-0.209434
2484,-0.209434,-0.239354,-0.239354
2485,-0.209434,-0.239354,-0.239354
2486,-0.209434,-0.269273,-0.239354
2487,-0.209434,-0.239354,-0.239354
2488,-0.209434,-0.239354,-0.239354
2489,-0.209434,-0.269273,-0.239354
2490,-0.209434,-0.239354,-0.239354
2491,-0.209434,-0.239354,-0.239354
2492,-0.209434,-0.239354,-0.239354
2493,-0.209434,-0.239354,-0.239354
2494,-0.209434,-0.239354,-0.239354
2495,-0.209434,-0.269273,-0.239354
2496,-0.239354,-0.299192,-0.269273
2497,-0.239354,-0.269273,-0.269273
2498,-0.209434,-0.269273,-0.269273
2499,-0.209434,-0.269273,-0.239354
2500,-0.179515,-0.239354,-0.239354
2501,-0.179515,-0.239354,-0.239354
2502,-0.179515,-0.209434,-0.209434
2503,-0.179515,-0.209434,-0.209434
2504,-0.179515,-0.239354,-0.209434
2505,-0.179515,-0.239354,-0.209434
2506,-0.179515,-0.239354,-0.239354
2507,-0.179515,-0.239354,-0.239354
2508,-0.179515,-0.239354,-0.239354
2509,-0.179515,-0.239354,-0.239354
2510,-0.179515,-0.239354,-0.239354
2511,-0.179515,-0.239354,-0.209434
2512,-0.149596,-0.209434,-0.179515
2513,-0.149596,-0.209434,-0.209434
2514,-0.149596,-0.209434,-0.209434
2515,-0.179515,-0.239354,-0.209434
2516,-0.209434,-0.239354,-0.239354
2517,-0.209434,-0.239354,-0.269273
2518,-0.209434,-0.269273,-0.239354
2519,-0.209434,-0.239354,-0.239354
2520,-0.209434,-0.239354,-0.239354
2521,-0.209434,-0.239354,-0.239354
2522,-0.209434,-0.239354,-0.239354
2523,-0.209434,-0.239354,-0.239354
2524,-0.209434,-0.239354,-0.239354
2525,-0.209434,-0.239354,-0.239354
2526,-0.209434,-0.239354,-0.239354
2527,-0.209434,-0.269273,-0.239354
2528,-0.239354,-0.299192,-0.269273
2529,-0.239354,-0.269273,-0.269273
2530,-0.209434,-0.269273,-0.269273
2531,-0.209434,-0.269273,-0.239354
2532,-0.209434,-0.239354,-0.239354
2533,-0.179515,-0.239354,-0.209434
2534,-0.179515,-0.239354,-0.209434
2535,-0.179515,-0.239354,-0.209434
2536,-0.179515,-0.239354,-0.239354
2537,-0.179515,-0.239354,-0.209434
2538,-0.179515,-0.239354,-0.209434
2539,-0.179515,-0.239354,-0.239354
2540,-0.179515,-0.239354,-0.239354
2541,-0.179515,-0.239354,-0.239354
2542,-0.179515,-0.239354,-0.239354
2543,-0.179515,-0.239354,-0.209434
2544,-0.149596,-0.209434,-0.179515
2545,-0.149596,-0.209434,-0.209434
2546,-0.179515,-0.209434,-0.209434
2547,-0.179515,-0.239354,-0.209434
2548,-0.209434,-0.239354,-0.239354
2549,-0.209434,-0.239354,-0.239354
2550,-0.209434,-0.269273,-0.239354
2551,-0.209434,-0.269273,-0.239354
2552,-0.209434,-0.239354,-0.239354
2553,-0.209434,-0.269273,-0.239354
2554,-0.209434,-0.269273,-0.239354
2555,-0.209434,-0.239354,-0.239354
2556,-0.209434,-0.239354,-0.239354
2557,-0.209434,-0.239354,-0.239354
2558,-0.209434,-0.239354,-0.239354
2559,-0.209434,-0.239354,-0.239354
2560,-0.239354,-0.299192,-0.269273
2561,-0.239354,-0.269273,-0.269273
2562,-0.209434,-0.269273,-0.269273
2563,-0.209434,-0.269273,-0.269273
2564,-0.179515,-0.239354,-0.239354
2565,-0.179515,-0.239354,-0.209434
2566,-0.179515,-0.239354,-0.209434
2567,-0.179515,-0.239354,-0.209434
2568,-0.179515,-0.209434,-0.239354
2569,-0.179515,-0.239354,-0.209434
2570,-0.179515,-0.239354,-0.209434
2571,-0.179515,-0.239354,-0.239354
2572,-0.179515,-0.239354,-0.239354
2573,-0.179515,-0.239354,-0.239354
2574,-0.179515,-0.239354,-0.239354
2575,-0.179515,-0.239354,-0.209434
2576,-0.149596,-0.209434,-0.209434
2577,-0.149596,-0.209434,-0.209434
2578,-0.179515,-0.209434,-0.209434
2579,-0.179515,-0.209434,-0.209434
2580,-0.209434,-0.239354,-0.239354
2581,-0.209434,-0.239354,-0.239354
2582,-0.209434,-0.269273,-0.239354
2583,-0.209434,-0.239354,-0.239354
2584,-0.209434,-0.239354,-0.239354
2585,-0.209434,-0.239354,-0.239354
2586,-0.209434,-0.239354,-0.239354
2587,-0.209434,-0.239354,-0.239354
2588,-0.209434,-0.239354,-0.239354
2589,-0.209434,-0.239354,-0.239354
2590,-0.209434,-0.239354,-0.239354
2591,-0.209434,-0.239354,-0.239354
2592,-0.239354,-0.269273,-0.269273
2593,-0.239354,-0.269273,-0.269273
2594,-0.239354,-0.269273,-0.269273
2595,-0.209434,-0.269273,-0.239354
2596,-0.179515,-0.239354,-0.239354
2597,-0.179515,-0.209434,-0.209434
2598,-0.179515,-0.209434,-0.209434
2599,-0.179515,-0.239354,-0.209434
2600,-0.179515,-0.239354,-0.239354
2601,-0.179515,-0.239354,-0.209434
2602,-0.179515,-0.239354,-0.209434
2603,-0.179515,-0.239354,-0.239354
2604,-0.179515,-0.239354,-0.239354
2605,-0.179515,-0.239354,-0.239354
2606,-0.179515,-0.239354,-0.239354
2607,-0.179515,-0.239354,-0.209434
2608,-0.149596,-0.179515,-0.179515
2609,-0.149596,-0.209434,-0.209434
2610,-0.179515,-0.209434,-0.209434
2611,-0.179515,-0.239354,-0.209434
2612,-0.209434,-0.239354,-0.239354
2613,-0.209434,-0.269273,-0.239354
2614,-0.209434,-0.239354,-0.239354
2615,-0.209434,-0.269273,-0.239354
2616,-0.209434,-0.239354,-0.239354
2617,-0.209434,-0.269273,-0.239354
2618,-0.209434,-0.269273,-0.239354
2619,-0.209434,-0.239354,-0.239354
2620,-0.209434,-0.239354,-0.239354
2621,-0.209434,-0.239354,-0.239354
2622,-0.209434,-0.239354,-0.239354
2623,-0.209434,-0.269273,-0.239354
2624,-0.239354,-0.269273,-0.269273
2625,-0.239354,-0.269273,-0.269273
2626,-0.209434,-0.269273,-0.269273
2627,-0.209434,-0.269273,-0.239354
2628,-0.209434,-0.239354,-0.239354
2629,-0.179515,-0.239354,-0.209434
2630,-0.179515,-0.239354,-0.209434
2631,-0.179515,-0.209434,-0.209434
2632,-0.179515,-0.209434,-0.209434
2633,-0.179515,-0.239354,-0.209434
2634,-0.179515,-0.239354,-0.209434
2635,-0.179515,-0.239354,-0.209434
2636,-0.179515,-0.239354,-0.239354
2637,-0.179515,-0.239354,-0.239354
2638,-0.209434,-0.239354,-0.239354
2639,-0.179515,-0.239354,-0.209434
2640,-0.149596,-0.209434,-0.179515
2641,-0.149596,-0.209434,-0.209434
2642,-0.179515,-0.209434,-0.209434
2643,-0.179515,-0.239354,-0.209434
2644,-0.209434,-0.239354,-0.239354
2645,-0.209434,-0.269273,-0.239354
2646,-0.209434,-0.269273,-0.239354
2647,-0.209434,-0.269273,-0.239354
2648,-0.209434,-0.239354,-0.239354
2649,-0.209434,-0.269273,-0.239354
2650,-0.209434,-0.239354,-0.239354
2651,-0.209434,-0.239354,-0.239354
2652,-0.209434,-0.239354,-0.239354
2653,-0.209434,-0.239354,-0.239354
2654,-0.209434,-0.239354,-0.239354
2655,-0.209434,-0.269273,-0.239354
2656,-0.239354,-0.299192,-0.269273
2657,-0.239354,-0.269273,-0.269273
2658,-0.209434,-0.269273,-0.269273
2659,-0.209434,-0.239354,-0.239354
2660,-0.179515,-0.239354,-0.239354
2661,-0.179515,-0.209434,-0.209434
2662,-0.179515,-0.209434,-0.209434
2663,-0.179515,-0.239354,-0.209434
2664,-0.179515,-0.239354,-0.209434
2665,-0.179515,-0.209434,-0.209434
2666,-0.179515,-0.239354,-0.209434
2667,-0.179515,-0.239354,-0.239354
2668,-0.179515,-0.239354,-0.239354
2669,-0.179515,-0.239354,-0.239354
2670,-0.179515,-0.239354,-0.239354
2671,-0.179515,-0.239354,-0.209434
2672,-0.149596,-0.209434,-0.179515
2673,-0.149596,-0.209434,-0.179515
2674,-0.179515,-0.209434,-0.209434
2675,-0.179515,-0.239354,-0.209434
2676,-0.209434,-0.239354,-0.239354
2677,-0.209434,-0.239354,-0.239354
2678,-0.209434,-0.269273,-0.239354
2679,-0.209434,-0.269273,-0.239354
2680,-0.209434,-0.269273,-0.239354
2681,-0.209434,-0.269273,-0.239354
2682,-0.209434,-0.239354,-0.239354
2683,-0.209434,-0.239354,-0.239354
2684,-0.209434,-0.239354,-0.239354
2685,-0.209434,-0.239354,-0.239354
2686,-0.209434,-0.239354,-0.239354
2687,-0.209434,-0.269273,-0.269273
2688,-0.239354,-0.269273,-0.269273
2689,-0.239354,-0.269273,-0.269273
2690,-0.209434,-0.269273,-0.269273
2691,-0.209434,-0.269273,-0.239354
2692,-0.179515,-0.239354,-0.239354
2693,-0.179515,-0.239354,-0.209434
2694,-0.179515,-0.239354,-0.209434
2695,-0.179515,-0.239354,-0.209434
2696,-0.179515,-0.239354,-0.209434
2697,-0.179515,-0.239354,-0.209434
2698,-0.179515,-0.239354,-0.209434
2699,-0.179515,-0.239354,-0.209434
2700,-0.179515,-0.239354,-0.239354
2701,-0.179515,-0.239354,-0.239354
2702,-0.179515,-0.239354,-0.239354
2703,-0.179515,-0.239354,-0.209434
2704,-0.149596,-0.209434,-0.179515
2705,-0.149596,-0.209434,-0.209434
2706,-0.179515,-0.209434,-0.209434
2707,-0.179515,-0.239354,-0.209434
2708,-0.209434,-0.239354,-0.239354
2709,-0.209434,-0.269273,-0.239354
2710,-0.209434,-0.269273,-0.239354
2711,-0.209434,-0.269273,-0.239354
2712,-0.209434,-0.269273,-0.239354
2713,-0.209434,-0.269273,-0.239354
2714,-0.209434,-0.269273,-0.239354
2715,-0.209434,-0.239354,-0.239354
2716,-0.209434,-0.239354,-0.239354
2717,-0.209434,-0.239354,-0.239354
2718,-0.209434,-0.239354,-0.239354
2719,-0.209434,-0.269273,-0.269273
2720,-0.239354,-0.269273,-0.269273
2721,-0.239354,-0.269273,-0.269273
2722,-0.209434,-0.269273,-0.269273
2723,-0.209434,-0.239354,-0.239354
2724,-0.209434,-0.239354,-0.239354
2725,-0.179515,-0.239354,-0.209434
2726,-0.179515,-0.209434,-0.209434
2727,-0.179515,-0.209434,-0.209434
2728,-0.179515,-0.239354,-0.209434
2729,-0.179515,-0.209434,-0.209434
2730,-0.179515,-0.209434,-0.209434
2731,-0.179515,-0.239354,-0.239354
2732,-0.179515,-0.239354,-0.209434
2733,-0.179515,-0.239354,-0.239354
2734,-0.179515,-0.239354,-0.239354
2735,-0.179515,-0.209434,-0.209434
2736,-0.149596,-0.209434,-0.179515
2737,-0.149596,-0.209434,-0.179515
2738,-0.179515,-0.209434,-0.209434
2739,-0.179515,-0.239354,-0.209434
2740,-0.209434,-0.239354,-0.239354
2741,-0.209434,-0.239354,-0.239354
2742,-0.209434,-0.239354,-0.239354
2743,-0.209434,-0.239354,-0.239354
2744,-0.209434,-0.239354,-0.239354
2745,-0.209434,-0.239354,-0.239354
2746,-0.209434,-0.239354,-0.239354
2747,-0.209434,-0.239354,-0.239354
2748,-0.209434,-0.239354,-0.239354
2749,-0.209434,-0.239354,-0.239354
2750,-0.209434,-0.239354,-0.239354
2751,-0.209434,-0.269273,-0.239354
2752,-0.239354,-0.269273,-0.269273
2753,-0.239354,-0.269273,-0.269273
2754,-0.239354,-0.269273,-0.269273
2755,-0.209434,-0.239354,-0.239354
2756,-0.179515,-0.239354,-0.239354
2757,-0.179515,-0.239354,-0.239354
2758,-0.179515,-0.239354,-0.209434
2759,-0.179515,-0.239354,-0.209434
2760,-0.179515,-0.239354,-0.209434
2761,-0.179515,-0.239354,-0.209434
2762,-0.179515,-0.209434,-0.209434
2763,-0.179515,-0.239354,-0.209434
2764,-0.179515,-0.239354,-0.239354
2765,-0.179515,-0.239354,-0.239354
2766,-0.209434,-0.239354,-0.239354
2767,-0.179515,-0.209434,-0.209434
2768,-0.149596,-0.179515,-0.179515
2769,-0.149596,-0.179515,-0.209434
2770,-0.179515,-0.209434,-0.209434
2771,-0.179515,-0.239354,-0.209434
2772,-0.209434,-0.239354,-0.239354
2773,-0.209434,-0.239354,-0.239354
2774,-0.209434,-0.239354,-0.239354
2775,-0.209434,-0.239354,-0.239354
2776,-0.209434,-0.239354,-0.239354
2777,-0.209434,-0.269273,-0.239354
2778,-0.209434,-0.239354,-0.239354
2779,-0.209434,-0.239354,-0.239354
2780,-0.209434,-0.239354,-0.239354
2781,-0.209434,-0.239354,-0.239354
2782,-0.209434,-0.239354,-0.239354
2783,-0.209434,-0.269273,-0.269273
2784,-0.239354,-0.269273,-0.269273
2785,-0.239354,-0.269273,-0.269273
2786,-0.209434,-0.269273,-0.269273
2787,-0.209434,-0.239354,-0.239354
2788,-0.179515,-0.239354,-0.239354
2789,-0.179515,-0.239354,-0.209434
2790,-0.179515,-0.209434,-0.209434
2791,-0.179515,-0.209434,-0.209434
2792,-0.179515,-0.239354,-0.209434
2793,-0.179515,-0.239354,-0.209434
2794,-0.179515,-0.209434,-0.209434
2795,-0.179515,-0.239354,-0.239354
2796,-0.179515,-0.239354,-0.209434
2797,-0.179515,-0.239354,-0.239354
2798,-0.209434,-0.239354,-0.239354
2799,-0.179515,-0.209434,-0.209434
2800,-0.149596,-0.179515,-0.179515
2801,-0.149596,-0.209434,-0.209434
2802,-0.179515,-0.209434,-0.209434
2803,-0.179515,-0.239354,-0.209434
2804,-0.209434,-0.239354,-0.239354
2805,-0.209434,-0.239354,-0.239354
2806,-0.209434,-0.239354,-0.239354
2807,-0.209434,-0.269273,-0.239354
2808,-0.209434,-0.239354,-0.239354
2809,-0.209434,-0.239354,-0.239354
2810,-0.209434,-0.239354,-0.239354
2811,-0.209434,-0.239354,-0.239354
2812,-0.209434,-0.239354,-0.239354
2813,-0.209434,-0.239354,-0.239354
2814,-0.209434,-0.239354,-0.239354
2815,-0.209434,-0.269273,-0.239354
2816,-0.239354,-0.269273,-0.269273
2817,-0.239354,-0.269273,-0.269273
2818,-0.239354,-0.269273,-0.269273
2819,-0.209434,-0.239354,-0.239354
2820,-0.179515,-0.239354,-0.239354
2821,-0.179515,-0.209434,-0.239354
2822,-0.179515,-0.209434,-0.209434
2823,-0.179515,-0.209434,-0.209434
2824,-0.179515,-0.239354,-0.209434
2825,-0.179515,-0.209434,-0.209434
2826,-0.179515,-0.209434,-0.209434
2827,-0.179515,-0.239354,-0.239354
2828,-0.179515,-0.239354,-0.239354
2829,-0.209434,-0.239354,-0.239354
2830,-0.209434,-0.239354,-0.239354
2831,-0.179515,-0.209434,-0.209434
2832,-0.149596,-0.209434,-0.179515
2833,-0.149596,-0.209434,-0.209434
2834,-0.179515,-0.209434,-0.209434
2835,-0.179515,-0.239354,-0.209434
2836,-0.209434,-0.239354,-0.239354
2837,-0.209434,-0.239354,-0.269273
2838,-0.209434,-0.269273,-0.239354
2839,-0.209434,-0.239354,-0.239354
2840,-0.209434,-0.239354,-0.239354
2841,-0.209434,-0.269273,-0.239354
2842,-0.209434,-0.269273,-0.239354
2843,-0.209434,-0.239354,-0.239354
2844,-0.209434,-0.239354,-0.239354
2845,-0.209434,-0.239354,-0.239354
2846,-0.209434,-0.239354,-0.239354
2847,-0.209434,-0.269273,-0.239354
2848,-0.239354,-0.269273,-0.269273
2849,-0.239354,-0.269273,-0.269273
2850,-0.209434,-0.269273,-0.269273
2851,-0.209434,-0.269273,-0.239354
2852,-0.179515,-0.239354,-0.239354
2853,-0.179515,-0.239354,-0.209434
2854,-0.179515,-0.239354,-0.209434
2855,-0.179515,-0.239354,-0.239354
2856,-0.179515,-0.239354,-0.209434
2857,-0.179515,-0.239354,-0.209434
2858,-0.179515,-0.239354,-0.209434
2859,-0.179515,-0.239354,-0.239354
2860,-0.179515,-0.239354,-0.239354
2861,-0.179515,-0.239354,-0.239354
2862,-0.179515,-0.239354,-0.239354
2863,-0.179515,-0.209434,-0.209434
2864,-0.149596,-0.209434,-0.179515
2865,-0.149596,-0.209434,-0.209434
2866,-0.179515,-0.209434,-0.209434
2867,-0.179515,-0.239354,-0.239354
2868,-0.209434,-0.239354,-0.239354
2869,-0.209434,-0.239354,-0.239354
2870,-0.209434,-0.269273,-0.269273
2871,-0.209434,-0.239354,-0.239354
2872,-0.209434,-0.239354,-0.239354
2873,-0.209434,-0.269273,-0.239354
2874,-0.209434,-0.239354,-0.239354
2875,-0.209434,-0.239354,-0.239354
2876,-0.209434,-0.239354,-0.239354
2877,-0.209434,-0.239354,-0.239354
2878,-0.209434,-0.239354,-0.239354
2879,-0.209434,-0.269273,-0.269273
2880,-0.239354,-0.269273,-0.269273
2881,-0.239354,-0.269273,-0.269273
2882,-0.239354,-0.269273,-0.269273
2883,-0.209434,-0.239354,-0.239354
2884,-0.179515,-0.239354,-0.239354
2885,-0.179515,-0.239354,-0.239354
2886,-0.179515,-0.209434,-0.209434
2887,-0.179515,-0.209434,-0.209434
2888,-0.179515,-0.239354,-0.209434
2889,-0.179515,-0.239354,-0.209434
2890,-0.179515,-0.239354,-0.239354
2891,-0.179515,-0.239354,-0.239354
2892,-0.179515,-0.239354,-0.239354
2893,-0.179515,-0.239354,-0.239354
2894,-0.209434,-0.239354,-0.239354
2895,-0.179515,-0.209434,-0.209434
2896,-0.149596,-0.179515,-0.179515
2897,-0.149596,-0.209434,-0.209434
2898,-0.179515,-0.209434,-0.209434
2899,-0.179515,-0.239354,-0.209434
2900,-0.209434,-0.239354,-0.239354
2901,-0.209434,-0.239354,-0.239354
2902,-0.209434,-0.269273,-0.239354
2903,-0.209434,-0.239354,-0.239354
2904,-0.209434,-0.269273,-0.239354
2905,-0.209434,-0.239354,-0.239354
2906,-0.209434,-0.239354,-0.239354
2907,-0.209434,-0.239354,-0.239354
2908,-0.209434,-0.239354,-0.239354
2909,-0.209434,-0.239354,-0.239354
2910,-0.209434,-0.239354,-0.239354
2911,-0.209434,-0.269273,-0.269273
2912,-0.239354,-0.269273,-0.269273
2913,-0.239354,-0.269273,-0.269273
2914,-0.209434,-0.269273,-0.269273
2915,-0.209434,-0.239354,-0.239354
2916,-0.179515,-0.239354,-0.239354
2917,-0.179515,-0.239354,-0.209434
2918,-0.179515,-0.209434,-0.209434
2919,-0.179515,-0.209434,-0.209434
2920,-0.179515,-0.209434,-0.209434
2921,-0.179515,-0.239354,-0.209434
2922,-0.179515,-0.239354,-0.239354
2923,-0.179515,-0.239354,-0.239354
2924,-0.179515,-0.239354,-0.239354
2925,-0.179515,-0.239354,-0.239354
2926,-0.179515,-0.239354,-0.239354
2927,-0.179515,-0.209434,-0.209434
2928,-0.149596,-0.179515,-0.179515
2929,-0.149596,-0.209434,-0.209434
2930,-0.179515,-0.209434,-0.209434
2931,-0.179515,-0.239354,-0.239354
2932,-0.209434,-0.239354,-0.239354
2933,-0.209434,-0.239354,-0.239354
2934,-0.209434,-0.269273,-0.239354
2935,-0.209434,-0.239354,-0.239354
2936,-0.209434,-0.239354,-0.239354
2937,-0.209434,-0.269273,-0.239354
2938,-0.209434,-0.239354,-0.239354
2939,-0.209434,-0.239354,-0.239354
2940,-0.209434,-0.239354,-0.239354
2941,-0.209434,-0.239354,-0.239354
2942,-0.209434,-0.239354,-0.239354
2943,-0.209434,-0.269273,-0.269273
2944,-0.239354,-0.299192,-0.269273
2945,-0.239354,-0.269273,-0.269273
2946,-0.209434,-0.269273,-0.269273
2947,-0.209434,-0.239354,-0.239354
2948,-0.179515,-0.239354,-0.239354
2949,-0.179515,-0.239354,-0.209434
2950,-0.179515,-0.239354,-0.209434
2951,-0.179515,-0.239354,-0.209434
2952,-0.179515,-0.239354,-0.209434
2953,-0.179515,-0.239354,-0.209434
2954,-0.179515,-0.239354,-0.209434
2955,-0.179515,-0.239354,-0.209434
2956,-0.179515,-0.239354,-0.239354
2957,-0.179515,-0.239354,-0.239354
2958,-0.179515,-0.239354,-0.239354
2959,-0.179515,-0.209434,-0.209434
2960,-0.149596,-0.209434,-0.179515
2961,-0.149596,-0.209434,-0.209434
2962,-0.179515,-0.209434,-0.209434
2963,-0.179515,-0.239354,-0.239354
2964,-0.209434,-0.239354,-0.239354
2965,-0.209434,-0.269273,-0.239354
2966,-0.209434,-0.269273,-0.239354
2967,-0.209434,-0.239354,-0.239354
2968,-0.209434,-0.239354,-0.239354
2969,-0.209434,-0.269273,-0.239354
2970,-0.209434,-0.269273,-0.239354
2971,-0.209434,-0.239354,-0.239354
2972,-0.209434,-0.239354,-0.239354
2973,-0.209434,-0.239354,-0.239354
2974,-0.209434,-0.239354,-0.239354
2975,-0.209434,-0.269273,-0.269273
2976,-0.239354,-0.269273,-0.269273
2977,-0.239354,-0.269273,-0.269273
2978,-0.209434,-0.269273,-0.269273
2979,-0.209434,-0.239354,-0.239354
2980,-0.179515,-0.239354,-0.239354
2981,-0.179515,-0.239354,-0.239354
2982,-0.179515,-0.239354,-0.209434
2983,-0.179515,-0.209434,-0.209434
2984,-0.179515,-0.239354,-0.209434
2985,-0.179515,-0.209434,-0.209434
2986,-0.179515,-0.239354,-0.209434
2987,-0.179515,-0.239354,-0.239354
2988,-0.209434,-0.239354,-0.209434
2989,-0.179515,-0.239354,-0.239354
2990,-0.179515,-0.239354,-0.239354
2991,-0.179515,-0.209434,-0.209434
2992,-0.149596,-0.209434,-0.179515
2993,-0.149596,-0.209434,-0.209434
2994,-0.179515,-0.209434,-0.209434
2995,-0.179515,-0.239354,-0.239354
2996,-0.209434,-0.239354,-0.239354
2997,-0.209434,-0.269273,-0.239354
2998,-0.209434,-0.269273,-0.239354
2999,-0.209434,-0.239354,-0.239354
3000,-0.209434,-0.239354,-0.239354
3001,-0.209434,-0.269273,-0.239354
3002,-0.209434,-0.239354,-0.239354
3003,-0.209434,-0.239354,-0.239354
3004,-0.209434,-0.239354,-0.239354
3005,-0.209434,-0.239354,-0.239354
3006,-0.209434,-0.239354,-0.239354
3007,-0.209434,-0.269273,-0.239354
3008,-0.239354,-0.299192,-0.269273
3009,-0.239354,-0.269273,-0.269273
3010,-0.239354,-0.269273,-0.269273
3011,-0.209434,-0.239354,-0.239354
3012,-0.179515,-0.239354,-0.239354
3013,-0.179515,-0.239354,-0.209434
3014,-0.179515,-0.209434,-0.209434
3015,-0.179515,-0.209434,-0.209434
3016,-0.179515,-0.239354,-0.209434
3017,-0.179515,-0.239354,-0.209434
3018,-0.179515,-0.239354,-0.209434
3019,-0.179515,-0.239354,-0.239354
3020,-0.179515,-0.239354,-0.239354
3021,-0.179515,-0.239354,-0.239354
3022,-0.179515,-0.239354,-0.239354
3023,-0.179515,-0.209434,-0.209434
3024,-0.149596,-0.179515,-0.179515
3025,-0.149596,-0.209434,-0.209434
3026,-0.179515,-0.209434,-0.209434
3027,-0.179515,-0.239354,-0.239354
3028,-0.209434,-0.239354,-0.239354
3029,-0.209434,-0.239354,-0.239354
3030,-0.209434,-0.239354,-0.239354
3031,-0.209434,-0.239354,-0.239354
3032,-0.209434,-0.269273,-0.239354
3033,-0.209434,-0.239354,-0.239354
3034,-0.209434,-0.239354,-0.239354
3035,-0.209434,-0.239354,-0.239354
3036,-0.209434,-0.239354,-0.239354
3037,-0.209434,-0.239354,-0.239354
3038,-0.209434,-0.239354,-0.239354
3039,-0.209434,-0.269273,-0.269273
3040,-0.239354,-0.269273,-0.269273
3041,-0.239354,-0.269273,-0.269273
3042,-0.209434,-0.269273,-0.269273
3043,-0.209434,-0.239354,-0.239354
3044,-0.179515,-0.239354,-0.239354
3045,-0.179515,-0.239354,-0.209434
3046,-0.179515,-0.209434,-0.209434
3047,-0.179515,-0.239354,-0.209434
3048,-0.179515,-0.239354,-0.209434
3049,-0.179515,-0.239354,-0.209434
3050,-0.179515,-0.239354,-0.209434
3051,-0.179515,-0.239354,-0.209434
3052,-0.179515,-0.239354,-0.239354
3053,-0.179515,-0.239354,-0.239354
3054,-0.179515,-0.239354,-0.239354
3055,-0.179515,-0.209434,-0.209434
3056,-0.149596,-0.209434,-0.209434
3057,-0.149596,-0.209434,-0.209434
3058,-0.179515,-0.209434,-0.209434
3059,-0.179515,-0.239354,-0.239354
3060,-0.209434,-0.239354,-0.239354
3061,-0.209434,-0.269273,-0.239354
3062,-0.209434,-0.269273,-0.239354
3063,-0.209434,-0.269273,-0.239354
3064,-0.209434,-0.239354,-0.239354
3065,-0.209434,-0.269273,-0.239354
3066,-0.209434,-0.269273,-0.239354
3067,-0.209434,-0.239354,-0.239354
3068,-0.209434,-0.239354,-0.239354
3069,-0.209434,-0.239354,-0.239354
3070,-0.179515,-0.239354,-0.239354
3071,-0.209434,-0.269273,-0.269273
3072,-0.239354,-0.269273,-0.269273
3073,-0.239354,-0.269273,-0.269273
3074,-0.209434,-0.269273,-0.269273
3075,-0.209434,-0.239354,-0.239354
3076,-0.179515,-0.239354,-0.239354
3077,-0.179515,-0.239354,-0.209434
3078,-0.179515,-0.239354,-0.209434
3079,-0.179515,-0.209434,-0.209434
3080,-0.179515,-0.239354,-0.209434
3081,-0.179515,-0.239354,-0.209434
3082,-0.179515,-0.239354,-0.209434
3083,-0.179515,-0.239354,-0.209434
3084,-0.179515,-0.239354,-0.239354
3085,-0.179515,-0.239354,-0.239354
3086,-0.179515,-0.239354,-0.239354
3087,-0.179515,-0.209434,-0.209434
3088,-0.149596,-0.209434,-0.179515
3089,-0.179515,-0.209434,-0.209434
3090,-0.179515,-0.209434,-0.209434
3091,-0.179515,-0.239354,-0.239354
3092,-0.209434,-0.239354,-0.239354
3093,-0.209434,-0.269273,-0.239354
3094,-0.209434,-0.269273,-0.239354
3095,-0.209434,-0.269273,-0.239354
3096,-0.209434,-0.239354,-0.239354
3097,-0.209434,-0.269273,-0.239354
3098,-0.209434,-0.239354,-0.239354
3099,-0.209434,-0.239354,-0.239354
3100,-0.209434,-0.239354,-0.239354
3101,-0.209434,-0.239354,-0.239354
3102,-0.209434,-0.239354,-0.239354
3103,-0.209434,-0.269273,-0.269273
3104,-0.239354,-0.269273,-0.269273
3105,-0.239354,-0.269273,-0.269273
3106,-0.209434,-0.269273,-0.269273
3107,-0.209434,-0.269273,-0.239354
3108,-0.179515,-0.239354,-0.239354
3109,-0.179515,-0.209434,-0.209434
3110,-0.179515,-0.239354,-0.209434
3111,-0.179515,-0.239354,-0.209434
3112,-0.179515,-0.239354,-0.209434
3113,-0.179515,-0.239354,-0.209434
3114,-0.179515,-0.239354,-0.209434
3115,-0.179515,-0.239354,-0.239354
3116,-0.179515,-0.239354,-0.239354
3117,-0.179515,-0.239354,-0.239354
3118,-0.179515,-0.239354,-0.239354
3119,-0.179515,-0.209434,-0.209434
3120,-0.149596,-0.209434,-0.179515
3121,-0.149596,-0.209434,-0.209434
3122,-0.179515,-0.209434,-0.209434
3123,-0.179515,-0.239354,-0.209434
3124,-0.209434,-0.239354,-0.239354
3125,-0.209434,-0.269273,-0.239354
3126,-0.209434,-0.269273,-0.239354
3127,-0.209434,-0.239354,-0.239354
3128,-0.209434,-0.239354,-0.239354
3129,-0.209434,-0.269273,-0.239354
3130,-0.209434,-0.239354,-0.239354
3131,-0.209434,-0.239354,-0.239354
3132,-0.209434,-0.239354,-0.239354
3133,-0.209434,-0.239354,-0.239354
3134,-0.209434,-0.239354,-0.239354
3135,-0.239354,-0.269273,-0.269273
3136,-0.239354,-0.299192,-0.269273
3137,-0.209434,-0.269273,-0.269273
3138,-0.209434,-0.269273,-0.269273
3139,-0.209434,-0.239354,-0.239354
3140,-0.179515,-0.239354,-0.239354
3141,-0.179515,-0.239354,-0.239354
3142,-0.179515,-0.239354,-0.209434
3143,-0.179515,-0.209434,-0.209434
3144,-0.179515,-0.239354,-0.209434
3145,-0.179515,-0.239354,-0.209434
3146,-0.179515,-0.239354,-0.239354
3147,-0.179515,-0.239354,-0.239354
3148,-0.179515,-0.239354,-0.239354
3149,-0.179515,-0.239354,-0.239354
3150,-0.209434,-0.239354,-0.239354
3151,-0.179515,-0.209434,-0.209434
3152,-0.149596,-0.179515,-0.179515
3153,-0.149596,-0.209434,-0.209434
3154,-0.179515,-0.209434,-0.209434
3155,-0.179515,-0.239354,-0.239354
3156,-0.209434,-0.239354,-0.239354
3157,-0.209434,-0.269273,-0.239354
3158,-0.209434,-0.269273,-0.239354
3159,-0.209434,-0.239354,-0.239354
3160,-0.209434,-0.239354,-0.239354
3161,-0.209434,-0.269273,-0.239354
3162,-0.209434,-0.269273,-0.239354
3163,-0.209434,-0.239354,-0.239354
3164,-0.209434,-0.239354,-0.239354
3165,-0.209434,-0.239354,-0.239354
3166,-0.209434,-0.239354,-0.239354
3167,-0.209434,-0.269273,-0.269273
3168,-0.239354,-0.269273,-0.269273
3169,-0.239354,-0.269273,-0.269273
3170,-0.209434,-0.269273,-0.269273
3171,-0.209434,-0.269273,-0.239354
3172,-0.179515,-0.239354,-0.239354
3173,-0.179515,-0.239354,-0.209434
3174,-0.179515,-0.239354,-0.209434
3175,-0.179515,-0.239354,-0.209434
3176,-0.179515,-0.209434,-0.209434
3177,-0.179515,-0.209434,-0.209434
3178,-0.179515,-0.239354,-0.239354
3179,-0.179515,-0.239354,-0.239354
3180,-0.179515,-0.239354,-0.239354
3181,-0.179515,-0.239354,-0.239354
3182,-0.179515,-0.239354,-0.239354
3183,-0.179515,-0.209434,-0.209434
3184,-0.149596,-0.179515,-0.179515
3185,-0.149596,-0.209434,-0.209434
3186,-0.179515,-0.209434,-0.209434
3187,-0.179515,-0.239354,-0.239354
3188,-0.209434,-0.239354,-0.239354
3189,-0.209434,-0.269273,-0.239354
3190,-0.209434,-0.269273,-0.239354
3191,-0.209434,-0.239354,-0.239354
3192,-0.209434,-0.239354,-0.239354
3193,-0.209434,-0.269273,-0.239354
3194,-0.209434,-0.239354,-0.239354
3195,-0.209434,-0.239354,-0.239354
3196,-0.209434,-0.239354,-0.239354
3197,-0.209434,-0.239354,-0.239354
3198,-0.209434,-0.239354,-0.239354
3199,-0.209434,-0.269273,-0.269273
3200,-0.239354,-0.269273,-0.269273
3201,-0.239354,-0.269273,-0.269273
3202,-0.209434,-0.269273,-0.269273
3203,-0.209434,-0.239354,-0.239354
3204,-0.179515,-0.239354,-0.239354
3205,-0.179515,-0.239354,-0.209434
3206,-0.179515,-0.239354,-0.209434
3207,-0.179515,-0.239354,-0.209434
3208,-0.179515,-0.239354,-0.209434
3209,-0.179515,-0.239354,-0.209434
3210,-0.179515,-0.239354,-0.239354
3211,-0.179515,-0.239354,-0.239354
3212,-0.179515,-0.239354,-0.239354
3213,-0.179515,-0.239354,-0.239354
3214,-0.209434,-0.239354,-0.239354
3215,-0.179515,-0.209434,-0.209434
3216,-0.149596,-0.209434,-0.179515
3217,-0.149596,-0.209434,-0.209434
3218,-0.179515,-0.209434,-0.209434
3219,-0.179515,-0.239354,-0.239354
3220,-0.209434,-0.239354,-0.239354
3221,-0.209434,-0.239354,-0.239354
3222,-0.209434,-0.239354,-0.239354
3223,-0.209434,-0.239354,-0.239354
3224,-0.209434,-0.269273,-0.239354
3225,-0.209434,-0.269273,-0.239354
3226,-0.209434,-0.269273,-0.239354
3227,-0.209434,-0.239354,-0.239354
3228,-0.209434,-0.239354,-0.239354
3229,-0.209434,-0.239354,-0.239354
3230,-0.209434,-0.239354,-0.239354
3231,-0.239354,-0.269273,-0.269273
3232,-0.239354,-0.299192,-0.269273
3233,-0.239354,-0.269273,-0.269273
3234,-0.239354,-0.269273,-0.269273
3235,-0.209434,-0.239354,-0.239354
3236,-0.179515,-0.239354,-0.239354
3237,-0.179515,-0.239354,-0.209434
3238,-0.179515,-0.239354,-0.209434
3239,-0.179515,-0.239354,-0.209434
3240,-0.179515,-0.239354,-0.239354
3241,-0.179515,-0.239354,-0.209434
3242,-0.179515,-0.239354,-0.209434
3243,-0.179515,-0.239354,-0.239354
3244,-0.179515,-0.239354,-0.239354
3245,-0.179515,-0.239354,-0.239354
3246,-0.179515,-0.239354,-0.239354
3247,-0.179515,-0.209434,-0.209434
3248,-0.149596,-0.209434,-0.179515
3249,-0.149596,-0.209434,-0.209434
3250,-0.179515,-0.209434,-0.209434
3251,-0.179515,-0.239354,-0.239354
3252,-0.209434,-0.239354,-0.239354
3253,-0.209434,-0.269273,-0.239354
3254,-0.209434,-0.269273,-0.239354
3255,-0.209434,-0.239354,-0.239354
3256,-0.209434,-0.239354,-0.239354
3257,-0.209434,-0.269273,-0.239354
3258,-0.209434,-0.239354,-0.239354
3259,-0.209434,-0.239354,-0.239354
3260,-0.209434,-0.239354,-0.239354
3261,-0.209434,-0.239354,-0.239354
3262,-0.209434,-0.239354,-0.239354
3263,-0.239354,-0.269273,-0.269273
3264,-0.239354,-0.269273,-0.269273
3265,-0.239354,-0.269273,-0.269273
3266,-0.209434,-0.269273,-0.269273
3267,-0.209434,-0.239354,-0.239354
3268,-0.179515,-0.239354,-0.239354
3269,-0.179515,-0.239354,-0.239354
3270,-0.179515,-0.209434,-0.209434
3271,-0.179515,-0.239354,-0.209434
3272,-0.179515,-0.239354,-0.239354
3273,-0.179515,-0.209434,-0.209434
3274,-0.179515,-0.239354,-0.209434
3275,-0.179515,-0.239354,-0.239354
3276,-0.179515,-0.239354,-0.239354
3277,-0.179515,-0.239354,-0.239354
3278,-0.179515,-0.239354,-0.239354
3279,-0.149596,-0.209434,-0.209434
3280,-0.149596,-0.209434,-0.179515
3281,-0.149596,-0.209434,-0.209434
3282,-0.179515,-0.209434,-0.209434
3283,-0.179515,-0.239354,-0.239354
3284,-0.209434,-0.239354,-0.239354
3285,-0.209434,-0.269273,-0.239354
3286,-0.209434,-0.269273,-0.239354
3287,-0.209434,-0.269273,-0.239354
3288,-0.209434,-0.269273,-0.239354
3289,-0.209434,-0.269273,-0.239354
3290,-0.209434,-0.239354,-0.239354
3291,-0.209434,-0.239354,-0.239354
3292,-0.209434,-0.239354,-0.239354
3293,-0.209434,-0.239354,-0.239354
3294,-0.209434,-0.239354,-0.239354
3295,-0.209434,-0.269273,-0.269273
3296,-0.239354,-0.299192,-0.269273
3297,-0.239354,-0.269273,-0.269273
3298,-0.209434,-0.269273,-0.269273
3299,-0.209434,-0.239354,-0.239354
3300,-0.179515,-0.239354,-0.239354
3301,-0.179515,-0.239354,-0.209434
3302,-0.179515,-0.209434,-0.209434
3303,-0.179515,-0.239354,-0.209434
3304,-0.179515,-0.239354,-0.209434
3305,-0.179515,-0.209434,-0.209434
3306,-0.179515,-0.239354,-0.209434
3307,-0.179515,-0.239354,-0.239354
3308,-0.179515,-0.239354,-0.239354
3309,-0.179515,-0.239354,-0.239354
3310,-0.179515,-0.239354,-0.239354
3311,-0.179515,-0.209434,-0.209434
3312,-0.149596,-0.209434,-0.179515
3313,-0.149596,-0.209434,-0.209434
3314,-0.179515,-0.209434,-0.209434
3315,-0.179515,-0.239354,-0.239354
3316,-0.209434,-0.239354,-0.239354
3317,-0.209434,-0.269273,-0.239354
3318,-0.209434,-0.239354,-0.239354
3319,-0.209434,-0.239354,-0.239354
3320,-0.209434,-0.269273,-0.239354
3321,-0.209434,-0.239354,-0.239354
3322,-0.209434,-0.239354,-0.239354
3323,-0.209434,-0.239354,-0.239354
3324,-0.209434,-0.239354,-0.239354
3325,-0.209434,-0.239354,-0.239354
3326,-0.209434,-0.239354,-0.239354
3327,-0.239354,-0.269273,-0.269273
3328,-0.239354,-0.299192,-0.269273
3329,-0.239354,-0.269273,-0.269273
3330,-0.209434,-0.269273,-0.269273
3331,-0.209434,-0.239354,-0.239354
3332,-0.179515,-0.239354,-0.209434
3333,-0.179515,-0.209434,-0.209434
3334,-0.179515,-0.209434,-0.209434
3335,-0.179515,-0.239354,-0.209434
3336,-0.179515,-0.239354,-0.209434
3337,-0.179515,-0.239354,-0.209434
3338,-0.179515,-0.239354,-0.239354
3339,-0.179515,-0.239354,-0.239354
3340,-0.179515,-0.239354,-0.239354
3341,-0.179515,-0.239354,-0.239354
3342,-0.179515,-0.239354,-0.239354
3343,-0.149596,-0.209434,-0.209434
3344,-0.149596,-0.209434,-0.179515
3345,-0.149596,-0.209434,-0.209434
3346,-0.179515,-0.209434,-0.209434
3347,-0.179515,-0.239354,-0.239354
3348,-0.209434,-0.239354,-0.239354
3349,-0.209434,-0.239354,-0.239354
3350,-0.209434,-0.269273,-0.239354
3351,-0.209434,-0.239354,-0.239354
3352,-0.209434,-0.239354,-0.239354
3353,-0.209434,-0.269273,-0.239354
3354,-0.209434,-0.239354,-0.239354
3355,-0.209434,-0.239354,-0.239354
3356,-0.209434,-0.239354,-0.239354
3357,-0.209434,-0.239354,-0.239354
3358,-0.209434,-0.239354,-0.239354
3359,-0.239354,-0.269273,-0.269273
3360,-0.239354,-0.269273,-0.269273
3361,-0.239354,-0.269273,-0.269273
3362,-0.209434,-0.269273,-0.269273
3363,-0.209434,-0.239354,-0.239354
3364,-0.179515,-0.239354,-0.239354
3365,-0.179515,-0.239354,-0.239354
3366,-0.179515,-0.239354,-0.209434
3367,-0.179515,-0.209434,-0.209434
3368,-0.179515,-0.209434,-0.209434
3369,-0.179515,-0.209434,-0.209434
3370,-0.179515,-0.239354,-0.209434
3371,-0.179515,-0.239354,-0.239354
3372,-0.179515,-0.239354,-0.239354
3373,-0.179515,-0.239354,-0.239354
3374,-0.179515,-0.239354,-0.239354
3375,-0.149596,-0.209434,-0.209434
3376,-0.149596,-0.209434,-0.179515
3377,-0.179515,-0.209434,-0.209434
3378,-0.179515,-0.209434,-0.209434
3379,-0.209434,-0.239354,-0.239354
3380,-0.209434,-0.239354,-0.239354
3381,-0.209434,-0.269273,-0.269273
3382,-0.209434,-0.269273,-0.239354
3383,-0.209434,-0.239354,-0.239354
3384,-0.209434,-0.239354,-0.239354
3385,-0.209434,-0.269273,-0.239354
3386,-0.209434,-0.239354,-0.239354
3387,-0.209434,-0.239354,-0.239354
3388,-0.209434,-0.239354,-0.239354
3389,-0.209434,-0.239354,-0.239354
3390,-0.209434,-0.239354,-0.239354
3391,-0.209434,-0.269273,-0.269273
3392,-0.239354,-0.269273,-0.269273
3393,-0.239354,-0.269273,-0.269273
3394,-0.209434,-0.269273,-0.269273
3395,-0.209434,-0.239354,-0.239354
3396,-0.179515,-0.239354,-0.239354
3397,-0.179515,-0.239354,-0.209434
3398,-0.179515,-0.239354,-0.209434
3399,-0.179515,-0.239354,-0.209434
3400,-0.179515,-0.239354,-0.209434
3401,-0.179515,-0.239354,-0.209434
3402,-0.179515,-0.239354,-0.209434
3403,-0.179515,-0.239354,-0.209434
3404,-0.179515,-0.239354,-0.239354
3405,-0.179515,-0.239354,-0.239354
3406,-0.179515,-0.239354,-0.239354
3407,-0.149596,-0.209434,-0.209434
3408,-0.149596,-0.209434,-0.179515
3409,-0.149596,-0.209434,-0.209434
3410,-0.179515,-0.209434,-0.209434
3411,-0.179515,-0.239354,-0.239354
3412,-0.209434,-0.269273,-0.239354
3413,-0.209434,-0.239354,-0.239354
3414,-0.209434,-0.239354,-0.239354
3415,-0.209434,-0.239354,-0.239354
3416,-0.209434,-0.269273,-0.239354
3417,-0.209434,-0.269273,-0.239354
3418,-0.209434,-0.239354,-0.239354
3419,-0.209434,-0.239354,-0.239354
3420,-0.209434,-0.239354,-0.239354
3421,-0.209434,-0.239354,-0.239354
3422,-0.209434,-0.239354,-0.239354
3423,-0.239354,-0.269273,-0.269273
3424,-0.239354,-0.299192,-0.269273
3425,-0.209434,-0.269273,-0.269273
3426,-0.209434,-0.269273,-0.239354
3427,-0.209434,-0.239354,-0.239354
3428,-0.179515,-0.239354,-0.209434
3429,-0.179515,-0.239354,-0.209434
3430,-0.179515,-0.239354,-0.209434
3431,-0.179515,-0.239354,-0.209434
3432,-0.179515,-0.209434,-0.209434
3433,-0.179515,-0.209434,-0.209434
3434,-0.179515,-0.239354,-0.239354
3435,-0.179515,-0.239354,-0.239354
3436,-0.179515,-0.239354,-0.239354
3437,-0.179515,-0.239354,-0.239354
3438,-0.179515,-0.239354,-0.239354
3439,-0.149596,-0.209434,-0.209434
3440,-0.149596,-0.179515,-0.179515
3441,-0.149596,-0.209434,-0.209434
3442,-0.179515,-0.209434,-0.209434
3443,-0.179515,-0.239354,-0.239354
3444,-0.209434,-0.239354,-0.239354
3445,-0.209434,-0.269273,-0.239354
3446,-0.209434,-0.239354,-0.239354
3447,-0.209434,-0.239354,-0.239354
3448,-0.209434,-0.239354,-0.239354
3449,-0.209434,-0.239354,-0.239354
3450,-0.209434,-0.269273,-0.239354
3451,-0.209434,-0.239354,-0.239354
3452,-0.209434,-0.239354,-0.239354
3453,-0.209434,-0.239354,-0.239354
3454,-0.209434,-0.239354,-0.239354
3455,-0.239354,-0.269273,-0.269273
3456,-0.239354,-0.269273,-0.269273
3457,-0.239354,-0.269273,-0.269273
3458,-0.209434,-0.269273,-0.269273
3459,-0.209434,-0.239354,-0.239354
3460,-0.179515,-0.239354,-0.239354
3461,-0.179515,-0.209434,-0.209434
3462,-0.179515,-0.209434,-0.239354
3463,-0.179515,-0.239354,-0.209434
3464,-0.179515,-0.239354,-0.209434
3465,-0.179515,-0.239354,-0.209434
3466,-0.179515,-0.239354,-0.239354
3467,-0.179515,-0.239354,-0.239354
3468,-0.179515,-0.239354,-0.239354
3469,-0.179515,-0.239354,-0.239354
3470,-0.179515,-0.239354,-0.239354
3471,-0.179515,-0.209434,-0.209434
3472,-0.149596,-0.179515,-0.179515
3473,-0.149596,-0.209434,-0.209434
3474,-0.179515,-0.209434,-0.209434
3475,-0.179515,-0.239354,-0.239354
3476,-0.209434,-0.239354,-0.239354
3477,-0.209434,-0.269273,-0.269273
3478,-0.209434,-0.239354,-0.239354
3479,-0.209434,-0.269273,-0.239354
3480,-0.209434,-0.269273,-0.239354
3481,-0.209434,-0.269273,-0.239354
3482,-0.209434,-0.239354,-0.239354
3483,-0.209434,-0.239354,-0.239354
3484,-0.209434,-0.239354,-0.239354
3485,-0.209434,-0.239354,-0.239354
3486,-0.209434,-0.239354,-0.239354
3487,-0.239354,-0.269273,-0.269273
3488,-0.239354,-0.299192,-0.269273
3489,-0.239354,-0.269273,-0.269273
3490,-0.209434,-0.269273,-0.269273
3491,-0.209434,-0.239354,-0.239354
3492,-0.179515,-0.239354,-0.209434
3493,-0.179515,-0.209434,-0.209434
3494,-0.179515,-0.239354,-0.209434
3495,-0.179515,-0.239354,-0.239354
3496,-0.179515,-0.239354,-0.209434
3497,-0.179515,-0.239354,-0.209434
3498,-0.179515,-0.239354,-0.209434
3499,-0.179515,-0.239354,-0.239354
3500,-0.179515,-0.239354,-0.239354
3501,-0.179515,-0.239354,-0.239354
3502,-0.179515,-0.239354,-0.239354
3503,-0.149596,-0.209434,-0.209434
3504,-0.149596,-0.209434,-0.179515
3505,-0.179515,-0.209434,-0.209434
3506,-0.179515,-0.209434,-0.209434
3507,-0.179515,-0.239354,-0.239354
3508,-0.209434,-0.239354,-0.239354
3509,-0.209434,-0.269273,-0.239354
3510,-0.209434,-0.269273,-0.239354
3511,-0.209434,-0.239354,-0.239354
3512,-0.209434,-0.239354,-0.239354
3513,-0.209434,-0.239354,-0.239354
3514,-0.209434,-0.239354,-0.239354
3515,-0.209434,-0.239354,-0.239354
3516,-0.209434,-0.239354,-0.239354
3517,-0.209434,-0.239354,-0.239354
3518,-0.209434,-0.239354,-0.239354
3519,-0.239354,-0.269273,-0.269273
3520,-0.239354,-0.269273,-0.269273
3521,-0.239354,-0.269273,-0.269273
3522,-0.209434,-0.269273,-0.269273
3523,-0.209434,-0.239354,-0.239354
3524,-0.179515,-0.239354,-0.209434
3525,-0.179515,-0.239354,-0.209434
3526,-0.179515,-0.209434,-0.209434
3527,-0.179515,-0.239354,-0.209434
3528,-0.179515,-0.239354,-0.239354
3529,-0.179515,-0.209434,-0.209434
3530,-0.179515,-0.239354,-0.209434
3531,-0.179515,-0.239354,-0.239354
3532,-0.179515,-0.239354,-0.239354
3533,-0.179515,-0.239354,-0.239354
3534,-0.179515,-0.239354,-0.239354
3535,-0.149596,-0.209434,-0.209434
3536,-0.149596,-0.179515,-0.179515
3537,-0.149596,-0.209434,-0.209434
3538,-0.179515,-0.209434,-0.209434
3539,-0.209434,-0.239354,-0.239354
3540,-0.209434,-0.239354,-0.239354
3541,-0.209434,-0.239354,-0.239354
3542,-0.209434,-0.239354,-0.239354
3543,-0.209434,-0.239354,-0.239354
3544,-0.209434,-0.269273,-0.239354
3545,-0.209434,-0.269273,-0.269273
3546,-0.209434,-0.239354,-0.239354
3547,-0.209434,-0.239354,-0.239354
3548,-0.209434,-0.239354,-0.239354
3549,-0.209434,-0.239354,-0.239354
3550,-0.209434,-0.239354,-0.239354
3551,-0.239354,-0.269273,-0.269273
3552,-0.239354,-0.269273,-0.269273
3553,-0.239354,-0.269273,-0.269273
3554,-0.209434,-0.269273,-0.269273
3555,-0.209434,-0.239354,-0.239354
3556,-0.179515,-0.239354,-0.239354
3557,-0.179515,-0.239354,-0.209434
3558,-0.179515,-0.239354,-0.209434
3559,-0.179515,-0.239354,-0.209434
3560,-0.179515,-0.239354,-0.209434
3561,-0.179515,-0.209434,-0.209434
3562,-0.179515,-0.239354,-0.239354
3563,-0.179515,-0.239354,-0.239354
3564,-0.179515,-0.239354,-0.239354
3565,-0.179515,-0.239354,-0.239354
3566,-0.179515,-0.239354,-0.239354
3567,-0.149596,-0.209434,-0.209434
3568,-0.149596,-0.209434,-0.209434
3569,-0.149596,-0.209434,-0.209434
3570,-0.179515,-0.239354,-0.209434
3571,-0.179515,-0.239354,-0.239354
3572,-0.209434,-0.239354,-0.239354
3573,-0.209434,-0.269273,-0.239354
3574,-0.209434,-0.239354,-0.269273
3575,-0.209434,-0.239354,-0.239354
3576,-0.209434,-0.239354,-0.239354
3577,-0.209434,-0.239354,-0.239354
3578,-0.209434,-0.239354,-0.239354
3579,-0.209434,-0.239354,-0.239354
3580,-0.209434,-0.239354,-0.239354
3581,-0.209434,-0.239354,-0.239354
3582,-0.209434,-0.239354,-0.239354
3583,-0.239354,-0.269273,-0.269273
3584,-0.239354,-0.269273,-0.269273
3585,-0.239354,-0.269273,-0.269273
3586,-0.209434,-0.269273,-0.269273
3587,-0.209434,-0.239354,-0.239354
3588,-0.179515,-0.239354,-0.239354
3589,-0.179515,-0.239354,-0.209434
3590,-0.179515,-0.209434,-0.209434
3591,-0.179515,-0.209434,-0.209434
3592,-0.179515,-0.239354,-0.209434
3593,-0.179515,-0.239354,-0.209434
3594,-0.179515,-0.239354,-0.209434
3595,-0.179515,-0.239354,-0.239354
3596,-0.179515,-0.239354,-0.239354
3597,-0.179515,-0.239354,-0.239354
3598,-0.179515,-0.239354,-0.239354
3599,-0.149596,-0.209434,-0.209434
3600,-0.149596,-0.209434,-0.179515
3601,-0.149596,-0.209434,-0.209434
3602,-0.179515,-0.239354,-0.209434
3603,-0.209434,-0.239354,-0.239354
3604,-0.209434,-0.239354,-0.239354
3605,-0.209434,-0.239354,-0.239354
3606,-0.209434,-0.239354,-0.239354
3607,-0.209434,-0.239354,-0.239354
3608,-0.209434,-0.239354,-0.239354
3609,-0.209434,-0.239354,-0.239354
3610,-0.209434,-0.239354,-0.239354
3611,-0.209434,-0.239354,-0.239354
3612,-0.209434,-0.239354,-0.239354
3613,-0.209434,-0.239354,-0.239354
3614,-0.209434,-0.239354,-0.239354
3615,-0.239354,-0.269273,-0.269273
3616,-0.239354,-0.269273,-0.269273
3617,-0.239354,-0.269273,-0.269273
3618,-0.209434,-0.269273,-0.269273
3619,-0.209434,-0.239354,-0.239354
3620,-0.179515,-0.239354,-0.209434
3621,-0.179515,-0.239354,-0.209434
3622,-0.179515,-0.239354,-0.209434
3623,-0.179515,-0.239354,-0.209434
3624,-0.179515,-0.239354,-0.209434
3625,-0.179515,-0.239354,-0.209434
3626,-0.179515,-0.239354,-0.209434
3627,-0.179515,-0.239354,-0.239354
3628,-0.179515,-0.239354,-0.239354
3629,-0.179515,-0.239354,-0.239354
3630,-0.179515,-0.239354,-0.239354
3631,-0.149596,-0.209434,-0.209434
3632,-0.149596,-0.209434,-0.179515
3633,-0.179515,-0.209434,-0.209434
3634,-0.179515,-0.209434,-0.209434
3635,-0.209434,-0.239354,-0.239354
3636,-0.209434,-0.239354,-0.239354
3637,-0.209434,-0.269273,-0.239354
3638,-0.209434,-0.269273,-0.239354
3639,-0.209434,-0.269273,-0.239354
3640,-0.209434,-0.239354,-0.239354
3641,-0.209434,-0.239354,-0.239354
3642,-0.209434,-0.239354,-0.239354
3643,-0.209434,-0.239354,-0.239354
3644,-0.209434,-0.239354,-0.239354
3645,-0.209434,-0.239354,-0.239354
3646,-0.209434,-0.239354,-0.239354
3647,-0.239354,-0.269273,-0.269273
3648,-0.239354,-0.269273,-0.269273
3649,-0.209434,-0.269273,-0.269273
3650,-0.209434,-0.269273,-0.269273
3651,-0.209434,-0.239354,-0.239354
3652,-0.179515,-0.239354,-0.209434
3653,-0.179515,-0.209434,-0.209434
3654,-0.179515,-0.239354,-0.209434
3655,-0.179515,-0.239354,-0.209434
3656,-0.179515,-0.239354,-0.209434
3657,-0.179515,-0.209434,-0.209434
3658,-0.179515,-0.239354,-0.209434
3659,-0.179515,-0.239354,-0.239354
3660,-0.179515,-0.239354,-0.239354
3661,-0.179515,-0.239354,-0.239354
3662,-0.179515,-0.239354,-0.239354
3663,-0.149596,-0.209434,-0.209434
3664,-0.149596,-0.209434,-0.179515
3665,-0.179515,-0.209434,-0.209434
3666,-0.179515,-0.209434,-0.209434
3667,-0.179515,-0.239354,-0.239354
3668,-0.209434,-0.269273,-0.239354
3669,-0.209434,-0.239354,-0.239354
3670,-0.209434,-0.269273,-0.239354
3671,-0.209434,-0.269273,-0.239354
3672,-0.209434,-0.239354,-0.239354
3673,-0.209434,-0.269273,-0.239354
3674,-0.209434,-0.239354,-0.239354
3675,-0.209434,-0.239354,-0.239354
3676,-0.209434,-0.239354,-0.239354
3677,-0.209434,-0.239354,-0.239354
3678,-0.209434,-0.239354,-0.239354
3679,-0.239354,-0.269273,-0.269273
3680,-0.239354,-0.269273,-0.269273
3681,-0.239354,-0.269273,-0.269273
3682,-0.209434,-0.269273,-0.269273
3683,-0.209434,-0.239354,-0.239354
3684,-0.179515,-0.239354,-0.209434
3685,-0.179515,-0.209434,-0.209434
3686,-0.179515,-0.209434,-0.209434
3687,-0.179515,-0.239354,-0.209434
3688,-0.179515,-0.239354,-0.209434
3689,-0.179515,-0.239354,-0.209434
3690,-0.179515,-0.239354,-0.209434
3691,-0.179515,-0.239354,-0.239354
3692,-0.179515,-0.239354,-0.239354
3693,-0.179515,-0.239354,-0.239354
3694,-0.179515,-0.239354,-0.209434
3695,-0.149596,-0.209434,-0.209434
3696,-0.149596,-0.209434,-0.179515
3697,-0.179515,-0.209434,-0.209434
3698,-0.179515,-0.239354,-0.209434
3699,-0.209434,-0.239354,-0.239354
3700,-0.209434,-0.269273,-0.239354
3701,-0.209434,-0.239354,-0.269273
3702,-0.209434,-0.239354,-0.239354
3703,-0.209434,-0.269273,-0.239354
3704,-0.209434,-0.269273,-0.239354
3705,-0.209434,-0.239354,-0.239354
3706,-0.209434,-0.239354,-0.239354
3707,-0.209434,-0.239354,-0.239354
3708,-0.209434,-0.239354,-0.239354
3709,-0.209434,-0.239354,-0.239354
3710,-0.209434,-0.239354,-0.239354
3711,-0.239354,-0.269273,-0.269273
3712,-0.239354,-0.269273,-0.269273
3713,-0.239354,-0.269273,-0.269273
3714,-0.209434,-0.269273,-0.239354
3715,-0.209434,-0.239354,-0.239354
3716,-0.179515,-0.239354,-0.239354
3717,-0.179515,-0.239354,-0.209434
3718,-0.179515,-0.239354,-0.209434
3719,-0.179515,-0.239354,-0.209434
3720,-0.179515,-0.239354,-0.209434
3721,-0.179515,-0.239354,-0.209434
3722,-0.179515,-0.239354,-0.239354
3723,-0.179515,-0.239354,-0.239354
3724,-0.179515,-0.239354,-0.239354
3725,-0.179515,-0.239354,-0.239354
3726,-0.179515,-0.239354,-0.239354
3727,-0.149596,-0.209434,-0.209434
3728,-0.149596,-0.209434,-0.209434
3729,-0.149596,-0.209434,-0.209434
3730,-0.179515,-0.209434,-0.209434
3731,-0.209434,-0.239354,-0.239354
3732,-0.209434,-0.239354,-0.239354
3733,-0.209434,-0.269273,-0.239354
3734,-0.209434,-0.269273,-0.239354
3735,-0.209434,-0.239354,-0.239354
3736,-0.209434,-0.269273,-0.239354
3737,-0.209434,-0.269273,-0.239354
3738,-0.209434,-0.239354,-0.239354
3739,-0.209434,-0.239354,-0.239354
3740,-0.209434,-0.239354,-0.239354
3741,-0.209434,-0.239354,-0.239354
3742,-0.209434,-0.269273,-0.239354
3743,-0.239354,-0.269273,-0.269273
3744,-0.239354,-0.269273,-0.269273
3745,-0.239354,-0.269273,-0.269273
3746,-0.209434,-0.269273,-0.269273
3747,-0.209434,-0.239354,-0.239354
3748,-0.179515,-0.239354,-0.209434
3749,-0.179515,-0.239354,-0.209434
3750,-0.179515,-0.239354,-0.209434
3751,-0.179515,-0.239354,-0.209434
3752,-0.179515,-0.239354,-0.239354
3753,-0.179515,-0.239354,-0.209434
3754,-0.179515,-0.239354,-0.209434
3755,-0.179515,-0.239354,-0.239354
3756,-0.179515,-0.239354,-0.239354
3757,-0.179515,-0.239354,-0.239354
3758,-0.179515,-0.239354,-0.209434
3759,-0.149596,-0.209434,-0.209434
3760,-0.149596,-0.179515,-0.209434
3761,-0.149596,-0.209434,-0.209434
3762,-0.179515,-0.209434,-0.209434
3763,-0.209434,-0.239354,-0.239354
3764,-0.209434,-0.269273,-0.239354
3765,-0.209434,-0.269273,-0.239354
3766,-0.209434,-0.269273,-0.239354
3767,-0.209434,-0.269273,-0.239354
3768,-0.209434,-0.269273,-0.239354
3769,-0.209434,-0.239354,-0.239354
3770,-0.209434,-0.239354,-0.239354
3771,-0.209434,-0.239354,-0.239354
3772,-0.209434,-0.239354,-0.239354
3773,-0.209434,-0.239354,-0.239354
3774,-0.209434,-0.239354,-0.239354
3775,-0.239354,-0.269273,-0.269273
3776,-0.239354,-0.269273,-0.269273
3777,-0.239354,-0.269273,-0.269273
3778,-0.209434,-0.269273,-0.269273
3779,-0.209434,-0.239354,-0.239354
3780,-0.179515,-0.239354,-0.239354
3781,-0.179515,-0.239354,-0.239354
3782,-0.179515,-0.209434,-0.209434
3783,-0.179515,-0.239354,-0.209434
3784,-0.179515,-0.239354,-0.209434
3785,-0.179515,-0.239354,-0.209434
3786,-0.179515,-0.239354,-0.239354
3787,-0.179515,-0.239354,-0.239354
3788,-0.179515,-0.239354,-0.239354
3789,-0.179515,-0.239354,-0.239354
3790,-0.179515,-0.239354,-0.209434
3791,-0.149596,-0.209434,-0.209434
3792,-0.149596,-0.209434,-0.209434
3793,-0.149596,-0.209434,-0.209434
3794,-0.179515,-0.209434,-0.209434
3795,-0.209434,-0.239354,-0.239354
3796,-0.209434,-0.269273,-0.239354
3797,-0.209434,-0.269273,-0.239354
3798,-0.209434,-0.239354,-0.239354
3799,-0.209434,-0.269273,-0.239354
3800,-0.209434,-0.269273,-0.239354
3801,-0.209434,-0.239354,-0.239354
3802,-0.209434,-0.239354,-0.239354
3803,-0.209434,-0.239354,-0.239354
3804,-0.209434,-0.239354,-0.239354
3805,-0.209434,-0.239354,-0.239354
3806,-0.209434,-0.239354,-0.239354
3807,-0.239354,-0.269273,-0.269273
3808,-0.239354,-0.269273,-0.269273
3809,-0.209434,-0.269273,-0.269273
3810,-0.209434,-0.269273,-0.239354
3811,-0.209434,-0.239354,-0.239354
3812,-0.179515,-0.239354,-0.209434
3813,-0.179515,-0.209434,-0.209434
3814,-0.179515,-0.239354,-0.209434
3815,-0.179515,-0.239354,-0.209434
3816,-0.179515,-0.239354,-0.209434
3817,-0.179515,-0.239354,-0.209434
3818,-0.179515,-0.239354,-0.209434
3819,-0.179515,-0.239354,-0.239354
3820,-0.179515,-0.239354,-0.239354
3821,-0.209434,-0.239354,-0.239354
3822,-0.179515,-0.239354,-0.209434
3823,-0.149596,-0.209434,-0.209434
3824,-0.149596,-0.209434,-0.209434
3825,-0.179515,-0.209434,-0.209434
3826,-0.179515,-0.209434,-0.209434
3827,-0.209434,-0.239354,-0.239354
3828,-0.209434,-0.239354,-0.239354
3829,-0.209434,-0.239354,-0.239354
3830,-0.209434,-0.239354,-0.239354
3831,-0.209434,-0.239354,-0.239354
3832,-0.209434,-0.269273,-0.239354
3833,-0.209434,-0.269273,-0.239354
3834,-0.209434,-0.239354,-0.239354
3835,-0.209434,-0.239354,-0.239354
3836,-0.209434,-0.239354,-0.239354
3837,-0.209434,-0.239354,-0.239354
3838,-0.209434,-0.239354,-0.239354
3839,-0.239354,-0.269273,-0.269273
3840,-0.239354,-0.269273,-0.269273
3841,-0.209434,-0.269273,-0.269273
3842,-0.209434,-0.269273,-0.269273
3843,-0.209434,-0.239354,-0.239354
3844,-0.179515,-0.239354,-0.209434
3845,-0.179515,-0.209434,-0.209434
3846,-0.179515,-0.239354,-0.209434
3847,-0.179515,-0.239354,-0.209434
3848,-0.179515,-0.239354,-0.209434
3849,-0.179515,-0.239354,-0.209434
3850,-0.179515,-0.239354,-0.209434
3851,-0.179515,-0.239354,-0.239354
3852,-0.179515,-0.239354,-0.239354
3853,-0.179515,-0.239354,-0.239354
3854,-0.179515,-0.239354,-0.209434
3855,-0.149596,-0.209434,-0.209434
3856,-0.149596,-0.209434,-0.179515
3857,-0.179515,-0.209434,-0.209434
3858,-0.179515,-0.209434,-0.209434
3859,-0.209434,-0.239354,-0.239354
3860,-0.209434,-0.269273,-0.239354
3861,-0.209434,-0.269273,-0.239354
3862,-0.209434,-0.269273,-0.239354
3863,-0.209434,-0.269273,-0.239354
3864,-0.209434,-0.239354,-0.239354
3865,-0.209434,-0.239354,-0.239354
3866,-0.209434,-0.239354,-0.239354
3867,-0.209434,-0.239354,-0.239354
3868,-0.209434,-0.239354,-0.239354
3869,-0.209434,-0.239354,-0.239354
3870,-0.209434,-0.239354,-0.239354
3871,-0.239354,-0.269273,-0.269273
3872,-0.239354,-0.269273,-0.269273
3873,-0.239354,-0.269273,-0.269273
3874,-0.209434,-0.269273,-0.269273
3875,-0.209434,-0.239354,-0.239354
3876,-0.179515,-0.239354,-0.209434
3877,-0.179515,-0.239354,-0.209434
3878,-0.179515,-0.239354,-0.209434
3879,-0.179515,-0.239354,-0.209434
3880,-0.179515,-0.239354,-0.209434
3881,-0.179515,-0.239354,-0.209434
3882,-0.179515,-0.239354,-0.239354
3883,-0.179515,-0.239354,-0.239354
3884,-0.179515,-0.239354,-0.239354
3885,-0.179515,-0.239354,-0.239354
3886,-0.179515,-0.239354,-0.239354
3887,-0.149596,-0.209434,-0.209434
3888,-0.149596,-0.209434,-0.209434
3889,-0.149596,-0.209434,-0.209434
3890,-0.179515,-0.239354,-0.209434
3891,-0.209434,-0.239354,-0.239354
3892,-0.209434,-0.269273,-0.239354
3893,-0.209434,-0.269273,-0.239354
3894,-0.209434,-0.239354,-0.239354
3895,-0.209434,-0.239354,-0.239354
3896,-0.209434,-0.269273,-0.239354
3897,-0.209434,-0.269273,-0.239354
3898,-0.209434,-0.239354,-0.239354
3899,-0.209434,-0.239354,-0.239354
3900,-0.209434,-0.239354,-0.239354
3901,-0.209434,-0.239354,-0.239354
3902,-0.209434,-0.239354,-0.239354
3903,-0.239354,-0.269273,-0.269273
3904,-0.239354,-0.269273,-0.269273
3905,-0.239354,-0.269273,-0.269273
3906,-0.209434,-0.269273,-0.269273
3907,-0.179515,-0.239354,-0.239354
3908,-0.179515,-0.239354,-0.239354
3909,-0.179515,-0.239354,-0.209434
3910,-0.179515,-0.239354,-0.209434
3911,-0.179515,-0.239354,-0.209434
3912,-0.179515,-0.239354,-0.209434
3913,-0.179515,-0.209434,-0.209434
3914,-0.179515,-0.239354,-0.239354
3915,-0.179515,-0.239354,-0.239354
3916,-0.179515,-0.239354,-0.239354
3917,-0.179515,-0.239354,-0.239354
3918,-0.179515,-0.239354,-0.239354
3919,-0.149596,-0.209434,-0.209434
3920,-0.149596,-0.209434,-0.179515
3921,-0.179515,-0.209434,-0.209434
3922,-0.179515,-0.209434,-0.209434
3923,-0.209434,-0.239354,-0.239354
3924,-0.209434,-0.239354,-0.239354
3925,-0.209434,-0.239354,-0.269273
3926,-0.209434,-0.239354,-0.239354
3927,-0.209434,-0.239354,-0.239354
3928,-0.209434,-0.269273,-0.239354
3929,-0.209434,-0.269273,-0.239354
3930,-0.209434,-0.239354,-0.239354
3931,-0.209434,-0.239354,-0.239354
3932,-0.209434,-0.239354,-0.239354
3933,-0.209434,-0.239354,-0.239354
3934,-0.209434,-0.239354,-0.239354
3935,-0.239354,-0.269273,-0.269273
3936,-0.239354,-0.269273,-0.269273
3937,-0.239354,-0.269273,-0.269273
3938,-0.209434,-0.269273,-0.239354
3939,-0.209434,-0.239354,-0.239354
3940,-0.179515,-0.239354,-0.209434
3941,-0.179515,-0.239354,-0.209434
3942,-0.179515,-0.209434,-0.209434
3943,-0.179515,-0.239354,-0.209434
3944,-0.179515,-0.239354,-0.209434
3945,-0.179515,-0.239354,-0.209434
3946,-0.179515,-0.239354,-0.239354
3947,-0.179515,-0.239354,-0.239354
3948,-0.179515,-0.239354,-0.239354
3949,-0.179515,-0.239354,-0.239354
3950,-0.179515,-0.239354,-0.209434
3951,-0.149596,-0.209434,-0.179515
3952,-0.149596,-0.209434,-0.209434
3953,-0.149596,-0.209434,-0.209434
3954,-0.179515,-0.239354,-0.209434
3955,-0.209434,-0.239354,-0.239354
3956,-0.209434,-0.239354,-0.239354
3957,-0.209434,-0.269273,-0.239354
3958,-0.209434,-0.269273,-0.269273
3959,-0.209434,-0.269273,-0.239354
3960,-0.209434,-0.269273,-0.239354
3961,-0.209434,-0.239354,-0.239354
3962,-0.209434,-0.239354,-0.239354
3963,-0.209434,-0.239354,-0.239354
3964,-0.209434,-0.239354,-0.239354
3965,-0.209434,-0.239354,-0.239354
3966,-0.209434,-0.239354,-0.239354
3967,-0.239354,-0.269273,-0.269273
3968,-0.239354,-0.269273,-0.269273
3969,-0.239354,-0.269273,-0.269273
3970,-0.209434,-0.269273,-0.239354
3971,-0.209434,-0.239354,-0.239354
3972,-0.179515,-0.239354,-0.209434
3973,-0.179515,-0.239354,-0.209434
3974,-0.179515,-0.209434,-0.209434
3975,-0.179515,-0.239354,-0.209434
3976,-0.179515,-0.239354,-0.209434
3977,-0.179515,-0.239354,-0.209434
3978,-0.179515,-0.239354,-0.209434
3979,-0.179515,-0.239354,-0.239354
3980,-0.179515,-0.239354,-0.239354
3981,-0.179515,-0.239354,-0.239354
3982,-0.179515,-0.239354,-0.239354
3983,-0.149596,-0.209434,-0.179515
3984,-0.149596,-0.209434,-0.179515
3985,-0.149596,-0.209434,-0.209434
3986,-0.179515,-0.209434,-0.209434
3987,-0.209434,-0.239354,-0.239354
3988,-0.209434,-0.269273,-0.239354
3989,-0.209434,-0.239354,-0.239354
3990,-0.209434,-0.269273,-0.239354
3991,-0.209434,-0.239354,-0.239354
3992,-0.209434,-0.269273,-0.239354
3993,-0.209434,-0.239354,-0.239354
3994,-0.209434,-0.239354,-0.239354
3995,-0.209434,-0.239354,-0.239354
3996,-0.209434,-0.239354,-0.239354
3997,-0.209434,-0.239354,-0.239354
3998,-0.209434,-0.269273,-0.239354
3999,-0.239354,-0.269273,-0.269273
4000,-0.239354,-0.269273,-0.269273
4001,-0.209434,-0.269273,-0.269273
4002,-0.209434,-0.269273,-0.239354
4003,-0.179515,-0.239354,-0.239354
4004,-0.179515,-0.239354,-0.209434
4005,-0.179515,-0.239354,-0.209434
4006,-0.179515,-0.239354,-0.209434
4007,-0.179515,-0.239354,-0.209434
4008,-0.179515,-0.209434,-0.209434
4009,-0.179515,-0.209434,-0.209434
4010,-0.179515,-0.239354,-0.209434
4011,-0.179515,-0.239354,-0.239354
4012,-0.179515,-0.239354,-0.239354
4013,-0.179515,-0.239354,-0.239354
4014,-0.179515,-0.239354,-0.209434
4015,-0.149596,-0.209434,-0.209434
4016,-0.149596,-0.209434,-0.209434
4017,-0.149596,-0.209434,-0.209434
4018,-0.179515,-0.209434,-0.209434
4019,-0.209434,-0.239354,-0.239354
4020,-0.209434,-0.269273,-0.239354
4021,-0.209434,-0.269273,-0.239354
4022,-0.209434,-0.269273,-0.239354
4023,-0.209434,-0.269273,-0.239354
4024,-0.209434,-0.269273,-0.239354
4025,-0.209434,-0.239354,-0.239354
4026,-0.209434,-0.239354,-0.239354
4027,-0.209434,-0.239354,-0.239354
4028,-0.209434,-0.239354,-0.239354
4029,-0.209434,-0.239354,-0.239354
4030,-0.209434,-0.269273,-0.239354
4031,-0.239354,-0.269273,-0.269273
4032,-0.239354,-0.269273,-0.269273
4033,-0.209434,-0.269273,-0.269273
4034,-0.209434,-0.269273,-0.239354
4035,-0.209434,-0.239354,-0.239354
4036,-0.179515,-0.239354,-0.209434
4037,-0.179515,-0.239354,-0.209434
4038,-0.179515,-0.239354,-0.209434
4039,-0.179515,-0.239354,-0.239354
4040,-0.179515,-0.239354,-0.209434
4041,-0.179515,-0.239354,-0.209434
4042,-0.179515,-0.239354,-0.239354
4043,-0.179515,-0.239354,-0.239354
4044,-0.179515,-0.239354,-0.239354
4045,-0.179515,-0.239354,-0.239354
4046,-0.179515,-0.239354,-0.239354
4047,-0.149596,-0.209434,-0.179515
4048,-0.149596,-0.209434,-0.179515
4049,-0.179515,-0.209434,-0.209434
4050,-0.179515,-0.239354,-0.209434
4051,-0.209434,-0.239354,-0.239354
4052,-0.209434,-0.269273,-0.239354
4053,-0.209434,-0.269273,-0.239354
4054,-0.209434,-0.239354,-0.239354
4055,-0.209434,-0.239354,-0.239354
4056,-0.209434,-0.269273,-0.239354
4057,-0.209434,-0.239354,-0.239354
4058,-0.209434,-0.239354,-0.239354
4059,-0.209434,-0.239354,-0.239354
4060,-0.209434,-0.239354,-0.239354
4061,-0.209434,-0.239354,-0.239354
4062,-0.209434,-0.239354,-0.239354
4063,-0.239354,-0.269273,-0.269273
4064,-0.239354,-0.269273,-0.269273
4065,-0.239354,-0.269273,-0.269273
4066,-0.209434,-0.269273,-0.239354
4067,-0.179515,-0.239354,-0.239354
4068,-0.179515,-0.239354,-0.209434
4069,-0.179515,-0.239354,-0.209434
4070,-0.179515,-0.209434,-0.209434
4071,-0.179515,-0.239354,-0.209434
4072,-0.179515,-0.239354,-0.209434
4073,-0.179515,-0.239354,-0.209434
4074,-0.179515,-0.239354,-0.239354
4075,-0.179515,-0.239354,-0.239354
4076,-0.179515,-0.239354,-0.239354
4077,-0.179515,-0.239354,-0.239354
4078,-0.179515,-0.239354,-0.209434
4079,-0.149596,-0.209434,-0.209434
4080,-0.149596,-0.209434,-0.209434
4081,-0.179515,-0.209434,-0.209434
4082,-0.179515,-0.209434,-0.209434
4083,-0.209434,-0.239354,-0.239354
4084,-0.209434,-0.239354,-0.239354
4085,-0.209434,-0.269273,-0.239354
4086,-0.209434,-0.269273,-0.239354
4087,-0.209434,-0.239354,-0.239354
4088,-0.209434,-0.269273,-0.239354
4089,-0.209434,-0.269273,-0.239354
4090,-0.209434,-0.239354,-0.239354
4091,-0.209434,-0.239354,-0.239354
4092,-0.209434,-0.239354,-0.239354
4093,-0.209434,-0.239354,-0.239354
4094,-0.209434,-0.269273,-0.239354
4095,-0.239354,-0.269273,-0.269273
4096,-0.239354,-0.269273,-0.269273
4097,-0.209434,-0.269273,-0.269273
4098,-0.209434,-0.269273,-0.239354
4099,-0.179515,-0.239354,-0.239354
4100,-0.179515,-0.239354,-0.209434
4101,-0.179515,-0.239354,-0.209434
4102,-0.179515,-0.239354,-0.209434
4103,-0.179515,-0.209434,-0.209434
4104,-0.179515,-0.209434,-0.209434
4105,-0.179515,-0.239354,-0.209434
4106,-0.179515,-0.239354,-0.209434
4107,-0.179515,-0.239354,-0.239354
4108,-0.179515,-0.239354,-0.239354
4109,-0.179515,-0.239354,-0.239354
4110,-0.179515,-0.239354,-0.209434
4111,-0.149596,-0.209434,-0.179515
4112,-0.149596,-0.209434,-0.209434
4113,-0.179515,-0.209434,-0.209434
4114,-0.179515,-0.239354,-0.209434
4115,-0.209434,-0.239354,-0.239354
4116,-0.209434,-0.239354,-0.239354
4117,-0.209434,-0.269273,-0.239354
4118,-0.209434,-0.239354,-0.239354
4119,-0.209434,-0.239354,-0.239354
4120,-0.209434,-0.269273,-0.239354
4121,-0.209434,-0.239354,-0.239354
4122,-0.209434,-0.239354,-0.239354
4123,-0.209434,-0.239354,-0.239354
4124,-0.209434,-0.239354,-0.239354
4125,-0.209434,-0.239354,-0.239354
4126,-0.209434,-0.269273,-0.239354
4127,-0.239354,-0.269273,-0.269273
4128,-0.239354,-0.269273,-0.269273
4129,-0.209434,-0.269273,-0.269273
4130,-0.209434,-0.269273,-0.239354
4131,-0.179515,-0.239354,-0.239354
4132,-0.179515,-0.239354,-0.239354
4133,-0.179515,-0.209434,-0.209434
4134,-0.179515,-0.209434,-0.209434
4135,-0.179515,-0.239354,-0.209434
4136,-0.179515,-0.239354,-0.209434
4137,-0.179515,-0.239354,-0.209434
4138,-0.179515,-0.239354,-0.239354
4139,-0.179515,-0.239354,-0.239354
4140,-0.179515,-0.239354,-0.239354
4141,-0.179515,-0.239354,-0.239354
4142,-0.179515,-0.239354,-0.209434
4143,-0.149596,-0.209434,-0.179515
4144,-0.149596,-0.209434,-0.209434
4145,-0.179515,-0.209434,-0.209434
4146,-0.179515,-0.239354,-0.209434
4147,-0.209434,-0.239354,-0.239354
4148,-0.209434,-0.239354,-0.239354
4149,-0.209434,-0.269273,-0.239354
4150,-0.209434,-0.269273,-0.239354
4151,-0.209434,-0.239354,-0.239354
4152,-0.209434,-0.239354,-0.239354
4153,-0.209434,-0.239354,-0.239354
4154,-0.209434,-0.239354,-0.239354
4155,-0.209434,-0.239354,-0.239354
4156,-0.209434,-0.239354,-0.239354
4157,-0.209434,-0.239354,-0.239354
4158,-0.209434,-0.269273,-0.239354
4159,-0.239354,-0.269273,-0.269273
4160,-0.239354,-0.269273,-0.269273
4161,-0.209434,-0.269273,-0.269273
4162,-0.209434,-0.269273,-0.239354
4163,-0.179515,-0.239354,-0.239354
4164,-0.179515,-0.209434,-0.239354
4165,-0.179515,-0.209434,-0.209434
4166,-0.179515,-0.239354,-0.209434
4167,-0.179515,-0.239354,-0.239354
4168,-0.179515,-0.209434,-0.209434
4169,-0.179515,-0.239354,-0.209434
4170,-0.179515,-0.239354,-0.209434
4171,-0.179515,-0.239354,-0.239354
4172,-0.179515,-0.239354,-0.239354
4173,-0.179515,-0.239354,-0.239354
4174,-0.179515,-0.239354,-0.209434
4175,-0.149596,-0.209434,-0.179515
4176,-0.149596,-0.209434,-0.179515
4177,-0.179515,-0.209434,-0.209434
4178,-0.179515,-0.239354,-0.209434
4179,-0.209434,-0.239354,-0.239354
4180,-0.209434,-0.239354,-0.239354
4181,-0.209434,-0.269273,-0.239354
4182,-0.209434,-0.269273,-0.239354
4183,-0.209434,-0.239354,-0.239354
4184,-0.209434,-0.269273,-0.239354
4185,-0.209434,-0.269273,-0.239354
4186,-0.209434,-0.239354,-0.239354
4187,-0.209434,-0.239354,-0.239354
4188,-0.209434,-0.239354,-0.239354
4189,-0.209434,-0.239354,-0.239354
4190,-0.209434,-0.269273,-0.239354
4191,-0.239354,-0.269273,-0.269273
4192,-0.239354,-0.269273,-0.269273
4193,-0.209434,-0.269273,-0.269273
4194,-0.209434,-0.269273,-0.269273
4195,-0.179515,-0.239354,-0.239354
4196,-0.179515,-0.239354,-0.209434
4197,-0.179515,-0.239354,-0.209434
4198,-0.179515,-0.209434,-0.209434
4199,-0.179515,-0.239354,-0.209434
4200,-0.179515,-0.209434,-0.209434
4201,-0.179515,-0.239354,-0.209434
4202,-0.179515,-0.239354,-0.239354
4203,-0.179515,-0.239354,-0.239354
4204,-0.179515,-0.239354,-0.239354
4205,-0.179515,-0.239354,-0.239354
4206,-0.179515,-0.209434,-0.209434
4207,-0.149596,-0.209434,-0.179515
4208,-0.149596,-0.209434,-0.209434
4209,-0.179515,-0.209434,-0.209434
4210,-0.179515,-0.209434,-0.239354
4211,-0.209434,-0.239354,-0.239354
4212,-0.209434,-0.239354,-0.239354
4213,-0.209434,-0.239354,-0.239354
4214,-0.209434,-0.239354,-0.239354
4215,-0.209434,-0.239354,-0.239354
4216,-0.209434,-0.239354,-0.239354
4217,-0.209434,-0.239354,-0.239354
4218,-0.209434,-0.239354,-0.239354
4219,-0.209434,-0.239354,-0.239354
4220,-0.209434,-0.239354,-0.239354
4221,-0.209434,-0.239354,-0.239354
4222,-0.209434,-0.239354,-0.239354
4223,-0.239354,-0.269273,-0.269273
4224,-0.239354,-0.269273,-0.269273
4225,-0.209434,-0.269273,-0.269273
4226,-0.209434,-0.239354,-0.239354
4227,-0.179515,-0.239354,-0.239354
4228,-0.179515,-0.239354,-0.209434
4229,-0.179515,-0.239354,-0.209434
4230,-0.179515,-0.209434,-0.209434
4231,-0.179515,-0.239354,-0.209434
4232,-0.179515,-0.239354,-0.209434
4233,-0.179515,-0.239354,-0.209434
4234,-0.179515,-0.239354,-0.239354
4235,-0.179515,-0.239354,-0.239354
4236,-0.179515,-0.239354,-0.239354
4237,-0.179515,-0.239354,-0.239354
4238,-0.179515,-0.239354,-0.209434
4239,-0.149596,-0.209434,-0.179515
4240,-0.149596,-0.209434,-0.209434
4241,-0.179515,-0.209434,-0.209434
4242,-0.179515,-0.239354,-0.209434
4243,-0.209434,-0.239354,-0.239354
4244,-0.209434,-0.239354,-0.239354
4245,-0.209434,-0.239354,-0.239354
4246,-0.209434,-0.239354,-0.239354
4247,-0.209434,-0.239354,-0.239354
4248,-0.209434,-0.269273,-0.239354
4249,-0.209434,-0.239354,-0.239354
4250,-0.209434,-0.239354,-0.239354
4251,-0.209434,-0.239354,-0.239354
4252,-0.209434,-0.239354,-0.239354
4253,-0.209434,-0.239354,-0.239354
4254,-0.209434,-0.269273,-0.239354
4255,-0.239354,-0.269273,-0.269273
4256,-0.239354,-0.269273,-0.269273
4257,-0.209434,-0.269273,-0.269273
4258,-0.209434,-0.239354,-0.239354
4259,-0.179515,-0.239354,-0.239354
4260,-0.179515,-0.239354,-0.239354
4261,-0.179515,-0.239354,-0.209434
4262,-0.179515,-0.209434,-0.209434
4263,-0.179515,-0.239354,-0.239354
4264,-0.179515,-0.239354,-0.209434
4265,-0.179515,-0.239354,-0.209434
4266,-0.179515,-0.239354,-0.239354
4267,-0.179515,-0.239354,-0.239354
4268,-0.179515,-0.239354,-0.239354
4269,-0.179515,-0.239354,-0.239354
4270,-0.179515,-0.209434,-0.209434
4271,-0.149596,-0.179515,-0.179515
4272,-0.149596,-0.209434,-0.209434
4273,-0.179515,-0.209434,-0.209434
4274,-0.179515,-0.239354,-0.209434
4275,-0.209434,-0.239354,-0.239354
4276,-0.209434,-0.239354,-0.239354
4277,-0.209434,-0.269273,-0.239354
4278,-0.209434,-0.239354,-0.239354
4279,-0.209434,-0.239354,-0.239354
4280,-0.209434,-0.239354,-0.239354
4281,-0.209434,-0.239354,-0.239354
4282,-0.209434,-0.239354,-0.239354
4283,-0.209434,-0.239354,-0.239354
4284,-0.209434,-0.239354,-0.239354
4285,-0.209434,-0.239354,-0.239354
4286,-0.209434,-0.269273,-0.269273
4287,-0.239354,-0.269273,-0.269273
4288,-0.239354,-0.269273,-0.269273
4289,-0.209434,-0.269273,-0.269273
4290,-0.209434,-0.269273,-0.239354
4291,-0.179515,-0.239354,-0.239354
4292,-0.179515,-0.239354,-0.239354
4293,-0.179515,-0.239354,-0.209434
4294,-0.179515,-0.209434,-0.209434
4295,-0.179515,-0.209434,-0.209434
4296,-0.179515,-0.239354,-0.209434
4297,-0.179515,-0.239354,-0.209434
4298,-0.179515,-0.239354,-0.239354
4299,-0.179515,-0.239354,-0.239354
4300,-0.179515,-0.239354,-0.239354
4301,-0.179515,-0.239354,-0.239354
4302,-0.179515,-0.239354,-0.209434
4303,-0.149596,-0.209434,-0.209434
4304,-0.149596,-0.209434,-0.209434
4305,-0.179515,-0.209434,-0.209434
4306,-0.179515,-0.239354,-0.209434
4307,-0.209434,-0.239354,-0.239354
4308,-0.209434,-0.239354,-0.239354
4309,-0.209434,-0.239354,-0.239354
4310,-0.209434,-0.269273,-0.239354
4311,-0.209434,-0.239354,-0.239354
4312,-0.209434,-0.269273,-0.239354
4313,-0.209434,-0.239354,-0.239354
4314,-0.209434,-0.239354,-0.239354
4315,-0.209434,-0.239354,-0.239354
4316,-0.209434,-0.239354,-0.239354
4317,-0.209434,-0.239354,-0.239354
4318,-0.209434,-0.269273,-0.239354
4319,-0.239354,-0.299192,-0.269273
4320,-0.239354,-0.269273,-0.269273
4321,-0.209434,-0.269273,-0.269273
4322,-0.209434,-0.239354,-0.239354
4323,-0.179515,-0.239354,-0.239354
4324,-0.179515,-0.239354,-0.209434
4325,-0.179515,-0.239354,-0.209434
4326,-0.179515,-0.209434,-0.209434
4327,-0.179515,-0.209434,-0.209434
4328,-0.179515,-0.209434,-0.209434
4329,-0.179515,-0.239354,-0.209434
4330,-0.179515,-0.239354,-0.239354
4331,-0.179515,-0.239354,-0.239354
4332,-0.179515,-0.239354,-0.239354
4333,-0.209434,-0.239354,-0.239354
4334,-0.179515,-0.239354,-0.209434
4335,-0.149596,-0.209434,-0.179515
4336,-0.149596,-0.209434,-0.209434
4337,-0.179515,-0.209434,-0.209434
4338,-0.179515,-0.239354,-0.239354
4339,-0.209434,-0.239354,-0.239354
4340,-0.209434,-0.239354,-0.239354
4341,-0.209434,-0.269273,-0.269273
4342,-0.209434,-0.269273,-0.239354
4343,-0.209434,-0.239354,-0.239354
4344,-0.209434,-0.269273,-0.239354
4345,-0.209434,-0.269273,-0.239354
4346,-0.209434,-0.239354,-0.239354
4347,-0.209434,-0.239354,-0.239354
4348,-0.209434,-0.239354,-0.239354
4349,-0.209434,-0.239354,-0.239354
4350,-0.209434,-0.269273,-0.269273
4351,-0.239354,-0.269273,-0.269273
4352,-0.239354,-0.269273,-0.269273
4353,-0.209434,-0.269273,-0.269273
4354,-0.209434,-0.239354,-0.239354
4355,-0.179515,-0.239354,-0.239354
4356,-0.179515,-0.239354,-0.209434
4357,-0.179515,-0.239354,-0.239354
4358,-0.179515,-0.239354,-0.209434
4359,-0.179515,-0.239354,-0.209434
4360,-0.179515,-0.209434,-0.209434
4361,-0.179515,-0.209434,-0.209434
4362,-0.179515,-0.239354,-0.239354
4363,-0.179515,-0.239354,-0.239354
4364,-0.179515,-0.239354,-0.239354
4365,-0.179515,-0.239354,-0.239354
4366,-0.179515,-0.209434,-0.209434
4367,-0.149596,-0.179515,-0.179515
4368,-0.149596,-0.209434,-0.209434
4369,-0.179515,-0.209434,-0.209434
4370,-0.179515,-0.239354,-0.209434
4371,-0.209434,-0.239354,-0.239354
4372,-0.209434,-0.239354,-0.239354
4373,-0.209434,-0.269273,-0.239354
4374,-0.209434,-0.269273,-0.239354
4375,-0.209434,-0.239354,-0.239354
4376,-0.209434,-0.269273,-0.239354
4377,-0.209434,-0.239354,-0.239354
4378,-0.209434,-0.239354,-0.239354
4379,-0.209434,-0.239354,-0.239354
4380,-0.209434,-0.239354,-0.239354
4381,-0.209434,-0.239354,-0.239354
4382,-0.209434,-0.269273,-0.269273
4383,-0.239354,-0.269273,-0.269273
4384,-0.239354,-0.269273,-0.269273
4385,-0.209434,-0.269273,-0.269273
4386,-0.209434,-0.269273,-0.239354
4387,-0.179515,-0.239354,-0.239354
4388,-0.179515,-0.209434,-0.209434
4389,-0.179515,-0.209434,-0.209434
4390,-0.179515,-0.239354,-0.209434
4391,-0.179515,-0.239354,-0.209434
4392,-0.179515,-0.239354,-0.209434
4393,-0.179515,-0.239354,-0.209434
4394,-0.179515,-0.239354,-0.239354
4395,-0.179515,-0.239354,-0.239354
4396,-0.179515,-0.239354,-0.239354
4397,-0.179515,-0.239354,-0.239354
4398,-0.179515,-0.239354,-0.209434
4399,-0.149596,-0.209434,-0.179515
4400,-0.149596,-0.209434,-0.209434
4401,-0.179515,-0.209434,-0.209434
4402,-0.179515,-0.239354,-0.239354
4403,-0.209434,-0.239354,-0.239354
4404,-0.209434,-0.239354,-0.239354
4405,-0.209434,-0.269273,-0.239354
4406,-0.209434,-0.239354,-0.239354
4407,-0.209434,-0.239354,-0.239354
4408,-0.209434,-0.239354,-0.239354
4409,-0.209434,-0.239354,-0.239354
4410,-0.209434,-0.239354,-0.239354
4411,-0.209434,-0.239354,-0.239354
4412,-0.209434,-0.239354,-0.239354
4413,-0.209434,-0.239354,-0.239354
4414,-0.209434,-0.269273,-0.269273
4415,-0.239354,-0.299192,-0.269273
4416,-0.239354,-0.269273,-0.269273
4417,-0.209434,-0.269273,-0.269273
4418,-0.209434,-0.269273,-0.239354
4419,-0.179515,-0.239354,-0.239354
4420,-0.179515,-0.239354,-0.239354
4421,-0.179515,-0.239354,-0.239354
4422,-0.179515,-0.239354,-0.239354
4423,-0.179515,-0.209434,-0.209434
4424,-0.179515,-0.239354,-0.209434
4425,-0.179515,-0.239354,-0.209434
4426,-0.179515,-0.239354,-0.239354
4427,-0.179515,-0.239354,-0.239354
4428,-0.179515,-0.239354,-0.239354
4429,-0.179515,-0.239354,-0.239354
4430,-0.179515,-0.209434,-0.209434
4431,-0.149596,-0.209434,-0.179515
4432,-0.149596,-0.209434,-0.209434
4433,-0.179515,-0.209434,-0.209434
4434,-0.179515,-0.239354,-0.239354
4435,-0.209434,-0.239354,-0.239354
4436,-0.209434,-0.239354,-0.239354
4437,-0.209434,-0.269273,-0.239354
4438,-0.209434,-0.269273,-0.239354
4439,-0.209434,-0.239354,-0.239354
4440,-0.209434,-0.269273,-0.239354
4441,-0.209434,-0.269273,-0.239354
4442,-0.209434,-0.239354,-0.239354
4443,-0.209434,-0.239354,-0.239354
4444,-0.209434,-0.239354,-0.239354
4445,-0.209434,-0.239354,-0.239354
4446,-0.209434,-0.269273,-0.269273
4447,-0.239354,-0.269273,-0.269273
4448,-0.239354,-0.269273,-0.269273
4449,-0.209434,-0.269273,-0.269273
4450,-0.209434,-0.239354,-0.239354
4451,-0.179515,-0.239354,-0.239354
4452,-0.179515,-0.239354,-0.209434
4453,-0.179515,-0.239354,-0.209434
4454,-0.179515,-0.209434,-0.209434
4455,-0.179515,-0.239354,-0.239354
4456,-0.179515,-0.239354,-0.209434
4457,-0.179515,-0.239354,-0.209434
4458,-0.179515,-0.239354,-0.209434
4459,-0.179515,-0.239354,-0.239354
4460,-0.179515,-0.239354,-0.239354
4461,-0.179515,-0.239354,-0.239354
4462,-0.179515,-0.209434,-0.209434
4463,-0.149596,-0.209434,-0.179515
4464,-0.149596,-0.209434,-0.209434
4465,-0.179515,-0.209434,-0.209434
4466,-0.179515,-0.239354,-0.239354
4467,-0.209434,-0.239354,-0.239354
4468,-0.209434,-0.269273,-0.239354
4469,-0.209434,-0.269273,-0.239354
4470,-0.209434,-0.269273,-0.239354
4471,-0.209434,-0.239354,-0.239354
4472,-0.209434,-0.269273,-0.239354
4473,-0.209434,-0.239354,-0.239354
4474,-0.209434,-0.239354,-0.239354
4475,-0.209434,-0.239354,-0.239354
4476,-0.209434,-0.239354,-0.239354
4477,-0.209434,-0.239354,-0.239354
4478,-0.209434,-0.269273,-0.239354
4479,-0.239354,-0.269273,-0.269273
4480,-0.239354,-0.269273,-0.269273
4481,-0.209434,-0.269273,-0.269273
4482,-0.209434,-0.239354,-0.239354
4483,-0.179515,-0.239354,-0.239354
4484,-0.179515,-0.239354,-0.209434
4485,-0.179515,-0.239354,-0.209434
4486,-0.179515,-0.239354,-0.209434
4487,-0.179515,-0.239354,-0.209434
4488,-0.179515,-0.239354,-0.209434
4489,-0.179515,-0.239354,-0.209434
4490,-0.179515,-0.239354,-0.209434
4491,-0.179515,-0.239354,-0.209434
4492,-0.179515,-0.239354,-0.239354
4493,-0.179515,-0.239354,-0.239354
4494,-0.179515,-0.209434,-0.209434
4495,-0.149596,-0.209434,-0.179515
4496,-0.149596,-0.209434,-0.209434
4497,-0.179515,-0.209434,-0.209434
4498,-0.179515,-0.239354,-0.209434
4499,-0.209434,-0.239354,-0.239354
4500,-0.209434,-0.239354,-0.239354
4501,-0.209434,-0.239354,-0.239354
4502,-0.209434,-0.269273,-0.239354
4503,-0.209434,-0.239354,-0.239354
4504,-0.209434,-0.239354,-0.239354
4505,-0.209434,-0.269273,-0.239354
4506,-0.209434,-0.239354,-0.239354
4507,-0.209434,-0.239354,-0.239354
4508,-0.209434,-0.239354,-0.239354
4509,-0.179515,-0.239354,-0.239354
4510,-0.209434,-0.269273,-0.269273
4511,-0.239354,-0.299192,-0.269273
4512,-0.239354,-0.269273,-0.269273
4513,-0.209434,-0.269273,-0.269273
4514,-0.209434,-0.269273,-0.239354
4515,-0.179515,-0.239354,-0.239354
4516,-0.179515,-0.209434,-0.209434
4517,-0.179515,-0.239354,-0.209434
4518,-0.179515,-0.239354,-0.209434
4519,-0.179515,-0.239354,-0.209434
4520,-0.179515,-0.239354,-0.209434
4521,-0.179515,-0.239354,-0.209434
4522,-0.179515,-0.239354,-0.239354
4523,-0.179515,-0.239354,-0.239354
4524,-0.179515,-0.239354,-0.239354
4525,-0.179515,-0.239354,-0.239354
4526,-0.179515,-0.209434,-0.209434
4527,-0.149596,-0.209434,-0.179515
4528,-0.149596,-0.209434,-0.209434
4529,-0.179515,-0.209434,-0.209434
4530,-0.179515,-0.239354,-0.239354
4531,-0.209434,-0.239354,-0.239354
4532,-0.209434,-0.269273,-0.239354
4533,-0.209434,-0.269273,-0.239354
4534,-0.209434,-0.239354,-0.239354
4535,-0.209434,-0.239354,-0.239354
4536,-0.209434,-0.239354,-0.239354
4537,-0.209434,-0.269273,-0.239354
4538,-0.209434,-0.239354,-0.239354
4539,-0.209434,-0.239354,-0.239354
4540,-0.209434,-0.239354,-0.239354
4541,-0.209434,-0.239354,-0.239354
4542,-0.209434,-0.269273,-0.239354
4543,-0.239354,-0.269273,-0.269273
4544,-0.239354,-0.269273,-0.269273
4545,-0.209434,-0.269273,-0.269273
4546,-0.209434,-0.269273,-0.239354
4547,-0.179515,-0.239354,-0.239354
4548,-0.179515,-0.239354,-0.239354
4549,-0.179515,-0.239354,-0.209434
4550,-0.179515,-0.239354,-0.209434
4551,-0.179515,-0.239354,-0.209434
4552,-0.179515,-0.239354,-0.209434
4553,-0.179515,-0.239354,-0.209434
4554,-0.179515,-0.239354,-0.239354
4555,-0.179515,-0.239354,-0.209434
4556,-0.179515,-0.239354,-0.239354
4557,-0.179515,-0.239354,-0.239354
4558,-0.179515,-0.209434,-0.209434
4559,-0.149596,-0.209434,-0.209434
4560,-0.149596,-0.209434,-0.209434
4561,-0.179515,-0.209434,-0.209434
4562,-0.179515,-0.239354,-0.239354
4563,-0.209434,-0.239354,-0.239354
4564,-0.209434,-0.269273,-0.239354
4565,-0.209434,-0.239354,-0.239354
4566,-0.209434,-0.239354,-0.239354
4567,-0.209434,-0.239354,-0.239354
4568,-0.209434,-0.269273,-0.269273
4569,-0.209434,-0.269273,-0.239354
4570,-0.209434,-0.239354,-0.239354
4571,-0.209434,-0.239354,-0.239354
4572,-0.209434,-0.239354,-0.239354
4573,-0.209434,-0.239354,-0.239354
4574,-0.209434,-0.269273,-0.269273
4575,-0.239354,-0.269273,-0.269273
4576,-0.239354,-0.269273,-0.269273
4577,-0.209434,-0.269273,-0.269273
4578,-0.209434,-0.269273,-0.239354
4579,-0.179515,-0.239354,-0.239354
4580,-0.179515,-0.239354,-0.239354
4581,-0.179515,-0.239354,-0.209434
4582,-0.179515,-0.239354,-0.209434
4583,-0.179515,-0.239354,-0.209434
4584,-0.179515,-0.239354,-0.209434
4585,-0.179515,-0.239354,-0.209434
4586,-0.179515,-0.239354,-0.239354
4587,-0.179515,-0.239354,-0.239354
4588,-0.179515,-0.239354,-0.239354
4589,-0.179515,-0.239354,-0.239354
4590,-0.179515,-0.209434,-0.209434
4591,-0.149596,-0.209434,-0.179515
4592,-0.149596,-0.209434,-0.209434
4593,-0.179515,-0.209434,-0.209434
4594,-0.179515,-0.239354,-0.239354
4595,-0.209434,-0.239354,-0.239354
4596,-0.209434,-0.239354,-0.239354
4597,-0.209434,-0.239354,-0.239354
4598,-0.209434,-0.269273,-0.239354
4599,-0.209434,-0.269273,-0.239354
4600,-0.209434,-0.269273,-0.239354
4601,-0.209434,-0.269273,-0.239354
4602,-0.209434,-0.239354,-0.239354
4603,-0.209434,-0.239354,-0.239354
4604,-0.209434,-0.239354,-0.239354
4605,-0.209434,-0.239354,-0.239354
4606,-0.209434,-0.269273,-0.269273
4607,-0.239354,-0.269273,-0.269273
4608,-0.239354,-0.269273,-0.269273
4609,-0.209434,-0.269273,-0.269273
4610,-0.209434,-0.269273,-0.239354
4611,-0.179515,-0.239354,-0.209434
4612,-0.179515,-0.239354,-0.209434
4613,-0.179515,-0.239354,-0.209434
4614,-0.179515,-0.239354,-0.209434
4615,-0.179515,-0.239354,-0.209434
4616,-0.179515,-0.239354,-0.209434
4617,-0.179515,-0.239354,-0.239354
4618,-0.179515,-0.239354,-0.239354
4619,-0.179515,-0.239354,-0.239354
4620,-0.179515,-0.239354,-0.239354
4621,-0.179515,-0.239354,-0.239354
4622,-0.179515,-0.209434,-0.209434
4623,-0.149596,-0.209434,-0.209434
4624,-0.149596,-0.209434,-0.209434
4625,-0.179515,-0.209434,-0.209434
4626,-0.179515,-0.239354,-0.209434
4627,-0.209434,-0.239354,-0.239354
4628,-0.209434,-0.269273,-0.239354
4629,-0.209434,-0.269273,-0.239354
4630,-0.209434,-0.239354,-0.239354
4631,-0.209434,-0.239354,-0.239354
4632,-0.209434,-0.269273,-0.239354
4633,-0.209434,-0.239354,-0.239354
4634,-0.209434,-0.239354,-0.239354
4635,-0.209434,-0.239354,-0.239354
4636,-0.209434,-0.239354,-0.239354
4637,-0.209434,-0.239354,-0.239354
4638,-0.209434,-0.269273,-0.269273
4639,-0.239354,-0.269273,-0.269273
4640,-0.239354,-0.269273,-0.269273
4641,-0.209434,-0.269273,-0.269273
4642,-0.209434,-0.239354,-0.239354
4643,-0.179515,-0.239354,-0.209434
4644,-0.179515,-0.239354,-0.209434
4645,-0.179515,-0.209434,-0.209434
4646,-0.179515,-0.239354,-0.209434
4647,-0.179515,-0.239354,-0.209434
4648,-0.179515,-0.209434,-0.209434
4649,-0.179515,-0.209434,-0.209434
4650,-0.179515,-0.239354,-0.239354
4651,-0.179515,-0.239354,-0.239354
4652,-0.179515,-0.239354,-0.239354
4653,-0.179515,-0.239354,-0.239354
4654,-0.179515,-0.209434,-0.209434
4655,-0.149596,-0.209434,-0.179515
4656,-0.149596,-0.209434,-0.209434
4657,-0.179515,-0.209434,-0.209434
4658,-0.179515,-0.239354,-0.209434
4659,-0.209434,-0.239354,-0.239354
4660,-0.209434,-0.269273,-0.239354
4661,-0.209434,-0.239354,-0.239354
4662,-0.209434,-0.239354,-0.239354
4663,-0.209434,-0.239354,-0.239354
4664,-0.209434,-0.239354,-0.239354
4665,-0.209434,-0.239354,-0.239354
4666,-0.209434,-0.239354,-0.239354
4667,-0.209434,-0.239354,-0.239354
4668,-0.209434,-0.239354,-0.239354
4669,-0.209434,-0.239354,-0.239354
4670,-0.209434,-0.269273,-0.269273
4671,-0.239354,-0.269273,-0.269273
4672,-0.239354,-0.269273,-0.269273
4673,-0.209434,-0.269273,-0.269273
4674,-0.209434,-0.239354,-0.239354
4675,-0.179515,-0.239354,-0.239354
4676,-0.179515,-0.239354,-0.209434
4677,-0.179515,-0.239354,-0.209434
4678,-0.179515,-0.239354,-0.209434
4679,-0.179515,-0.239354,-0.209434
4680,-0.179515,-0.209434,-0.209434
4681,-0.179515,-0.239354,-0.209434
4682,-0.179515,-0.239354,-0.239354
4683,-0.179515,-0.239354,-0.239354
4684,-0.179515,-0.239354,-0.239354
4685,-0.179515,-0.239354,-0.239354
4686,-0.179515,-0.209434,-0.209434
4687,-0.149596,-0.209434,-0.179515
4688,-0.149596,-0.209434,-0.209434
4689,-0.179515,-0.209434,-0.209434
4690,-0.179515,-0.239354,-0.239354
4691,-0.209434,-0.239354,-0.239354
4692,-0.209434,-0.269273,-0.269273
4693,-0.209434,-0.269273,-0.239354
4694,-0.209434,-0.269273,-0.239354
4695,-0.209434,-0.239354,-0.239354
4696,-0.209434,-0.269273,-0.239354
4697,-0.209434,-0.239354,-0.239354
4698,-0.209434,-0.239354,-0.239354
4699,-0.209434,-0.239354,-0.239354
4700,-0.209434,-0.239354,-0.239354
4701,-0.209434,-0.239354,-0.239354
4702,-0.209434,-0.269273,-0.269273
4703,-0.239354,-0.299192,-0.269273
4704,-0.239354,-0.269273,-0.269273
4705,-0.209434,-0.269273,-0.269273
4706,-0.209434,-0.269273,-0.239354
4707,-0.179515,-0.239354,-0.209434
4708,-0.179515,-0.209434,-0.209434
4709,-0.179515,-0.239354,-0.209434
4710,-0.179515,-0.239354,-0.209434
4711,-0.179515,-0.239354,-0.209434
4712,-0.179515,-0.239354,-0.209434
4713,-0.179515,-0.239354,-0.239354
4714,-0.179515,-0.239354,-0.239354
4715,-0.179515,-0.239354,-0.239354
4716,-0.179515,-0.239354,-0.239354
4717,-0.179515,-0.239354,-0.239354
4718,-0.149596,-0.209434,-0.209434
4719,-0.149596,-0.179515,-0.179515
4720,-0.149596,-0.209434,-0.209434
4721,-0.179515,-0.209434,-0.209434
4722,-0.179515,-0.239354,-0.239354
4723,-0.209434,-0.239354,-0.239354
4724,-0.209434,-0.239354,-0.239354
4725,-0.209434,-0.239354,-0.239354
4726,-0.209434,-0.239354,-0.239354
4727,-0.209434,-0.239354,-0.239354
4728,-0.209434,-0.269273,-0.239354
4729,-0.209434,-0.239354,-0.239354
4730,-0.209434,-0.239354,-0.239354
4731,-0.209434,-0.239354,-0.239354
4732,-0.209434,-0.239354,-0.239354
4733,-0.209434,-0.239354,-0.239354
4734,-0.239354,-0.269273,-0.269273
4735,-0.239354,-0.269273,-0.269273
4736,-0.239354,-0.269273,-0.269273
4737,-0.209434,-0.269273,-0.269273
4738,-0.209434,-0.239354,-0.239354
4739,-0.179515,-0.239354,-0.239354
4740,-0.179515,-0.239354,-0.209434
4741,-0.179515,-0.239354,-0.209434
4742,-0.179515,-0.239354,-0.209434
4743,-0.179515,-0.239354,-0.209434
4744,-0.179515,-0.239354,-0.209434
4745,-0.179515,-0.239354,-0.209434
4746,-0.179515,-0.239354,-0.239354
4747,-0.179515,-0.239354,-0.239354
4748,-0.179515,-0.239354,-0.239354
4749,-0.179515,-0.239354,-0.239354
4750,-0.179515,-0.209434,-0.209434
4751,-0.149596,-0.179515,-0.179515
4752,-0.149596,-0.209434,-0.209434
4753,-0.179515,-0.209434,-0.209434
4754,-0.179515,-0.239354,-0.209434
4755,-0.209434,-0.239354,-0.239354
4756,-0.209434,-0.269273,-0.239354
4757,-0.209434,-0.269273,-0.239354
4758,-0.209434,-0.239354,-0.239354
4759,-0.209434,-0.239354,-0.239354
4760,-0.209434,-0.269273,-0.239354
4761,-0.209434,-0.239354,-0.239354
4762,-0.209434,-0.239354,-0.239354
4763,-0.209434,-0.239354,-0.239354
4764,-0.209434,-0.239354,-0.239354
4765,-0.209434,-0.239354,-0.239354
4766,-0.209434,-0.269273,-0.269273
4767,-0.239354,-0.299192,-0.269273
4768,-0.239354,-0.269273,-0.269273
4769,-0.209434,-0.269273,-0.269273
4770,-0.209434,-0.239354,-0.239354
4771,-0.179515,-0.239354,-0.239354
4772,-0.179515,-0.239354,-0.209434
4773,-0.179515,-0.239354,-0.209434
4774,-0.179515,-0.239354,-0.209434
4775,-0.179515,-0.239354,-0.239354
4776,-0.179515,-0.209434,-0.209434
4777,-0.179515,-0.209434,-0.209434
4778,-0.179515,-0.239354,-0.239354
4779,-0.179515,-0.239354,-0.239354
4780,-0.179515,-0.239354,-0.239354
4781,-0.179515,-0.239354,-0.239354
4782,-0.179515,-0.209434,-0.209434
4783,-0.149596,-0.209434,-0.179515
4784,-0.149596,-0.209434,-0.209434
4785,-0.179515,-0.209434,-0.209434
4786,-0.179515,-0.239354,-0.239354
4787,-0.209434,-0.269273,-0.239354
4788,-0.209434,-0.269273,-0.239354
4789,-0.209434,-0.239354,-0.239354
4790,-0.209434,-0.239354,-0.239354
4791,-0.209434,-0.239354,-0.239354
4792,-0.209434,-0.269273,-0.239354
4793,-0.209434,-0.239354,-0.239354
4794,-0.209434,-0.239354,-0.239354
4795,-0.209434,-0.239354,-0.239354
4796,-0.209434,-0.239354,-0.239354
4797,-0.209434,-0.239354,-0.239354
4798,-0.239354,-0.269273,-0.269273
4799,-0.239354,-0.269273,-0.269273
4800,-0.239354,-0.269273,-0.269273
4801,-0.209434,-0.269273,-0.269273
4802,-0.209434,-0.239354,-0.239354
4803,-0.179515,-0.239354,-0.239354
4804,-0.179515,-0.239354,-0.209434
4805,-0.179515,-0.239354,-0.209434
4806,-0.179515,-0.209434,-0.209434
4807,-0.179515,-0.209434,-0.209434
4808,-0.179515,-0.209434,-0.209434
4809,-0.179515,-0.239354,-0.239354
4810,-0.179515,-0.239354,-0.239354
4811,-0.179515,-0.239354,-0.239354
4812,-0.179515,-0.239354,-0.239354
4813,-0.179515,-0.239354,-0.239354
4814,-0.179515,-0.209434,-0.209434
4815,-0.149596,-0.209434,-0.179515
4816,-0.149596,-0.209434,-0.209434
4817,-0.179515,-0.209434,-0.209434
4818,-0.179515,-0.239354,-0.239354
4819,-0.209434,-0.239354,-0.239354
4820,-0.209434,-0.269273,-0.239354
4821,-0.209434,-0.239354,-0.239354
4822,-0.209434,-0.269273,-0.239354
4823,-0.209434,-0.269273,-0.239354
4824,-0.209434,-0.269273,-0.239354
4825,-0.209434,-0.269273,-0.239354
4826,-0.209434,-0.239354,-0.239354
4827,-0.209434,-0.239354,-0.239354
4828,-0.209434,-0.239354,-0.239354
4829,-0.209434,-0.239354,-0.239354
4830,-0.239354,-0.269273,-0.269273
4831,-0.239354,-0.269273,-0.269273
4832,-0.209434,-0.269273,-0.269273
4833,-0.209434,-0.269273,-0.269273
4834,-0.209434,-0.239354,-0.239354
4835,-0.179515,-0.239354,-0.209434
4836,-0.179515,-0.239354,-0.209434
4837,-0.179515,-0.209434,-0.209434
4838,-0.179515,-0.209434,-0.209434
4839,-0.179515,-0.239354,-0.209434
4840,-0.179515,-0.239354,-0.209434
4841,-0.179515,-0.239354,-0.209434
4842,-0.179515,-0.239354,-0.239354
4843,-0.179515,-0.239354,-0.239354
4844,-0.179515,-0.239354,-0.239354
4845,-0.179515,-0.239354,-0.239354
4846,-0.179515,-0.209434,-0.209434
4847,-0.149596,-0.209434,-0.179515
4848,-0.149596,-0.209434,-0.209434
4849,-0.179515,-0.209434,-0.209434
4850,-0.179515,-0.239354,-0.239354
4851,-0.209434,-0.239354,-0.239354
4852,-0.209434,-0.269273,-0.239354
4853,-0.209434,-0.239354,-0.239354
4854,-0.209434,-0.239354,-0.239354
4855,-0.209434,-0.269273,-0.239354
4856,-0.209434,-0.269273,-0.239354
4857,-0.209434,-0.239354,-0.239354
4858,-0.209434,-0.239354,-0.239354
4859,-0.209434,-0.239354,-0.239354
4860,-0.209434,-0.239354,-0.239354
4861,-0.209434,-0.239354,-0.239354
4862,-0.209434,-0.269273,-0.269273
4863,-0.239354,-0.269273,-0.269273
4864,-0.239354,-0.269273,-0.269273
4865,-0.209434,-0.269273,-0.269273
4866,-0.209434,-0.239354,-0.239354
4867,-0.179515,-0.239354,-0.239354
4868,-0.179515,-0.239354,-0.209434
4869,-0.179515,-0.239354,-0.209434
4870,-0.179515,-0.239354,-0.209434
4871,-0.179515,-0.239354,-0.239354
4872,-0.179515,-0.209434,-0.209434
4873,-0.179515,-0.239354,-0.209434
4874,-0.179515,-0.239354,-0.239354
4875,-0.179515,-0.239354,-0.239354
4876,-0.179515,-0.239354,-0.239354
4877,-0.179515,-0.239354,-0.239354
4878,-0.179515,-0.209434,-0.209434
4879,-0.149596,-0.209434,-0.179515
4880,-0.179515,-0.209434,-0.209434
4881,-0.179515,-0.209434,-0.209434
4882,-0.179515,-0.239354,-0.239354
4883,-0.209434,-0.239354,-0.239354
4884,-0.209434,-0.239354,-0.239354
4885,-0.209434,-0.269273,-0.239354
4886,-0.209434,-0.269273,-0.239354
4887,-0.209434,-0.239354,-0.239354
4888,-0.209434,-0.239354,-0.239354
4889,-0.209434,-0.239354,-0.239354
4890,-0.209434,-0.239354,-0.239354
4891,-0.209434,-0.239354,-0.239354
4892,-0.209434,-0.239354,-0.239354
4893,-0.209434,-0.239354,-0.239354
4894,-0.209434,-0.269273,-0.269273
4895,-0.239354,-0.269273,-0.269273
4896,-0.239354,-0.269273,-0.269273
4897,-0.209434,-0.269273,-0.269273
4898,-0.209434,-0.239354,-0.239354
4899,-0.179515,-0.239354,-0.239354
4900,-0.179515,-0.239354,-0.209434
4901,-0.179515,-0.239354,-0.209434
4902,-0.179515,-0.239354,-0.209434
4903,-0.179515,-0.239354,-0.209434
4904,-0.179515,-0.239354,-0.209434
4905,-0.179515,-0.239354,-0.209434
4906,-0.179515,-0.239354,-0.239354
4907,-0.179515,-0.239354,-0.239354
4908,-0.179515,-0.239354,-0.239354
4909,-0.179515,-0.239354,-0.239354
4910,-0.149596,-0.209434,-0.209434
4911,-0.149596,-0.179515,-0.179515
4912,-0.149596,-0.209434,-0.209434
4913,-0.179515,-0.209434,-0.209434
4914,-0.209434,-0.239354,-0.239354
4915,-0.209434,-0.239354,-0.239354
4916,-0.209434,-0.239354,-0.239354
4917,-0.209434,-0.239354,-0.239354
4918,-0.209434,-0.269273,-0.239354
4919,-0.209434,-0.269273,-0.239354
4920,-0.209434,-0.269273,-0.239354
4921,-0.209434,-0.239354,-0.239354
4922,-0.209434,-0.239354,-0.239354
4923,-0.209434,-0.239354,-0.239354
4924,-0.209434,-0.239354,-0.239354
4925,-0.209434,-0.239354,-0.239354
4926,-0.239354,-0.269273,-0.269273
4927,-0.239354,-0.299192,-0.269273
4928,-0.209434,-0.269273,-0.269273
4929,-0.209434,-0.269273,-0.269273
4930,-0.209434,-0.239354,-0.239354
4931,-0.179515,-0.239354,-0.239354
4932,-0.179515,-0.239354,-0.239354
4933,-0.179515,-0.239354,-0.209434
4934,-0.179515,-0.209434,-0.239354
4935,-0.179515,-0.239354,-0.209434
4936,-0.179515,-0.239354,-0.209434
4937,-0.179515,-0.239354,-0.239354
4938,-0.179515,-0.239354,-0.239354
4939,-0.179515,-0.239354,-0.239354
4940,-0.179515,-0.239354,-0.239354
4941,-0.209434,-0.239354,-0.239354
4942,-0.149596,-0.209434,-0.209434
4943,-0.149596,-0.209434,-0.179515
4944,-0.149596,-0.209434,-0.209434
4945,-0.179515,-0.209434,-0.209434
4946,-0.179515,-0.239354,-0.239354
4947,-0.209434,-0.239354,-0.239354
4948,-0.209434,-0.239354,-0.239354
4949,-0.209434,-0.269273,-0.239354
4950,-0.209434,-0.239354,-0.239354
4951,-0.209434,-0.239354,-0.239354
4952,-0.209434,-0.269273,-0.239354
4953,-0.209434,-0.239354,-0.239354
4954,-0.209434,-0.239354,-0.239354
4955,-0.209434,-0.239354,-0.239354
4956,-0.209434,-0.239354,-0.239354
4957,-0.209434,-0.239354,-0.239354
4958,-0.239354,-0.269273,-0.269273
4959,-0.239354,-0.269273,-0.269273
4960,-0.239354,-0.269273,-0.269273
4961,-0.209434,-0.269273,-0.269273
4962,-0.209434,-0.239354,-0.239354
4963,-0.179515,-0.239354,-0.239354
4964,-0.179515,-0.239354,-0.239354
4965,-0.179515,-0.209434,-0.209434
4966,-0.179515,-0.239354,-0.209434
4967,-0.179515,-0.239354,-0.209434
4968,-0.179515,-0.239354,-0.209434
4969,-0.179515,-0.239354,-0.239354
4970,-0.179515,-0.239354,-0.239354
4971,-0.179515,-0.239354,-0.239354
4972,-0.179515,-0.239354,-0.239354
4973,-0.179515,-0.239354,-0.239354
4974,-0.149596,-0.209434,-0.209434
4975,-0.149596,-0.179515,-0.179515
4976,-0.149596,-0.209434,-0.209434
4977,-0.179515,-0.209434,-0.209434
4978,-0.179515,-0.239354,-0.239354
4979,-0.209434,-0.239354,-0.239354
4980,-0.209434,-0.239354,-0.239354
4981,-0.209434,-0.269273,-0.239354
4982,-0.209434,-0.239354,-0.239354
4983,-0.209434,-0.239354,-0.239354
4984,-0.209434,-0.269273,-0.239354
4985,-0.209434,-0.239354,-0.239354
4986,-0.209434,-0.239354,-0.239354
4987,-0.209434,-0.239354,-0.239354
4988,-0.209434,-0.239354,-0.239354
4989,-0.209434,-0.239354,-0.239354
4990,-0.209434,-0.269273,-0.269273
4991,-0.239354,-0.299192,-0.269273
4992,-0.209434,-0.269273,-0.269273
4993,-0.209434,-0.269273,-0.269273
4994,-0.209434,-0.239354,-0.239354
4995,-0.179515,-0.239354,-0.239354
4996,-0.179515,-0.239354,-0.209434
4997,-0.179515,-0.239354,-0.209434
4998,-0.179515,-0.209434,-0.209434
4999,-0.179515,-0.209434,-0.209434
5000,-0.179515,-0.209434,-0.209434
5001,-0.179515,-0.239354,-0.239354
5002,-0.179515,-0.239354,-0.239354
5003,-0.179515,-0.239354,-0.239354
5004,-0.179515,-0.239354,-0.239354
5005,-0.179515,-0.239354,-0.239354
5006,-0.149596,-0.209434,-0.209434
5007,-0.149596,-0.209434,-0.179515
5008,-0.149596,-0.209434,-0.209434
5009,-0.179515,-0.209434,-0.209434
5010,-0.179515,-0.239354,-0.239354
5011,-0.209434,-0.239354,-0.239354
5012,-0.209434,-0.269273,-0.239354
5013,-0.209434,-0.239354,-0.239354
5014,-0.209434,-0.239354,-0.239354
5015,-0.209434,-0.269273,-0.239354
5016,-0.209434,-0.239354,-0.269273
5017,-0.209434,-0.239354,-0.239354
5018,-0.209434,-0.239354,-0.239354
5019,-0.209434,-0.239354,-0.239354
5020,-0.209434,-0.239354,-0.239354
5021,-0.209434,-0.239354,-0.239354
5022,-0.209434,-0.269273,-0.269273
5023,-0.239354,-0.269273,-0.269273
5024,-0.239354,-0.269273,-0.269273
5025,-0.209434,-0.269273,-0.269273
5026,-0.209434,-0.239354,-0.239354
5027,-0.179515,-0.239354,-0.239354
5028,-0.179515,-0.209434,-0.209434
5029,-0.179515,-0.209434,-0.209434
5030,-0.179515,-0.239354,-0.209434
5031,-0.179515,-0.239354,-0.209434
5032,-0.179515,-0.209434,-0.209434
5033,-0.179515,-0.239354,-0.209434
5034,-0.179515,-0.239354,-0.239354
5035,-0.179515,-0.239354,-0.239354
5036,-0.179515,-0.239354,-0.239354
5037,-0.179515,-0.239354,-0.239354
5038,-0.149596,-0.209434,-0.209434
5039,-0.149596,-0.209434,-0.209434
5040,-0.149596,-0.209434,-0.209434
5041,-0.179515,-0.209434,-0.209434
5042,-0.179515,-0.239354,-0.239354
5043,-0.209434,-0.239354,-0.239354
5044,-0.209434,-0.239354,-0.239354
5045,-0.209434,-0.239354,-0.239354
5046,-0.209434,-0.269273,-0.239354
5047,-0.209434,-0.239354,-0.239354
5048,-0.209434,-0.239354,-0.239354
5049,-0.209434,-0.239354,-0.239354
5050,-0.209434,-0.239354,-0.239354
5051,-0.209434,-0.239354,-0.239354
5052,-0.209434,-0.239354,-0.239354
5053,-0.209434,-0.239354,-0.239354
5054,-0.209434,-0.269273,-0.269273
5055,-0.239354,-0.269273,-0.269273
5056,-0.239354,-0.269273,-0.269273
5057,-0.209434,-0.269273,-0.269273
5058,-0.209434,-0.239354,-0.239354
5059,-0.179515,-0.239354,-0.239354
5060,-0.179515,-0.239354,-0.209434
5061,-0.179515,-0.209434,-0.209434
5062,-0.179515,-0.239354,-0.209434
5063,-0.179515,-0.209434,-0.209434
5064,-0.179515,-0.239354,-0.209434
5065,-0.179515,-0.239354,-0.209434
5066,-0.179515,-0.239354,-0.239354
5067,-0.179515,-0.239354,-0.239354
5068,-0.179515,-0.239354,-0.239354
5069,-0.179515,-0.239354,-0.239354
5070,-0.149596,-0.209434,-0.209434
5071,-0.149596,-0.209434,-0.179515
5072,-0.149596,-0.209434,-0.209434
5073,-0.179515,-0.209434,-0.209434
5074,-0.209434,-0.239354,-0.239354
5075,-0.209434,-0.239354,-0.239354
5076,-0.209434,-0.239354,-0.239354
5077,-0.209434,-0.269273,-0.239354
5078,-0.209434,-0.269273,-0.239354
5079,-0.209434,-0.239354,-0.239354
5080,-0.209434,-0.269273,-0.239354
5081,-0.209434,-0.239354,-0.239354
5082,-0.209434,-0.239354,-0.239354
5083,-0.209434,-0.239354,-0.239354
5084,-0.209434,-0.239354,-0.239354
5085,-0.209434,-0.239354,-0.239354
5086,-0.239354,-0.269273,-0.269273
5087,-0.239354,-0.269273,-0.269273
5088,-0.239354,-0.269273,-0.269273
5089,-0.209434,-0.269273,-0.269273
5090,-0.209434,-0.239354,-0.239354
5091,-0.179515,-0.239354,-0.239354
5092,-0.179515,-0.239354,-0.209434
5093,-0.179515,-0.239354,-0.209434
5094,-0.179515,-0.239354,-0.209434
5095,-0.179515,-0.239354,-0.209434
5096,-0.179515,-0.239354,-0.209434
5097,-0.179515,-0.239354,-0.239354
5098,-0.179515,-0.239354,-0.239354
5099,-0.179515,-0.239354,-0.239354
5100,-0.179515,-0.239354,-0.239354
5101,-0.179515,-0.239354,-0.239354
5102,-0.149596,-0.209434,-0.209434
5103,-0.149596,-0.179515,-0.179515
5104,-0.179515,-0.209434,-0.209434
5105,-0.179515,-0.209434,-0.209434
5106,-0.179515,-0.239354,-0.239354
5107,-0.209434,-0.239354,-0.239354
5108,-0.209434,-0.239354,-0.239354
5109,-0.209434,-0.239354,-0.239354
5110,-0.209434,-0.239354,-0.239354
5111,-0.209434,-0.239354,-0.239354
5112,-0.209434,-0.269273,-0.239354
5113,-0.209434,-0.239354,-0.239354
5114,-0.209434,-0.239354,-0.239354
5115,-0.209434,-0.239354,-0.239354
5116,-0.209434,-0.239354,-0.239354
5117,-0.209434,-0.239354,-0.239354
5118,-0.239354,-0.269273,-0.269273
5119,-0.239354,-0.269273,-0.269273
5120,-0.209434,-0.269273,-0.269273
5121,-0.209434,-0.269273,-0.269273
5122,-0.209434,-0.239354,-0.239354
5123,-0.179515,-0.239354,-0.239354
5124,-0.179515,-0.239354,-0.209434
5125,-0.179515,-0.209434,-0.209434
5126,-0.179515,-0.239354,-0.209434
5127,-0.179515,-0.239354,-0.239354
5128,-0.179515,-0.239354,-0.209434
5129,-0.179515,-0.239354,-0.239354
5130,-0.179515,-0.239354,-0.239354
5131,-0.179515,-0.239354,-0.239354
5132,-0.179515,-0.239354,-0.239354
5133,-0.179515,-0.239354,-0.239354
5134,-0.149596,-0.209434,-0.209434
5135,-0.149596,-0.209434,-0.179515
5136,-0.149596,-0.209434,-0.209434
5137,-0.179515,-0.209434,-0.209434
5138,-0.209434,-0.239354,-0.239354
5139,-0.209434,-0.239354,-0.239354
5140,-0.209434,-0.269273,-0.239354
5141,-0.209434,-0.269273,-0.239354
5142,-0.209434,-0.269273,-0.239354
5143,-0.209434,-0.239354,-0.239354
5144,-0.209434,-0.239354,-0.239354
5145,-0.209434,-0.239354,-0.239354
5146,-0.209434,-0.239354,-0.239354
5147,-0.209434,-0.239354,-0.239354
5148,-0.209434,-0.239354,-0.239354
5149,-0.209434,-0.239354,-0.239354
5150,-0.239354,-0.269273,-0.269273
5151,-0.239354,-0.269273,-0.269273
5152,-0.239354,-0.269273,-0.269273
5153,-0.209434,-0.269273,-0.239354
5154,-0.209434,-0.239354,-0.239354
5155,-0.179515,-0.239354,-0.239354
5156,-0.179515,-0.239354,-0.209434
5157,-0.179515,-0.239354,-0.209434
5158,-0.179515,-0.239354,-0.209434
5159,-0.179515,-0.239354,-0.239354
5160,-0.179515,-0.209434,-0.209434
5161,-0.179515,-0.239354,-0.209434
5162,-0.179515,-0.239354,-0.239354
5163,-0.179515,-0.239354,-0.239354
5164,-0.179515,-0.239354,-0.239354
5165,-0.179515,-0.239354,-0.239354
5166,-0.149596,-0.209434,-0.209434
5167,-0.149596,-0.179515,-0.179515
5168,-0.149596,-0.209434,-0.209434
5169,-0.179515,-0.209434,-0.209434
5170,-0.209434,-0.239354,-0.239354
5171,-0.209434,-0.269273,-0.239354
5172,-0.209434,-0.269273,-0.239354
5173,-0.209434,-0.239354,-0.239354
5174,-0.209434,-0.239354,-0.239354
5175,-0.209434,-0.269273,-0.239354
5176,-0.209434,-0.269273,-0.239354
5177,-0.209434,-0.239354,-0.239354
5178,-0.209434,-0.239354,-0.239354
5179,-0.209434,-0.239354,-0.239354
5180,-0.209434,-0.239354,-0.239354
5181,-0.209434,-0.239354,-0.239354
5182,-0.239354,-0.269273,-0.269273
5183,-0.239354,-0.269273,-0.269273
5184,-0.239354,-0.269273,-0.269273
5185,-0.209434,-0.269273,-0.269273
5186,-0.209434,-0.239354,-0.239354
5187,-0.179515,-0.239354,-0.209434
5188,-0.179515,-0.209434,-0.209434
5189,-0.179515,-0.209434,-0.209434
5190,-0.179515,-0.239354,-0.209434
5191,-0.179515,-0.239354,-0.209434
5192,-0.179515,-0.239354,-0.209434
5193,-0.179515,-0.239354,-0.209434
5194,-0.179515,-0.239354,-0.239354
5195,-0.179515,-0.239354,-0.239354
5196,-0.179515,-0.239354,-0.239354
5197,-0.179515,-0.239354,-0.239354
5198,-0.149596,-0.209434,-0.209434
5199,-0.149596,-0.209434,-0.179515
5200,-0.179515,-0.209434,-0.209434
5201,-0.179515,-0.209434,-0.209434
5202,-0.179515,-0.239354,-0.239354
5203,-0.209434,-0.239354,-0.239354
5204,-0.209434,-0.239354,-0.239354
5205,-0.209434,-0.239354,-0.239354
5206,-0.209434,-0.239354,-0.239354
5207,-0.209434,-0.239354,-0.239354
5208,-0.209434,-0.269273,-0.239354
5209,-0.209434,-0.239354,-0.239354
5210,-0.209434,-0.239354,-0.239354
5211,-0.209434,-0.239354,-0.239354
5212,-0.209434,-0.239354,-0.239354
5213,-0.209434,-0.239354,-0.239354
5214,-0.239354,-0.269273,-0.269273
5215,-0.239354,-0.299192,-0.269273
5216,-0.209434,-0.269273,-0.269273
5217,-0.209434,-0.269273,-0.269273
5218,-0.209434,-0.239354,-0.239354
5219,-0.179515,-0.239354,-0.239354
5220,-0.179515,-0.239354,-0.209434
5221,-0.179515,-0.239354,-0.209434
5222,-0.179515,-0.239354,-0.209434
5223,-0.179515,-0.239354,-0.239354
5224,-0.179515,-0.239354,-0.239354
5225,-0.179515,-0.239354,-0.239354
5226,-0.179515,-0.239354,-0.239354
5227,-0.179515,-0.239354,-0.239354
5228,-0.179515,-0.239354,-0.239354
5229,-0.179515,-0.239354,-0.239354
5230,-0.149596,-0.209434,-0.209434
5231,-0.149596,-0.209434,-0.209434
5232,-0.179515,-0.209434,-0.209434
5233,-0.179515,-0.209434,-0.209434
5234,-0.179515,-0.239354,-0.239354
5235,-0.209434,-0.239354,-0.239354
5236,-0.209434,-0.269273,-0.239354
5237,-0.209434,-0.269273,-0.239354
5238,-0.209434,-0.239354,-0.239354
5239,-0.209434,-0.269273,-0.239354
5240,-0.209434,-0.269273,-0.239354
5241,-0.209434,-0.239354,-0.239354
5242,-0.209434,-0.239354,-0.239354
5243,-0.209434,-0.239354,-0.239354
5244,-0.209434,-0.239354,-0.239354
5245,-0.209434,-0.239354,-0.239354
5246,-0.239354,-0.269273,-0.269273
5247,-0.239354,-0.269273,-0.269273
5248,-0.209434,-0.269273,-0.269273
5249,-0.209434,-0.269273,-0.239354
5250,-0.209434,-0.239354,-0.239354
5251,-0.179515,-0.239354,-0.239354
5252,-0.179515,-0.239354,-0.209434
5253,-0.179515,-0.239354,-0.209434
5254,-0.179515,-0.239354,-0.209434
5255,-0.179515,-0.239354,-0.209434
5256,-0.179515,-0.239354,-0.209434
5257,-0.179515,-0.239354,-0.209434
5258,-0.179515,-0.239354,-0.239354
5259,-0.179515,-0.239354,-0.239354
5260,-0.179515,-0.239354,-0.239354
5261,-0.179515,-0.239354,-0.239354
5262,-0.149596,-0.209434,-0.209434
5263,-0.149596,-0.209434,-0.179515
5264,-0.149596,-0.209434,-0.209434
5265,-0.179515,-0.209434,-0.209434
5266,-0.179515,-0.239354,-0.239354
5267,-0.209434,-0.239354,-0.239354
5268,-0.209434,-0.239354,-0.239354
5269,-0.209434,-0.269273,-0.239354
5270,-0.209434,-0.269273,-0.239354
5271,-0.209434,-0.239354,-0.239354
5272,-0.209434,-0.239354,-0.239354
5273,-0.209434,-0.269273,-0.239354
5274,-0.209434,-0.239354,-0.239354
5275,-0.209434,-0.239354,-0.239354
5276,-0.209434,-0.239354,-0.239354
5277,-0.209434,-0.239354,-0.239354
5278,-0.239354,-0.269273,-0.269273
5279,-0.239354,-0.269273,-0.269273
5280,-0.239354,-0.269273,-0.269273
5281,-0.209434,-0.269273,-0.239354
5282,-0.209434,-0.239354,-0.239354
5283,-0.179515,-0.239354,-0.239354
5284,-0.179515,-0.239354,-0.209434
5285,-0.179515,-0.239354,-0.239354
5286,-0.179515,-0.239354,-0.209434
5287,-0.179515,-0.239354,-0.239354
5288,-0.179515,-0.239354,-0.209434
5289,-0.179515,-0.239354,-0.209434
5290,-0.209434,-0.239354,-0.239354
5291,-0.179515,-0.239354,-0.239354
5292,-0.179515,-0.239354,-0.239354
5293,-0.179515,-0.239354,-0.239354
5294,-0.149596,-0.209434,-0.209434
5295,-0.149596,-0.209434,-0.179515
5296,-0.149596,-0.209434,-0.209434
5297,-0.179515,-0.209434,-0.209434
5298,-0.209434,-0.239354,-0.239354
5299,-0.209434,-0.239354,-0.239354
5300,-0.209434,-0.239354,-0.239354
5301,-0.209434,-0.269273,-0.239354
5302,-0.209434,-0.239354,-0.239354
5303,-0.209434,-0.239354,-0.239354
5304,-0.209434,-0.239354,-0.239354
5305,-0.209434,-0.239354,-0.239354
5306,-0.209434,-0.239354,-0.239354
5307,-0.209434,-0.239354,-0.239354
5308,-0.209434,-0.239354,-0.239354
5309,-0.209434,-0.239354,-0.239354
5310,-0.209434,-0.269273,-0.269273
5311,-0.239354,-0.269273,-0.269273
5312,-0.239354,-0.269273,-0.269273
5313,-0.209434,-0.269273,-0.269273
5314,-0.209434,-0.239354,-0.239354
5315,-0.179515,-0.239354,-0.209434
5316,-0.179515,-0.239354,-0.209434
5317,-0.179515,-0.239354,-0.209434
5318,-0.179515,-0.239354,-0.209434
5319,-0.179515,-0.239354,-0.209434
5320,-0.179515,-0.239354,-0.209434
5321,-0.179515,-0.239354,-0.239354
5322,-0.179515,-0.239354,-0.239354
5323,-0.179515,-0.239354,-0.239354
5324,-0.209434,-0.239354,-0.239354
5325,-0.179515,-0.239354,-0.239354
5326,-0.149596,-0.209434,-0.209434
5327,-0.149596,-0.209434,-0.179515
5328,-0.149596,-0.209434,-0.209434
5329,-0.179515,-0.209434,-0.209434
5330,-0.179515,-0.239354,-0.239354
5331,-0.209434,-0.239354,-0.239354
5332,-0.209434,-0.269273,-0.239354
5333,-0.209434,-0.269273,-0.239354
5334,-0.209434,-0.269273,-0.239354
5335,-0.209434,-0.269273,-0.239354
5336,-0.209434,-0.239354,-0.239354
5337,-0.209434,-0.239354,-0.239354
5338,-0.209434,-0.239354,-0.239354
5339,-0.209434,-0.239354,-0.239354
5340,-0.209434,-0.239354,-0.239354
5341,-0.209434,-0.239354,-0.239354
5342,-0.239354,-0.269273,-0.269273
5343,-0.239354,-0.269273,-0.269273
5344,-0.239354,-0.269273,-0.269273
5345,-0.209434,-0.269273,-0.239354
5346,-0.179515,-0.239354,-0.239354
5347,-0.179515,-0.239354,-0.239354
5348,-0.179515,-0.239354,-0.209434
5349,-0.179515,-0.239354,-0.239354
5350,-0.179515,-0.239354,-0.209434
5351,-0.179515,-0.239354,-0.209434
5352,-0.179515,-0.239354,-0.239354
5353,-0.179515,-0.239354,-0.239354
5354,-0.179515,-0.239354,-0.239354
5355,-0.179515,-0.239354,-0.239354
5356,-0.179515,-0.239354,-0.239354
5357,-0.179515,-0.239354,-0.239354
5358,-0.149596,-0.209434,-0.179515
5359,-0.149596,-0.209434,-0.179515
5360,-0.179515,-0.209434,-0.209434
5361,-0.179515,-0.209434,-0.209434
5362,-0.209434,-0.239354,-0.239354
5363,-0.209434,-0.269273,-0.239354
5364,-0.209434,-0.269273,-0.239354
5365,-0.209434,-0.269273,-0.239354
5366,-0.209434,-0.269273,-0.239354
5367,-0.209434,-0.269273,-0.239354
5368,-0.209434,-0.269273,-0.239354
5369,-0.209434,-0.239354,-0.239354
5370,-0.209434,-0.239354,-0.239354
5371,-0.209434,-0.239354,-0.239354
5372,-0.209434,-0.239354,-0.239354
5373,-0.209434,-0.239354,-0.239354
5374,-0.239354,-0.269273,-0.269273
5375,-0.239354,-0.269273,-0.269273
5376,-0.239354,-0.269273,-0.269273
5377,-0.209434,-0.269273,-0.269273
5378,-0.209434,-0.239354,-0.239354
5379,-0.179515,-0.239354,-0.209434
5380,-0.179515,-0.239354,-0.209434
5381,-0.179515,-0.209434,-0.209434
5382,-0.179515,-0.239354,-0.209434
5383,-0.179515,-0.239354,-0.209434
5384,-0.179515,-0.239354,-0.209434
5385,-0.179515,-0.239354,-0.239354
5386,-0.179515,-0.239354,-0.239354
5387,-0.179515,-0.239354,-0.239354
5388,-0.179515,-0.239354,-0.239354
5389,-0.179515,-0.239354,-0.239354
5390,-0.149596,-0.209434,-0.179515
5391,-0.149596,-0.209434,-0.179515
5392,-0.179515,-0.209434,-0.209434
5393,-0.179515,-0.209434,-0.209434
5394,-0.209434,-0.239354,-0.239354
5395,-0.209434,-0.269273,-0.239354
5396,-0.209434,-0.239354,-0.239354
5397,-0.209434,-0.269273,-0.239354
5398,-0.209434,-0.239354,-0.239354
5399,-0.209434,-0.239354,-0.239354
5400,-0.209434,-0.269273,-0.239354
5401,-0.209434,-0.239354,-0.239354
5402,-0.209434,-0.239354,-0.239354
5403,-0.209434,-0.239354,-0.239354
5404,-0.179515,-0.239354,-0.239354
5405,-0.209434,-0.239354,-0.239354
5406,-0.239354,-0.269273,-0.269273
5407,-0.239354,-0.299192,-0.269273
5408,-0.239354,-0.269273,-0.269273
5409,-0.209434,-0.269273,-0.269273
5410,-0.209434,-0.239354,-0.239354
5411,-0.179515,-0.209434,-0.209434
5412,-0.179515,-0.209434,-0.209434
5413,-0.179515,-0.239354,-0.209434
5414,-0.179515,-0.239354,-0.209434
5415,-0.179515,-0.239354,-0.209434
5416,-0.179515,-0.239354,-0.209434
5417,-0.179515,-0.239354,-0.239354
5418,-0.179515,-0.239354,-0.239354
5419,-0.179515,-0.239354,-0.239354
5420,-0.179515,-0.239354,-0.239354
5421,-0.179515,-0.239354,-0.239354
5422,-0.149596,-0.209434,-0.209434
5423,-0.149596,-0.209434,-0.209434
5424,-0.149596,-0.209434,-0.209434
5425,-0.179515,-0.239354,-0.209434
5426,-0.209434,-0.239354,-0.239354
5427,-0.209434,-0.269273,-0.239354
5428,-0.209434,-0.269273,-0.239354
5429,-0.209434,-0.269273,-0.239354
5430,-0.209434,-0.239354,-0.239354
5431,-0.209434,-0.269273,-0.239354
5432,-0.209434,-0.269273,-0.239354
5433,-0.209434,-0.239354,-0.239354
5434,-0.209434,-0.239354,-0.239354
5435,-0.209434,-0.239354,-0.239354
5436,-0.209434,-0.239354,-0.239354
5437,-0.209434,-0.239354,-0.239354
5438,-0.239354,-0.269273,-0.269273
5439,-0.239354,-0.299192,-0.269273
5440,-0.209434,-0.269273,-0.269273
5441,-0.209434,-0.269273,-0.239354
5442,-0.209434,-0.239354,-0.239354
5443,-0.179515,-0.239354,-0.209434
5444,-0.179515,-0.239354,-0.209434
5445,-0.179515,-0.209434,-0.209434
5446,-0.179515,-0.239354,-0.209434
5447,-0.179515,-0.239354,-0.209434
5448,-0.179515,-0.239354,-0.209434
5449,-0.179515,-0.239354,-0.209434
5450,-0.179515,-0.239354,-0.239354
5451,-0.179515,-0.239354,-0.239354
5452,-0.179515,-0.239354,-0.239354
5453,-0.179515,-0.239354,-0.209434
5454,-0.149596,-0.209434,-0.179515
5455,-0.149596,-0.209434,-0.179515
5456,-0.149596,-0.209434,-0.209434
5457,-0.179515,-0.209434,-0.209434
5458,-0.179515,-0.239354,-0.239354
5459,-0.209434,-0.269273,-0.269273
5460,-0.239354,-0.299192,-0.269273
5461,-0.239354,-0.299192,-0.269273
5462,-0.269273,-0.329111,-0.299192
5463,-0.239354,-0.269273,-0.269273
5464,-0.209434,-0.269273,-0.239354
5465,-0.209434,-0.269273,-0.239354
5466,-0.209434,-0.239354,-0.239354
5467,-0.179515,-0.239354,-0.239354
5468,-0.209434,-0.239354,-0.239354
5469,-0.209434,-0.269273,-0.239354
5470,-0.239354,-0.269273,-0.269273
5471,-0.239354,-0.269273,-0.269273
5472,-0.239354,-0.269273,-0.269273
5473,-0.209434,-0.269273,-0.269273
5474,-0.209434,-0.239354,-0.239354
5475,-0.179515,-0.239354,-0.209434
5476,-0.179515,-0.239354,-0.209434
5477,-0.179515,-0.209434,-0.209434
5478,-0.179515,-0.209434,-0.209434
5479,-0.179515,-0.209434,-0.209434
5480,-0.179515,-0.239354,-0.209434
5481,-0.179515,-0.239354,-0.209434
5482,-0.179515,-0.239354,-0.209434
5483,-0.179515,-0.239354,-0.209434
5484,-0.179515,-0.239354,-0.239354
5485,-0.179515,-0.209434,-0.209434
5486,-0.149596,-0.179515,-0.179515
5487,-0.149596,-0.209434,-0.179515
5488,-0.149596,-0.209434,-0.209434
5489,-0.179515,-0.209434,-0.209434
5490,-0.209434,-0.239354,-0.239354
5491,-0.209434,-0.239354,-0.239354
5492,-0.209434,-0.269273,-0.239354
5493,-0.209434,-0.269273,-0.239354
5494,-0.209434,-0.239354,-0.239354
5495,-0.209434,-0.269273,-0.239354
5496,-0.209434,-0.239354,-0.239354
5497,-0.209434,-0.239354,-0.239354
5498,-0.209434,-0.239354,-0.239354
5499,-0.209434,-0.239354,-0.239354
5500,-0.209434,-0.239354,-0.239354
5501,-0.209434,-0.239354,-0.239354
5502,-0.239354,-0.299192,-0.269273
5503,-0.239354,-0.299192,-0.269273
5504,-0.239354,-0.269273,-0.269273
5505,-0.209434,-0.269273,-0.239354
5506,-0.209434,-0.239354,-0.239354
5507,-0.179515,-0.239354,-0.239354
5508,-0.179515,-0.239354,-0.209434
5509,-0.179515,-0.239354,-0.209434
5510,-0.179515,-0.239354,-0.209434
5511,-0.179515,-0.239354,-0.209434
5512,-0.179515,-0.239354,-0.209434
5513,-0.179515,-0.239354,-0.209434
5514,-0.179515,-0.239354,-0.239354
5515,-0.179515,-0.239354,-0.239354
5516,-0.179515,-0.239354,-0.239354
5517,-0.179515,-0.239354,-0.239354
5518,-0.149596,-0.209434,-0.209434
5519,-0.149596,-0.209434,-0.209434
5520,-0.179515,-0.209434,-0.209434
5521,-0.179515,-0.209434,-0.209434
5522,-0.209434,-0.239354,-0.239354
5523,-0.209434,-0.269273,-0.239354
5524,-0.209434,-0.269273,-0.269273
5525,-0.209434,-0.269273,-0.239354
5526,-0.209434,-0.239354,-0.239354
5527,-0.209434,-0.269273,-0.239354
5528,-0.209434,-0.269273,-0.239354
5529,-0.209434,-0.239354,-0.239354
5530,-0.209434,-0.239354,-0.239354
5531,-0.209434,-0.239354,-0.239354
5532,-0.209434,-0.239354,-0.239354
5533,-0.209434,-0.239354,-0.239354
5534,-0.239354,-0.269273,-0.269273
5535,-0.239354,-0.269273,-0.269273
5536,-0.209434,-0.269273,-0.269273
5537,-0.209434,-0.269273,-0.239354
5538,-0.179515,-0.239354,-0.239354
5539,-0.179515,-0.239354,-0.209434
5540,-0.179515,-0.239354,-0.209434
5541,-0.179515,-0.209434,-0.209434
5542,-0.179515,-0.209434,-0.209434
5543,-0.179515,-0.239354,-0.209434
5544,-0.179515,-0.209434,-0.209434
5545,-0.179515,-0.239354,-0.209434
5546,-0.179515,-0.239354,-0.239354
5547,-0.179515,-0.239354,-0.239354
5548,-0.179515,-0.239354,-0.239354
5549,-0.179515,-0.239354,-0.209434
5550,-0.149596,-0.209434,-0.179515
5551,-0.149596,-0.209434,-0.179515
5552,-0.149596,-0.209434,-0.209434
5553,-0.179515,-0.209434,-0.209434
5554,-0.209434,-0.239354,-0.239354
5555,-0.209434,-0.239354,-0.239354
5556,-0.209434,-0.269273,-0.239354
5557,-0.209434,-0.239354,-0.239354
5558,-0.209434,-0.239354,-0.239354
5559,-0.209434,-0.239354,-0.239354
5560,-0.209434,-0.239354,-0.239354
5561,-0.209434,-0.239354,-0.239354
5562,-0.209434,-0.239354,-0.239354
5563,-0.179515,-0.239354,-0.239354
5564,-0.179515,-0.239354,-0.239354
5565,-0.209434,-0.239354,-0.239354
5566,-0.209434,-0.269273,-0.269273
5567,-0.239354,-0.269273,-0.269273
5568,-0.209434,-0.269273,-0.269273
5569,-0.209434,-0.269273,-0.269273
5570,-0.209434,-0.239354,-0.239354
5571,-0.179515,-0.209434,-0.209434
5572,-0.179515,-0.209434,-0.209434
5573,-0.179515,-0.209434,-0.209434
5574,-0.179515,-0.209434,-0.209434
5575,-0.179515,-0.239354,-0.209434
5576,-0.179515,-0.239354,-0.209434
5577,-0.179515,-0.239354,-0.209434
5578,-0.179515,-0.239354,-0.209434
5579,-0.179515,-0.239354,-0.239354
5580,-0.179515,-0.239354,-0.239354
5581,-0.179515,-0.239354,-0.209434
5582,-0.149596,-0.209434,-0.179515
5583,-0.149596,-0.179515,-0.179515
5584,-0.149596,-0.209434,-0.209434
5585,-0.179515,-0.209434,-0.209434
5586,-0.209434,-0.239354,-0.239354
5587,-0.209434,-0.239354,-0.239354
5588,-0.209434,-0.269273,-0.239354
5589,-0.209434,-0.269273,-0.239354
5590,-0.209434,-0.239354,-0.239354
5591,-0.209434,-0.239354,-0.239354
5592,-0.209434,-0.239354,-0.239354
5593,-0.209434,-0.239354,-0.239354
5594,-0.209434,-0.239354,-0.239354
5595,-0.209434,-0.239354,-0.239354
5596,-0.179515,-0.239354,-0.239354
5597,-0.209434,-0.239354,-0.239354
5598,-0.239354,-0.269273,-0.269273
5599,-0.239354,-0.269273,-0.269273
5600,-0.209434,-0.269273,-0.269273
5601,-0.209434,-0.269273,-0.239354
5602,-0.179515,-0.239354,-0.239354
5603,-0.179515,-0.239354,-0.209434
5604,-0.179515,-0.239354,-0.209434
5605,-0.179515,-0.239354,-0.209434
5606,-0.179515,-0.209434,-0.209434
5607,-0.179515,-0.209434,-0.209434
5608,-0.179515,-0.209434,-0.209434
5609,-0.179515,-0.239354,-0.239354
5610,-0.179515,-0.239354,-0.239354
5611,-0.179515,-0.239354,-0.239354
5612,-0.179515,-0.239354,-0.239354
5613,-0.179515,-0.239354,-0.209434
5614,-0.149596,-0.209434,-0.209434
5615,-0.149596,-0.209434,-0.179515
5616,-0.149596,-0.209434,-0.209434
5617,-0.179515,-0.239354,-0.209434
5618,-0.179515,-0.239354,-0.239354
5619,-0.209434,-0.269273,-0.239354
5620,-0.209434,-0.269273,-0.239354
5621,-0.209434,-0.269273,-0.239354
5622,-0.209434,-0.269273,-0.239354
5623,-0.209434,-0.269273,-0.239354
5624,-0.209434,-0.239354,-0.239354
5625,-0.209434,-0.239354,-0.239354
5626,-0.209434,-0.239354,-0.239354
5627,-0.209434,-0.239354,-0.239354
5628,-0.209434,-0.239354,-0.239354
5629,-0.209434,-0.269273,-0.239354
5630,-0.239354,-0.299192,-0.269273
5631,-0.239354,-0.269273,-0.269273
5632,-0.239354,-0.269273,-0.269273
5633,-0.209434,-0.269273,-0.239354
5634,-0.179515,-0.239354,-0.239354
5635,-0.179515,-0.239354,-0.209434
5636,-0.179515,-0.239354,-0.209434
5637,-0.179515,-0.239354,-0.209434
5638,-0.179515,-0.239354,-0.209434
5639,-0.179515,-0.239354,-0.209434
5640,-0.179515,-0.239354,-0.209434
5641,-0.179515,-0.239354,-0.209434
5642,-0.179515,-0.239354,-0.239354
5643,-0.179515,-0.239354,-0.239354
5644,-0.179515,-0.239354,-0.239354
5645,-0.179515,-0.239354,-0.209434
5646,-0.149596,-0.209434,-0.179515
5647,-0.149596,-0.209434,-0.179515
5648,-0.179515,-0.209434,-0.209434
5649,-0.179515,-0.239354,-0.209434
5650,-0.209434,-0.239354,-0.239354
5651,-0.209434,-0.269273,-0.239354
5652,-0.209434,-0.269273,-0.239354
5653,-0.209434,-0.269273,-0.239354
5654,-0.209434,-0.269273,-0.239354
5655,-0.209434,-0.239354,-0.239354
5656,-0.209434,-0.269273,-0.239354
5657,-0.209434,-0.239354,-0.239354
5658,-0.209434,-0.239354,-0.239354
5659,-0.209434,-0.239354,-0.239354
5660,-0.209434,-0.239354,-0.239354
5661,-0.209434,-0.239354,-0.239354
5662,-0.239354,-0.269273,-0.269273
5663,-0.239354,-0.269273,-0.269273
5664,-0.239354,-0.269273,-0.269273
5665,-0.209434,-0.269273,-0.239354
5666,-0.209434,-0.239354,-0.239354
5667,-0.179515,-0.239354,-0.209434
5668,-0.179515,-0.239354,-0.209434
5669,-0.179515,-0.239354,-0.209434
5670,-0.179515,-0.239354,-0.209434
5671,-0.179515,-0.239354,-0.209434
5672,-0.179515,-0.239354,-0.209434
5673,-0.179515,-0.239354,-0.209434
5674,-0.179515,-0.239354,-0.209434
5675,-0.179515,-0.239354,-0.239354
5676,-0.179515,-0.239354,-0.239354
5677,-0.179515,-0.239354,-0.209434
5678,-0.149596,-0.209434,-0.179515
5679,-0.149596,-0.209434,-0.209434
5680,-0.179515,-0.209434,-0.209434
5681,-0.179515,-0.239354,-0.209434
5682,-0.209434,-0.239354,-0.239354
5683,-0.209434,-0.269273,-0.239354
5684,-0.209434,-0.269273,-0.239354
5685,-0.209434,-0.239354,-0.239354
5686,-0.209434,-0.239354,-0.239354
5687,-0.209434,-0.269273,-0.239354
5688,-0.209434,-0.269273,-0.239354
5689,-0.209434,-0.239354,-0.239354
5690,-0.209434,-0.239354,-0.239354
5691,-0.209434,-0.239354,-0.239354
5692,-0.209434,-0.239354,-0.239354
5693,-0.209434,-0.269273,-0.239354
5694,-0.239354,-0.269273,-0.269273
5695,-0.239354,-0.269273,-0.269273
5696,-0.239354,-0.269273,-0.269273
5697,-0.209434,-0.269273,-0.239354
5698,-0.209434,-0.239354,-0.239354
5699,-0.179515,-0.239354,-0.209434
5700,-0.179515,-0.239354,-0.209434
5701,-0.179515,-0.209434,-0.209434
5702,-0.179515,-0.239354,-0.209434
5703,-0.179515,-0.239354,-0.209434
5704,-0.179515,-0.239354,-0.209434
5705,-0.179515,-0.239354,-0.239354
5706,-0.179515,-0.239354,-0.239354
5707,-0.179515,-0.239354,-0.239354
5708,-0.179515,-0.239354,-0.239354
5709,-0.179515,-0.239354,-0.239354
5710,-0.149596,-0.209434,-0.209434
5711,-0.149596,-0.209434,-0.209434
5712,-0.179515,-0.209434,-0.209434
5713,-0.179515,-0.239354,-0.239354
5714,-0.209434,-0.239354,-0.239354
5715,-0.209434,-0.269273,-0.239354
5716,-0.209434,-0.269273,-0.239354
5717,-0.209434,-0.269273,-0.239354
5718,-0.209434,-0.269273,-0.239354
5719,-0.209434,-0.269273,-0.239354
5720,-0.209434,-0.269273,-0.239354
5721,-0.209434,-0.239354,-0.239354
5722,-0.209434,-0.239354,-0.239354
5723,-0.209434,-0.269273,-0.239354
5724,-0.209434,-0.239354,-0.239354
5725,-0.209434,-0.269273,-0.239354
5726,-0.239354,-0.269273,-0.269273
5727,-0.239354,-0.269273,-0.269273
5728,-0.239354,-0.269273,-0.269273
5729,-0.209434,-0.269273,-0.239354
5730,-0.179515,-0.239354,-0.239354
5731,-0.179515,-0.239354,-0.239354
5732,-0.179515,-0.239354,-0.209434
5733,-0.179515,-0.239354,-0.209434
5734,-0.179515,-0.239354,-0.209434
5735,-0.179515,-0.239354,-0.209434
5736,-0.179515,-0.239354,-0.239354
5737,-0.179515,-0.239354,-0.239354
5738,-0.179515,-0.239354,-0.209434
5739,-0.179515,-0.239354,-0.239354
5740,-0.179515,-0.239354,-0.239354
5741,-0.179515,-0.239354,-0.209434
5742,-0.149596,-0.209434,-0.179515
5743,-0.149596,-0.209434,-0.209434
5744,-0.179515,-0.209434,-0.209434
5745,-0.179515,-0.239354,-0.209434
5746,-0.209434,-0.239354,-0.239354
5747,-0.209434,-0.269273,-0.239354
5748,-0.209434,-0.269273,-0.239354
5749,-0.209434,-0.269273,-0.239354
5750,-0.209434,-0.269273,-0.239354
5751,-0.209434,-0.269273,-0.239354
5752,-0.209434,-0.269273,-0.239354
5753,-0.209434,-0.239354,-0.239354
5754,-0.209434,-0.239354,-0.239354
5755,-0.209434,-0.239354,-0.239354
5756,-0.209434,-0.239354,-0.239354
5757,-0.209434,-0.239354,-0.239354
5758,-0.239354,-0.269273,-0.269273
5759,-0.239354,-0.269273,-0.269273
5760,-0.209434,-0.269273,-0.269273
5761,-0.209434,-0.239354,-0.239354
5762,-0.179515,-0.239354,-0.239354
5763,-0.179515,-0.239354,-0.209434
5764,-0.179515,-0.239354,-0.209434
5765,-0.179515,-0.209434,-0.209434
5766,-0.179515,-0.239354,-0.209434
5767,-0.179515,-0.239354,-0.209434
5768,-0.179515,-0.209434,-0.209434
5769,-0.179515,-0.239354,-0.209434
5770,-0.179515,-0.239354,-0.239354
5771,-0.179515,-0.239354,-0.239354
5772,-0.179515,-0.239354,-0.239354
5773,-0.179515,-0.239354,-0.209434
5774,-0.149596,-0.209434,-0.179515
5775,-0.149596,-0.209434,-0.209434
5776,-0.179515,-0.209434,-0.209434
5777,-0.179515,-0.239354,-0.209434
5778,-0.209434,-0.239354,-0.239354
5779,-0.209434,-0.239354,-0.239354
5780,-0.209434,-0.239354,-0.239354
5781,-0.209434,-0.269273,-0.239354
5782,-0.209434,-0.269273,-0.239354
5783,-0.209434,-0.239354,-0.239354
5784,-0.209434,-0.269273,-0.239354
5785,-0.209434,-0.239354,-0.239354
5786,-0.209434,-0.239354,-0.239354
5787,-0.209434,-0.239354,-0.239354
5788,-0.209434,-0.239354,-0.239354
5789,-0.209434,-0.269273,-0.269273
5790,-0.239354,-0.269273,-0.269273
5791,-0.239354,-0.269273,-0.269273
5792,-0.209434,-0.269273,-0.269273
5793,-0.209434,-0.269273,-0.239354
5794,-0.179515,-0.239354,-0.239354
5795,-0.179515,-0.239354,-0.209434
5796,-0.179515,-0.209434,-0.209434
5797,-0.179515,-0.239354,-0.209434
5798,-0.179515,-0.239354,-0.239354
5799,-0.179515,-0.239354,-0.209434
5800,-0.179515,-0.239354,-0.209434
5801,-0.179515,-0.239354,-0.239354
5802,-0.179515,-0.239354,-0.239354
5803,-0.179515,-0.239354,-0.239354
5804,-0.179515,-0.239354,-0.239354
5805,-0.179515,-0.239354,-0.209434
5806,-0.149596,-0.209434,-0.209434
5807,-0.149596,-0.209434,-0.209434
5808,-0.179515,-0.209434,-0.209434
5809,-0.179515,-0.239354,-0.209434
5810,-0.209434,-0.239354,-0.239354
5811,-0.209434,-0.269273,-0.239354
5812,-0.209434,-0.269273,-0.269273
5813,-0.209434,-0.269273,-0.239354
5814,-0.209434,-0.269273,-0.239354
5815,-0.209434,-0.239354,-0.239354
5816,-0.209434,-0.269273,-0.239354
5817,-0.209434,-0.239354,-0.239354
5818,-0.209434,-0.239354,-0.239354
5819,-0.209434,-0.239354,-0.239354
5820,-0.209434,-0.239354,-0.239354
5821,-0.209434,-0.269273,-0.239354
5822,-0.239354,-0.299192,-0.269273
5823,-0.239354,-0.269273,-0.269273
5824,-0.239354,-0.269273,-0.269273
5825,-0.209434,-0.269273,-0.239354
5826,-0.179515,-0.239354,-0.239354
5827,-0.179515,-0.239354,-0.209434
5828,-0.179515,-0.239354,-0.209434
5829,-0.179515,-0.239354,-0.209434
5830,-0.179515,-0.239354,-0.209434
5831,-0.179515,-0.239354,-0.209434
5832,-0.179515,-0.239354,-0.209434
5833,-0.179515,-0.239354,-0.239354
5834,-0.179515,-0.239354,-0.239354
5835,-0.179515,-0.239354,-0.239354
5836,-0.179515,-0.239354,-0.239354
5837,-0.179515,-0.209434,-0.209434
5838,-0.149596,-0.209434,-0.209434
5839,-0.149596,-0.209434,-0.209434
5840,-0.179515,-0.209434,-0.209434
5841,-0.179515,-0.239354,-0.209434
5842,-0.209434,-0.239354,-0.239354
5843,-0.209434,-0.269273,-0.269273
5844,-0.209434,-0.269273,-0.239354
5845,-0.209434,-0.239354,-0.239354
5846,-0.209434,-0.239354,-0.239354
5847,-0.209434,-0.269273,-0.239354
5848,-0.209434,-0.239354,-0.239354
5849,-0.209434,-0.239354,-0.239354
5850,-0.209434,-0.239354,-0.239354
5851,-0.209434,-0.239354,-0.239354
5852,-0.209434,-0.239354,-0.239354
5853,-0.209434,-0.269273,-0.239354
5854,-0.239354,-0.269273,-0.269273
5855,-0.239354,-0.269273,-0.269273
5856,-0.209434,-0.269273,-0.269273
5857,-0.209434,-0.269273,-0.239354
5858,-0.179515,-0.239354,-0.239354
5859,-0.179515,-0.239354,-0.239354
5860,-0.179515,-0.209434,-0.209434
5861,-0.179515,-0.239354,-0.209434
5862,-0.179515,-0.239354,-0.209434
5863,-0.179515,-0.239354,-0.209434
5864,-0.179515,-0.239354,-0.209434
5865,-0.179515,-0.239354,-0.239354
5866,-0.179515,-0.239354,-0.239354
5867,-0.179515,-0.239354,-0.239354
5868,-0.179515,-0.239354,-0.239354
5869,-0.179515,-0.209434,-0.209434
5870,-0.149596,-0.209434,-0.179515
5871,-0.149596,-0.209434,-0.209434
5872,-0.179515,-0.209434,-0.209434
5873,-0.179515,-0.239354,-0.209434
5874,-0.209434,-0.239354,-0.239354
5875,-0.209434,-0.239354,-0.239354
5876,-0.209434,-0.269273,-0.239354
5877,-0.209434,-0.269273,-0.239354
5878,-0.209434,-0.269273,-0.239354
5879,-0.209434,-0.269273,-0.239354
5880,-0.209434,-0.269273,-0.239354
5881,-0.209434,-0.239354,-0.239354
5882,-0.209434,-0.239354,-0.239354
5883,-0.209434,-0.239354,-0.239354
5884,-0.209434,-0.239354,-0.239354
5885,-0.209434,-0.269273,-0.269273
5886,-0.239354,-0.299192,-0.269273
5887,-0.239354,-0.269273,-0.269273
5888,-0.209434,-0.269273,-0.269273
5889,-0.209434,-0.269273,-0.239354
5890,-0.179515,-0.239354,-0.239354
5891,-0.179515,-0.239354,-0.209434
5892,-0.179515,-0.239354,-0.209434
5893,-0.179515,-0.239354,-0.209434
5894,-0.179515,-0.239354,-0.209434
5895,-0.179515,-0.239354,-0.239354
5896,-0.179515,-0.239354,-0.209434
5897,-0.179515,-0.239354,-0.209434
5898,-0.179515,-0.239354,-0.239354
5899,-0.179515,-0.239354,-0.239354
5900,-0.179515,-0.239354,-0.239354
5901,-0.179515,-0.209434,-0.209434
5902,-0.149596,-0.209434,-0.209434
5903,-0.149596,-0.209434,-0.209434
5904,-0.179515,-0.209434,-0.209434
5905,-0.179515,-0.239354,-0.209434
5906,-0.209434,-0.239354,-0.239354
5907,-0.209434,-0.239354,-0.239354
5908,-0.209434,-0.269273,-0.239354
5909,-0.209434,-0.239354,-0.239354
5910,-0.209434,-0.239354,-0.239354
5911,-0.209434,-0.239354,-0.239354
5912,-0.209434,-0.269273,-0.239354
5913,-0.209434,-0.239354,-0.239354
5914,-0.209434,-0.239354,-0.239354
5915,-0.209434,-0.239354,-0.239354
5916,-0.209434,-0.239354,-0.239354
5917,-0.209434,-0.269273,-0.269273
5918,-0.239354,-0.269273,-0.269273
5919,-0.239354,-0.269273,-0.269273
5920,-0.239354,-0.269273,-0.269273
5921,-0.209434,-0.269273,-0.239354
5922,-0.179515,-0.239354,-0.239354
5923,-0.179515,-0.239354,-0.239354
5924,-0.179515,-0.239354,-0.209434
5925,-0.179515,-0.239354,-0.209434
5926,-0.179515,-0.239354,-0.209434
5927,-0.179515,-0.239354,-0.239354
5928,-0.179515,-0.239354,-0.209434
5929,-0.179515,-0.239354,-0.209434
5930,-0.179515,-0.239354,-0.209434
5931,-0.179515,-0.239354,-0.239354
5932,-0.179515,-0.239354,-0.239354
5933,-0.179515,-0.209434,-0.209434
5934,-0.149596,-0.209434,-0.179515
5935,-0.149596,-0.209434,-0.209434
5936,-0.179515,-0.209434,-0.209434
5937,-0.179515,-0.239354,-0.239354
5938,-0.209434,-0.239354,-0.239354
5939,-0.209434,-0.269273,-0.239354
5940,-0.209434,-0.269273,-0.239354
5941,-0.209434,-0.269273,-0.239354
5942,-0.209434,-0.239354,-0.239354
5943,-0.209434,-0.269273,-0.239354
5944,-0.209434,-0.269273,-0.239354
5945,-0.209434,-0.239354,-0.239354
5946,-0.209434,-0.239354,-0.239354
5947,-0.209434,-0.239354,-0.239354
5948,-0.209434,-0.239354,-0.239354
5949,-0.209434,-0.269273,-0.269273
5950,-0.239354,-0.269273,-0.269273
5951,-0.239354,-0.269273,-0.269273
5952,-0.209434,-0.269273,-0.269273
5953,-0.209434,-0.269273,-0.239354
5954,-0.179515,-0.239354,-0.239354
5955,-0.179515,-0.239354,-0.209434
5956,-0.179515,-0.209434,-0.209434
5957,-0.179515,-0.239354,-0.239354
5958,-0.179515,-0.239354,-0.209434
5959,-0.179515,-0.239354,-0.209434
5960,-0.179515,-0.239354,-0.239354
5961,-0.179515,-0.239354,-0.239354
5962,-0.179515,-0.239354,-0.239354
5963,-0.179515,-0.239354,-0.239354
5964,-0.179515,-0.239354,-0.239354
5965,-0.179515,-0.239354,-0.209434
5966,-0.149596,-0.209434,-0.179515
5967,-0.149596,-0.209434,-0.209434
5968,-0.179515,-0.209434,-0.209434
5969,-0.179515,-0.239354,-0.239354
5970,-0.209434,-0.239354,-0.239354
5971,-0.209434,-0.239354,-0.239354
5972,-0.209434,-0.239354,-0.239354
5973,-0.209434,-0.239354,-0.239354
5974,-0.209434,-0.239354,-0.239354
5975,-0.209434,-0.239354,-0.239354
5976,-0.209434,-0.269273,-0.239354
5977,-0.209434,-0.239354,-0.239354
5978,-0.209434,-0.239354,-0.239354
5979,-0.179515,-0.239354,-0.239354
5980,-0.209434,-0.239354,-0.239354
5981,-0.209434,-0.269273,-0.269273
5982,-0.239354,-0.269273,-0.269273
5983,-0.239354,-0.269273,-0.269273
5984,-0.209434,-0.269273,-0.269273
5985,-0.209434,-0.269273,-0.239354
5986,-0.179515,-0.239354,-0.239354
5987,-0.179515,-0.209434,-0.209434
5988,-0.179515,-0.239354,-0.239354
5989,-0.179515,-0.239354,-0.209434
5990,-0.179515,-0.239354,-0.209434
5991,-0.179515,-0.209434,-0.209434
5992,-0.179515,-0.209434,-0.239354
5993,-0.179515,-0.239354,-0.209434
5994,-0.179515,-0.239354,-0.239354
5995,-0.179515,-0.239354,-0.239354
5996,-0.179515,-0.239354,-0.239354
5997,-0.179515,-0.209434,-0.209434
5998,-0.149596,-0.209434,-0.179515
5999,-0.149596,-0.209434,-0.209434
6000,-0.149596,-0.209434,-0.209434
6001,-0.179515,-0.239354,-0.239354
6002,-0.209434,-0.239354,-0.239354
6003,-0.209434,-0.269273,-0.239354
6004,-0.209434,-0.239354,-0.239354
6005,-0.209434,-0.239354,-0.239354
6006,-0.209434,-0.239354,-0.239354
6007,-0.209434,-0.269273,-0.239354
6008,-0.209434,-0.269273,-0.239354
6009,-0.209434,-0.239354,-0.239354
6010,-0.209434,-0.239354,-0.239354
6011,-0.209434,-0.239354,-0.239354
6012,-0.209434,-0.239354,-0.239354
6013,-0.209434,-0.269273,-0.269273
6014,-0.239354,-0.299192,-0.269273
6015,-0.239354,-0.269273,-0.269273
6016,-0.209434,-0.269273,-0.269273
6017,-0.209434,-0.269273,-0.239354
6018,-0.179515,-0.239354,-0.239354
6019,-0.179515,-0.239354,-0.209434
6020,-0.179515,-0.239354,-0.209434
6021,-0.179515,-0.239354,-0.209434
6022,-0.179515,-0.239354,-0.209434
6023,-0.179515,-0.239354,-0.209434
6024,-0.179515,-0.239354,-0.209434
6025,-0.179515,-0.239354,-0.239354
6026,-0.179515,-0.239354,-0.239354
6027,-0.179515,-0.239354,-0.239354
6028,-0.179515,-0.239354,-0.239354
6029,-0.179515,-0.209434,-0.209434
6030,-0.149596,-0.209434,-0.179515
6031,-0.149596,-0.209434,-0.179515
6032,-0.179515,-0.209434,-0.209434
6033,-0.179515,-0.239354,-0.209434
6034,-0.209434,-0.239354,-0.239354
6035,-0.209434,-0.269273,-0.269273
6036,-0.209434,-0.269273,-0.239354
6037,-0.209434,-0.269273,-0.239354
6038,-0.209434,-0.269273,-0.239354
6039,-0.209434,-0.269273,-0.239354
6040,-0.209434,-0.269273,-0.239354
6041,-0.209434,-0.239354,-0.239354
6042,-0.209434,-0.239354,-0.239354
6043,-0.209434,-0.239354,-0.239354
6044,-0.209434,-0.239354,-0.239354
6045,-0.209434,-0.269273,-0.239354
6046,-0.239354,-0.299192,-0.269273
6047,-0.239354,-0.269273,-0.269273
6048,-0.209434,-0.269273,-0.269273
6049,-0.209434,-0.269273,-0.239354
6050,-0.179515,-0.239354,-0.239354
6051,-0.179515,-0.209434,-0.209434
6052,-0.179515,-0.239354,-0.209434
6053,-0.179515,-0.239354,-0.209434
6054,-0.179515,-0.239354,-0.209434
6055,-0.179515,-0.239354,-0.209434
6056,-0.179515,-0.239354,-0.209434
6057,-0.179515,-0.239354,-0.239354
6058,-0.209434,-0.239354,-0.239354
6059,-0.179515,-0.239354,-0.239354
6060,-0.179515,-0.239354,-0.239354
6061,-0.179515,-0.209434,-0.209434
6062,-0.149596,-0.209434,-0.179515
6063,-0.149596,-0.209434,-0.209434
6064,-0.179515,-0.209434,-0.209434
6065,-0.179515,-0.239354,-0.239354
6066,-0.209434,-0.239354,-0.239354
6067,-0.209434,-0.269273,-0.239354
6068,-0.209434,-0.239354,-0.239354
6069,-0.209434,-0.269273,-0.239354
6070,-0.209434,-0.269273,-0.239354
6071,-0.209434,-0.269273,-0.239354
6072,-0.209434,-0.239354,-0.239354
6073,-0.209434,-0.239354,-0.239354
6074,-0.209434,-0.239354,-0.239354
6075,-0.209434,-0.239354,-0.239354
6076,-0.209434,-0.239354,-0.239354
6077,-0.209434,-0.269273,-0.269273
6078,-0.239354,-0.269273,-0.269273
6079,-0.239354,-0.269273,-0.269273
6080,-0.209434,-0.269273,-0.269273
6081,-0.209434,-0.239354,-0.239354
6082,-0.179515,-0.239354,-0.239354
6083,-0.179515,-0.239354,-0.209434
6084,-0.179515,-0.239354,-0.209434
6085,-0.179515,-0.239354,-0.209434
6086,-0.179515,-0.239354,-0.239354
6087,-0.179515,-0.239354,-0.239354
6088,-0.179515,-0.239354,-0.209434
6089,-0.179515,-0.239354,-0.239354
6090,-0.179515,-0.239354,-0.239354
6091,-0.179515,-0.239354,-0.239354
6092,-0.179515,-0.239354,-0.239354
6093,-0.179515,-0.209434,-0.209434
6094,-0.149596,-0.209434,-0.179515
6095,-0.149596,-0.209434,-0.179515
6096,-0.179515,-0.209434,-0.209434
6097,-0.179515,-0.239354,-0.239354
6098,-0.209434,-0.269273,-0.239354
6099,-0.209434,-0.269273,-0.239354
6100,-0.209434,-0.239354,-0.239354
6101,-0.209434,-0.269273,-0.239354
6102,-0.209434,-0.239354,-0.239354
6103,-0.209434,-0.269273,-0.239354
6104,-0.209434,-0.269273,-0.239354
6105,-0.209434,-0.239354,-0.239354
6106,-0.209434,-0.239354,-0.239354
6107,-0.209434,-0.239354,-0.239354
6108,-0.179515,-0.239354,-0.239354
6109,-0.209434,-0.269273,-0.269273
6110,-0.239354,-0.269273,-0.269273
6111,-0.239354,-0.269273,-0.269273
6112,-0.209434,-0.269273,-0.269273
6113,-0.209434,-0.239354,-0.239354
6114,-0.179515,-0.239354,-0.239354
6115,-0.179515,-0.209434,-0.239354
6116,-0.179515,-0.209434,-0.209434
6117,-0.179515,-0.239354,-0.209434
6118,-0.179515,-0.239354,-0.209434
6119,-0.179515,-0.239354,-0.209434
6120,-0.179515,-0.239354,-0.239354
6121,-0.179515,-0.239354,-0.239354
6122,-0.179515,-0.239354,-0.239354
6123,-0.179515,-0.239354,-0.239354
6124,-0.209434,-0.239354,-0.239354
6125,-0.179515,-0.209434,-0.209434
6126,-0.149596,-0.209434,-0.179515
6127,-0.149596,-0.209434,-0.209434
6128,-0.179515,-0.209434,-0.209434
6129,-0.179515,-0.239354,-0.239354
6130,-0.209434,-0.239354,-0.239354
6131,-0.209434,-0.269273,-0.239354
6132,-0.209434,-0.239354,-0.239354
6133,-0.209434,-0.239354,-0.239354
6134,-0.209434,-0.239354,-0.239354
6135,-0.209434,-0.269273,-0.239354
6136,-0.209434,-0.239354,-0.239354
6137,-0.209434,-0.239354,-0.239354
6138,-0.209434,-0.239354,-0.239354
6139,-0.209434,-0.239354,-0.239354
6140,-0.209434,-0.239354,-0.239354
6141,-0.209434,-0.269273,-0.239354
6142,-0.239354,-0.269273,-0.269273
6143,-0.239354,-0.269273,-0.269273
6144,-0.239354,-0.269273,-0.269273
6145,-0.239354,-0.269273,-0.269273
6146,-0.179515,-0.239354,-0.239354
6147,-0.179515,-0.239354,-0.209434
6148,-0.179515,-0.239354,-0.239354
6149,-0.179515,-0.239354,-0.209434
6150,-0.179515,-0.239354,-0.239354
6151,-0.179515,-0.239354,-0.209434
6152,-0.179515,-0.239354,-0.209434
6153,-0.179515,-0.239354,-0.239354
6154,-0.179515,-0.239354,-0.239354
6155,-0.209434,-0.239354,-0.239354
6156,-0.209434,-0.239354,-0.239354
6157,-0.179515,-0.209434,-0.209434
6158,-0.149596,-0.209434,-0.179515
6159,-0.149596,-0.209434,-0.209434
6160,-0.179515,-0.209434,-0.209434
6161,-0.179515,-0.239354,-0.239354
6162,-0.209434,-0.239354,-0.239354
6163,-0.209434,-0.239354,-0.239354
6164,-0.209434,-0.239354,-0.239354
6165,-0.209434,-0.269273,-0.239354
6166,-0.209434,-0.239354,-0.239354
6167,-0.209434,-0.239354,-0.239354
6168,-0.209434,-0.239354,-0.239354
6169,-0.179515,-0.239354,-0.239354
6170,-0.179515,-0.239354,-0.239354
6171,-0.209434,-0.239354,-0.239354
6172,-0.209434,-0.239354,-0.239354
6173,-0.209434,-0.269273,-0.269273
6174,-0.239354,-0.269273,-0.269273
6175,-0.209434,-0.269273,-0.269273
6176,-0.209434,-0.269273,-0.269273
6177,-0.209434,-0.239354,-0.239354
6178,-0.179515,-0.239354,-0.239354
6179,-0.179515,-0.239354,-0.239354
6180,-0.179515,-0.239354,-0.209434
6181,-0.179515,-0.239354,-0.209434
6182,-0.179515,-0.239354,-0.209434
6183,-0.179515,-0.239354,-0.209434
6184,-0.179515,-0.239354,-0.209434
6185,-0.179515,-0.239354,-0.239354
6186,-0.179515,-0.239354,-0.239354
6187,-0.179515,-0.239354,-0.239354
6188,-0.179515,-0.239354,-0.239354
6189,-0.179515,-0.209434,-0.209434
6190,-0.149596,-0.209434,-0.209434
6191,-0.149596,-0.209434,-0.209434
6192,-0.179515,-0.209434,-0.209434
6193,-0.179515,-0.239354,-0.239354
6194,-0.209434,-0.269273,-0.239354
6195,-0.209434,-0.269273,-0.239354
6196,-0.209434,-0.269273,-0.239354
6197,-0.209434,-0.269273,-0.239354
6198,-0.209434,-0.269273,-0.239354
6199,-0.209434,-0.269273,-0.269273
6200,-0.209434,-0.269273,-0.239354
6201,-0.209434,-0.269273,-0.239354
6202,-0.209434,-0.239354,-0.239354
6203,-0.209434,-0.239354,-0.239354
6204,-0.209434,-0.239354,-0.239354
6205,-0.209434,-0.269273,-0.269273
6206,-0.239354,-0.299192,-0.269273
6207,-0.239354,-0.299192,-0.269273
6208,-0.239354,-0.269273,-0.269273
6209,-0.209434,-0.269273,-0.239354
6210,-0.179515,-0.239354,-0.239354
6211,-0.179515,-0.239354,-0.209434
6212,-0.179515,-0.239354,-0.209434
6213,-0.179515,-0.209434,-0.209434
6214,-0.179515,-0.239354,-0.209434
6215,-0.179515,-0.239354,-0.209434
6216,-0.179515,-0.239354,-0.209434
6217,-0.179515,-0.239354,-0.239354
6218,-0.179515,-0.239354,-0.239354
6219,-0.179515,-0.239354,-0.239354
6220,-0.179515,-0.239354,-0.239354
6221,-0.179515,-0.209434,-0.209434
6222,-0.149596,-0.209434,-0.179515
6223,-0.149596,-0.209434,-0.209434
6224,-0.179515,-0.209434,-0.209434
6225,-0.179515,-0.239354,-0.209434
6226,-0.209434,-0.239354,-0.239354
6227,-0.209434,-0.239354,-0.239354
6228,-0.209434,-0.239354,-0.239354
6229,-0.209434,-0.239354,-0.239354
6230,-0.209434,-0.239354,-0.239354
6231,-0.209434,-0.239354,-0.239354
6232,-0.209434,-0.239354,-0.239354
6233,-0.209434,-0.239354,-0.239354
6234,-0.209434,-0.239354,-0.239354
6235,-0.179515,-0.239354,-0.239354
6236,-0.209434,-0.239354,-0.239354
6237,-0.209434,-0.269273,-0.269273
6238,-0.239354,-0.269273,-0.269273
6239,-0.209434,-0.269273,-0.269273
6240,-0.209434,-0.269273,-0.269273
6241,-0.209434,-0.239354,-0.239354
6242,-0.179515,-0.239354,-0.239354
6243,-0.179515,-0.209434,-0.209434
6244,-0.179515,-0.209434,-0.209434
6245,-0.179515,-0.209434,-0.209434
6246,-0.179515,-0.209434,-0.209434
6247,-0.179515,-0.209434,-0.209434
6248,-0.179515,-0.239354,-0.209434
6249,-0.179515,-0.239354,-0.209434
6250,-0.179515,-0.239354,-0.209434
6251,-0.179515,-0.239354,-0.209434
6252,-0.179515,-0.239354,-0.239354
6253,-0.179515,-0.209434,-0.209434
6254,-0.149596,-0.179515,-0.179515
6255,-0.149596,-0.209434,-0.209434
6256,-0.179515,-0.209434,-0.209434
6257,-0.179515,-0.239354,-0.239354
6258,-0.209434,-0.239354,-0.239354
6259,-0.209434,-0.239354,-0.239354
6260,-0.209434,-0.239354,-0.239354
6261,-0.209434,-0.239354,-0.239354
6262,-0.209434,-0.239354,-0.239354
6263,-0.209434,-0.239354,-0.239354
6264,-0.209434,-0.239354,-0.239354
6265,-0.209434,-0.239354,-0.239354
6266,-0.209434,-0.239354,-0.239354
6267,-0.209434,-0.239354,-0.239354
6268,-0.209434,-0.239354,-0.239354
6269,-0.209434,-0.269273,-0.269273
6270,-0.239354,-0.269273,-0.269273
6271,-0.209434,-0.269273,-0.269273
6272,-0.209434,-0.269273,-0.239354
6273,-0.209434,-0.239354,-0.239354
6274,-0.179515,-0.239354,-0.239354
6275,-0.179515,-0.209434,-0.209434
6276,-0.179515,-0.209434,-0.209434
6277,-0.179515,-0.209434,-0.209434
6278,-0.179515,-0.209434,-0.209434
6279,-0.179515,-0.209434,-0.209434
6280,-0.179515,-0.209434,-0.209434
6281,-0.179515,-0.239354,-0.239354
6282,-0.179515,-0.239354,-0.239354
6283,-0.179515,-0.239354,-0.239354
6284,-0.179515,-0.239354,-0.239354
6285,-0.179515,-0.209434,-0.209434
6286,-0.149596,-0.179515,-0.179515
6287,-0.149596,-0.209434,-0.209434
6288,-0.149596,-0.209434,-0.209434
6289,-0.179515,-0.239354,-0.209434
6290,-0.209434,-0.239354,-0.239354
6291,-0.209434,-0.239354,-0.239354
6292,-0.209434,-0.269273,-0.239354
6293,-0.209434,-0.269273,-0.239354
6294,-0.209434,-0.239354,-0.239354
6295,-0.209434,-0.239354,-0.239354
6296,-0.209434,-0.239354,-0.239354
6297,-0.209434,-0.239354,-0.239354
6298,-0.179515,-0.239354,-0.239354
6299,-0.209434,-0.239354,-0.239354
6300,-0.179515,-0.239354,-0.239354
6301,-0.209434,-0.269273,-0.269273
6302,-0.239354,-0.269273,-0.269273
6303,-0.209434,-0.269273,-0.269273
6304,-0.209434,-0.269273,-0.269273
6305,-0.209434,-0.239354,-0.239354
6306,-0.179515,-0.239354,-0.239354
6307,-0.179515,-0.239354,-0.209434
6308,-0.179515,-0.209434,-0.209434
6309,-0.179515,-0.209434,-0.209434
6310,-0.179515,-0.239354,-0.209434
6311,-0.179515,-0.209434,-0.209434
6312,-0.179515,-0.239354,-0.209434
6313,-0.179515,-0.239354,-0.209434
6314,-0.179515,-0.239354,-0.239354
6315,-0.179515,-0.239354,-0.239354
6316,-0.179515,-0.239354,-0.209434
6317,-0.149596,-0.209434,-0.209434
6318,-0.149596,-0.179515,-0.179515
6319,-0.149596,-0.209434,-0.209434
6320,-0.149596,-0.209434,-0.209434
6321,-0.179515,-0.239354,-0.209434
6322,-0.209434,-0.239354,-0.239354
6323,-0.209434,-0.239354,-0.239354
6324,-0.209434,-0.239354,-0.239354
6325,-0.209434,-0.239354,-0.239354
6326,-0.209434,-0.239354,-0.239354
6327,-0.209434,-0.239354,-0.239354
6328,-0.209434,-0.269273,-0.239354
6329,-0.209434,-0.239354,-0.239354
6330,-0.209434,-0.239354,-0.239354
6331,-0.209434,-0.239354,-0.239354
6332,-0.179515,-0.239354,-0.239354
6333,-0.209434,-0.269273,-0.239354
6334,-0.239354,-0.269273,-0.269273
6335,-0.239354,-0.269273,-0.269273
6336,-0.209434,-0.269273,-0.239354
6337,-0.209434,-0.239354,-0.239354
6338,-0.179515,-0.239354,-0.239354
6339,-0.179515,-0.209434,-0.209434
6340,-0.179515,-0.209434,-0.209434
6341,-0.179515,-0.209434,-0.209434
6342,-0.179515,-0.209434,-0.209434
6343,-0.179515,-0.209434,-0.209434
6344,-0.179515,-0.239354,-0.209434
6345,-0.179515,-0.239354,-0.209434
6346,-0.179515,-0.239354,-0.239354
6347,-0.179515,-0.239354,-0.239354
6348,-0.179515,-0.239354,-0.239354
6349,-0.179515,-0.209434,-0.209434
6350,-0.149596,-0.179515,-0.179515
6351,-0.149596,-0.209434,-0.209434
6352,-0.149596,-0.209434,-0.209434
6353,-0.179515,-0.239354,-0.239354
6354,-0.209434,-0.239354,-0.239354
6355,-0.209434,-0.269273,-0.239354
6356,-0.209434,-0.269273,-0.269273
6357,-0.209434,-0.239354,-0.239354
6358,-0.209434,-0.239354,-0.239354
6359,-0.209434,-0.269273,-0.239354
6360,-0.209434,-0.269273,-0.239354
6361,-0.209434,-0.239354,-0.239354
6362,-0.209434,-0.239354,-0.239354
6363,-0.209434,-0.239354,-0.239354
6364,-0.209434,-0.239354,-0.239354
6365,-0.209434,-0.269273,-0.269273
6366,-0.239354,-0.269273,-0.269273
6367,-0.239354,-0.269273,-0.269273
6368,-0.209434,-0.269273,-0.269273
6369,-0.209434,-0.269273,-0.239354
6370,-0.179515,-0.239354,-0.239354
6371,-0.179515,-0.239354,-0.239354
6372,-0.179515,-0.239354,-0.209434
6373,-0.179515,-0.239354,-0.209434
6374,-0.179515,-0.239354,-0.209434
6375,-0.179515,-0.239354,-0.209434
6376,-0.179515,-0.239354,-0.239354
6377,-0.179515,-0.239354,-0.239354
6378,-0.179515,-0.239354,-0.239354
6379,-0.179515,-0.239354,-0.239354
6380,-0.179515,-0.239354,-0.239354
6381,-0.179515,-0.209434,-0.209434
6382,-0.149596,-0.209434,-0.179515
6383,-0.149596,-0.209434,-0.209434
6384,-0.179515,-0.209434,-0.209434
6385,-0.179515,-0.239354,-0.239354
6386,-0.209434,-0.239354,-0.239354
6387,-0.209434,-0.269273,-0.239354
6388,-0.209434,-0.269273,-0.239354
6389,-0.209434,-0.239354,-0.239354
6390,-0.209434,-0.239354,-0.239354
6391,-0.209434,-0.269273,-0.239354
6392,-0.209434,-0.239354,-0.239354
6393,-0.209434,-0.239354,-0.239354
6394,-0.209434,-0.239354,-0.239354
6395,-0.209434,-0.239354,-0.239354
6396,-0.209434,-0.239354,-0.239354
6397,-0.209434,-0.269273,-0.269273
6398,-0.239354,-0.269273,-0.269273
6399,-0.239354,-0.269273,-0.269273
6400,-0.209434,-0.269273,-0.269273
6401,-0.209434,-0.239354,-0.239354
6402,-0.179515,-0.239354,-0.239354
6403,-0.179515,-0.239354,-0.239354
6404,-0.179515,-0.239354,-0.209434
6405,-0.179515,-0.239354,-0.209434
6406,-0.179515,-0.239354,-0.209434
6407,-0.179515,-0.239354,-0.209434
6408,-0.179515,-0.239354,-0.209434
6409,-0.179515,-0.239354,-0.239354
6410,-0.179515,-0.239354,-0.239354
6411,-0.179515,-0.239354,-0.239354
6412,-0.179515,-0.239354,-0.239354
6413,-0.179515,-0.209434,-0.209434
6414,-0.149596,-0.209434,-0.179515
6415,-0.149596,-0.209434,-0.209434
6416,-0.179515,-0.209434,-0.209434
6417,-0.179515,-0.239354,-0.239354
6418,-0.209434,-0.239354,-0.239354
6419,-0.209434,-0.239354,-0.239354
6420,-0.209434,-0.239354,-0.239354
6421,-0.209434,-0.239354,-0.239354
6422,-0.209434,-0.269273,-0.239354
6423,-0.209434,-0.269273,-0.239354
6424,-0.209434,-0.239354,-0.239354
6425,-0.209434,-0.239354,-0.239354
6426,-0.209434,-0.239354,-0.239354
6427,-0.209434,-0.239354,-0.239354
6428,-0.209434,-0.239354,-0.239354
6429,-0.239354,-0.269273,-0.269273
6430,-0.239354,-0.299192,-0.269273
6431,-0.239354,-0.269273,-0.269273
6432,-0.209434,-0.269273,-0.269273
6433,-0.209434,-0.239354,-0.239354
6434,-0.179515,-0.239354,-0.239354
6435,-0.179515,-0.239354,-0.209434
6436,-0.179515,-0.239354,-0.239354
6437,-0.179515,-0.239354,-0.239354
6438,-0.179515,-0.239354,-0.209434
6439,-0.179515,-0.239354,-0.209434
6440,-0.179515,-0.239354,-0.239354
6441,-0.179515,-0.239354,-0.239354
6442,-0.179515,-0.239354,-0.239354
6443,-0.179515,-0.239354,-0.239354
6444,-0.179515,-0.239354,-0.239354
6445,-0.179515,-0.209434,-0.209434
6446,-0.149596,-0.209434,-0.179515
6447,-0.149596,-0.209434,-0.209434
6448,-0.179515,-0.209434,-0.209434
6449,-0.179515,-0.239354,-0.239354
6450,-0.209434,-0.239354,-0.239354
6451,-0.209434,-0.239354,-0.239354
6452,-0.209434,-0.239354,-0.239354
6453,-0.209434,-0.239354,-0.239354
6454,-0.209434,-0.239354,-0.239354
6455,-0.209434,-0.269273,-0.239354
6456,-0.209434,-0.239354,-0.239354
6457,-0.209434,-0.239354,-0.239354
6458,-0.209434,-0.239354,-0.239354
6459,-0.209434,-0.239354,-0.239354
6460,-0.209434,-0.239354,-0.239354
6461,-0.209434,-0.269273,-0.269273
6462,-0.239354,-0.299192,-0.269273
6463,-0.239354,-0.269273,-0.269273
6464,-0.209434,-0.269273,-0.269273
6465,-0.209434,-0.239354,-0.239354
6466,-0.179515,-0.239354,-0.239354
6467,-0.179515,-0.209434,-0.209434
6468,-0.179515,-0.209434,-0.209434
6469,-0.179515,-0.209434,-0.209434
6470,-0.179515,-0.209434,-0.209434
6471,-0.179515,-0.239354,-0.209434
6472,-0.179515,-0.239354,-0.209434
6473,-0.179515,-0.239354,-0.239354
6474,-0.179515,-0.239354,-0.239354
6475,-0.179515,-0.239354,-0.239354
6476,-0.179515,-0.239354,-0.239354
6477,-0.149596,-0.209434,-0.209434
6478,-0.149596,-0.209434,-0.179515
6479,-0.149596,-0.209434,-0.209434
6480,-0.179515,-0.209434,-0.209434
6481,-0.179515,-0.239354,-0.239354
6482,-0.209434,-0.239354,-0.239354
6483,-0.209434,-0.269273,-0.239354
6484,-0.209434,-0.269273,-0.239354
6485,-0.209434,-0.239354,-0.239354
6486,-0.209434,-0.239354,-0.239354
6487,-0.209434,-0.269273,-0.239354
6488,-0.209434,-0.239354,-0.239354
6489,-0.209434,-0.239354,-0.239354
6490,-0.209434,-0.239354,-0.239354
6491,-0.209434,-0.239354,-0.239354
6492,-0.209434,-0.239354,-0.239354
6493,-0.239354,-0.269273,-0.269273
6494,-0.239354,-0.269273,-0.269273
6495,-0.209434,-0.269273,-0.269273
6496,-0.209434,-0.269273,-0.269273
6497,-0.209434,-0.239354,-0.239354
6498,-0.179515,-0.239354,-0.239354
6499,-0.179515,-0.239354,-0.209434
6500,-0.179515,-0.239354,-0.209434
6501,-0.179515,-0.239354,-0.209434
6502,-0.179515,-0.239354,-0.209434
6503,-0.179515,-0.239354,-0.209434
6504,-0.179515,-0.239354,-0.239354
6505,-0.179515,-0.239354,-0.239354
6506,-0.179515,-0.239354,-0.239354
6507,-0.179515,-0.239354,-0.239354
6508,-0.179515,-0.239354,-0.239354
6509,-0.179515,-0.209434,-0.209434
6510,-0.149596,-0.179515,-0.179515
6511,-0.149596,-0.209434,-0.209434
6512,-0.179515,-0.209434,-0.209434
6513,-0.179515,-0.239354,-0.239354
6514,-0.209434,-0.239354,-0.239354
6515,-0.209434,-0.269273,-0.239354
6516,-0.209434,-0.269273,-0.239354
6517,-0.209434,-0.269273,-0.239354
6518,-0.209434,-0.239354,-0.239354
6519,-0.209434,-0.269273,-0.239354
6520,-0.209434,-0.239354,-0.239354
6521,-0.209434,-0.239354,-0.239354
6522,-0.209434,-0.239354,-0.239354
6523,-0.209434,-0.239354,-0.239354
6524,-0.209434,-0.239354,-0.239354
6525,-0.239354,-0.269273,-0.269273
6526,-0.239354,-0.269273,-0.269273
6527,-0.239354,-0.269273,-0.269273
6528,-0.209434,-0.269273,-0.269273
6529,-0.209434,-0.239354,-0.239354
6530,-0.179515,-0.239354,-0.239354
6531,-0.179515,-0.239354,-0.209434
6532,-0.179515,-0.209434,-0.209434
6533,-0.179515,-0.239354,-0.209434
6534,-0.179515,-0.239354,-0.209434
6535,-0.179515,-0.239354,-0.209434
6536,-0.179515,-0.239354,-0.239354
6537,-0.179515,-0.239354,-0.239354
6538,-0.179515,-0.239354,-0.239354
6539,-0.179515,-0.239354,-0.239354
6540,-0.179515,-0.239354,-0.239354
6541,-0.179515,-0.209434,-0.209434
6542,-0.149596,-0.209434,-0.179515
6543,-0.149596,-0.209434,-0.209434
6544,-0.179515,-0.209434,-0.209434
6545,-0.179515,-0.239354,-0.239354
6546,-0.209434,-0.239354,-0.239354
6547,-0.209434,-0.269273,-0.239354
6548,-0.209434,-0.269273,-0.269273
6549,-0.209434,-0.239354,-0.239354
6550,-0.209434,-0.239354,-0.239354
6551,-0.209434,-0.269273,-0.239354
6552,-0.209434,-0.269273,-0.239354
6553,-0.209434,-0.239354,-0.239354
6554,-0.209434,-0.239354,-0.239354
6555,-0.209434,-0.239354,-0.239354
6556,-0.209434,-0.239354,-0.239354
6557,-0.239354,-0.269273,-0.269273
6558,-0.239354,-0.299192,-0.299192
6559,-0.239354,-0.269273,-0.269273
6560,-0.209434,-0.269273,-0.269273
6561,-0.209434,-0.239354,-0.239354
6562,-0.179515,-0.239354,-0.209434
6563,-0.179515,-0.239354,-0.209434
6564,-0.179515,-0.239354,-0.209434
6565,-0.179515,-0.239354,-0.209434
6566,-0.179515,-0.239354,-0.209434
6567,-0.179515,-0.209434,-0.209434
6568,-0.179515,-0.239354,-0.209434
6569,-0.179515,-0.239354,-0.239354
6570,-0.179515,-0.239354,-0.239354
6571,-0.179515,-0.239354,-0.239354
6572,-0.179515,-0.239354,-0.239354
6573,-0.149596,-0.209434,-0.209434
6574,-0.149596,-0.209434,-0.179515
6575,-0.149596,-0.209434,-0.209434
6576,-0.179515,-0.209434,-0.209434
6577,-0.179515,-0.239354,-0.239354
6578,-0.209434,-0.239354,-0.239354
6579,-0.209434,-0.269273,-0.239354
6580,-0.209434,-0.269273,-0.239354
6581,-0.209434,-0.269273,-0.239354
6582,-0.209434,-0.269273,-0.239354
6583,-0.209434,-0.269273,-0.239354
6584,-0.209434,-0.269273,-0.239354
6585,-0.209434,-0.239354,-0.239354
6586,-0.209434,-0.239354,-0.239354
6587,-0.209434,-0.239354,-0.239354
6588,-0.209434,-0.239354,-0.239354
6589,-0.239354,-0.269273,-0.269273
6590,-0.239354,-0.299192,-0.269273
6591,-0.239354,-0.269273,-0.269273
6592,-0.209434,-0.269273,-0.269273
6593,-0.209434,-0.239354,-0.239354
6594,-0.179515,-0.239354,-0.239354
6595,-0.179515,-0.239354,-0.239354
6596,-0.179515,-0.239354,-0.209434
6597,-0.179515,-0.239354,-0.209434
6598,-0.179515,-0.239354,-0.239354
6599,-0.179515,-0.239354,-0.209434
6600,-0.179515,-0.239354,-0.209434
6601,-0.179515,-0.239354,-0.239354
6602,-0.179515,-0.239354,-0.239354
6603,-0.179515,-0.239354,-0.239354
6604,-0.179515,-0.239354,-0.239354
6605,-0.149596,-0.209434,-0.209434
6606,-0.149596,-0.209434,-0.179515
6607,-0.179515,-0.209434,-0.209434
6608,-0.179515,-0.209434,-0.209434
6609,-0.179515,-0.239354,-0.239354
6610,-0.209434,-0.269273,-0.239354
6611,-0.209434,-0.269273,-0.239354
6612,-0.209434,-0.269273,-0.239354
6613,-0.209434,-0.269273,-0.239354
6614,-0.209434,-0.269273,-0.239354
6615,-0.209434,-0.269273,-0.239354
6616,-0.209434,-0.239354,-0.239354
6617,-0.209434,-0.239354,-0.239354
6618,-0.209434,-0.239354,-0.239354
6619,-0.209434,-0.239354,-0.239354
6620,-0.209434,-0.239354,-0.239354
6621,-0.239354,-0.269273,-0.269273
6622,-0.239354,-0.299192,-0.269273
6623,-0.209434,-0.269273,-0.269273
6624,-0.209434,-0.269273,-0.269273
6625,-0.209434,-0.239354,-0.239354
6626,-0.179515,-0.239354,-0.239354
6627,-0.179515,-0.239354,-0.209434
6628,-0.179515,-0.209434,-0.209434
6629,-0.179515,-0.239354,-0.209434
6630,-0.179515,-0.239354,-0.209434
6631,-0.179515,-0.209434,-0.209434
6632,-0.179515,-0.239354,-0.239354
6633,-0.179515,-0.239354,-0.239354
6634,-0.179515,-0.239354,-0.239354
6635,-0.179515,-0.239354,-0.239354
6636,-0.179515,-0.239354,-0.239354
6637,-0.149596,-0.209434,-0.209434
6638,-0.149596,-0.209434,-0.179515
6639,-0.149596,-0.209434,-0.209434
6640,-0.179515,-0.209434,-0.209434
6641,-0.179515,-0.239354,-0.239354
6642,-0.209434,-0.239354,-0.239354
6643,-0.209434,-0.269273,-0.239354
6644,-0.209434,-0.269273,-0.239354
6645,-0.209434,-0.269273,-0.239354
6646,-0.209434,-0.269273,-0.239354
6647,-0.209434,-0.269273,-0.239354
6648,-0.209434,-0.239354,-0.239354
6649,-0.209434,-0.239354,-0.239354
6650,-0.209434,-0.239354,-0.239354
6651,-0.209434,-0.239354,-0.239354
6652,-0.209434,-0.239354,-0.239354
6653,-0.239354,-0.269273,-0.269273
6654,-0.239354,-0.299192,-0.269273
6655,-0.209434,-0.269273,-0.269273
6656,-0.209434,-0.269273,-0.269273
6657,-0.209434,-0.239354,-0.239354
6658,-0.179515,-0.239354,-0.209434
6659,-0.179515,-0.239354,-0.209434
6660,-0.179515,-0.239354,-0.209434
6661,-0.179515,-0.239354,-0.209434
6662,-0.179515,-0.209434,-0.209434
6663,-0.179515,-0.209434,-0.209434
6664,-0.179515,-0.239354,-0.239354
6665,-0.179515,-0.239354,-0.239354
6666,-0.179515,-0.239354,-0.239354
6667,-0.179515,-0.239354,-0.239354
6668,-0.179515,-0.239354,-0.239354
6669,-0.149596,-0.209434,-0.209434
6670,-0.149596,-0.209434,-0.179515
6671,-0.149596,-0.209434,-0.209434
6672,-0.179515,-0.209434,-0.209434
6673,-0.209434,-0.239354,-0.239354
6674,-0.209434,-0.269273,-0.239354
6675,-0.209434,-0.269273,-0.239354
6676,-0.209434,-0.269273,-0.239354
6677,-0.209434,-0.239354,-0.239354
6678,-0.209434,-0.269273,-0.239354
6679,-0.209434,-0.269273,-0.239354
6680,-0.209434,-0.239354,-0.239354
6681,-0.209434,-0.239354,-0.239354
6682,-0.209434,-0.239354,-0.239354
6683,-0.209434,-0.239354,-0.239354
6684,-0.209434,-0.239354,-0.239354
6685,-0.209434,-0.269273,-0.269273
6686,-0.239354,-0.269273,-0.269273
6687,-0.239354,-0.269273,-0.269273
6688,-0.209434,-0.269273,-0.269273
6689,-0.209434,-0.239354,-0.239354
6690,-0.179515,-0.239354,-0.239354
6691,-0.179515,-0.239354,-0.209434
6692,-0.179515,-0.239354,-0.209434
6693,-0.179515,-0.239354,-0.209434
6694,-0.179515,-0.239354,-0.239354
6695,-0.179515,-0.209434,-0.209434
6696,-0.179515,-0.239354,-0.209434
6697,-0.179515,-0.239354,-0.239354
6698,-0.179515,-0.239354,-0.239354
6699,-0.179515,-0.239354,-0.239354
6700,-0.179515,-0.239354,-0.239354
6701,-0.149596,-0.209434,-0.209434
6702,-0.149596,-0.209434,-0.179515
6703,-0.149596,-0.209434,-0.209434
6704,-0.179515,-0.209434,-0.209434
6705,-0.179515,-0.239354,-0.239354
6706,-0.209434,-0.239354,-0.239354
6707,-0.209434,-0.269273,-0.239354
6708,-0.209434,-0.239354,-0.239354
6709,-0.209434,-0.269273,-0.239354
6710,-0.209434,-0.239354,-0.239354
6711,-0.209434,-0.269273,-0.239354
6712,-0.209434,-0.239354,-0.239354
6713,-0.209434,-0.239354,-0.239354
6714,-0.209434,-0.239354,-0.239354
6715,-0.209434,-0.239354,-0.239354
6716,-0.209434,-0.239354,-0.239354
6717,-0.239354,-0.269273,-0.269273
6718,-0.239354,-0.299192,-0.269273
6719,-0.239354,-0.269273,-0.269273
6720,-0.209434,-0.269273,-0.269273
6721,-0.179515,-0.239354,-0.239354
6722,-0.179515,-0.239354,-0.239354
6723,-0.179515,-0.239354,-0.209434
6724,-0.179515,-0.209434,-0.209434
6725,-0.179515,-0.239354,-0.209434
6726,-0.179515,-0.239354,-0.239354
6727,-0.179515,-0.239354,-0.209434
6728,-0.179515,-0.239354,-0.239354
6729,-0.179515,-0.239354,-0.239354
6730,-0.179515,-0.239354,-0.239354
6731,-0.179515,-0.239354,-0.239354
6732,-0.179515,-0.239354,-0.239354
6733,-0.149596,-0.209434,-0.209434
6734,-0.149596,-0.209434,-0.179515
6735,-0.179515,-0.209434,-0.209434
6736,-0.179515,-0.209434,-0.209434
6737,-0.179515,-0.239354,-0.239354
6738,-0.209434,-0.239354,-0.239354
6739,-0.209434,-0.239354,-0.239354
6740,-0.209434,-0.239354,-0.239354
6741,-0.209434,-0.269273,-0.239354
6742,-0.209434,-0.239354,-0.239354
6743,-0.209434,-0.269273,-0.239354
6744,-0.209434,-0.269273,-0.239354
6745,-0.209434,-0.239354,-0.239354
6746,-0.209434,-0.239354,-0.239354
6747,-0.209434,-0.239354,-0.239354
6748,-0.209434,-0.239354,-0.239354
6749,-0.239354,-0.269273,-0.269273
6750,-0.239354,-0.269273,-0.269273
6751,-0.239354,-0.269273,-0.269273
6752,-0.209434,-0.269273,-0.269273
6753,-0.209434,-0.239354,-0.239354
6754,-0.179515,-0.239354,-0.239354
6755,-0.179515,-0.239354,-0.209434
6756,-0.179515,-0.239354,-0.209434
6757,-0.179515,-0.239354,-0.239354
6758,-0.179515,-0.239354,-0.209434
6759,-0.179515,-0.209434,-0.209434
6760,-0.179515,-0.239354,-0.239354
6761,-0.179515,-0.239354,-0.239354
6762,-0.179515,-0.239354,-0.239354
6763,-0.179515,-0.239354,-0.239354
6764,-0.179515,-0.239354,-0.239354
6765,-0.149596,-0.209434,-0.209434
6766,-0.149596,-0.209434,-0.209434
6767,-0.149596,-0.209434,-0.209434
6768,-0.179515,-0.209434,-0.209434
6769,-0.179515,-0.239354,-0.239354
6770,-0.209434,-0.269273,-0.239354
6771,-0.209434,-0.269273,-0.239354
6772,-0.209434,-0.239354,-0.239354
6773,-0.209434,-0.239354,-0.239354
6774,-0.209434,-0.269273,-0.239354
6775,-0.209434,-0.269273,-0.239354
6776,-0.209434,-0.269273,-0.239354
6777,-0.209434,-0.239354,-0.239354
6778,-0.209434,-0.239354,-0.239354
6779,-0.209434,-0.239354,-0.239354
6780,-0.209434,-0.239354,-0.239354
6781,-0.239354,-0.269273,-0.269273
6782,-0.239354,-0.269273,-0.269273
6783,-0.239354,-0.269273,-0.269273
6784,-0.209434,-0.269273,-0.269273
6785,-0.209434,-0.239354,-0.239354
6786,-0.179515,-0.239354,-0.239354
6787,-0.179515,-0.209434,-0.209434
6788,-0.179515,-0.239354,-0.209434
6789,-0.179515,-0.239354,-0.239354
6790,-0.179515,-0.239354,-0.239354
6791,-0.179515,-0.239354,-0.209434
6792,-0.179515,-0.239354,-0.209434
6793,-0.179515,-0.239354,-0.239354
6794,-0.179515,-0.239354,-0.239354
6795,-0.179515,-0.239354,-0.239354
6796,-0.179515,-0.239354,-0.239354
6797,-0.149596,-0.209434,-0.209434
6798,-0.149596,-0.209434,-0.179515
6799,-0.149596,-0.209434,-0.209434
6800,-0.179515,-0.209434,-0.209434
6801,-0.179515,-0.239354,-0.239354
6802,-0.209434,-0.239354,-0.239354
6803,-0.209434,-0.269273,-0.239354
6804,-0.209434,-0.269273,-0.269273
6805,-0.209434,-0.269273,-0.239354
6806,-0.209434,-0.269273,-0.239354
6807,-0.209434,-0.239354,-0.239354
6808,-0.209434,-0.239354,-0.239354
6809,-0.209434,-0.239354,-0.239354
6810,-0.209434,-0.239354,-0.239354
6811,-0.209434,-0.239354,-0.239354
6812,-0.209434,-0.239354,-0.239354
6813,-0.239354,-0.269273,-0.269273
6814,-0.239354,-0.269273,-0.269273
6815,-0.209434,-0.269273,-0.269273
6816,-0.209434,-0.269273,-0.269273
6817,-0.209434,-0.239354,-0.239354
6818,-0.179515,-0.239354,-0.239354
6819,-0.179515,-0.239354,-0.209434
6820,-0.179515,-0.239354,-0.209434
6821,-0.179515,-0.239354,-0.209434
6822,-0.179515,-0.239354,-0.209434
6823,-0.179515,-0.209434,-0.209434
6824,-0.179515,-0.239354,-0.239354
6825,-0.179515,-0.239354,-0.239354
6826,-0.179515,-0.239354,-0.239354
6827,-0.179515,-0.239354,-0.239354
6828,-0.179515,-0.239354,-0.239354
6829,-0.149596,-0.209434,-0.209434
6830,-0.149596,-0.209434,-0.179515
6831,-0.149596,-0.209434,-0.209434
6832,-0.179515,-0.209434,-0.209434
6833,-0.179515,-0.239354,-0.239354
6834,-0.209434,-0.269273,-0.239354
6835,-0.209434,-0.269273,-0.239354
6836,-0.209434,-0.239354,-0.239354
6837,-0.209434,-0.239354,-0.239354
6838,-0.209434,-0.239354,-0.239354
6839,-0.209434,-0.269273,-0.239354
6840,-0.209434,-0.239354,-0.239354
6841,-0.209434,-0.239354,-0.239354
6842,-0.209434,-0.239354,-0.239354
6843,-0.209434,-0.239354,-0.239354
6844,-0.209434,-0.239354,-0.239354
6845,-0.239354,-0.269273,-0.269273
6846,-0.239354,-0.269273,-0.269273
6847,-0.209434,-0.269273,-0.269273
6848,-0.209434,-0.269273,-0.269273
6849,-0.209434,-0.239354,-0.239354
6850,-0.179515,-0.239354,-0.239354
6851,-0.179515,-0.239354,-0.209434
6852,-0.179515,-0.209434,-0.209434
6853,-0.179515,-0.239354,-0.239354
6854,-0.179515,-0.239354,-0.209434
6855,-0.179515,-0.209434,-0.209434
6856,-0.179515,-0.239354,-0.209434
6857,-0.179515,-0.239354,-0.239354
6858,-0.179515,-0.239354,-0.239354
6859,-0.179515,-0.239354,-0.239354
6860,-0.179515,-0.239354,-0.239354
6861,-0.149596,-0.209434,-0.209434
6862,-0.149596,-0.209434,-0.179515
6863,-0.149596,-0.209434,-0.209434
6864,-0.179515,-0.209434,-0.209434
6865,-0.179515,-0.239354,-0.239354
6866,-0.209434,-0.269273,-0.269273
6867,-0.209434,-0.269273,-0.269273
6868,-0.209434,-0.269273,-0.239354
6869,-0.209434,-0.239354,-0.239354
6870,-0.209434,-0.269273,-0.239354
6871,-0.209434,-0.269273,-0.239354
6872,-0.209434,-0.239354,-0.239354
6873,-0.209434,-0.239354,-0.239354
6874,-0.209434,-0.239354,-0.239354
6875,-0.209434,-0.239354,-0.239354
6876,-0.209434,-0.239354,-0.239354
6877,-0.239354,-0.269273,-0.269273
6878,-0.239354,-0.269273,-0.269273
6879,-0.239354,-0.269273,-0.269273
6880,-0.209434,-0.269273,-0.239354
6881,-0.209434,-0.239354,-0.239354
6882,-0.179515,-0.239354,-0.209434
6883,-0.179515,-0.239354,-0.209434
6884,-0.179515,-0.209434,-0.209434
6885,-0.179515,-0.239354,-0.209434
6886,-0.179515,-0.239354,-0.209434
6887,-0.179515,-0.209434,-0.209434
6888,-0.179515,-0.239354,-0.239354
6889,-0.179515,-0.239354,-0.239354
6890,-0.179515,-0.239354,-0.239354
6891,-0.179515,-0.239354,-0.239354
6892,-0.179515,-0.239354,-0.239354
6893,-0.149596,-0.209434,-0.209434
6894,-0.149596,-0.209434,-0.179515
6895,-0.149596,-0.209434,-0.209434
6896,-0.179515,-0.209434,-0.209434
6897,-0.179515,-0.239354,-0.239354
6898,-0.209434,-0.239354,-0.239354
6899,-0.209434,-0.269273,-0.239354
6900,-0.209434,-0.239354,-0.239354
6901,-0.209434,-0.239354,-0.239354
6902,-0.209434,-0.239354,-0.239354
6903,-0.209434,-0.269273,-0.239354
6904,-0.209434,-0.239354,-0.239354
6905,-0.209434,-0.239354,-0.239354
6906,-0.209434,-0.239354,-0.239354
6907,-0.209434,-0.239354,-0.239354
6908,-0.209434,-0.239354,-0.239354
6909,-0.239354,-0.269273,-0.269273
6910,-0.239354,-0.269273,-0.269273
6911,-0.239354,-0.269273,-0.269273
6912,-0.209434,-0.269273,-0.269273
6913,-0.209434,-0.239354,-0.239354
6914,-0.179515,-0.239354,-0.209434
6915,-0.179515,-0.239354,-0.209434
6916,-0.179515,-0.239354,-0.209434
6917,-0.179515,-0.239354,-0.209434
6918,-0.179515,-0.239354,-0.209434
6919,-0.179515,-0.239354,-0.239354
6920,-0.179515,-0.239354,-0.209434
6921,-0.179515,-0.239354,-0.239354
6922,-0.179515,-0.239354,-0.239354
6923,-0.179515,-0.239354,-0.239354
6924,-0.179515,-0.239354,-0.239354
6925,-0.149596,-0.209434,-0.209434
6926,-0.149596,-0.209434,-0.179515
6927,-0.149596,-0.209434,-0.209434
6928,-0.179515,-0.209434,-0.209434
6929,-0.179515,-0.239354,-0.239354
6930,-0.209434,-0.269273,-0.239354
6931,-0.209434,-0.269273,-0.239354
6932,-0.209434,-0.269273,-0.239354
6933,-0.209434,-0.239354,-0.239354
6934,-0.209434,-0.239354,-0.239354
6935,-0.209434,-0.269273,-0.239354
6936,-0.209434,-0.239354,-0.239354
6937,-0.209434,-0.239354,-0.239354
6938,-0.209434,-0.239354,-0.239354
6939,-0.209434,-0.239354,-0.239354
6940,-0.209434,-0.239354,-0.239354
6941,-0.239354,-0.269273,-0.269273
6942,-0.239354,-0.269273,-0.269273
6943,-0.239354,-0.269273,-0.269273
6944,-0.209434,-0.269273,-0.269273
6945,-0.209434,-0.239354,-0.239354
6946,-0.179515,-0.239354,-0.239354
6947,-0.179515,-0.239354,-0.209434
6948,-0.179515,-0.239354,-0.209434
6949,-0.179515,-0.209434,-0.209434
6950,-0.179515,-0.209434,-0.209434
6951,-0.179515,-0.239354,-0.209434
6952,-0.179515,-0.239354,-0.239354
6953,-0.179515,-0.239354,-0.239354
6954,-0.179515,-0.239354,-0.239354
6955,-0.179515,-0.239354,-0.239354
6956,-0.179515,-0.239354,-0.239354
6957,-0.149596,-0.209434,-0.209434
6958,-0.149596,-0.209434,-0.179515
6959,-0.149596,-0.209434,-0.209434
6960,-0.179515,-0.209434,-0.209434
6961,-0.179515,-0.239354,-0.239354
6962,-0.209434,-0.239354,-0.239354
6963,-0.209434,-0.269273,-0.239354
6964,-0.209434,-0.269273,-0.239354
6965,-0.209434,-0.239354,-0.239354
6966,-0.209434,-0.239354,-0.239354
6967,-0.209434,-0.269273,-0.239354
6968,-0.209434,-0.269273,-0.239354
6969,-0.209434,-0.239354,-0.239354
6970,-0.209434,-0.239354,-0.239354
6971,-0.209434,-0.239354,-0.239354
6972,-0.209434,-0.239354,-0.239354
6973,-0.239354,-0.269273,-0.269273
6974,-0.239354,-0.269273,-0.269273
6975,-0.239354,-0.269273,-0.269273
6976,-0.209434,-0.269273,-0.239354
6977,-0.179515,-0.239354,-0.239354
6978,-0.179515,-0.239354,-0.209434
6979,-0.179515,-0.239354,-0.209434
6980,-0.179515,-0.209434,-0.209434
6981,-0.179515,-0.239354,-0.209434
6982,-0.179515,-0.209434,-0.209434
6983,-0.179515,-0.209434,-0.209434
6984,-0.179515,-0.239354,-0.239354
6985,-0.179515,-0.239354,-0.239354
6986,-0.179515,-0.239354,-0.239354
6987,-0.179515,-0.239354,-0.239354
6988,-0.179515,-0.239354,-0.239354
6989,-0.149596,-0.209434,-0.209434
6990,-0.149596,-0.209434,-0.179515
6991,-0.149596,-0.209434,-0.209434
6992,-0.179515,-0.209434,-0.209434
6993,-0.179515,-0.239354,-0.239354
6994,-0.209434,-0.239354,-0.239354
6995,-0.209434,-0.269273,-0.239354
6996,-0.209434,-0.239354,-0.239354
6997,-0.209434,-0.239354,-0.239354
6998,-0.209434,-0.239354,-0.239354
6999,-0.209434,-0.269273,-0.239354
7000,-0.209434,-0.239354,-0.239354
7001,-0.209434,-0.239354,-0.239354
7002,-0.209434,-0.239354,-0.239354
7003,-0.179515,-0.239354,-0.239354
7004,-0.209434,-0.239354,-0.239354
7005,-0.239354,-0.269273,-0.269273
7006,-0.239354,-0.269273,-0.269273
7007,-0.209434,-0.269273,-0.269273
7008,-0.209434,-0.269273,-0.269273
7009,-0.209434,-0.239354,-0.239354
7010,-0.179515,-0.239354,-0.209434
7011,-0.179515,-0.209434,-0.209434
7012,-0.179515,-0.209434,-0.209434
7013,-0.179515,-0.239354,-0.209434
7014,-0.179515,-0.239354,-0.239354
7015,-0.179515,-0.239354,-0.239354
7016,-0.179515,-0.239354,-0.239354
7017,-0.179515,-0.239354,-0.239354
7018,-0.179515,-0.239354,-0.239354
7019,-0.179515,-0.239354,-0.239354
7020,-0.179515,-0.239354,-0.209434
7021,-0.149596,-0.209434,-0.209434
7022,-0.149596,-0.179515,-0.209434
7023,-0.179515,-0.209434,-0.209434
7024,-0.179515,-0.209434,-0.209434
7025,-0.209434,-0.239354,-0.239354
7026,-0.209434,-0.239354,-0.239354
7027,-0.209434,-0.239354,-0.239354
7028,-0.209434,-0.269273,-0.239354
7029,-0.209434,-0.269273,-0.239354
7030,-0.209434,-0.269273,-0.239354
7031,-0.209434,-0.239354,-0.269273
7032,-0.209434,-0.269273,-0.239354
7033,-0.209434,-0.239354,-0.239354
7034,-0.209434,-0.239354,-0.239354
7035,-0.209434,-0.239354,-0.239354
7036,-0.209434,-0.239354,-0.239354
7037,-0.239354,-0.269273,-0.269273
7038,-0.239354,-0.269273,-0.269273
7039,-0.239354,-0.269273,-0.269273
7040,-0.209434,-0.269273,-0.269273
7041,-0.209434,-0.239354,-0.239354
7042,-0.179515,-0.239354,-0.209434
7043,-0.179515,-0.239354,-0.209434
7044,-0.179515,-0.239354,-0.209434
7045,-0.179515,-0.239354,-0.209434
7046,-0.179515,-0.239354,-0.209434
7047,-0.179515,-0.239354,-0.209434
7048,-0.179515,-0.239354,-0.239354
7049,-0.179515,-0.239354,-0.209434
7050,-0.179515,-0.239354,-0.239354
7051,-0.179515,-0.239354,-0.239354
7052,-0.179515,-0.239354,-0.209434
7053,-0.149596,-0.209434,-0.179515
7054,-0.149596,-0.209434,-0.179515
7055,-0.149596,-0.209434,-0.209434
7056,-0.179515,-0.209434,-0.209434
7057,-0.209434,-0.239354,-0.239354
7058,-0.209434,-0.239354,-0.239354
7059,-0.209434,-0.239354,-0.239354
7060,-0.209434,-0.239354,-0.239354
7061,-0.209434,-0.269273,-0.239354
7062,-0.209434,-0.239354,-0.239354
7063,-0.209434,-0.239354,-0.239354
7064,-0.209434,-0.239354,-0.239354
7065,-0.209434,-0.239354,-0.239354
7066,-0.209434,-0.239354,-0.239354
7067,-0.209434,-0.239354,-0.239354
7068,-0.209434,-0.269273,-0.239354
7069,-0.239354,-0.269273,-0.269273
7070,-0.239354,-0.269273,-0.269273
7071,-0.239354,-0.269273,-0.269273
7072,-0.209434,-0.269273,-0.239354
7073,-0.179515,-0.239354,-0.239354
7074,-0.179515,-0.239354,-0.239354
7075,-0.179515,-0.239354,-0.239354
7076,-0.179515,-0.239354,-0.209434
7077,-0.179515,-0.239354,-0.209434
7078,-0.179515,-0.239354,-0.209434
7079,-0.179515,-0.239354,-0.209434
7080,-0.179515,-0.239354,-0.239354
7081,-0.179515,-0.239354,-0.239354
7082,-0.179515,-0.239354,-0.239354
7083,-0.179515,-0.239354,-0.239354
7084,-0.179515,-0.239354,-0.239354
7085,-0.149596,-0.209434,-0.209434
7086,-0.149596,-0.209434,-0.179515
7087,-0.149596,-0.209434,-0.209434
7088,-0.179515,-0.239354,-0.209434
7089,-0.179515,-0.239354,-0.239354
7090,-0.209434,-0.269273,-0.239354
7091,-0.209434,-0.239354,-0.239354
7092,-0.209434,-0.239354,-0.239354
7093,-0.209434,-0.239354,-0.239354
7094,-0.209434,-0.269273,-0.239354
7095,-0.209434,-0.269273,-0.239354
7096,-0.209434,-0.239354,-0.239354
7097,-0.209434,-0.239354,-0.239354
7098,-0.209434,-0.239354,-0.239354
7099,-0.209434,-0.239354,-0.239354
7100,-0.209434,-0.239354,-0.239354
7101,-0.239354,-0.269273,-0.269273
7102,-0.239354,-0.269273,-0.269273
7103,-0.209434,-0.269273,-0.269273
7104,-0.209434,-0.269273,-0.239354
7105,-0.179515,-0.239354,-0.239354
7106,-0.179515,-0.239354,-0.239354
7107,-0.179515,-0.239354,-0.209434
7108,-0.179515,-0.239354,-0.209434
7109,-0.179515,-0.239354,-0.209434
7110,-0.179515,-0.239354,-0.209434
7111,-0.179515,-0.239354,-0.209434
7112,-0.179515,-0.239354,-0.239354
7113,-0.179515,-0.239354,-0.209434
7114,-0.179515,-0.239354,-0.209434
7115,-0.179515,-0.239354,-0.239354
7116,-0.179515,-0.239354,-0.239354
7117,-0.149596,-0.209434,-0.179515
7118,-0.149596,-0.209434,-0.179515
7119,-0.179515,-0.209434,-0.209434
7120,-0.179515,-0.239354,-0.209434
7121,-0.209434,-0.239354,-0.239354
7122,-0.209434,-0.269273,-0.239354
7123,-0.209434,-0.239354,-0.239354
7124,-0.209434,-0.269273,-0.239354
7125,-0.209434,-0.239354,-0.239354
7126,-0.209434,-0.269273,-0.239354
7127,-0.209434,-0.269273,-0.239354
7128,-0.209434,-0.239354,-0.239354
7129,-0.209434,-0.239354,-0.239354
7130,-0.209434,-0.239354,-0.239354
7131,-0.209434,-0.239354,-0.239354
7132,-0.209434,-0.239354,-0.239354
7133,-0.239354,-0.269273,-0.269273
7134,-0.239354,-0.269273,-0.269273
7135,-0.239354,-0.269273,-0.269273
7136,-0.209434,-0.269273,-0.269273
7137,-0.209434,-0.239354,-0.239354
7138,-0.179515,-0.239354,-0.239354
7139,-0.179515,-0.239354,-0.209434
7140,-0.179515,-0.239354,-0.209434
7141,-0.179515,-0.239354,-0.209434
7142,-0.179515,-0.239354,-0.209434
7143,-0.179515,-0.239354,-0.209434
7144,-0.179515,-0.239354,-0.239354
7145,-0.179515,-0.239354,-0.239354
7146,-0.179515,-0.239354,-0.239354
7147,-0.179515,-0.239354,-0.239354
7148,-0.179515,-0.239354,-0.209434
7149,-0.149596,-0.209434,-0.209434
7150,-0.149596,-0.209434,-0.179515
7151,-0.149596,-0.209434,-0.209434
7152,-0.179515,-0.239354,-0.209434
7153,-0.209434,-0.239354,-0.239354
7154,-0.209434,-0.269273,-0.239354
7155,-0.209434,-0.239354,-0.239354
7156,-0.209434,-0.269273,-0.239354
7157,-0.209434,-0.239354,-0.239354
7158,-0.209434,-0.239354,-0.239354
7159,-0.209434,-0.239354,-0.239354
7160,-0.209434,-0.239354,-0.239354
7161,-0.209434,-0.239354,-0.239354
7162,-0.209434,-0.239354,-0.239354
7163,-0.209434,-0.239354,-0.239354
7164,-0.209434,-0.239354,-0.239354
7165,-0.239354,-0.269273,-0.269273
7166,-0.239354,-0.269273,-0.269273
7167,-0.209434,-0.269273,-0.269273
7168,-0.209434,-0.269273,-0.269273
7169,-0.179515,-0.239354,-0.239354
7170,-0.179515,-0.239354,-0.209434
7171,-0.179515,-0.209434,-0.209434
7172,-0.179515,-0.209434,-0.209434
7173,-0.179515,-0.209434,-0.209434
7174,-0.179515,-0.209434,-0.209434
7175,-0.179515,-0.209434,-0.209434
7176,-0.179515,-0.239354,-0.209434
7177,-0.179515,-0.239354,-0.239354
7178,-0.179515,-0.239354,-0.239354
7179,-0.179515,-0.239354,-0.239354
7180,-0.179515,-0.239354,-0.239354
7181,-0.149596,-0.179515,-0.179515
7182,-0.149596,-0.209434,-0.179515
7183,-0.149596,-0.209434,-0.209434
7184,-0.179515,-0.239354,-0.209434
7185,-0.209434,-0.239354,-0.239354
7186,-0.209434,-0.239354,-0.239354
7187,-0.209434,-0.239354,-0.239354
7188,-0.209434,-0.239354,-0.239354
7189,-0.209434,-0.239354,-0.239354
7190,-0.209434,-0.239354,-0.239354
7191,-0.209434,-0.239354,-0.239354
7192,-0.209434,-0.239354,-0.239354
7193,-0.209434,-0.239354,-0.239354
7194,-0.209434,-0.239354,-0.239354
7195,-0.209434,-0.239354,-0.239354
7196,-0.209434,-0.269273,-0.239354
7197,-0.239354,-0.269273,-0.269273
7198,-0.239354,-0.269273,-0.269273
7199,-0.209434,-0.269273,-0.269273
7200,-0.209434,-0.269273,-0.239354
7201,-0.179515,-0.239354,-0.239354
7202,-0.179515,-0.239354,-0.209434
7203,-0.179515,-0.209434,-0.209434
7204,-0.179515,-0.239354,-0.209434
7205,-0.179515,-0.239354,-0.209434
7206,-0.179515,-0.209434,-0.209434
7207,-0.179515,-0.209434,-0.209434
7208,-0.179515,-0.239354,-0.239354
7209,-0.179515,-0.239354,-0.239354
7210,-0.179515,-0.239354,-0.239354
7211,-0.179515,-0.239354,-0.239354
7212,-0.179515,-0.239354,-0.209434
7213,-0.149596,-0.209434,-0.209434
7214,-0.149596,-0.209434,-0.179515
7215,-0.179515,-0.209434,-0.209434
7216,-0.179515,-0.209434,-0.209434
7217,-0.209434,-0.239354,-0.239354
7218,-0.209434,-0.239354,-0.239354
7219,-0.209434,-0.269273,-0.239354
7220,-0.209434,-0.239354,-0.239354
7221,-0.209434,-0.239354,-0.239354
7222,-0.209434,-0.239354,-0.239354
7223,-0.209434,-0.269273,-0.239354
7224,-0.209434,-0.239354,-0.239354
7225,-0.209434,-0.239354,-0.239354
7226,-0.209434,-0.239354,-0.239354
7227,-0.209434,-0.239354,-0.239354
7228,-0.209434,-0.239354,-0.239354
7229,-0.239354,-0.269273,-0.269273
7230,-0.239354,-0.269273,-0.269273
7231,-0.209434,-0.269273,-0.269273
7232,-0.209434,-0.269273,-0.239354
7233,-0.179515,-0.239354,-0.239354
7234,-0.179515,-0.239354,-0.209434
7235,-0.179515,-0.239354,-0.209434
7236,-0.179515,-0.209434,-0.209434
7237,-0.179515,-0.239354,-0.209434
7238,-0.179515,-0.239354,-0.209434
7239,-0.179515,-0.239354,-0.209434
7240,-0.179515,-0.239354,-0.209434
7241,-0.179515,-0.239354,-0.239354
7242,-0.179515,-0.239354,-0.239354
7243,-0.179515,-0.239354,-0.239354
7244,-0.179515,-0.239354,-0.209434
7245,-0.149596,-0.209434,-0.179515
7246,-0.149596,-0.209434,-0.179515
7247,-0.149596,-0.209434,-0.209434
7248,-0.179515,-0.239354,-0.209434
7249,-0.209434,-0.239354,-0.239354
7250,-0.209434,-0.269273,-0.239354
7251,-0.209434,-0.239354,-0.239354
7252,-0.209434,-0.239354,-0.239354
7253,-0.209434,-0.239354,-0.239354
7254,-0.209434,-0.269273,-0.239354
7255,-0.209434,-0.269273,-0.239354
7256,-0.209434,-0.239354,-0.239354
7257,-0.209434,-0.239354,-0.239354
7258,-0.209434,-0.239354,-0.239354
7259,-0.209434,-0.239354,-0.239354
7260,-0.209434,-0.239354,-0.239354
7261,-0.239354,-0.269273,-0.269273
7262,-0.239354,-0.269273,-0.269273
7263,-0.209434,-0.269273,-0.269273
7264,-0.209434,-0.239354,-0.239354
7265,-0.179515,-0.239354,-0.239354
7266,-0.179515,-0.239354,-0.209434
7267,-0.179515,-0.239354,-0.209434
7268,-0.179515,-0.239354,-0.209434
7269,-0.179515,-0.239354,-0.239354
7270,-0.179515,-0.239354,-0.209434
7271,-0.179515,-0.239354,-0.209434
7272,-0.179515,-0.239354,-0.239354
7273,-0.179515,-0.239354,-0.239354
7274,-0.179515,-0.239354,-0.239354
7275,-0.179515,-0.239354,-0.239354
7276,-0.179515,-0.239354,-0.209434
7277,-0.149596,-0.209434,-0.179515
7278,-0.149596,-0.209434,-0.209434
7279,-0.149596,-0.209434,-0.209434
7280,-0.179515,-0.239354,-0.209434
7281,-0.209434,-0.239354,-0.239354
7282,-0.209434,-0.239354,-0.239354
7283,-0.209434,-0.269273,-0.239354
7284,-0.209434,-0.239354,-0.239354
7285,-0.209434,-0.239354,-0.239354
7286,-0.209434,-0.239354,-0.239354
7287,-0.209434,-0.269273,-0.239354
7288,-0.209434,-0.239354,-0.239354
7289,-0.209434,-0.239354,-0.239354
7290,-0.209434,-0.239354,-0.239354
7291,-0.209434,-0.239354,-0.239354
7292,-0.209434,-0.239354,-0.239354
7293,-0.239354,-0.269273,-0.269273
7294,-0.239354,-0.269273,-0.269273
7295,-0.209434,-0.269273,-0.269273
7296,-0.209434,-0.269273,-0.239354
7297,-0.179515,-0.239354,-0.239354
7298,-0.179515,-0.239354,-0.209434
7299,-0.179515,-0.239354,-0.209434
7300,-0.179515,-0.209434,-0.209434
7301,-0.179515,-0.239354,-0.209434
7302,-0.179515,-0.239354,-0.209434
7303,-0.179515,-0.239354,-0.209434
7304,-0.179515,-0.239354,-0.209434
7305,-0.179515,-0.239354,-0.239354
7306,-0.179515,-0.239354,-0.239354
7307,-0.179515,-0.239354,-0.239354
7308,-0.179515,-0.239354,-0.209434
7309,-0.149596,-0.209434,-0.209434
7310,-0.149596,-0.209434,-0.209434
7311,-0.179515,-0.209434,-0.209434
7312,-0.179515,-0.239354,-0.209434
7313,-0.209434,-0.239354,-0.239354
7314,-0.209434,-0.269273,-0.239354
7315,-0.209434,-0.269273,-0.239354
7316,-0.209434,-0.239354,-0.239354
7317,-0.209434,-0.239354,-0.239354
7318,-0.209434,-0.269273,-0.239354
7319,-0.209434,-0.239354,-0.239354
7320,-0.209434,-0.239354,-0.239354
7321,-0.209434,-0.239354,-0.239354
7322,-0.209434,-0.239354,-0.239354
7323,-0.209434,-0.239354,-0.239354
7324,-0.209434,-0.269273,-0.239354
7325,-0.239354,-0.299192,-0.269273
7326,-0.239354,-0.269273,-0.269273
7327,-0.209434,-0.269273,-0.269273
7328,-0.209434,-0.269273,-0.239354
7329,-0.179515,-0.239354,-0.239354
7330,-0.179515,-0.239354,-0.239354
7331,-0.179515,-0.239354,-0.239354
7332,-0.179515,-0.209434,-0.239354
7333,-0.179515,-0.239354,-0.239354
7334,-0.179515,-0.239354,-0.239354
7335,-0.179515,-0.239354,-0.209434
7336,-0.179515,-0.239354,-0.239354
7337,-0.179515,-0.239354,-0.239354
7338,-0.179515,-0.239354,-0.239354
7339,-0.179515,-0.239354,-0.239354
7340,-0.179515,-0.239354,-0.209434
7341,-0.149596,-0.209434,-0.179515
7342,-0.149596,-0.209434,-0.209434
7343,-0.179515,-0.209434,-0.209434
7344,-0.179515,-0.239354,-0.209434
7345,-0.209434,-0.239354,-0.239354
7346,-0.209434,-0.269273,-0.239354
7347,-0.209434,-0.239354,-0.239354
7348,-0.209434,-0.269273,-0.239354
7349,-0.209434,-0.239354,-0.239354
7350,-0.209434,-0.239354,-0.239354
7351,-0.209434,-0.239354,-0.239354
7352,-0.209434,-0.239354,-0.239354
7353,-0.209434,-0.239354,-0.239354
7354,-0.209434,-0.239354,-0.239354
7355,-0.209434,-0.239354,-0.239354
7356,-0.209434,-0.269273,-0.239354
7357,-0.239354,-0.269273,-0.269273
7358,-0.239354,-0.269273,-0.269273
7359,-0.209434,-0.269273,-0.269273
7360,-0.209434,-0.269273,-0.269273
7361,-0.179515,-0.239354,-0.239354
7362,-0.179515,-0.239354,-0.209434
7363,-0.179515,-0.239354,-0.209434
7364,-0.179515,-0.239354,-0.209434
7365,-0.179515,-0.239354,-0.209434
7366,-0.179515,-0.209434,-0.209434
7367,-0.179515,-0.209434,-0.239354
7368,-0.179515,-0.239354,-0.239354
7369,-0.179515,-0.239354,-0.239354
7370,-0.179515,-0.239354,-0.239354
7371,-0.179515,-0.239354,-0.239354
7372,-0.179515,-0.239354,-0.209434
7373,-0.149596,-0.209434,-0.179515
7374,-0.149596,-0.209434,-0.209434
7375,-0.149596,-0.209434,-0.209434
7376,-0.179515,-0.209434,-0.209434
7377,-0.209434,-0.239354,-0.239354
7378,-0.209434,-0.269273,-0.239354
7379,-0.209434,-0.269273,-0.239354
7380,-0.209434,-0.239354,-0.239354
7381,-0.209434,-0.239354,-0.239354
7382,-0.209434,-0.269273,-0.239354
7383,-0.209434,-0.269273,-0.239354
7384,-0.209434,-0.239354,-0.239354
7385,-0.179515,-0.239354,-0.239354
7386,-0.209434,-0.239354,-0.239354
7387,-0.209434,-0.239354,-0.239354
7388,-0.209434,-0.269273,-0.239354
7389,-0.239354,-0.269273,-0.269273
7390,-0.239354,-0.269273,-0.269273
7391,-0.209434,-0.269273,-0.269273
7392,-0.209434,-0.269273,-0.269273
7393,-0.179515,-0.239354,-0.239354
7394,-0.179515,-0.239354,-0.239354
7395,-0.179515,-0.239354,-0.209434
7396,-0.179515,-0.239354,-0.209434
7397,-0.179515,-0.239354,-0.239354
7398,-0.179515,-0.239354,-0.209434
7399,-0.179515,-0.239354,-0.209434
7400,-0.179515,-0.239354,-0.239354
7401,-0.179515,-0.239354,-0.239354
7402,-0.179515,-0.239354,-0.239354
7403,-0.179515,-0.239354,-0.239354
7404,-0.179515,-0.239354,-0.209434
7405,-0.149596,-0.209434,-0.179515
7406,-0.149596,-0.209434,-0.209434
7407,-0.179515,-0.209434,-0.209434
7408,-0.179515,-0.239354,-0.239354
7409,-0.209434,-0.239354,-0.239354
7410,-0.209434,-0.269273,-0.239354
7411,-0.209434,-0.269273,-0.239354
7412,-0.209434,-0.269273,-0.239354
7413,-0.209434,-0.239354,-0.239354
7414,-0.209434,-0.269273,-0.239354
7415,-0.209434,-0.239354,-0.239354
7416,-0.209434,-0.239354,-0.239354
7417,-0.209434,-0.239354,-0.239354
7418,-0.209434,-0.239354,-0.239354
7419,-0.209434,-0.239354,-0.239354
7420,-0.209434,-0.269273,-0.239354
7421,-0.239354,-0.299192,-0.269273
7422,-0.239354,-0.269273,-0.269273
7423,-0.209434,-0.269273,-0.269273
7424,-0.209434,-0.269273,-0.239354
7425,-0.179515,-0.239354,-0.239354
7426,-0.179515,-0.239354,-0.209434
7427,-0.179515,-0.239354,-0.209434
7428,-0.179515,-0.239354,-0.209434
7429,-0.179515,-0.239354,-0.209434
7430,-0.179515,-0.239354,-0.209434
7431,-0.179515,-0.239354,-0.239354
7432,-0.179515,-0.239354,-0.239354
7433,-0.179515,-0.239354,-0.239354
7434,-0.179515,-0.239354,-0.239354
7435,-0.179515,-0.239354,-0.239354
7436,-0.179515,-0.209434,-0.209434
7437,-0.149596,-0.209434,-0.179515
7438,-0.149596,-0.209434,-0.209434
7439,-0.179515,-0.209434,-0.209434
7440,-0.179515,-0.239354,-0.209434
7441,-0.209434,-0.269273,-0.239354
7442,-0.209434,-0.269273,-0.239354
7443,-0.209434,-0.269273,-0.269273
7444,-0.209434,-0.269273,-0.239354
7445,-0.209434,-0.269273,-0.239354
7446,-0.209434,-0.239354,-0.239354
7447,-0.209434,-0.269273,-0.239354
7448,-0.209434,-0.239354,-0.239354
7449,-0.209434,-0.239354,-0.239354
7450,-0.209434,-0.239354,-0.239354
7451,-0.179515,-0.239354,-0.239354
7452,-0.209434,-0.269273,-0.269273
7453,-0.239354,-0.269273,-0.269273
7454,-0.239354,-0.269273,-0.269273
7455,-0.209434,-0.269273,-0.269273
7456,-0.209434,-0.239354,-0.269273
7457,-0.179515,-0.239354,-0.239354
7458,-0.179515,-0.239354,-0.209434
7459,-0.179515,-0.239354,-0.209434
7460,-0.179515,-0.209434,-0.209434
7461,-0.179515,-0.239354,-0.209434
7462,-0.179515,-0.239354,-0.209434
7463,-0.179515,-0.209434,-0.209434
7464,-0.179515,-0.239354,-0.239354
7465,-0.179515,-0.239354,-0.239354
7466,-0.179515,-0.239354,-0.239354
7467,-0.179515,-0.239354,-0.239354
7468,-0.179515,-0.239354,-0.209434
7469,-0.149596,-0.209434,-0.209434
7470,-0.149596,-0.209434,-0.209434
7471,-0.179515,-0.209434,-0.209434
7472,-0.179515,-0.239354,-0.209434
7473,-0.209434,-0.239354,-0.239354
7474,-0.209434,-0.239354,-0.239354
7475,-0.209434,-0.269273,-0.239354
7476,-0.209434,-0.269273,-0.239354
7477,-0.209434,-0.239354,-0.239354
7478,-0.209434,-0.239354,-0.239354
7479,-0.209434,-0.239354,-0.239354
7480,-0.209434,-0.239354,-0.239354
7481,-0.209434,-0.239354,-0.239354
7482,-0.209434,-0.239354,-0.239354
7483,-0.209434,-0.239354,-0.239354
7484,-0.209434,-0.269273,-0.239354
7485,-0.239354,-0.269273,-0.269273
7486,-0.239354,-0.269273,-0.269273
7487,-0.209434,-0.269273,-0.269273
7488,-0.209434,-0.269273,-0.239354
7489,-0.179515,-0.239354,-0.239354
7490,-0.179515,-0.239354,-0.239354
7491,-0.179515,-0.239354,-0.209434
7492,-0.179515,-0.239354,-0.209434
7493,-0.179515,-0.239354,-0.209434
7494,-0.179515,-0.239354,-0.239354
7495,-0.179515,-0.239354,-0.239354
7496,-0.179515,-0.239354,-0.239354
7497,-0.179515,-0.239354,-0.239354
7498,-0.179515,-0.239354,-0.239354
7499,-0.179515,-0.239354,-0.239354
7500,-0.179515,-0.209434,-0.209434
7501,-0.149596,-0.209434,-0.209434
7502,-0.149596,-0.209434,-0.209434
7503,-0.179515,-0.209434,-0.209434
7504,-0.179515,-0.239354,-0.209434
7505,-0.209434,-0.239354,-0.239354
7506,-0.209434,-0.269273,-0.239354
7507,-0.209434,-0.269273,-0.239354
7508,-0.209434,-0.269273,-0.239354
7509,-0.209434,-0.239354,-0.239354
7510,-0.209434,-0.269273,-0.239354
7511,-0.209434,-0.239354,-0.239354
7512,-0.209434,-0.239354,-0.239354
7513,-0.209434,-0.239354,-0.239354
7514,-0.209434,-0.269273,-0.239354
7515,-0.209434,-0.269273,-0.239354
7516,-0.209434,-0.269273,-0.239354
7517,-0.239354,-0.299192,-0.299192
7518,-0.239354,-0.299192,-0.269273
7519,-0.239354,-0.269273,-0.269273
7520,-0.209434,-0.269273,-0.269273
7521,-0.209434,-0.239354,-0.239354
7522,-0.179515,-0.239354,-0.239354
7523,-0.179515,-0.239354,-0.239354
7524,-0.179515,-0.239354,-0.239354
7525,-0.179515,-0.239354,-0.239354
7526,-0.179515,-0.239354,-0.239354
7527,-0.179515,-0.239354,-0.239354
7528,-0.179515,-0.239354,-0.239354
7529,-0.179515,-0.239354,-0.239354
7530,-0.209434,-0.239354,-0.239354
7531,-0.179515,-0.239354,-0.239354
7532,-0.179515,-0.239354,-0.209434
7533,-0.149596,-0.209434,-0.179515
7534,-0.149596,-0.209434,-0.209434
7535,-0.179515,-0.209434,-0.209434
7536,-0.179515,-0.209434,-0.209434
7537,-0.209434,-0.239354,-0.239354
7538,-0.209434,-0.239354,-0.239354
7539,-0.209434,-0.269273,-0.239354
7540,-0.209434,-0.239354,-0.269273
7541,-0.209434,-0.239354,-0.239354
7542,-0.209434,-0.269273,-0.239354
7543,-0.209434,-0.239354,-0.239354
7544,-0.209434,-0.239354,-0.239354
7545,-0.209434,-0.239354,-0.239354
7546,-0.209434,-0.239354,-0.239354
7547,-0.209434,-0.239354,-0.239354
7548,-0.209434,-0.269273,-0.269273
7549,-0.239354,-0.269273,-0.299192
7550,-0.239354,-0.269273,-0.269273
7551,-0.209434,-0.269273,-0.269273
7552,-0.209434,-0.239354,-0.239354
7553,-0.179515,-0.239354,-0.239354
7554,-0.179515,-0.239354,-0.239354
7555,-0.179515,-0.239354,-0.209434
7556,-0.179515,-0.239354,-0.209434
7557,-0.179515,-0.239354,-0.209434
7558,-0.179515,-0.239354,-0.209434
7559,-0.179515,-0.239354,-0.209434
7560,-0.179515,-0.239354,-0.239354
7561,-0.179515,-0.239354,-0.239354
7562,-0.179515,-0.239354,-0.239354
7563,-0.179515,-0.239354,-0.239354
7564,-0.179515,-0.209434,-0.209434
7565,-0.149596,-0.179515,-0.179515
7566,-0.149596,-0.209434,-0.209434
7567,-0.179515,-0.209434,-0.209434
7568,-0.179515,-0.239354,-0.239354
7569,-0.209434,-0.239354,-0.239354
7570,-0.209434,-0.269273,-0.269273
7571,-0.209434,-0.269273,-0.239354
7572,-0.209434,-0.269273,-0.269273
7573,-0.209434,-0.269273,-0.269273
7574,-0.209434,-0.269273,-0.269273
7575,-0.209434,-0.269273,-0.239354
7576,-0.209434,-0.269273,-0.239354
7577,-0.209434,-0.239354,-0.239354
7578,-0.209434,-0.239354,-0.239354
7579,-0.209434,-0.239354,-0.239354
7580,-0.209434,-0.269273,-0.269273
7581,-0.239354,-0.299192,-0.269273
7582,-0.239354,-0.269273,-0.269273
7583,-0.239354,-0.269273,-0.269273
7584,-0.209434,-0.269273,-0.269273
7585,-0.179515,-0.239354,-0.239354
7586,-0.179515,-0.239354,-0.239354
7587,-0.179515,-0.239354,-0.209434
7588,-0.179515,-0.239354,-0.209434
7589,-0.179515,-0.239354,-0.239354
7590,-0.179515,-0.239354,-0.239354
7591,-0.179515,-0.239354,-0.239354
7592,-0.179515,-0.239354,-0.239354
7593,-0.179515,-0.239354,-0.239354
7594,-0.179515,-0.239354,-0.239354
7595,-0.179515,-0.239354,-0.239354
7596,-0.179515,-0.209434,-0.209434
7597,-0.149596,-0.179515,-0.179515
7598,-0.149596,-0.209434,-0.179515
7599,-0.149596,-0.209434,-0.209434
7600,-0.179515,-0.239354,-0.209434
7601,-0.209434,-0.239354,-0.239354
7602,-0.209434,-0.239354,-0.239354
7603,-0.209434,-0.239354,-0.239354
7604,-0.209434,-0.239354,-0.239354
7605,-0.209434,-0.239354,-0.239354
7606,-0.209434,-0.239354,-0.239354
7607,-0.209434,-0.239354,-0.239354
7608,-0.179515,-0.239354,-0.239354
7609,-0.179515,-0.239354,-0.239354
7610,-0.209434,-0.239354,-0.239354
7611,-0.179515,-0.239354,-0.239354
7612,-0.209434,-0.269273,-0.239354
7613,-0.239354,-0.269273,-0.269273
7614,-0.209434,-0.269273,-0.269273
7615,-0.209434,-0.269273,-0.269273
7616,-0.209434,-0.239354,-0.239354
7617,-0.179515,-0.239354,-0.209434
7618,-0.179515,-0.209434,-0.209434
7619,-0.179515,-0.209434,-0.209434
7620,-0.179515,-0.209434,-0.209434
7621,-0.179515,-0.209434,-0.209434
7622,-0.179515,-0.209434,-0.209434
7623,-0.179515,-0.209434,-0.209434
7624,-0.179515,-0.209434,-0.209434
7625,-0.179515,-0.239354,-0.239354
7626,-0.179515,-0.239354,-0.239354
7627,-0.179515,-0.239354,-0.209434
7628,-0.149596,-0.209434,-0.209434
7629,-0.149596,-0.179515,-0.179515
7630,-0.149596,-0.179515,-0.179515
7631,-0.149596,-0.209434,-0.209434
7632,-0.179515,-0.209434,-0.209434
7633,-0.179515,-0.239354,-0.239354
7634,-0.209434,-0.239354,-0.239354
7635,-0.209434,-0.239354,-0.239354
7636,-0.209434,-0.239354,-0.239354
7637,-0.209434,-0.239354,-0.239354
7638,-0.209434,-0.239354,-0.239354
7639,-0.209434,-0.239354,-0.239354
7640,-0.179515,-0.239354,-0.239354
7641,-0.179515,-0.239354,-0.239354
7642,-0.179515,-0.239354,-0.239354
7643,-0.179515,-0.239354,-0.239354
7644,-0.209434,-0.269273,-0.239354
7645,-0.239354,-0.269273,-0.269273
7646,-0.239354,-0.269273,-0.269273
7647,-0.209434,-0.269273,-0.269273
7648,-0.209434,-0.239354,-0.239354
7649,-0.179515,-0.239354,-0.239354
7650,-0.179515,-0.209434,-0.209434
7651,-0.179515,-0.209434,-0.209434
7652,-0.179515,-0.209434,-0.209434
7653,-0.179515,-0.209434,-0.209434
7654,-0.179515,-0.209434,-0.209434
7655,-0.179515,-0.209434,-0.209434
7656,-0.179515,-0.209434,-0.209434
7657,-0.179515,-0.239354,-0.209434
7658,-0.179515,-0.239354,-0.209434
7659,-0.179515,-0.239354,-0.239354
7660,-0.149596,-0.209434,-0.209434
7661,-0.149596,-0.179515,-0.179515
7662,-0.149596,-0.179515,-0.179515
7663,-0.149596,-0.209434,-0.209434
7664,-0.179515,-0.239354,-0.209434
7665,-0.179515,-0.239354,-0.239354
7666,-0.209434,-0.239354,-0.239354
7667,-0.209434,-0.239354,-0.239354
7668,-0.209434,-0.239354,-0.239354
7669,-0.209434,-0.239354,-0.239354
7670,-0.209434,-0.239354,-0.239354
7671,-0.209434,-0.239354,-0.239354
7672,-0.179515,-0.239354,-0.239354
7673,-0.179515,-0.239354,-0.239354
7674,-0.179515,-0.239354,-0.239354
7675,-0.179515,-0.239354,-0.239354
7676,-0.209434,-0.239354,-0.239354
7677,-0.239354,-0.269273,-0.269273
7678,-0.209434,-0.269273,-0.269273
7679,-0.209434,-0.269273,-0.239354
7680,-0.209434,-0.239354,-0.239354
7681,-0.179515,-0.239354,-0.209434
7682,-0.179515,-0.209434,-0.209434
7683,-0.179515,-0.209434,-0.209434
7684,-0.179515,-0.209434,-0.209434
7685,-0.179515,-0.209434,-0.209434
7686,-0.179515,-0.209434,-0.209434
7687,-0.179515,-0.209434,-0.209434
7688,-0.179515,-0.209434,-0.209434
7689,-0.179515,-0.209434,-0.209434
7690,-0.179515,-0.239354,-0.209434
7691,-0.179515,-0.239354,-0.239354
7692,-0.179515,-0.209434,-0.209434
7693,-0.119677,-0.179515,-0.179515
7694,-0.149596,-0.209434,-0.179515
7695,-0.149596,-0.209434,-0.209434
7696,-0.179515,-0.209434,-0.209434
7697,-0.209434,-0.239354,-0.239354
7698,-0.209434,-0.239354,-0.239354
7699,-0.209434,-0.239354,-0.239354
7700,-0.209434,-0.239354,-0.239354
7701,-0.209434,-0.239354,-0.239354
7702,-0.209434,-0.239354,-0.239354
7703,-0.209434,-0.239354,-0.239354
7704,-0.209434,-0.239354,-0.239354
7705,-0.209434,-0.239354,-0.239354
7706,-0.179515,-0.239354,-0.239354
7707,-0.179515,-0.239354,-0.239354
7708,-0.209434,-0.239354,-0.269273
7709,-0.239354,-0.269273,-0.269273
7710,-0.209434,-0.269273,-0.269273
7711,-0.209434,-0.269273,-0.269273
7712,-0.209434,-0.239354,-0.239354
7713,-0.179515,-0.239354,-0.209434
7714,-0.179515,-0.209434,-0.209434
7715,-0.179515,-0.209434,-0.209434
7716,-0.179515,-0.209434,-0.209434
7717,-0.179515,-0.209434,-0.209434
7718,-0.179515,-0.209434,-0.209434
7719,-0.179515,-0.209434,-0.209434
7720,-0.179515,-0.209434,-0.239354
7721,-0.179515,-0.239354,-0.239354
7722,-0.179515,-0.239354,-0.239354
7723,-0.179515,-0.239354,-0.209434
7724,-0.149596,-0.209434,-0.209434
7725,-0.149596,-0.179515,-0.179515
7726,-0.149596,-0.209434,-0.179515
7727,-0.149596,-0.209434,-0.209434
7728,-0.179515,-0.209434,-0.239354
7729,-0.179515,-0.239354,-0.239354
7730,-0.209434,-0.239354,-0.239354
7731,-0.209434,-0.239354,-0.239354
7732,-0.209434,-0.239354,-0.239354
7733,-0.209434,-0.239354,-0.239354
7734,-0.209434,-0.239354,-0.239354
7735,-0.209434,-0.239354,-0.239354
7736,-0.209434,-0.239354,-0.239354
7737,-0.209434,-0.239354,-0.239354
7738,-0.179515,-0.239354,-0.239354
7739,-0.179515,-0.239354,-0.239354
7740,-0.209434,-0.269273,-0.269273
7741,-0.239354,-0.299192,-0.269273
7742,-0.239354,-0.269273,-0.269273
7743,-0.209434,-0.269273,-0.269273
7744,-0.209434,-0.269273,-0.239354
7745,-0.179515,-0.239354,-0.239354
7746,-0.179515,-0.239354,-0.209434
7747,-0.179515,-0.239354,-0.209434
7748,-0.179515,-0.239354,-0.209434
7749,-0.179515,-0.209434,-0.209434
7750,-0.179515,-0.239354,-0.239354
7751,-0.179515,-0.239354,-0.209434
7752,-0.179515,-0.239354,-0.239354
7753,-0.179515,-0.239354,-0.239354
7754,-0.179515,-0.239354,-0.239354
7755,-0.179515,-0.239354,-0.239354
7756,-0.179515,-0.209434,-0.209434
7757,-0.149596,-0.179515,-0.179515
7758,-0.149596,-0.209434,-0.209434
7759,-0.179515,-0.209434,-0.209434
7760,-0.179515,-0.239354,-0.239354
7761,-0.209434,-0.269273,-0.239354
7762,-0.209434,-0.269273,-0.239354
7763,-0.209434,-0.269273,-0.239354
7764,-0.209434,-0.269273,-0.239354
7765,-0.209434,-0.239354,-0.239354
7766,-0.209434,-0.269273,-0.239354
7767,-0.209434,-0.239354,-0.239354
7768,-0.209434,-0.239354,-0.239354
7769,-0.209434,-0.239354,-0.239354
7770,-0.209434,-0.239354,-0.239354
7771,-0.209434,-0.239354,-0.239354
7772,-0.209434,-0.269273,-0.269273
7773,-0.239354,-0.299192,-0.269273
7774,-0.239354,-0.269273,-0.269273
7775,-0.209434,-0.269273,-0.269273
7776,-0.209434,-0.239354,-0.239354
7777,-0.179515,-0.239354,-0.239354
7778,-0.179515,-0.239354,-0.239354
7779,-0.179515,-0.239354,-0.209434
7780,-0.179515,-0.239354,-0.209434
7781,-0.179515,-0.239354,-0.239354
7782,-0.179515,-0.209434,-0.209434
7783,-0.179515,-0.239354,-0.209434
7784,-0.179515,-0.239354,-0.239354
7785,-0.179515,-0.239354,-0.239354
7786,-0.179515,-0.239354,-0.239354
7787,-0.179515,-0.239354,-0.239354
7788,-0.179515,-0.209434,-0.209434
7789,-0.149596,-0.179515,-0.179515
7790,-0.149596,-0.209434,-0.209434
7791,-0.179515,-0.209434,-0.209434
7792,-0.179515,-0.239354,-0.239354
7793,-0.209434,-0.239354,-0.239354
7794,-0.209434,-0.269273,-0.239354
7795,-0.209434,-0.269273,-0.239354
7796,-0.209434,-0.269273,-0.239354
7797,-0.209434,-0.269273,-0.239354
7798,-0.209434,-0.269273,-0.239354
7799,-0.209434,-0.239354,-0.239354
7800,-0.209434,-0.239354,-0.239354
7801,-0.209434,-0.239354,-0.239354
7802,-0.209434,-0.239354,-0.239354
7803,-0.209434,-0.239354,-0.239354
7804,-0.239354,-0.269273,-0.269273
7805,-0.239354,-0.299192,-0.299192
7806,-0.239354,-0.269273,-0.269273
7807,-0.209434,-0.269273,-0.269273
7808,-0.209434,-0.239354,-0.239354
7809,-0.179515,-0.239354,-0.209434
7810,-0.179515,-0.239354,-0.209434
7811,-0.179515,-0.239354,-0.209434
7812,-0.179515,-0.239354,-0.209434
7813,-0.179515,-0.239354,-0.239354
7814,-0.179515,-0.209434,-0.209434
7815,-0.179515,-0.239354,-0.209434
7816,-0.179515,-0.239354,-0.209434
7817,-0.179515,-0.239354,-0.239354
7818,-0.179515,-0.239354,-0.239354
7819,-0.179515,-0.239354,-0.239354
7820,-0.179515,-0.209434,-0.209434
7821,-0.149596,-0.209434,-0.179515
7822,-0.149596,-0.209434,-0.209434
7823,-0.179515,-0.209434,-0.209434
7824,-0.179515,-0.239354,-0.239354
7825,-0.209434,-0.239354,-0.239354
7826,-0.209434,-0.239354,-0.269273
7827,-0.209434,-0.239354,-0.239354
7828,-0.209434,-0.239354,-0.239354
7829,-0.209434,-0.239354,-0.239354
7830,-0.209434,-0.269273,-0.239354
7831,-0.209434,-0.269273,-0.239354
7832,-0.209434,-0.239354,-0.239354
7833,-0.209434,-0.239354,-0.239354
7834,-0.209434,-0.239354,-0.239354
7835,-0.209434,-0.239354,-0.239354
7836,-0.209434,-0.269273,-0.269273
7837,-0.239354,-0.299192,-0.269273
7838,-0.239354,-0.269273,-0.269273
7839,-0.209434,-0.269273,-0.269273
7840,-0.209434,-0.269273,-0.239354
7841,-0.179515,-0.239354,-0.239354
7842,-0.179515,-0.239354,-0.239354
7843,-0.179515,-0.239354,-0.209434
7844,-0.179515,-0.209434,-0.209434
7845,-0.179515,-0.239354,-0.239354
7846,-0.179515,-0.239354,-0.209434
7847,-0.179515,-0.239354,-0.209434
7848,-0.179515,-0.239354,-0.239354
7849,-0.179515,-0.239354,-0.239354
7850,-0.179515,-0.239354,-0.239354
7851,-0.179515,-0.239354,-0.239354
7852,-0.179515,-0.209434,-0.209434
7853,-0.149596,-0.179515,-0.179515
7854,-0.149596,-0.209434,-0.209434
7855,-0.179515,-0.209434,-0.209434
7856,-0.179515,-0.239354,-0.239354
7857,-0.209434,-0.239354,-0.239354
7858,-0.209434,-0.269273,-0.239354
7859,-0.209434,-0.239354,-0.239354
7860,-0.209434,-0.239354,-0.239354
7861,-0.209434,-0.269273,-0.269273
7862,-0.209434,-0.269273,-0.239354
7863,-0.209434,-0.269273,-0.239354
7864,-0.209434,-0.239354,-0.239354
7865,-0.209434,-0.239354,-0.239354
7866,-0.209434,-0.239354,-0.239354
7867,-0.209434,-0.239354,-0.239354
7868,-0.209434,-0.269273,-0.269273
7869,-0.239354,-0.269273,-0.269273
7870,-0.239354,-0.269273,-0.269273
7871,-0.209434,-0.269273,-0.269273
7872,-0.209434,-0.239354,-0.239354
7873,-0.179515,-0.239354,-0.239354
7874,-0.179515,-0.239354,-0.239354
7875,-0.179515,-0.239354,-0.209434
7876,-0.179515,-0.239354,-0.209434
7877,-0.179515,-0.239354,-0.239354
7878,-0.179515,-0.239354,-0.209434
7879,-0.179515,-0.239354,-0.209434
7880,-0.179515,-0.239354,-0.239354
7881,-0.179515,-0.239354,-0.239354
7882,-0.179515,-0.239354,-0.239354
7883,-0.179515,-0.239354,-0.239354
7884,-0.179515,-0.209434,-0.209434
7885,-0.149596,-0.209434,-0.179515
7886,-0.149596,-0.209434,-0.209434
7887,-0.179515,-0.209434,-0.209434
7888,-0.179515,-0.239354,-0.239354
7889,-0.209434,-0.239354,-0.239354
7890,-0.209434,-0.239354,-0.239354
7891,-0.209434,-0.269273,-0.239354
7892,-0.209434,-0.239354,-0.239354
7893,-0.209434,-0.239354,-0.239354
7894,-0.209434,-0.269273,-0.239354
7895,-0.209434,-0.239354,-0.239354
7896,-0.209434,-0.239354,-0.239354
7897,-0.209434,-0.239354,-0.239354
7898,-0.209434,-0.239354,-0.239354
7899,-0.209434,-0.239354,-0.239354
7900,-0.239354,-0.269273,-0.269273
7901,-0.239354,-0.269273,-0.269273
7902,-0.239354,-0.269273,-0.269273
7903,-0.209434,-0.269273,-0.269273
7904,-0.209434,-0.239354,-0.239354
7905,-0.179515,-0.239354,-0.239354
7906,-0.179515,-0.239354,-0.209434
7907,-0.179515,-0.239354,-0.209434
7908,-0.179515,-0.209434,-0.209434
7909,-0.179515,-0.239354,-0.209434
7910,-0.179515,-0.239354,-0.209434
7911,-0.179515,-0.239354,-0.209434
7912,-0.179515,-0.239354,-0.239354
7913,-0.179515,-0.239354,-0.239354
7914,-0.179515,-0.239354,-0.239354
7915,-0.179515,-0.239354,-0.239354
7916,-0.179515,-0.209434,-0.209434
7917,-0.149596,-0.179515,-0.179515
7918,-0.149596,-0.209434,-0.209434
7919,-0.179515,-0.209434,-0.209434
7920,-0.179515,-0.239354,-0.239354
7921,-0.209434,-0.239354,-0.239354
7922,-0.209434,-0.269273,-0.239354
7923,-0.209434,-0.269273,-0.239354
7924,-0.209434,-0.269273,-0.239354
7925,-0.209434,-0.239354,-0.239354
7926,-0.209434,-0.239354,-0.239354
7927,-0.209434,-0.239354,-0.239354
7928,-0.209434,-0.239354,-0.239354
7929,-0.209434,-0.239354,-0.239354
7930,-0.209434,-0.239354,-0.239354
7931,-0.209434,-0.239354,-0.239354
7932,-0.209434,-0.269273,-0.269273
7933,-0.239354,-0.269273,-0.269273
7934,-0.239354,-0.269273,-0.269273
7935,-0.209434,-0.269273,-0.269273
7936,-0.209434,-0.239354,-0.239354
7937,-0.179515,-0.239354,-0.239354
7938,-0.179515,-0.239354,-0.239354
7939,-0.179515,-0.209434,-0.209434
7940,-0.179515,-0.239354,-0.209434
7941,-0.179515,-0.239354,-0.239354
7942,-0.179515,-0.209434,-0.239354
7943,-0.179515,-0.239354,-0.239354
7944,-0.179515,-0.239354,-0.239354
7945,-0.179515,-0.239354,-0.239354
7946,-0.179515,-0.239354,-0.239354
7947,-0.179515,-0.239354,-0.239354
7948,-0.149596,-0.209434,-0.209434
7949,-0.149596,-0.209434,-0.179515
7950,-0.149596,-0.209434,-0.209434
7951,-0.179515,-0.209434,-0.209434
7952,-0.179515,-0.239354,-0.239354
7953,-0.209434,-0.239354,-0.239354
7954,-0.209434,-0.269273,-0.239354
7955,-0.209434,-0.269273,-0.239354
7956,-0.209434,-0.239354,-0.239354
7957,-0.209434,-0.239354,-0.239354
7958,-0.209434,-0.269273,-0.239354
7959,-0.209434,-0.239354,-0.239354
7960,-0.209434,-0.239354,-0.239354
7961,-0.209434,-0.239354,-0.239354
7962,-0.209434,-0.239354,-0.239354
7963,-0.209434,-0.239354,-0.239354
7964,-0.209434,-0.269273,-0.269273
7965,-0.239354,-0.299192,-0.269273
7966,-0.239354,-0.269273,-0.269273
7967,-0.209434,-0.269273,-0.269273
7968,-0.209434,-0.239354,-0.239354
7969,-0.179515,-0.239354,-0.209434
7970,-0.179515,-0.239354,-0.209434
7971,-0.179515,-0.239354,-0.239354
7972,-0.179515,-0.239354,-0.239354
7973,-0.179515,-0.239354,-0.239354
7974,-0.179515,-0.239354,-0.209434
7975,-0.179515,-0.239354,-0.239354
7976,-0.179515,-0.239354,-0.239354
7977,-0.179515,-0.239354,-0.239354
7978,-0.179515,-0.239354,-0.239354
7979,-0.179515,-0.239354,-0.239354
7980,-0.149596,-0.209434,-0.209434
7981,-0.149596,-0.179515,-0.179515
7982,-0.149596,-0.209434,-0.209434
7983,-0.179515,-0.209434,-0.209434
7984,-0.179515,-0.239354,-0.239354
7985,-0.209434,-0.239354,-0.239354
7986,-0.209434,-0.269273,-0.239354
7987,-0.209434,-0.269273,-0.239354
7988,-0.209434,-0.269273,-0.239354
7989,-0.209434,-0.269273,-0.239354
7990,-0.209434,-0.269273,-0.239354
7991,-0.209434,-0.239354,-0.239354
7992,-0.209434,-0.239354,-0.239354
7993,-0.209434,-0.239354,-0.239354
7994,-0.209434,-0.239354,-0.239354
7995,-0.209434,-0.239354,-0.239354
7996,-0.209434,-0.269273,-0.269273
7997,-0.239354,-0.299192,-0.269273
7998,-0.239354,-0.269273,-0.269273
7999,-0.209434,-0.269273,-0.269273
8000,-0.209434,-0.239354,-0.239354
8001,-0.179515,-0.239354,-0.239354
8002,-0.179515,-0.239354,-0.239354
8003,-0.179515,-0.209434,-0.209434
8004,-0.179515,-0.239354,-0.209434
8005,-0.179515,-0.239354,-0.209434
8006,-0.179515,-0.239354,-0.239354
8007,-0.179515,-0.239354,-0.239354
8008,-0.179515,-0.239354,-0.239354
8009,-0.179515,-0.239354,-0.239354
8010,-0.179515,-0.239354,-0.239354
8011,-0.179515,-0.239354,-0.239354
8012,-0.179515,-0.209434,-0.209434
8013,-0.149596,-0.179515,-0.179515
8014,-0.149596,-0.209434,-0.209434
8015,-0.179515,-0.209434,-0.209434
8016,-0.179515,-0.239354,-0.239354
8017,-0.209434,-0.239354,-0.239354
8018,-0.209434,-0.269273,-0.239354
8019,-0.209434,-0.269273,-0.239354
8020,-0.209434,-0.239354,-0.239354
8021,-0.209434,-0.269273,-0.239354
8022,-0.209434,-0.269273,-0.239354
8023,-0.209434,-0.239354,-0.239354
8024,-0.209434,-0.239354,-0.239354
8025,-0.209434,-0.239354,-0.239354
8026,-0.209434,-0.239354,-0.239354
8027,-0.209434,-0.239354,-0.239354
8028,-0.209434,-0.269273,-0.269273
8029,-0.239354,-0.299192,-0.269273
8030,-0.239354,-0.269273,-0.269273
8031,-0.209434,-0.269273,-0.269273
8032,-0.209434,-0.239354,-0.239354
8033,-0.179515,-0.239354,-0.239354
8034,-0.179515,-0.209434,-0.209434
8035,-0.179515,-0.239354,-0.209434
8036,-0.179515,-0.239354,-0.209434
8037,-0.179515,-0.209434,-0.209434
8038,-0.179515,-0.239354,-0.209434
8039,-0.179515,-0.239354,-0.239354
8040,-0.179515,-0.239354,-0.239354
8041,-0.179515,-0.239354,-0.239354
8042,-0.179515,-0.239354,-0.239354
8043,-0.179515,-0.239354,-0.239354
8044,-0.149596,-0.209434,-0.209434
8045,-0.149596,-0.209434,-0.179515
8046,-0.149596,-0.209434,-0.209434
8047,-0.179515,-0.209434,-0.209434
8048,-0.179515,-0.239354,-0.239354
8049,-0.209434,-0.239354,-0.239354
8050,-0.209434,-0.239354,-0.239354
8051,-0.209434,-0.239354,-0.239354
8052,-0.209434,-0.239354,-0.239354
8053,-0.209434,-0.239354,-0.239354
8054,-0.209434,-0.269273,-0.239354
8055,-0.209434,-0.239354,-0.239354
8056,-0.209434,-0.239354,-0.239354
8057,-0.209434,-0.239354,-0.239354
8058,-0.209434,-0.239354,-0.239354
8059,-0.209434,-0.239354,-0.239354
8060,-0.209434,-0.269273,-0.269273
8061,-0.239354,-0.299192,-0.269273
8062,-0.239354,-0.269273,-0.269273
8063,-0.209434,-0.269273,-0.269273
8064,-0.209434,-0.239354,-0.239354
8065,-0.179515,-0.239354,-0.209434
8066,-0.179515,-0.239354,-0.209434
8067,-0.179515,-0.209434,-0.209434
8068,-0.179515,-0.239354,-0.209434
8069,-0.179515,-0.239354,-0.209434
8070,-0.179515,-0.239354,-0.209434
8071,-0.179515,-0.239354,-0.239354
8072,-0.179515,-0.239354,-0.239354
8073,-0.179515,-0.239354,-0.239354
8074,-0.179515,-0.239354,-0.239354
8075,-0.179515,-0.239354,-0.239354
8076,-0.149596,-0.209434,-0.209434
8077,-0.149596,-0.209434,-0.179515
8078,-0.149596,-0.209434,-0.209434
8079,-0.179515,-0.209434,-0.209434
8080,-0.179515,-0.239354,-0.239354
8081,-0.209434,-0.239354,-0.239354
8082,-0.209434,-0.269273,-0.239354
8083,-0.209434,-0.269273,-0.239354
8084,-0.209434,-0.239354,-0.239354
8085,-0.209434,-0.239354,-0.239354
8086,-0.209434,-0.269273,-0.239354
8087,-0.209434,-0.269273,-0.239354
8088,-0.209434,-0.239354,-0.239354
8089,-0.209434,-0.239354,-0.239354
8090,-0.209434,-0.239354,-0.239354
8091,-0.209434,-0.239354,-0.239354
8092,-0.209434,-0.269273,-0.269273
8093,-0.239354,-0.269273,-0.269273
8094,-0.239354,-0.269273,-0.269273
8095,-0.209434,-0.269273,-0.269273
8096,-0.209434,-0.239354,-0.239354
8097,-0.179515,-0.239354,-0.239354
8098,-0.179515,-0.239354,-0.209434
8099,-0.179515,-0.209434,-0.209434
8100,-0.179515,-0.239354,-0.239354
8101,-0.179515,-0.239354,-0.239354
8102,-0.179515,-0.239354,-0.209434
8103,-0.179515,-0.239354,-0.209434
8104,-0.179515,-0.239354,-0.239354
8105,-0.179515,-0.239354,-0.239354
8106,-0.179515,-0.239354,-0.239354
8107,-0.179515,-0.239354,-0.239354
8108,-0.149596,-0.209434,-0.209434
8109,-0.149596,-0.179515,-0.209434
8110,-0.149596,-0.209434,-0.209434
8111,-0.179515,-0.209434,-0.209434
8112,-0.179515,-0.239354,-0.239354
8113,-0.209434,-0.239354,-0.239354
8114,-0.209434,-0.269273,-0.239354
8115,-0.209434,-0.239354,-0.239354
8116,-0.209434,-0.239354,-0.239354
8117,-0.209434,-0.239354,-0.239354
8118,-0.209434,-0.269273,-0.239354
8119,-0.209434,-0.269273,-0.239354
8120,-0.209434,-0.239354,-0.239354
8121,-0.209434,-0.239354,-0.239354
8122,-0.209434,-0.239354,-0.239354
8123,-0.209434,-0.239354,-0.239354
8124,-0.209434,-0.269273,-0.269273
8125,-0.239354,-0.299192,-0.269273
8126,-0.239354,-0.269273,-0.269273
8127,-0.209434,-0.269273,-0.269273
8128,-0.209434,-0.239354,-0.239354
8129,-0.179515,-0.239354,-0.239354
8130,-0.179515,-0.239354,-0.209434
8131,-0.179515,-0.209434,-0.209434
8132,-0.179515,-0.239354,-0.209434
8133,-0.179515,-0.239354,-0.209434
8134,-0.179515,-0.209434,-0.209434
8135,-0.179515,-0.239354,-0.239354
8136,-0.179515,-0.239354,-0.239354
8137,-0.179515,-0.239354,-0.239354
8138,-0.179515,-0.239354,-0.239354
8139,-0.179515,-0.239354,-0.239354
8140,-0.149596,-0.209434,-0.209434
8141,-0.149596,-0.209434,-0.179515
8142,-0.149596,-0.209434,-0.209434
8143,-0.179515,-0.209434,-0.209434
8144,-0.179515,-0.239354,-0.239354
8145,-0.209434,-0.269273,-0.239354
8146,-0.209434,-0.269273,-0.239354
8147,-0.209434,-0.269273,-0.239354
8148,-0.209434,-0.239354,-0.239354
8149,-0.209434,-0.239354,-0.239354
8150,-0.209434,-0.269273,-0.239354
8151,-0.209434,-0.269273,-0.239354
8152,-0.209434,-0.239354,-0.239354
8153,-0.209434,-0.239354,-0.239354
8154,-0.209434,-0.239354,-0.239354
8155,-0.209434,-0.239354,-0.239354
8156,-0.239354,-0.269273,-0.269273
8157,-0.239354,-0.269273,-0.269273
8158,-0.239354,-0.269273,-0.269273
8159,-0.209434,-0.269273,-0.269273
8160,-0.209434,-0.239354,-0.239354
8161,-0.179515,-0.239354,-0.239354
8162,-0.179515,-0.239354,-0.209434
8163,-0.179515,-0.239354,-0.209434
8164,-0.179515,-0.239354,-0.209434
8165,-0.179515,-0.239354,-0.209434
8166,-0.179515,-0.239354,-0.209434
8167,-0.179515,-0.239354,-0.239354
8168,-0.179515,-0.239354,-0.239354
8169,-0.179515,-0.239354,-0.239354
8170,-0.179515,-0.239354,-0.239354
8171,-0.179515,-0.239354,-0.239354
8172,-0.149596,-0.209434,-0.209434
8173,-0.149596,-0.209434,-0.179515
8174,-0.149596,-0.209434,-0.209434
8175,-0.179515,-0.209434,-0.209434
8176,-0.179515,-0.239354,-0.239354
8177,-0.209434,-0.239354,-0.239354
8178,-0.209434,-0.269273,-0.239354
8179,-0.209434,-0.269273,-0.239354
8180,-0.209434,-0.239354,-0.239354
8181,-0.209434,-0.239354,-0.239354
8182,-0.209434,-0.239354,-0.239354
8183,-0.209434,-0.239354,-0.239354
8184,-0.209434,-0.239354,-0.239354
8185,-0.209434,-0.239354,-0.239354
8186,-0.209434,-0.239354,-0.239354
8187,-0.209434,-0.239354,-0.239354
8188,-0.239354,-0.269273,-0.269273
8189,-0.239354,-0.269273,-0.269273
8190,-0.209434,-0.269273,-0.269273
8191,-0.209434,-0.269273,-0.269273
8192,-0.209434,-0.239354,-0.239354
8193,-0.179515,-0.209434,-0.239354
8194,-0.179515,-0.209434,-0.209434
8195,-0.179515,-0.239354,-0.209434
8196,-0.179515,-0.239354,-0.209434
8197,-0.179515,-0.239354,-0.239354
8198,-0.179515,-0.239354,-0.209434
8199,-0.179515,-0.239354,-0.209434
8200,-0.179515,-0.239354,-0.239354
8201,-0.179515,-0.239354,-0.239354
8202,-0.179515,-0.239354,-0.239354
8203,-0.179515,-0.239354,-0.239354
8204,-0.149596,-0.209434,-0.209434
8205,-0.149596,-0.179515,-0.179515
8206,-0.149596,-0.209434,-0.209434
8207,-0.179515,-0.209434,-0.209434
8208,-0.179515,-0.239354,-0.239354
8209,-0.209434,-0.239354,-0.239354
8210,-0.209434,-0.269273,-0.239354
8211,-0.209434,-0.269273,-0.239354
8212,-0.209434,-0.239354,-0.239354
8213,-0.209434,-0.239354,-0.239354
8214,-0.209434,-0.269273,-0.239354
8215,-0.209434,-0.239354,-0.239354
8216,-0.209434,-0.239354,-0.239354
8217,-0.209434,-0.239354,-0.239354
8218,-0.209434,-0.239354,-0.239354
8219,-0.209434,-0.239354,-0.239354
8220,-0.209434,-0.269273,-0.269273
8221,-0.239354,-0.299192,-0.269273
8222,-0.239354,-0.269273,-0.269273
8223,-0.209434,-0.269273,-0.269273
8224,-0.209434,-0.239354,-0.239354
8225,-0.179515,-0.239354,-0.209434
8226,-0.179515,-0.239354,-0.209434
8227,-0.179515,-0.239354,-0.209434
8228,-0.179515,-0.239354,-0.209434
8229,-0.179515,-0.209434,-0.209434
8230,-0.179515,-0.209434,-0.209434
8231,-0.179515,-0.239354,-0.209434
8232,-0.179515,-0.239354,-0.239354
8233,-0.179515,-0.239354,-0.239354
8234,-0.179515,-0.239354,-0.239354
8235,-0.179515,-0.239354,-0.239354
8236,-0.149596,-0.209434,-0.209434
8237,-0.149596,-0.209434,-0.179515
8238,-0.179515,-0.209434,-0.209434
8239,-0.179515,-0.209434,-0.209434
8240,-0.179515,-0.239354,-0.239354
8241,-0.209434,-0.239354,-0.239354
8242,-0.209434,-0.239354,-0.239354
8243,-0.209434,-0.269273,-0.239354
8244,-0.209434,-0.269273,-0.239354
8245,-0.209434,-0.269273,-0.239354
8246,-0.209434,-0.269273,-0.239354
8247,-0.209434,-0.239354,-0.239354
8248,-0.209434,-0.239354,-0.239354
8249,-0.209434,-0.239354,-0.239354
8250,-0.179515,-0.239354,-0.239354
8251,-0.209434,-0.239354,-0.239354
8252,-0.239354,-0.269273,-0.269273
8253,-0.239354,-0.299192,-0.269273
8254,-0.239354,-0.269273,-0.269273
8255,-0.209434,-0.269273,-0.239354
8256,-0.209434,-0.239354,-0.239354
8257,-0.179515,-0.239354,-0.209434
8258,-0.179515,-0.239354,-0.239354
8259,-0.179515,-0.209434,-0.239354
8260,-0.179515,-0.239354,-0.209434
8261,-0.179515,-0.239354,-0.209434
8262,-0.179515,-0.239354,-0.209434
8263,-0.179515,-0.239354,-0.209434
8264,-0.179515,-0.239354,-0.239354
8265,-0.179515,-0.239354,-0.239354
8266,-0.179515,-0.239354,-0.239354
8267,-0.179515,-0.239354,-0.239354
8268,-0.149596,-0.209434,-0.209434
8269,-0.149596,-0.209434,-0.179515
8270,-0.149596,-0.209434,-0.209434
8271,-0.179515,-0.209434,-0.209434
8272,-0.179515,-0.239354,-0.239354
8273,-0.209434,-0.239354,-0.239354
8274,-0.209434,-0.239354,-0.239354
8275,-0.209434,-0.239354,-0.239354
8276,-0.209434,-0.239354,-0.239354
8277,-0.209434,-0.239354,-0.239354
8278,-0.209434,-0.239354,-0.239354
8279,-0.209434,-0.239354,-0.239354
8280,-0.209434,-0.239354,-0.239354
8281,-0.209434,-0.239354,-0.239354
8282,-0.209434,-0.239354,-0.239354
8283,-0.209434,-0.239354,-0.239354
8284,-0.239354,-0.269273,-0.269273
8285,-0.239354,-0.299192,-0.269273
8286,-0.209434,-0.269273,-0.269273
8287,-0.209434,-0.269273,-0.269273
8288,-0.209434,-0.239354,-0.239354
8289,-0.179515,-0.239354,-0.239354
8290,-0.179515,-0.239354,-0.239354
8291,-0.179515,-0.239354,-0.209434
8292,-0.179515,-0.239354,-0.209434
8293,-0.179515,-0.239354,-0.209434
8294,-0.179515,-0.239354,-0.209434
8295,-0.179515,-0.239354,-0.209434
8296,-0.179515,-0.239354,-0.239354
8297,-0.179515,-0.239354,-0.239354
8298,-0.179515,-0.239354,-0.239354
8299,-0.179515,-0.239354,-0.239354
8300,-0.149596,-0.209434,-0.209434
8301,-0.149596,-0.209434,-0.179515
8302,-0.179515,-0.209434,-0.209434
8303,-0.179515,-0.209434,-0.209434
8304,-0.179515,-0.239354,-0.239354
8305,-0.209434,-0.239354,-0.239354
8306,-0.209434,-0.239354,-0.239354
8307,-0.209434,-0.239354,-0.239354
8308,-0.209434,-0.239354,-0.239354
8309,-0.209434,-0.239354,-0.239354
8310,-0.209434,-0.269273,-0.239354
8311,-0.209434,-0.239354,-0.239354
8312,-0.209434,-0.239354,-0.239354
8313,-0.209434,-0.239354,-0.239354
8314,-0.209434,-0.239354,-0.239354
8315,-0.209434,-0.239354,-0.239354
8316,-0.239354,-0.269273,-0.269273
8317,-0.239354,-0.299192,-0.269273
8318,-0.209434,-0.269273,-0.269273
8319,-0.209434,-0.269273,-0.269273
8320,-0.209434,-0.239354,-0.239354
8321,-0.179515,-0.239354,-0.209434
8322,-0.179515,-0.239354,-0.209434
8323,-0.179515,-0.209434,-0.209434
8324,-0.179515,-0.239354,-0.209434
8325,-0.179515,-0.239354,-0.209434
8326,-0.179515,-0.239354,-0.209434
8327,-0.179515,-0.239354,-0.239354
8328,-0.179515,-0.239354,-0.239354
8329,-0.179515,-0.239354,-0.239354
8330,-0.179515,-0.239354,-0.239354
8331,-0.179515,-0.239354,-0.239354
8332,-0.149596,-0.209434,-0.209434
8333,-0.149596,-0.209434,-0.179515
8334,-0.149596,-0.209434,-0.209434
8335,-0.179515,-0.209434,-0.209434
8336,-0.179515,-0.239354,-0.239354
8337,-0.209434,-0.239354,-0.239354
8338,-0.209434,-0.269273,-0.239354
8339,-0.209434,-0.239354,-0.239354
8340,-0.209434,-0.269273,-0.239354
8341,-0.209434,-0.269273,-0.239354
8342,-0.209434,-0.269273,-0.239354
8343,-0.209434,-0.239354,-0.239354
8344,-0.179515,-0.239354,-0.239354
8345,-0.209434,-0.239354,-0.239354
8346,-0.209434,-0.239354,-0.239354
8347,-0.209434,-0.239354,-0.239354
8348,-0.239354,-0.269273,-0.269273
8349,-0.239354,-0.269273,-0.269273
8350,-0.209434,-0.269273,-0.269273
8351,-0.209434,-0.269273,-0.269273
8352,-0.209434,-0.239354,-0.239354
8353,-0.179515,-0.239354,-0.239354
8354,-0.179515,-0.239354,-0.209434
8355,-0.179515,-0.209434,-0.209434
8356,-0.179515,-0.239354,-0.209434
8357,-0.179515,-0.239354,-0.209434
8358,-0.179515,-0.209434,-0.209434
8359,-0.179515,-0.239354,-0.209434
8360,-0.179515,-0.239354,-0.239354
8361,-0.179515,-0.239354,-0.239354
8362,-0.179515,-0.239354,-0.239354
8363,-0.179515,-0.239354,-0.239354
8364,-0.149596,-0.209434,-0.209434
8365,-0.149596,-0.179515,-0.209434
8366,-0.149596,-0.209434,-0.209434
8367,-0.179515,-0.209434,-0.209434
8368,-0.179515,-0.239354,-0.239354
8369,-0.209434,-0.269273,-0.239354
8370,-0.209434,-0.269273,-0.239354
8371,-0.209434,-0.269273,-0.239354
8372,-0.209434,-0.269273,-0.239354
8373,-0.209434,-0.269273,-0.239354
8374,-0.209434,-0.239354,-0.239354
8375,-0.209434,-0.239354,-0.239354
8376,-0.209434,-0.239354,-0.239354
8377,-0.209434,-0.239354,-0.239354
8378,-0.209434,-0.239354,-0.239354
8379,-0.209434,-0.239354,-0.239354
8380,-0.239354,-0.269273,-0.269273
8381,-0.239354,-0.269273,-0.269273
8382,-0.239354,-0.269273,-0.269273
8383,-0.209434,-0.269273,-0.269273
8384,-0.209434,-0.239354,-0.239354
8385,-0.179515,-0.239354,-0.239354
8386,-0.179515,-0.239354,-0.209434
8387,-0.179515,-0.239354,-0.209434
8388,-0.179515,-0.239354,-0.239354
8389,-0.179515,-0.239354,-0.209434
8390,-0.179515,-0.239354,-0.209434
8391,-0.179515,-0.239354,-0.209434
8392,-0.179515,-0.239354,-0.239354
8393,-0.179515,-0.239354,-0.239354
8394,-0.179515,-0.239354,-0.239354
8395,-0.179515,-0.239354,-0.239354
8396,-0.149596,-0.209434,-0.209434
8397,-0.149596,-0.209434,-0.179515
8398,-0.149596,-0.209434,-0.209434
8399,-0.179515,-0.209434,-0.209434
8400,-0.179515,-0.239354,-0.239354
8401,-0.209434,-0.239354,-0.239354
8402,-0.209434,-0.269273,-0.239354
8403,-0.209434,-0.269273,-0.239354
8404,-0.209434,-0.269273,-0.239354
8405,-0.209434,-0.269273,-0.239354
8406,-0.209434,-0.269273,-0.239354
8407,-0.209434,-0.239354,-0.239354
8408,-0.209434,-0.239354,-0.239354
8409,-0.209434,-0.239354,-0.239354
8410,-0.179515,-0.239354,-0.239354
8411,-0.209434,-0.239354,-0.239354
8412,-0.239354,-0.269273,-0.269273
8413,-0.239354,-0.299192,-0.269273
8414,-0.239354,-0.269273,-0.269273
8415,-0.209434,-0.269273,-0.269273
8416,-0.179515,-0.239354,-0.239354
8417,-0.179515,-0.239354,-0.239354
8418,-0.179515,-0.239354,-0.209434
8419,-0.179515,-0.239354,-0.209434
8420,-0.179515,-0.209434,-0.209434
8421,-0.179515,-0.209434,-0.209434
8422,-0.179515,-0.209434,-0.209434
8423,-0.179515,-0.239354,-0.239354
8424,-0.179515,-0.239354,-0.239354
8425,-0.179515,-0.239354,-0.239354
8426,-0.179515,-0.239354,-0.239354
8427,-0.179515,-0.239354,-0.239354
8428,-0.149596,-0.209434,-0.209434
8429,-0.149596,-0.209434,-0.179515
8430,-0.149596,-0.209434,-0.209434
8431,-0.179515,-0.209434,-0.209434
8432,-0.179515,-0.239354,-0.239354
8433,-0.209434,-0.269273,-0.269273
8434,-0.209434,-0.269273,-0.269273
8435,-0.209434,-0.239354,-0.239354
8436,-0.209434,-0.239354,-0.239354
8437,-0.209434,-0.269273,-0.239354
8438,-0.209434,-0.239354,-0.239354
8439,-0.209434,-0.239354,-0.239354
8440,-0.209434,-0.239354,-0.239354
8441,-0.209434,-0.239354,-0.239354
8442,-0.209434,-0.239354,-0.239354
8443,-0.209434,-0.239354,-0.239354
8444,-0.239354,-0.269273,-0.269273
8445,-0.239354,-0.299192,-0.269273
8446,-0.209434,-0.269273,-0.269273
8447,-0.209434,-0.269273,-0.269273
8448,-0.209434,-0.239354,-0.239354
8449,-0.179515,-0.239354,-0.209434
8450,-0.179515,-0.239354,-0.209434
8451,-0.179515,-0.239354,-0.209434
8452,-0.179515,-0.209434,-0.209434
8453,-0.179515,-0.209434,-0.209434
8454,-0.179515,-0.239354,-0.209434
8455,-0.179515,-0.239354,-0.239354
8456,-0.179515,-0.239354,-0.239354
8457,-0.179515,-0.239354,-0.239354
8458,-0.179515,-0.239354,-0.239354
8459,-0.179515,-0.239354,-0.239354
8460,-0.149596,-0.209434,-0.209434
8461,-0.149596,-0.209434,-0.179515
8462,-0.149596,-0.209434,-0.209434
8463,-0.179515,-0.209434,-0.209434
8464,-0.209434,-0.239354,-0.239354
8465,-0.209434,-0.269273,-0.239354
8466,-0.209434,-0.269273,-0.239354
8467,-0.209434,-0.239354,-0.239354
8468,-0.209434,-0.239354,-0.239354
8469,-0.209434,-0.239354,-0.239354
8470,-0.209434,-0.239354,-0.239354
8471,-0.209434,-0.239354,-0.239354
8472,-0.209434,-0.239354,-0.239354
8473,-0.209434,-0.239354,-0.239354
8474,-0.209434,-0.239354,-0.239354
8475,-0.209434,-0.239354,-0.239354
8476,-0.239354,-0.269273,-0.269273
8477,-0.239354,-0.269273,-0.269273
8478,-0.209434,-0.269273,-0.269273
8479,-0.209434,-0.269273,-0.269273
8480,-0.209434,-0.239354,-0.239354
8481,-0.179515,-0.239354,-0.209434
8482,-0.179515,-0.239354,-0.209434
8483,-0.179515,-0.239354,-0.209434
8484,-0.179515,-0.239354,-0.239354
8485,-0.179515,-0.209434,-0.209434
8486,-0.179515,-0.209434,-0.209434
8487,-0.179515,-0.239354,-0.239354
8488,-0.179515,-0.239354,-0.239354
8489,-0.179515,-0.239354,-0.239354
8490,-0.179515,-0.239354,-0.239354
8491,-0.179515,-0.239354,-0.239354
8492,-0.149596,-0.209434,-0.209434
8493,-0.149596,-0.209434,-0.209434
8494,-0.149596,-0.209434,-0.209434
8495,-0.179515,-0.209434,-0.209434
8496,-0.209434,-0.239354,-0.239354
8497,-0.209434,-0.239354,-0.239354
8498,-0.209434,-0.269273,-0.239354
8499,-0.209434,-0.269273,-0.239354
8500,-0.209434,-0.239354,-0.239354
8501,-0.209434,-0.269273,-0.239354
8502,-0.209434,-0.269273,-0.239354
8503,-0.209434,-0.239354,-0.239354
8504,-0.209434,-0.239354,-0.239354
8505,-0.209434,-0.239354,-0.239354
8506,-0.209434,-0.239354,-0.239354
8507,-0.209434,-0.239354,-0.239354
8508,-0.239354,-0.269273,-0.269273
8509,-0.239354,-0.269273,-0.269273
8510,-0.239354,-0.269273,-0.269273
8511,-0.209434,-0.269273,-0.269273
8512,-0.179515,-0.239354,-0.239354
8513,-0.179515,-0.239354,-0.209434
8514,-0.179515,-0.209434,-0.209434
8515,-0.179515,-0.239354,-0.209434
8516,-0.179515,-0.239354,-0.209434
8517,-0.179515,-0.239354,-0.209434
8518,-0.179515,-0.239354,-0.209434
8519,-0.179515,-0.239354,-0.209434
8520,-0.179515,-0.239354,-0.239354
8521,-0.179515,-0.239354,-0.239354
8522,-0.179515,-0.239354,-0.239354
8523,-0.179515,-0.239354,-0.239354
8524,-0.149596,-0.209434,-0.209434
8525,-0.149596,-0.209434,-0.179515
8526,-0.179515,-0.209434,-0.209434
8527,-0.179515,-0.209434,-0.209434
8528,-0.179515,-0.239354,-0.239354
8529,-0.209434,-0.269273,-0.239354
8530,-0.209434,-0.269273,-0.239354
8531,-0.209434,-0.239354,-0.239354
8532,-0.209434,-0.239354,-0.239354
8533,-0.209434,-0.239354,-0.239354
8534,-0.209434,-0.269273,-0.239354
8535,-0.209434,-0.239354,-0.239354
8536,-0.209434,-0.239354,-0.239354
8537,-0.209434,-0.239354,-0.239354
8538,-0.209434,-0.239354,-0.239354
8539,-0.209434,-0.239354,-0.239354
8540,-0.239354,-0.269273,-0.269273
8541,-0.239354,-0.269273,-0.269273
8542,-0.239354,-0.269273,-0.269273
8543,-0.209434,-0.269273,-0.269273
8544,-0.209434,-0.239354,-0.239354
8545,-0.179515,-0.239354,-0.239354
8546,-0.179515,-0.239354,-0.209434
8547,-0.179515,-0.209434,-0.209434
8548,-0.179515,-0.239354,-0.209434
8549,-0.179515,-0.239354,-0.209434
8550,-0.179515,-0.239354,-0.239354
8551,-0.179515,-0.239354,-0.239354
8552,-0.179515,-0.239354,-0.239354
8553,-0.179515,-0.239354,-0.239354
8554,-0.179515,-0.239354,-0.239354
8555,-0.179515,-0.239354,-0.209434
8556,-0.149596,-0.209434,-0.209434
8557,-0.149596,-0.209434,-0.209434
8558,-0.149596,-0.209434,-0.209434
8559,-0.179515,-0.239354,-0.209434
8560,-0.209434,-0.239354,-0.239354
8561,-0.209434,-0.239354,-0.239354
8562,-0.209434,-0.239354,-0.239354
8563,-0.209434,-0.239354,-0.239354
8564,-0.209434,-0.239354,-0.239354
8565,-0.209434,-0.269273,-0.239354
8566,-0.209434,-0.239354,-0.239354
8567,-0.209434,-0.239354,-0.239354
8568,-0.209434,-0.239354,-0.239354
8569,-0.209434,-0.239354,-0.239354
8570,-0.209434,-0.239354,-0.239354
8571,-0.209434,-0.239354,-0.239354
8572,-0.239354,-0.269273,-0.269273
8573,-0.239354,-0.269273,-0.269273
8574,-0.209434,-0.269273,-0.269273
8575,-0.209434,-0.269273,-0.239354
8576,-0.209434,-0.239354,-0.239354
8577,-0.179515,-0.209434,-0.239354
8578,-0.179515,-0.239354,-0.209434
8579,-0.179515,-0.239354,-0.209434
8580,-0.179515,-0.209434,-0.209434
8581,-0.179515,-0.239354,-0.209434
8582,-0.179515,-0.239354,-0.209434
8583,-0.179515,-0.239354,-0.239354
8584,-0.179515,-0.239354,-0.239354
8585,-0.179515,-0.239354,-0.239354
8586,-0.179515,-0.239354,-0.239354
8587,-0.179515,-0.239354,-0.239354
8588,-0.149596,-0.209434,-0.209434
8589,-0.149596,-0.179515,-0.209434
8590,-0.179515,-0.209434,-0.209434
8591,-0.179515,-0.239354,-0.209434
8592,-0.179515,-0.239354,-0.239354
8593,-0.209434,-0.239354,-0.239354
8594,-0.209434,-0.269273,-0.239354
8595,-0.209434,-0.269273,-0.239354
8596,-0.209434,-0.269273,-0.239354
8597,-0.209434,-0.269273,-0.239354
8598,-0.209434,-0.239354,-0.239354
8599,-0.209434,-0.239354,-0.239354
8600,-0.209434,-0.239354,-0.239354
8601,-0.209434,-0.239354,-0.239354
8602,-0.209434,-0.239354,-0.239354
8603,-0.209434,-0.239354,-0.239354
8604,-0.239354,-0.269273,-0.269273
8605,-0.239354,-0.269273,-0.269273
8606,-0.209434,-0.269273,-0.269273
8607,-0.209434,-0.269273,-0.239354
8608,-0.179515,-0.239354,-0.239354
8609,-0.179515,-0.239354,-0.209434
8610,-0.179515,-0.239354,-0.209434
8611,-0.179515,-0.239354,-0.209434
8612,-0.179515,-0.209434,-0.209434
8613,-0.179515,-0.239354,-0.209434
8614,-0.179515,-0.239354,-0.209434
8615,-0.179515,-0.239354,-0.239354
8616,-0.179515,-0.239354,-0.239354
8617,-0.179515,-0.239354,-0.239354
8618,-0.179515,-0.239354,-0.239354
8619,-0.179515,-0.239354,-0.239354
8620,-0.149596,-0.209434,-0.209434
8621,-0.149596,-0.179515,-0.209434
8622,-0.149596,-0.209434,-0.209434
8623,-0.179515,-0.209434,-0.209434
8624,-0.209434,-0.239354,-0.239354
8625,-0.209434,-0.239354,-0.239354
8626,-0.209434,-0.239354,-0.239354
8627,-0.209434,-0.239354,-0.239354
8628,-0.209434,-0.239354,-0.239354
8629,-0.209434,-0.239354,-0.239354
8630,-0.209434,-0.269273,-0.239354
8631,-0.209434,-0.239354,-0.239354
8632,-0.209434,-0.239354,-0.239354
8633,-0.209434,-0.239354,-0.239354
8634,-0.209434,-0.239354,-0.239354
8635,-0.209434,-0.239354,-0.239354
8636,-0.239354,-0.269273,-0.269273
8637,-0.239354,-0.269273,-0.269273
8638,-0.209434,-0.269273,-0.269273
8639,-0.209434,-0.269273,-0.239354
8640,-0.179515,-0.239354,-0.239354
8641,-0.179515,-0.239354,-0.209434
8642,-0.179515,-0.239354,-0.209434
8643,-0.179515,-0.239354,-0.209434
8644,-0.179515,-0.239354,-0.209434
8645,-0.179515,-0.239354,-0.209434
8646,-0.179515,-0.239354,-0.209434
8647,-0.179515,-0.239354,-0.209434
8648,-0.179515,-0.239354,-0.239354
8649,-0.179515,-0.239354,-0.239354
8650,-0.179515,-0.239354,-0.239354
8651,-0.179515,-0.239354,-0.209434
8652,-0.149596,-0.179515,-0.209434
8653,-0.149596,-0.179515,-0.209434
8654,-0.149596,-0.209434,-0.209434
8655,-0.179515,-0.209434,-0.209434
8656,-0.209434,-0.239354,-0.239354
8657,-0.209434,-0.239354,-0.239354
8658,-0.209434,-0.269273,-0.239354
8659,-0.209434,-0.269273,-0.239354
8660,-0.209434,-0.269273,-0.239354
8661,-0.209434,-0.269273,-0.239354
8662,-0.209434,-0.269273,-0.239354
8663,-0.209434,-0.239354,-0.239354
8664,-0.209434,-0.239354,-0.239354
8665,-0.209434,-0.239354,-0.239354
8666,-0.209434,-0.239354,-0.239354
8667,-0.209434,-0.239354,-0.239354
8668,-0.239354,-0.269273,-0.269273
8669,-0.239354,-0.269273,-0.269273
8670,-0.209434,-0.269273,-0.269273
8671,-0.209434,-0.269273,-0.269273
8672,-0.179515,-0.239354,-0.239354
8673,-0.179515,-0.239354,-0.239354
8674,-0.179515,-0.239354,-0.209434
8675,-0.179515,-0.209434,-0.209434
8676,-0.179515,-0.239354,-0.239354
8677,-0.179515,-0.209434,-0.209434
8678,-0.179515,-0.239354,-0.209434
8679,-0.179515,-0.239354,-0.239354
8680,-0.179515,-0.239354,-0.239354
8681,-0.179515,-0.239354,-0.239354
8682,-0.179515,-0.239354,-0.239354
8683,-0.179515,-0.239354,-0.239354
8684,-0.149596,-0.209434,-0.209434
8685,-0.149596,-0.209434,-0.179515
8686,-0.179515,-0.209434,-0.209434
8687,-0.179515,-0.209434,-0.209434
8688,-0.179515,-0.239354,-0.239354
8689,-0.209434,-0.239354,-0.239354
8690,-0.209434,-0.269273,-0.239354
8691,-0.209434,-0.269273,-0.239354
8692,-0.209434,-0.239354,-0.239354
8693,-0.209434,-0.269273,-0.239354
8694,-0.209434,-0.269273,-0.239354
8695,-0.209434,-0.239354,-0.239354
8696,-0.209434,-0.239354,-0.239354
8697,-0.209434,-0.239354,-0.239354
8698,-0.209434,-0.239354,-0.239354
8699,-0.209434,-0.239354,-0.239354
8700,-0.239354,-0.269273,-0.269273
8701,-0.239354,-0.269273,-0.269273
8702,-0.209434,-0.269273,-0.269273
8703,-0.209434,-0.269273,-0.239354
8704,-0.179515,-0.239354,-0.239354
8705,-0.179515,-0.239354,-0.209434
8706,-0.179515,-0.239354,-0.209434
8707,-0.179515,-0.209434,-0.209434
8708,-0.179515,-0.239354,-0.209434
8709,-0.179515,-0.209434,-0.209434
8710,-0.179515,-0.209434,-0.209434
8711,-0.179515,-0.239354,-0.239354
8712,-0.179515,-0.239354,-0.239354
8713,-0.179515,-0.239354,-0.239354
8714,-0.179515,-0.239354,-0.239354
8715,-0.179515,-0.239354,-0.239354
8716,-0.149596,-0.209434,-0.209434
8717,-0.149596,-0.209434,-0.209434
8718,-0.149596,-0.209434,-0.209434
8719,-0.179515,-0.209434,-0.209434
8720,-0.209434,-0.239354,-0.239354
8721,-0.209434,-0.269273,-0.269273
8722,-0.209434,-0.239354,-0.239354
8723,-0.209434,-0.239354,-0.239354
8724,-0.209434,-0.239354,-0.239354
8725,-0.209434,-0.269273,-0.239354
8726,-0.209434,-0.269273,-0.239354
8727,-0.209434,-0.239354,-0.239354
8728,-0.209434,-0.239354,-0.239354
8729,-0.209434,-0.239354,-0.239354
8730,-0.209434,-0.239354,-0.239354
8731,-0.209434,-0.239354,-0.239354
8732,-0.239354,-0.269273,-0.269273
8733,-0.239354,-0.269273,-0.269273
8734,-0.209434,-0.269273,-0.269273
8735,-0.209434,-0.269273,-0.269273
8736,-0.179515,-0.239354,-0.239354
8737,-0.179515,-0.239354,-0.209434
8738,-0.179515,-0.239354,-0.209434
8739,-0.179515,-0.209434,-0.209434
8740,-0.179515,-0.239354,-0.239354
8741,-0.179515,-0.239354,-0.209434
8742,-0.179515,-0.209434,-0.209434
8743,-0.179515,-0.239354,-0.239354
8744,-0.179515,-0.239354,-0.239354
8745,-0.179515,-0.239354,-0.239354
8746,-0.179515,-0.239354,-0.239354
8747,-0.179515,-0.209434,-0.209434
8748,-0.149596,-0.179515,-0.209434
8749,-0.149596,-0.209434,-0.209434
8750,-0.149596,-0.209434,-0.209434
8751,-0.179515,-0.209434,-0.209434
8752,-0.209434,-0.239354,-0.239354
8753,-0.209434,-0.239354,-0.239354
8754,-0.209434,-0.239354,-0.239354
8755,-0.209434,-0.239354,-0.239354
8756,-0.209434,-0.269273,-0.239354
8757,-0.209434,-0.269273,-0.239354
8758,-0.209434,-0.239354,-0.239354
8759,-0.209434,-0.239354,-0.239354
8760,-0.209434,-0.239354,-0.239354
8761,-0.209434,-0.239354,-0.239354
8762,-0.209434,-0.239354,-0.239354
8763,-0.209434,-0.239354,-0.239354
8764,-0.239354,-0.269273,-0.269273
8765,-0.239354,-0.269273,-0.269273
8766,-0.209434,-0.269273,-0.269273
8767,-0.209434,-0.239354,-0.269273
8768,-0.179515,-0.239354,-0.239354
8769,-0.179515,-0.239354,-0.209434
8770,-0.179515,-0.209434,-0.209434
8771,-0.179515,-0.239354,-0.209434
8772,-0.179515,-0.239354,-0.209434
8773,-0.179515,-0.239354,-0.209434
8774,-0.179515,-0.239354,-0.209434
8775,-0.179515,-0.239354,-0.239354
8776,-0.179515,-0.239354,-0.239354
8777,-0.179515,-0.239354,-0.239354
8778,-0.179515,-0.239354,-0.239354
8779,-0.179515,-0.239354,-0.209434
8780,-0.149596,-0.209434,-0.209434
8781,-0.149596,-0.209434,-0.179515
8782,-0.149596,-0.209434,-0.209434
8783,-0.179515,-0.209434,-0.239354
8784,-0.179515,-0.239354,-0.239354
8785,-0.209434,-0.239354,-0.239354
8786,-0.209434,-0.239354,-0.239354
8787,-0.209434,-0.269273,-0.239354
8788,-0.209434,-0.269273,-0.239354
8789,-0.209434,-0.239354,-0.239354
8790,-0.209434,-0.239354,-0.239354
8791,-0.209434,-0.239354,-0.239354
8792,-0.209434,-0.239354,-0.239354
8793,-0.209434,-0.239354,-0.239354
8794,-0.209434,-0.239354,-0.239354
8795,-0.209434,-0.239354,-0.239354
8796,-0.239354,-0.269273,-0.269273
8797,-0.239354,-0.269273,-0.269273
8798,-0.209434,-0.269273,-0.269273
8799,-0.209434,-0.269273,-0.239354
8800,-0.179515,-0.239354,-0.239354
8801,-0.179515,-0.239354,-0.239354
8802,-0.179515,-0.239354,-0.239354
8803,-0.179515,-0.239354,-0.209434
8804,-0.179515,-0.239354,-0.209434
8805,-0.179515,-0.239354,-0.209434
8806,-0.179515,-0.239354,-0.209434
8807,-0.179515,-0.239354,-0.239354
8808,-0.179515,-0.239354,-0.239354
8809,-0.179515,-0.239354,-0.239354
8810,-0.179515,-0.239354,-0.239354
8811,-0.179515,-0.239354,-0.209434
8812,-0.149596,-0.209434,-0.179515
8813,-0.149596,-0.209434,-0.209434
8814,-0.179515,-0.209434,-0.209434
8815,-0.179515,-0.239354,-0.209434
8816,-0.209434,-0.239354,-0.239354
8817,-0.209434,-0.239354,-0.239354
8818,-0.209434,-0.239354,-0.239354
8819,-0.209434,-0.239354,-0.239354
8820,-0.209434,-0.239354,-0.239354
8821,-0.209434,-0.239354,-0.239354
8822,-0.209434,-0.239354,-0.239354
8823,-0.209434,-0.239354,-0.239354
8824,-0.209434,-0.239354,-0.239354
8825,-0.209434,-0.239354,-0.239354
8826,-0.179515,-0.239354,-0.239354
8827,-0.209434,-0.269273,-0.239354
8828,-0.239354,-0.269273,-0.269273
8829,-0.239354,-0.269273,-0.269273
8830,-0.209434,-0.269273,-0.269273
8831,-0.209434,-0.269273,-0.239354
8832,-0.179515,-0.239354,-0.239354
8833,-0.179515,-0.239354,-0.209434
8834,-0.179515,-0.239354,-0.209434
8835,-0.179515,-0.239354,-0.209434
8836,-0.179515,-0.239354,-0.209434
8837,-0.179515,-0.239354,-0.239354
8838,-0.179515,-0.239354,-0.239354
8839,-0.179515,-0.239354,-0.239354
8840,-0.179515,-0.239354,-0.239354
8841,-0.179515,-0.239354,-0.239354
8842,-0.179515,-0.239354,-0.239354
8843,-0.179515,-0.209434,-0.239354
8844,-0.149596,-0.209434,-0.179515
8845,-0.149596,-0.209434,-0.209434
8846,-0.149596,-0.209434,-0.209434
8847,-0.179515,-0.239354,-0.209434
8848,-0.179515,-0.239354,-0.239354
8849,-0.209434,-0.269273,-0.239354
8850,-0.209434,-0.239354,-0.239354
8851,-0.209434,-0.239354,-0.239354
8852,-0.209434,-0.239354,-0.239354
8853,-0.209434,-0.269273,-0.239354
8854,-0.209434,-0.239354,-0.239354
8855,-0.209434,-0.239354,-0.239354
8856,-0.209434,-0.239354,-0.239354
8857,-0.209434,-0.239354,-0.239354
8858,-0.209434,-0.239354,-0.239354
8859,-0.209434,-0.239354,-0.239354
8860,-0.239354,-0.299192,-0.269273
8861,-0.239354,-0.269273,-0.269273
8862,-0.209434,-0.269273,-0.269273
8863,-0.209434,-0.269273,-0.239354
8864,-0.179515,-0.239354,-0.239354
8865,-0.179515,-0.239354,-0.209434
8866,-0.179515,-0.239354,-0.209434
8867,-0.179515,-0.239354,-0.209434
8868,-0.179515,-0.239354,-0.239354
8869,-0.179515,-0.239354,-0.209434
8870,-0.179515,-0.209434,-0.209434
8871,-0.179515,-0.239354,-0.209434
8872,-0.179515,-0.239354,-0.239354
8873,-0.179515,-0.239354,-0.239354
8874,-0.179515,-0.239354,-0.239354
8875,-0.179515,-0.239354,-0.209434
8876,-0.149596,-0.179515,-0.209434
8877,-0.149596,-0.209434,-0.209434
8878,-0.179515,-0.209434,-0.209434
8879,-0.179515,-0.209434,-0.239354
8880,-0.209434,-0.239354,-0.239354
8881,-0.209434,-0.269273,-0.239354
8882,-0.209434,-0.269273,-0.239354
8883,-0.209434,-0.269273,-0.239354
8884,-0.209434,-0.239354,-0.239354
8885,-0.209434,-0.269273,-0.239354
8886,-0.209434,-0.239354,-0.239354
8887,-0.209434,-0.239354,-0.239354
8888,-0.209434,-0.239354,-0.239354
8889,-0.209434,-0.239354,-0.239354
8890,-0.209434,-0.239354,-0.239354
8891,-0.209434,-0.239354,-0.239354
8892,-0.239354,-0.269273,-0.269273
8893,-0.239354,-0.269273,-0.269273
8894,-0.209434,-0.269273,-0.269273
8895,-0.209434,-0.269273,-0.269273
8896,-0.179515,-0.239354,-0.239354
8897,-0.179515,-0.239354,-0.239354
8898,-0.179515,-0.209434,-0.209434
8899,-0.179515,-0.209434,-0.209434
8900,-0.179515,-0.209434,-0.209434
8901,-0.179515,-0.209434,-0.209434
8902,-0.179515,-0.209434,-0.209434
8903,-0.179515,-0.239354,-0.239354
8904,-0.179515,-0.239354,-0.239354
8905,-0.179515,-0.239354,-0.239354
8906,-0.179515,-0.239354,-0.239354
8907,-0.179515,-0.209434,-0.239354
8908,-0.149596,-0.209434,-0.179515
8909,-0.149596,-0.209434,-0.209434
8910,-0.179515,-0.209434,-0.209434
8911,-0.179515,-0.209434,-0.209434
8912,-0.209434,-0.239354,-0.239354
8913,-0.209434,-0.269273,-0.239354
8914,-0.209434,-0.269273,-0.239354
8915,-0.209434,-0.239354,-0.239354
8916,-0.209434,-0.239354,-0.239354
8917,-0.209434,-0.239354,-0.239354
8918,-0.209434,-0.239354,-0.239354
8919,-0.209434,-0.239354,-0.239354
8920,-0.209434,-0.239354,-0.239354
8921,-0.209434,-0.239354,-0.239354
8922,-0.209434,-0.239354,-0.239354
8923,-0.209434,-0.239354,-0.239354
8924,-0.239354,-0.269273,-0.269273
8925,-0.239354,-0.269273,-0.269273
8926,-0.239354,-0.269273,-0.269273
8927,-0.209434,-0.239354,-0.239354
8928,-0.179515,-0.239354,-0.239354
8929,-0.179515,-0.239354,-0.209434
8930,-0.179515,-0.239354,-0.209434
8931,-0.179515,-0.239354,-0.209434
8932,-0.179515,-0.239354,-0.209434
8933,-0.179515,-0.209434,-0.209434
8934,-0.179515,-0.209434,-0.209434
8935,-0.179515,-0.239354,-0.239354
8936,-0.179515,-0.239354,-0.239354
8937,-0.179515,-0.239354,-0.239354
8938,-0.179515,-0.239354,-0.239354
8939,-0.179515,-0.209434,-0.209434
8940,-0.149596,-0.209434,-0.179515
8941,-0.149596,-0.209434,-0.209434
8942,-0.179515,-0.209434,-0.209434
8943,-0.179515,-0.239354,-0.209434
8944,-0.209434,-0.239354,-0.239354
8945,-0.209434,-0.269273,-0.239354
8946,-0.209434,-0.269273,-0.239354
8947,-0.209434,-0.239354,-0.239354
8948,-0.209434,-0.239354,-0.239354
8949,-0.209434,-0.269273,-0.239354
8950,-0.209434,-0.239354,-0.239354
8951,-0.209434,-0.239354,-0.239354
8952,-0.209434,-0.239354,-0.239354
8953,-0.209434,-0.239354,-0.239354
8954,-0.209434,-0.239354,-0.239354
8955,-0.209434,-0.269273,-0.239354
8956,-0.239354,-0.269273,-0.269273
8957,-0.239354,-0.269273,-0.269273
8958,-0.209434,-0.269273,-0.269273
8959,-0.209434,-0.269273,-0.239354
8960,-0.179515,-0.239354,-0.239354
8961,-0.179515,-0.239354,-0.239354
8962,-0.179515,-0.209434,-0.209434
8963,-0.179515,-0.209434,-0.209434
8964,-0.179515,-0.209434,-0.209434
8965,-0.179515,-0.209434,-0.209434
8966,-0.179515,-0.239354,-0.209434
8967,-0.179515,-0.239354,-0.209434
8968,-0.179515,-0.239354,-0.239354
8969,-0.179515,-0.239354,-0.239354
8970,-0.179515,-0.239354,-0.239354
8971,-0.179515,-0.209434,-0.209434
8972,-0.149596,-0.179515,-0.179515
8973,-0.149596,-0.209434,-0.179515
8974,-0.179515,-0.209434,-0.209434
8975,-0.179515,-0.239354,-0.209434
8976,-0.209434,-0.239354,-0.239354
8977,-0.209434,-0.269273,-0.239354
8978,-0.209434,-0.269273,-0.239354
8979,-0.209434,-0.239354,-0.239354
8980,-0.209434,-0.239354,-0.239354
8981,-0.209434,-0.269273,-0.269273
8982,-0.209434,-0.269273,-0.239354
8983,-0.209434,-0.239354,-0.239354
8984,-0.209434,-0.239354,-0.239354
8985,-0.209434,-0.239354,-0.239354
8986,-0.209434,-0.239354,-0.239354
8987,-0.209434,-0.239354,-0.269273
8988,-0.239354,-0.269273,-0.269273
8989,-0.239354,-0.269273,-0.269273
8990,-0.209434,-0.269273,-0.269273
8991,-0.209434,-0.239354,-0.239354
8992,-0.179515,-0.239354,-0.239354
8993,-0.179515,-0.239354,-0.209434
8994,-0.179515,-0.239354,-0.209434
8995,-0.179515,-0.209434,-0.209434
8996,-0.179515,-0.239354,-0.209434
8997,-0.179515,-0.239354,-0.239354
8998,-0.179515,-0.209434,-0.209434
8999,-0.179515,-0.239354,-0.239354
9000,-0.179515,-0.239354,-0.239354
9001,-0.179515,-0.239354,-0.239354
9002,-0.179515,-0.239354,-0.239354
9003,-0.179515,-0.209434,-0.209434
9004,-0.149596,-0.179515,-0.179515
9005,-0.149596,-0.209434,-0.209434
9006,-0.179515,-0.209434,-0.209434
9007,-0.179515,-0.239354,-0.209434
9008,-0.209434,-0.239354,-0.239354
9009,-0.209434,-0.269273,-0.239354
9010,-0.209434,-0.269273,-0.239354
9011,-0.209434,-0.269273,-0.239354
9012,-0.209434,-0.239354,-0.239354
9013,-0.209434,-0.239354,-0.239354
9014,-0.209434,-0.239354,-0.239354
9015,-0.209434,-0.239354,-0.239354
9016,-0.209434,-0.239354,-0.239354
9017,-0.209434,-0.239354,-0.239354
9018,-0.179515,-0.239354,-0.239354
9019,-0.209434,-0.269273,-0.239354
9020,-0.239354,-0.299192,-0.269273
9021,-0.239354,-0.269273,-0.269273
9022,-0.209434,-0.269273,-0.269273
9023,-0.209434,-0.269273,-0.239354
9024,-0.179515,-0.239354,-0.239354
9025,-0.179515,-0.239354,-0.209434
9026,-0.179515,-0.239354,-0.209434
9027,-0.179515,-0.239354,-0.239354
9028,-0.179515,-0.209434,-0.209434
9029,-0.179515,-0.209434,-0.209434
9030,-0.179515,-0.239354,-0.209434
9031,-0.179515,-0.239354,-0.209434
9032,-0.179515,-0.239354,-0.239354
9033,-0.179515,-0.239354,-0.239354
9034,-0.179515,-0.239354,-0.239354
9035,-0.179515,-0.209434,-0.209434
9036,-0.149596,-0.209434,-0.179515
9037,-0.149596,-0.209434,-0.179515
9038,-0.179515,-0.209434,-0.209434
9039,-0.179515,-0.239354,-0.209434
9040,-0.209434,-0.239354,-0.239354
9041,-0.209434,-0.269273,-0.239354
9042,-0.209434,-0.239354,-0.239354
9043,-0.209434,-0.239354,-0.239354
9044,-0.209434,-0.239354,-0.239354
9045,-0.209434,-0.269273,-0.239354
9046,-0.209434,-0.239354,-0.239354
9047,-0.209434,-0.239354,-0.239354
9048,-0.209434,-0.239354,-0.239354
9049,-0.179515,-0.239354,-0.239354
9050,-0.179515,-0.239354,-0.239354
9051,-0.209434,-0.239354,-0.269273
9052,-0.239354,-0.269273,-0.269273
9053,-0.239354,-0.269273,-0.269273
9054,-0.209434,-0.269273,-0.269273
9055,-0.209434,-0.269273,-0.239354
9056,-0.179515,-0.239354,-0.239354
9057,-0.179515,-0.239354,-0.239354
9058,-0.179515,-0.239354,-0.209434
9059,-0.179515,-0.209434,-0.209434
9060,-0.179515,-0.209434,-0.209434
9061,-0.179515,-0.239354,-0.209434
9062,-0.179515,-0.209434,-0.209434
9063,-0.179515,-0.239354,-0.239354
9064,-0.179515,-0.239354,-0.239354
9065,-0.179515,-0.239354,-0.239354
9066,-0.179515,-0.239354,-0.239354
9067,-0.179515,-0.209434,-0.209434
9068,-0.149596,-0.209434,-0.179515
9069,-0.149596,-0.209434,-0.209434
9070,-0.179515,-0.209434,-0.209434
9071,-0.179515,-0.209434,-0.239354
9072,-0.209434,-0.239354,-0.239354
9073,-0.209434,-0.239354,-0.239354
9074,-0.209434,-0.269273,-0.239354
9075,-0.209434,-0.239354,-0.239354
9076,-0.209434,-0.239354,-0.239354
9077,-0.209434,-0.269273,-0.269273
9078,-0.209434,-0.239354,-0.239354
9079,-0.209434,-0.239354,-0.239354
9080,-0.209434,-0.239354,-0.239354
9081,-0.209434,-0.239354,-0.239354
9082,-0.209434,-0.239354,-0.239354
9083,-0.209434,-0.269273,-0.239354
9084,-0.239354,-0.269273,-0.269273
9085,-0.239354,-0.269273,-0.269273
9086,-0.209434,-0.269273,-0.269273
9087,-0.209434,-0.269273,-0.239354
9088,-0.179515,-0.239354,-0.239354
9089,-0.179515,-0.209434,-0.209434
9090,-0.179515,-0.209434,-0.209434
9091,-0.179515,-0.209434,-0.209434
9092,-0.179515,-0.209434,-0.209434
9093,-0.179515,-0.209434,-0.209434
9094,-0.179515,-0.239354,-0.209434
9095,-0.179515,-0.239354,-0.239354
9096,-0.179515,-0.239354,-0.239354
9097,-0.179515,-0.239354,-0.239354
9098,-0.179515,-0.239354,-0.239354
9099,-0.179515,-0.209434,-0.209434
9100,-0.149596,-0.179515,-0.179515
9101,-0.149596,-0.209434,-0.209434
9102,-0.179515,-0.209434,-0.209434
9103,-0.179515,-0.239354,-0.209434
9104,-0.209434,-0.239354,-0.239354
9105,-0.209434,-0.269273,-0.239354
9106,-0.209434,-0.269273,-0.239354
9107,-0.209434,-0.239354,-0.239354
9108,-0.209434,-0.269273,-0.239354
9109,-0.209434,-0.269273,-0.239354
9110,-0.209434,-0.269273,-0.239354
9111,-0.209434,-0.239354,-0.239354
9112,-0.209434,-0.239354,-0.239354
9113,-0.209434,-0.239354,-0.239354
9114,-0.209434,-0.239354,-0.239354
9115,-0.209434,-0.269273,-0.239354
9116,-0.239354,-0.269273,-0.269273
9117,-0.239354,-0.269273,-0.269273
9118,-0.209434,-0.269273,-0.269273
9119,-0.209434,-0.239354,-0.239354
9120,-0.179515,-0.239354,-0.239354
9121,-0.179515,-0.239354,-0.209434
9122,-0.179515,-0.239354,-0.209434
9123,-0.179515,-0.209434,-0.209434
9124,-0.179515,-0.239354,-0.209434
9125,-0.179515,-0.239354,-0.209434
9126,-0.179515,-0.239354,-0.239354
9127,-0.179515,-0.239354,-0.239354
9128,-0.179515,-0.239354,-0.239354
9129,-0.179515,-0.239354,-0.239354
9130,-0.209434,-0.239354,-0.239354
9131,-0.179515,-0.209434,-0.209434
9132,-0.149596,-0.179515,-0.179515
9133,-0.149596,-0.209434,-0.209434
9134,-0.179515,-0.209434,-0.209434
9135,-0.179515,-0.239354,-0.209434
9136,-0.209434,-0.239354,-0.239354
9137,-0.209434,-0.269273,-0.239354
9138,-0.209434,-0.269273,-0.239354
9139,-0.209434,-0.239354,-0.239354
9140,-0.209434,-0.239354,-0.239354
9141,-0.209434,-0.269273,-0.239354
9142,-0.209434,-0.239354,-0.239354
9143,-0.209434,-0.239354,-0.239354
9144,-0.209434,-0.239354,-0.239354
9145,-0.209434,-0.239354,-0.239354
9146,-0.209434,-0.239354,-0.239354
9147,-0.209434,-0.269273,-0.239354
9148,-0.239354,-0.269273,-0.269273
9149,-0.239354,-0.269273,-0.269273
9150,-0.209434,-0.269273,-0.269273
9151,-0.209434,-0.239354,-0.239354
9152,-0.179515,-0.239354,-0.239354
9153,-0.179515,-0.239354,-0.239354
9154,-0.179515,-0.239354,-0.209434
9155,-0.179515,-0.239354,-0.209434
9156,-0.179515,-0.239354,-0.209434
9157,-0.179515,-0.239354,-0.209434
9158,-0.179515,-0.209434,-0.209434
9159,-0.179515,-0.239354,-0.239354
9160,-0.179515,-0.239354,-0.239354
9161,-0.179515,-0.239354,-0.239354
9162,-0.179515,-0.239354,-0.239354
9163,-0.179515,-0.209434,-0.209434
9164,-0.149596,-0.209434,-0.179515
9165,-0.149596,-0.209434,-0.209434
9166,-0.179515,-0.209434,-0.209434
9167,-0.179515,-0.239354,-0.209434
9168,-0.209434,-0.239354,-0.239354
9169,-0.209434,-0.269273,-0.239354
9170,-0.209434,-0.269273,-0.239354
9171,-0.209434,-0.239354,-0.239354
9172,-0.209434,-0.239354,-0.239354
9173,-0.209434,-0.239354,-0.239354
9174,-0.209434,-0.239354,-0.239354
9175,-0.209434,-0.239354,-0.239354
9176,-0.209434,-0.239354,-0.239354
9177,-0.209434,-0.239354,-0.239354
9178,-0.209434,-0.239354,-0.239354
9179,-0.209434,-0.269273,-0.239354
9180,-0.239354,-0.269273,-0.269273
9181,-0.239354,-0.269273,-0.269273
9182,-0.209434,-0.269273,-0.269273
9183,-0.209434,-0.239354,-0.239354
9184,-0.179515,-0.239354,-0.239354
9185,-0.179515,-0.239354,-0.209434
9186,-0.179515,-0.239354,-0.209434
9187,-0.179515,-0.239354,-0.209434
9188,-0.179515,-0.239354,-0.209434
9189,-0.179515,-0.209434,-0.239354
9190,-0.179515,-0.209434,-0.209434
9191,-0.179515,-0.239354,-0.239354
9192,-0.179515,-0.239354,-0.239354
9193,-0.179515,-0.239354,-0.239354
9194,-0.179515,-0.239354,-0.239354
9195,-0.179515,-0.209434,-0.209434
9196,-0.149596,-0.179515,-0.179515
9197,-0.149596,-0.209434,-0.209434
9198,-0.179515,-0.209434,-0.209434
9199,-0.179515,-0.239354,-0.239354
9200,-0.209434,-0.239354,-0.239354
9201,-0.209434,-0.239354,-0.239354
9202,-0.209434,-0.239354,-0.269273
9203,-0.209434,-0.239354,-0.239354
9204,-0.209434,-0.239354,-0.239354
9205,-0.209434,-0.269273,-0.239354
9206,-0.209434,-0.239354,-0.239354
9207,-0.209434,-0.239354,-0.239354
9208,-0.209434,-0.239354,-0.239354
9209,-0.209434,-0.239354,-0.239354
9210,-0.209434,-0.239354,-0.239354
9211,-0.209434,-0.269273,-0.269273
9212,-0.239354,-0.269273,-0.269273
9213,-0.239354,-0.269273,-0.269273
9214,-0.209434,-0.269273,-0.269273
9215,-0.209434,-0.239354,-0.239354
9216,-0.179515,-0.239354,-0.239354
9217,-0.179515,-0.239354,-0.209434
9218,-0.179515,-0.239354,-0.209434
9219,-0.179515,-0.239354,-0.209434
9220,-0.179515,-0.239354,-0.209434
9221,-0.179515,-0.239354,-0.209434
9222,-0.179515,-0.239354,-0.209434
9223,-0.179515,-0.239354,-0.239354
9224,-0.179515,-0.239354,-0.239354
9225,-0.179515,-0.239354,-0.239354
9226,-0.179515,-0.239354,-0.239354
9227,-0.179515,-0.209434,-0.209434
9228,-0.149596,-0.209434,-0.179515
9229,-0.149596,-0.209434,-0.209434
9230,-0.179515,-0.209434,-0.209434
9231,-0.179515,-0.239354,-0.239354
9232,-0.209434,-0.239354,-0.239354
9233,-0.209434,-0.239354,-0.239354
9234,-0.209434,-0.269273,-0.239354
9235,-0.209434,-0.239354,-0.239354
9236,-0.209434,-0.239354,-0.239354
9237,-0.209434,-0.239354,-0.239354
9238,-0.209434,-0.239354,-0.239354
9239,-0.209434,-0.239354,-0.239354
9240,-0.209434,-0.239354,-0.239354
9241,-0.209434,-0.239354,-0.239354
9242,-0.209434,-0.239354,-0.239354
9243,-0.209434,-0.269273,-0.269273
9244,-0.239354,-0.269273,-0.269273
9245,-0.239354,-0.269273,-0.269273
9246,-0.209434,-0.269273,-0.269273
9247,-0.209434,-0.239354,-0.239354
9248,-0.179515,-0.239354,-0.239354
9249,-0.179515,-0.239354,-0.239354
9250,-0.179515,-0.209434,-0.209434
9251,-0.179515,-0.239354,-0.209434
9252,-0.179515,-0.239354,-0.209434
9253,-0.179515,-0.209434,-0.209434
9254,-0.179515,-0.239354,-0.209434
9255,-0.179515,-0.239354,-0.239354
9256,-0.179515,-0.239354,-0.239354
9257,-0.179515,-0.239354,-0.239354
9258,-0.209434,-0.239354,-0.239354
9259,-0.179515,-0.209434,-0.209434
9260,-0.149596,-0.179515,-0.179515
9261,-0.149596,-0.209434,-0.209434
9262,-0.179515,-0.209434,-0.209434
9263,-0.179515,-0.209434,-0.239354
9264,-0.209434,-0.239354,-0.239354
9265,-0.209434,-0.269273,-0.239354
9266,-0.209434,-0.269273,-0.269273
9267,-0.209434,-0.269273,-0.239354
9268,-0.209434,-0.269273,-0.269273
9269,-0.209434,-0.269273,-0.269273
9270,-0.209434,-0.269273,-0.239354
9271,-0.209434,-0.239354,-0.239354
9272,-0.209434,-0.239354,-0.239354
9273,-0.209434,-0.239354,-0.239354
9274,-0.209434,-0.239354,-0.239354
9275,-0.209434,-0.269273,-0.269273
9276,-0.239354,-0.299192,-0.299192
9277,-0.239354,-0.269273,-0.269273
9278,-0.209434,-0.269273,-0.269273
9279,-0.209434,-0.269273,-0.239354
9280,-0.209434,-0.239354,-0.239354
9281,-0.179515,-0.239354,-0.239354
9282,-0.179515,-0.239354,-0.209434
9283,-0.179515,-0.239354,-0.209434
9284,-0.179515,-0.239354,-0.209434
9285,-0.179515,-0.209434,-0.209434
9286,-0.179515,-0.239354,-0.209434
9287,-0.179515,-0.239354,-0.239354
9288,-0.179515,-0.239354,-0.209434
9289,-0.179515,-0.239354,-0.239354
9290,-0.179515,-0.239354,-0.239354
9291,-0.149596,-0.209434,-0.209434
9292,-0.149596,-0.179515,-0.179515
9293,-0.149596,-0.209434,-0.179515
9294,-0.179515,-0.209434,-0.209434
9295,-0.179515,-0.239354,-0.209434
9296,-0.209434,-0.239354,-0.239354
9297,-0.209434,-0.239354,-0.239354
9298,-0.209434,-0.239354,-0.239354
9299,-0.209434,-0.239354,-0.239354
9300,-0.209434,-0.239354,-0.239354
9301,-0.209434,-0.239354,-0.239354
9302,-0.209434,-0.239354,-0.239354
9303,-0.209434,-0.239354,-0.239354
9304,-0.179515,-0.239354,-0.239354
9305,-0.179515,-0.239354,-0.239354
9306,-0.179515,-0.239354,-0.239354
9307,-0.209434,-0.269273,-0.269273
9308,-0.239354,-0.269273,-0.269273
9309,-0.239354,-0.269273,-0.269273
9310,-0.209434,-0.269273,-0.269273
9311,-0.209434,-0.239354,-0.239354
9312,-0.179515,-0.239354,-0.239354
9313,-0.179515,-0.239354,-0.239354
9314,-0.179515,-0.209434,-0.209434
9315,-0.179515,-0.239354,-0.209434
9316,-0.179515,-0.239354,-0.209434
9317,-0.179515,-0.239354,-0.209434
9318,-0.179515,-0.239354,-0.209434
9319,-0.179515,-0.239354,-0.239354
9320,-0.209434,-0.239354,-0.239354
9321,-0.179515,-0.239354,-0.239354
9322,-0.209434,-0.239354,-0.239354
9323,-0.179515,-0.209434,-0.209434
9324,-0.149596,-0.209434,-0.209434
9325,-0.149596,-0.209434,-0.209434
9326,-0.179515,-0.209434,-0.209434
9327,-0.179515,-0.239354,-0.239354
9328,-0.209434,-0.239354,-0.239354
9329,-0.209434,-0.269273,-0.269273
9330,-0.209434,-0.269273,-0.239354
9331,-0.209434,-0.269273,-0.239354
9332,-0.209434,-0.269273,-0.269273
9333,-0.209434,-0.269273,-0.269273
9334,-0.209434,-0.269273,-0.239354
9335,-0.209434,-0.239354,-0.239354
9336,-0.209434,-0.239354,-0.239354
9337,-0.209434,-0.239354,-0.239354
9338,-0.209434,-0.239354,-0.239354
9339,-0.209434,-0.269273,-0.269273
9340,-0.239354,-0.299192,-0.299192
9341,-0.239354,-0.269273,-0.269273
9342,-0.209434,-0.269273,-0.269273
9343,-0.209434,-0.269273,-0.239354
9344,-0.179515,-0.239354,-0.239354
9345,-0.179515,-0.239354,-0.239354
9346,-0.179515,-0.239354,-0.209434
9347,-0.179515,-0.239354,-0.209434
9348,-0.179515,-0.239354,-0.239354
9349,-0.179515,-0.239354,-0.209434
9350,-0.179515,-0.239354,-0.239354
9351,-0.179515,-0.239354,-0.239354
9352,-0.179515,-0.239354,-0.239354
9353,-0.179515,-0.239354,-0.239354
9354,-0.209434,-0.239354,-0.239354
9355,-0.179515,-0.209434,-0.209434
9356,-0.149596,-0.179515,-0.179515
9357,-0.149596,-0.209434,-0.209434
9358,-0.179515,-0.209434,-0.209434
9359,-0.179515,-0.239354,-0.239354
9360,-0.209434,-0.239354,-0.239354
9361,-0.209434,-0.269273,-0.239354
9362,-0.209434,-0.269273,-0.239354
9363,-0.209434,-0.269273,-0.239354
9364,-0.209434,-0.269273,-0.239354
9365,-0.209434,-0.269273,-0.239354
9366,-0.209434,-0.239354,-0.239354
9367,-0.209434,-0.239354,-0.239354
9368,-0.209434,-0.239354,-0.239354
9369,-0.209434,-0.239354,-0.239354
9370,-0.209434,-0.239354,-0.239354
9371,-0.209434,-0.269273,-0.269273
9372,-0.239354,-0.299192,-0.269273
9373,-0.239354,-0.269273,-0.269273
9374,-0.209434,-0.269273,-0.269273
9375,-0.209434,-0.239354,-0.239354
9376,-0.179515,-0.239354,-0.239354
9377,-0.179515,-0.209434,-0.209434
9378,-0.179515,-0.209434,-0.209434
9379,-0.179515,-0.209434,-0.209434
9380,-0.179515,-0.209434,-0.209434
9381,-0.179515,-0.209434,-0.209434
9382,-0.179515,-0.239354,-0.209434
9383,-0.179515,-0.239354,-0.209434
9384,-0.179515,-0.239354,-0.239354
9385,-0.179515,-0.239354,-0.239354
9386,-0.179515,-0.239354,-0.239354
9387,-0.149596,-0.209434,-0.209434
9388,-0.149596,-0.179515,-0.179515
9389,-0.149596,-0.209434,-0.209434
9390,-0.149596,-0.209434,-0.209434
9391,-0.179515,-0.239354,-0.209434
9392,-0.209434,-0.239354,-0.239354
9393,-0.209434,-0.239354,-0.239354
9394,-0.209434,-0.269273,-0.239354
9395,-0.209434,-0.239354,-0.239354
9396,-0.209434,-0.239354,-0.239354
9397,-0.209434,-0.269273,-0.239354
9398,-0.209434,-0.239354,-0.239354
9399,-0.209434,-0.239354,-0.239354
9400,-0.209434,-0.239354,-0.239354
9401,-0.209434,-0.239354,-0.239354
9402,-0.209434,-0.239354,-0.239354
9403,-0.209434,-0.269273,-0.269273
9404,-0.239354,-0.269273,-0.269273
9405,-0.239354,-0.269273,-0.269273
9406,-0.209434,-0.269273,-0.269273
9407,-0.209434,-0.239354,-0.239354
9408,-0.179515,-0.239354,-0.239354
9409,-0.179515,-0.209434,-0.209434
9410,-0.179515,-0.209434,-0.209434
9411,-0.179515,-0.209434,-0.209434
9412,-0.179515,-0.209434,-0.209434
9413,-0.179515,-0.209434,-0.209434
9414,-0.179515,-0.209434,-0.209434
9415,-0.179515,-0.239354,-0.209434
9416,-0.179515,-0.239354,-0.239354
9417,-0.179515,-0.239354,-0.239354
9418,-0.179515,-0.239354,-0.239354
9419,-0.149596,-0.209434,-0.209434
9420,-0.149596,-0.179515,-0.179515
9421,-0.149596,-0.209434,-0.209434
9422,-0.149596,-0.209434,-0.209434
9423,-0.179515,-0.239354,-0.209434
9424,-0.209434,-0.239354,-0.239354
9425,-0.209434,-0.269273,-0.239354
9426,-0.209434,-0.239354,-0.239354
9427,-0.209434,-0.239354,-0.239354
9428,-0.209434,-0.239354,-0.239354
9429,-0.209434,-0.239354,-0.239354
9430,-0.209434,-0.239354,-0.239354
9431,-0.179515,-0.239354,-0.239354
9432,-0.179515,-0.239354,-0.239354
9433,-0.209434,-0.239354,-0.239354
9434,-0.209434,-0.239354,-0.239354
9435,-0.209434,-0.269273,-0.269273
9436,-0.239354,-0.269273,-0.269273
9437,-0.239354,-0.269273,-0.269273
9438,-0.209434,-0.269273,-0.239354
9439,-0.209434,-0.239354,-0.239354
9440,-0.179515,-0.239354,-0.209434
9441,-0.179515,-0.209434,-0.209434
9442,-0.179515,-0.209434,-0.209434
9443,-0.179515,-0.239354,-0.209434
9444,-0.179515,-0.239354,-0.209434
9445,-0.179515,-0.209434,-0.209434
9446,-0.179515,-0.209434,-0.209434
9447,-0.179515,-0.239354,-0.239354
9448,-0.179515,-0.239354,-0.239354
9449,-0.179515,-0.239354,-0.239354
9450,-0.179515,-0.239354,-0.239354
9451,-0.149596,-0.209434,-0.209434
9452,-0.149596,-0.179515,-0.179515
9453,-0.149596,-0.209434,-0.179515
9454,-0.149596,-0.209434,-0.209434
9455,-0.179515,-0.239354,-0.239354
9456,-0.209434,-0.239354,-0.239354
9457,-0.209434,-0.239354,-0.239354
9458,-0.209434,-0.269273,-0.239354
9459,-0.209434,-0.239354,-0.239354
9460,-0.209434,-0.239354,-0.239354
9461,-0.209434,-0.239354,-0.239354
9462,-0.209434,-0.239354,-0.239354
9463,-0.209434,-0.239354,-0.239354
9464,-0.209434,-0.239354,-0.239354
9465,-0.209434,-0.239354,-0.239354
9466,-0.209434,-0.239354,-0.239354
9467,-0.209434,-0.269273,-0.269273
9468,-0.239354,-0.269273,-0.269273
9469,-0.239354,-0.269273,-0.269273
9470,-0.209434,-0.269273,-0.269273
9471,-0.209434,-0.239354,-0.239354
9472,-0.179515,-0.239354,-0.239354
9473,-0.179515,-0.239354,-0.209434
9474,-0.179515,-0.239354,-0.209434
9475,-0.179515,-0.209434,-0.209434
9476,-0.179515,-0.209434,-0.209434
9477,-0.179515,-0.239354,-0.209434
9478,-0.179515,-0.239354,-0.209434
9479,-0.179515,-0.239354,-0.209434
9480,-0.179515,-0.239354,-0.239354
9481,-0.179515,-0.239354,-0.239354
9482,-0.179515,-0.239354,-0.239354
9483,-0.149596,-0.209434,-0.209434
9484,-0.149596,-0.179515,-0.179515
9485,-0.149596,-0.209434,-0.209434
9486,-0.179515,-0.209434,-0.209434
9487,-0.179515,-0.239354,-0.239354
9488,-0.209434,-0.239354,-0.239354
9489,-0.209434,-0.239354,-0.239354
9490,-0.209434,-0.269273,-0.239354
9491,-0.209434,-0.239354,-0.239354
9492,-0.209434,-0.239354,-0.239354
9493,-0.209434,-0.269273,-0.239354
9494,-0.209434,-0.239354,-0.239354
9495,-0.209434,-0.239354,-0.239354
9496,-0.209434,-0.239354,-0.239354
9497,-0.209434,-0.239354,-0.239354
9498,-0.209434,-0.239354,-0.239354
9499,-0.209434,-0.269273,-0.269273
9500,-0.239354,-0.269273,-0.269273
9501,-0.239354,-0.269273,-0.269273
9502,-0.209434,-0.269273,-0.269273
9503,-0.209434,-0.239354,-0.239354
9504,-0.179515,-0.239354,-0.239354
9505,-0.179515,-0.209434,-0.209434
9506,-0.179515,-0.239354,-0.209434
9507,-0.179515,-0.239354,-0.209434
9508,-0.179515,-0.239354,-0.209434
9509,-0.179515,-0.209434,-0.209434
9510,-0.179515,-0.209434,-0.209434
9511,-0.179515,-0.239354,-0.239354
9512,-0.179515,-0.239354,-0.239354
9513,-0.179515,-0.239354,-0.239354
9514,-0.179515,-0.239354,-0.239354
9515,-0.179515,-0.209434,-0.209434
9516,-0.149596,-0.209434,-0.179515
9517,-0.149596,-0.209434,-0.209434
9518,-0.179515,-0.209434,-0.209434
9519,-0.179515,-0.239354,-0.239354
9520,-0.209434,-0.239354,-0.239354
9521,-0.209434,-0.269273,-0.239354
9522,-0.209434,-0.269273,-0.239354
9523,-0.209434,-0.269273,-0.239354
9524,-0.209434,-0.269273,-0.239354
9525,-0.209434,-0.269273,-0.239354
9526,-0.209434,-0.269273,-0.269273
9527,-0.209434,-0.239354,-0.239354
9528,-0.209434,-0.239354,-0.239354
9529,-0.209434,-0.239354,-0.239354
9530,-0.209434,-0.239354,-0.239354
9531,-0.239354,-0.269273,-0.269273
9532,-0.239354,-0.269273,-0.269273
9533,-0.239354,-0.269273,-0.269273
9534,-0.209434,-0.269273,-0.269273
9535,-0.209434,-0.239354,-0.239354
9536,-0.179515,-0.239354,-0.239354
9537,-0.179515,-0.239354,-0.209434
9538,-0.179515,-0.209434,-0.209434
9539,-0.179515,-0.209434,-0.209434
9540,-0.179515,-0.209434,-0.239354
9541,-0.179515,-0.209434,-0.209434
9542,-0.179515,-0.239354,-0.239354
9543,-0.179515,-0.239354,-0.239354
9544,-0.179515,-0.239354,-0.239354
9545,-0.179515,-0.239354,-0.239354
9546,-0.179515,-0.239354,-0.239354
9547,-0.149596,-0.209434,-0.209434
9548,-0.149596,-0.179515,-0.179515
9549,-0.149596,-0.209434,-0.209434
9550,-0.179515,-0.209434,-0.209434
9551,-0.179515,-0.239354,-0.239354
9552,-0.209434,-0.239354,-0.239354
9553,-0.209434,-0.269273,-0.239354
9554,-0.209434,-0.269273,-0.269273
9555,-0.209434,-0.269273,-0.239354
9556,-0.209434,-0.269273,-0.239354
9557,-0.209434,-0.269273,-0.239354
9558,-0.209434,-0.239354,-0.239354
9559,-0.209434,-0.239354,-0.239354
9560,-0.209434,-0.239354,-0.239354
9561,-0.209434,-0.239354,-0.239354
9562,-0.209434,-0.239354,-0.239354
9563,-0.209434,-0.269273,-0.269273
9564,-0.239354,-0.299192,-0.269273
9565,-0.239354,-0.269273,-0.269273
9566,-0.209434,-0.269273,-0.269273
9567,-0.209434,-0.239354,-0.239354
9568,-0.179515,-0.239354,-0.209434
9569,-0.179515,-0.239354,-0.209434
9570,-0.179515,-0.209434,-0.239354
9571,-0.179515,-0.209434,-0.209434
9572,-0.179515,-0.239354,-0.209434
9573,-0.179515,-0.239354,-0.209434
9574,-0.179515,-0.239354,-0.239354
9575,-0.179515,-0.239354,-0.239354
9576,-0.179515,-0.239354,-0.239354
9577,-0.179515,-0.239354,-0.239354
9578,-0.179515,-0.239354,-0.239354
9579,-0.149596,-0.209434,-0.209434
9580,-0.149596,-0.209434,-0.179515
9581,-0.149596,-0.209434,-0.209434
9582,-0.179515,-0.209434,-0.209434
9583,-0.179515,-0.239354,-0.239354
9584,-0.209434,-0.269273,-0.239354
9585,-0.209434,-0.239354,-0.239354
9586,-0.209434,-0.239354,-0.269273
9587,-0.209434,-0.269273,-0.239354
9588,-0.209434,-0.269273,-0.239354
9589,-0.209434,-0.269273,-0.239354
9590,-0.209434,-0.239354,-0.239354
9591,-0.209434,-0.239354,-0.239354
9592,-0.209434,-0.239354,-0.239354
9593,-0.209434,-0.239354,-0.239354
9594,-0.209434,-0.239354,-0.239354
9595,-0.239354,-0.269273,-0.269273
9596,-0.239354,-0.299192,-0.269273
9597,-0.239354,-0.269273,-0.269273
9598,-0.209434,-0.269273,-0.269273
9599,-0.209434,-0.239354,-0.239354
9600,-0.179515,-0.239354,-0.239354
9601,-0.179515,-0.239354,-0.209434
9602,-0.179515,-0.239354,-0.239354
9603,-0.179515,-0.239354,-0.209434
9604,-0.179515,-0.239354,-0.209434
9605,-0.179515,-0.239354,-0.209434
9606,-0.179515,-0.239354,-0.209434
9607,-0.179515,-0.239354,-0.239354
9608,-0.179515,-0.239354,-0.239354
9609,-0.179515,-0.239354,-0.239354
9610,-0.179515,-0.239354,-0.239354
9611,-0.149596,-0.209434,-0.209434
9612,-0.149596,-0.209434,-0.179515
9613,-0.149596,-0.209434,-0.209434
9614,-0.179515,-0.209434,-0.209434
9615,-0.179515,-0.239354,-0.239354
9616,-0.209434,-0.239354,-0.239354
9617,-0.209434,-0.269273,-0.239354
9618,-0.209434,-0.269273,-0.239354
9619,-0.209434,-0.269273,-0.239354
9620,-0.209434,-0.239354,-0.269273
9621,-0.209434,-0.239354,-0.239354
9622,-0.209434,-0.239354,-0.239354
9623,-0.209434,-0.239354,-0.239354
9624,-0.209434,-0.239354,-0.239354
9625,-0.209434,-0.239354,-0.239354
9626,-0.209434,-0.239354,-0.239354
9627,-0.239354,-0.269273,-0.269273
9628,-0.239354,-0.269273,-0.269273
9629,-0.209434,-0.269273,-0.269273
9630,-0.209434,-0.269273,-0.269273
9631,-0.209434,-0.239354,-0.239354
9632,-0.179515,-0.239354,-0.209434
9633,-0.179515,-0.239354,-0.209434
9634,-0.179515,-0.209434,-0.209434
9635,-0.179515,-0.239354,-0.209434
9636,-0.179515,-0.239354,-0.209434
9637,-0.179515,-0.239354,-0.209434
9638,-0.179515,-0.239354,-0.209434
9639,-0.179515,-0.239354,-0.239354
9640,-0.179515,-0.239354,-0.239354
9641,-0.179515,-0.239354,-0.239354
9642,-0.179515,-0.239354,-0.239354
9643,-0.149596,-0.209434,-0.209434
9644,-0.149596,-0.179515,-0.179515
9645,-0.149596,-0.209434,-0.209434
9646,-0.179515,-0.209434,-0.209434
9647,-0.179515,-0.239354,-0.239354
9648,-0.209434,-0.239354,-0.239354
9649,-0.209434,-0.269273,-0.239354
9650,-0.209434,-0.269273,-0.269273
9651,-0.209434,-0.269273,-0.239354
9652,-0.209434,-0.239354,-0.239354
9653,-0.209434,-0.239354,-0.239354
9654,-0.209434,-0.239354,-0.239354
9655,-0.209434,-0.239354,-0.239354
9656,-0.209434,-0.239354,-0.239354
9657,-0.209434,-0.239354,-0.239354
9658,-0.209434,-0.239354,-0.239354
9659,-0.209434,-0.269273,-0.269273
9660,-0.239354,-0.299192,-0.269273
9661,-0.239354,-0.269273,-0.269273
9662,-0.209434,-0.269273,-0.269273
9663,-0.209434,-0.239354,-0.239354
9664,-0.179515,-0.239354,-0.239354
9665,-0.179515,-0.239354,-0.209434
9666,-0.179515,-0.239354,-0.209434
9667,-0.179515,-0.239354,-0.209434
9668,-0.179515,-0.239354,-0.209434
9669,-0.179515,-0.209434,-0.209434
9670,-0.179515,-0.239354,-0.239354
9671,-0.179515,-0.239354,-0.239354
9672,-0.179515,-0.239354,-0.239354
9673,-0.179515,-0.239354,-0.239354
9674,-0.179515,-0.239354,-0.239354
9675,-0.149596,-0.209434,-0.209434
9676,-0.149596,-0.179515,-0.179515
9677,-0.149596,-0.209434,-0.209434
9678,-0.179515,-0.209434,-0.209434
9679,-0.179515,-0.239354,-0.239354
9680,-0.209434,-0.269273,-0.239354
9681,-0.209434,-0.269273,-0.239354
9682,-0.209434,-0.269273,-0.239354
9683,-0.209434,-0.239354,-0.239354
9684,-0.209434,-0.239354,-0.239354
9685,-0.209434,-0.239354,-0.239354
9686,-0.209434,-0.239354,-0.239354
9687,-0.209434,-0.239354,-0.239354
9688,-0.209434,-0.239354,-0.239354
9689,-0.209434,-0.239354,-0.239354
9690,-0.209434,-0.239354,-0.239354
9691,-0.239354,-0.269273,-0.269273
9692,-0.239354,-0.299192,-0.269273
9693,-0.239354,-0.269273,-0.269273
9694,-0.209434,-0.269273,-0.269273
9695,-0.209434,-0.239354,-0.239354
9696,-0.179515,-0.239354,-0.239354
9697,-0.179515,-0.239354,-0.209434
9698,-0.179515,-0.239354,-0.209434
9699,-0.179515,-0.239354,-0.209434
9700,-0.179515,-0.239354,-0.239354
9701,-0.179515,-0.239354,-0.209434
9702,-0.179515,-0.239354,-0.239354
9703,-0.179515,-0.239354,-0.239354
9704,-0.179515,-0.239354,-0.239354
9705,-0.179515,-0.239354,-0.239354
9706,-0.179515,-0.239354,-0.239354
9707,-0.149596,-0.209434,-0.209434
9708,-0.149596,-0.209434,-0.179515
9709,-0.149596,-0.209434,-0.209434
9710,-0.179515,-0.209434,-0.209434
9711,-0.179515,-0.239354,-0.239354
9712,-0.209434,-0.239354,-0.239354
9713,-0.209434,-0.269273,-0.239354
9714,-0.209434,-0.239354,-0.239354
9715,-0.209434,-0.239354,-0.239354
9716,-0.209434,-0.239354,-0.239354
9717,-0.209434,-0.269273,-0.239354
9718,-0.209434,-0.239354,-0.239354
9719,-0.209434,-0.239354,-0.239354
9720,-0.209434,-0.239354,-0.239354
9721,-0.209434,-0.239354,-0.239354
9722,-0.209434,-0.239354,-0.239354
9723,-0.239354,-0.269273,-0.269273
9724,-0.239354,-0.269273,-0.269273
9725,-0.209434,-0.269273,-0.269273
9726,-0.209434,-0.269273,-0.269273
9727,-0.209434,-0.239354,-0.239354
9728,-0.179515,-0.239354,-0.239354
9729,-0.179515,-0.239354,-0.239354
9730,-0.179515,-0.239354,-0.239354
9731,-0.179515,-0.239354,-0.209434
9732,-0.179515,-0.239354,-0.209434
9733,-0.179515,-0.209434,-0.209434
9734,-0.179515,-0.239354,-0.209434
9735,-0.179515,-0.239354,-0.209434
9736,-0.179515,-0.239354,-0.239354
9737,-0.179515,-0.239354,-0.239354
9738,-0.179515,-0.239354,-0.239354
9739,-0.149596,-0.209434,-0.209434
9740,-0.149596,-0.179515,-0.179515
9741,-0.149596,-0.209434,-0.209434
9742,-0.179515,-0.209434,-0.209434
9743,-0.179515,-0.239354,-0.239354
9744,-0.209434,-0.239354,-0.239354
9745,-0.209434,-0.269273,-0.239354
9746,-0.209434,-0.269273,-0.239354
9747,-0.209434,-0.239354,-0.239354
9748,-0.209434,-0.239354,-0.239354
9749,-0.209434,-0.269273,-0.239354
9750,-0.209434,-0.239354,-0.239354
9751,-0.209434,-0.239354,-0.239354
9752,-0.209434,-0.239354,-0.239354
9753,-0.209434,-0.239354,-0.239354
9754,-0.209434,-0.239354,-0.239354
9755,-0.239354,-0.269273,-0.269273
9756,-0.239354,-0.269273,-0.269273
9757,-0.239354,-0.269273,-0.269273
9758,-0.209434,-0.269273,-0.269273
9759,-0.209434,-0.239354,-0.239354
9760,-0.179515,-0.239354,-0.239354
9761,-0.179515,-0.239354,-0.209434
9762,-0.179515,-0.239354,-0.209434
9763,-0.179515,-0.209434,-0.209434
9764,-0.179515,-0.239354,-0.209434
9765,-0.179515,-0.239354,-0.209434
9766,-0.179515,-0.239354,-0.239354
9767,-0.179515,-0.239354,-0.239354
9768,-0.179515,-0.239354,-0.239354
9769,-0.179515,-0.239354,-0.239354
9770,-0.179515,-0.239354,-0.239354
9771,-0.149596,-0.209434,-0.209434
9772,-0.149596,-0.179515,-0.179515
9773,-0.149596,-0.209434,-0.209434
9774,-0.179515,-0.209434,-0.209434
9775,-0.179515,-0.239354,-0.239354
9776,-0.209434,-0.239354,-0.239354
9777,-0.209434,-0.269273,-0.239354
9778,-0.209434,-0.269273,-0.239354
9779,-0.209434,-0.239354,-0.239354
9780,-0.209434,-0.269273,-0.239354
9781,-0.209434,-0.269273,-0.239354
9782,-0.209434,-0.239354,-0.239354
9783,-0.209434,-0.239354,-0.239354
9784,-0.209434,-0.239354,-0.239354
9785,-0.209434,-0.239354,-0.239354
9786,-0.209434,-0.239354,-0.239354
9787,-0.239354,-0.269273,-0.269273
9788,-0.239354,-0.269273,-0.269273
9789,-0.239354,-0.269273,-0.269273
9790,-0.209434,-0.269273,-0.239354
9791,-0.209434,-0.239354,-0.239354
9792,-0.179515,-0.239354,-0.209434
9793,-0.179515,-0.239354,-0.209434
9794,-0.179515,-0.209434,-0.209434
9795,-0.179515,-0.209434,-0.209434
9796,-0.179515,-0.239354,-0.209434
9797,-0.179515,-0.239354,-0.239354
9798,-0.179515,-0.239354,-0.239354
9799,-0.179515,-0.239354,-0.239354
9800,-0.209434,-0.239354,-0.239354
9801,-0.179515,-0.239354,-0.239354
9802,-0.179515,-0.239354,-0.239354
9803,-0.149596,-0.209434,-0.209434
9804,-0.149596,-0.179515,-0.179515
9805,-0.179515,-0.209434,-0.209434
9806,-0.179515,-0.209434,-0.209434
9807,-0.179515,-0.239354,-0.239354
9808,-0.209434,-0.239354,-0.239354
9809,-0.209434,-0.239354,-0.239354
9810,-0.209434,-0.239354,-0.239354
9811,-0.209434,-0.269273,-0.239354
9812,-0.209434,-0.239354,-0.239354
9813,-0.209434,-0.239354,-0.239354
9814,-0.209434,-0.239354,-0.239354
9815,-0.209434,-0.239354,-0.239354
9816,-0.209434,-0.239354,-0.239354
9817,-0.209434,-0.239354,-0.239354
9818,-0.209434,-0.239354,-0.239354
9819,-0.209434,-0.269273,-0.269273
9820,-0.239354,-0.269273,-0.269273
9821,-0.239354,-0.269273,-0.269273
9822,-0.209434,-0.269273,-0.269273
9823,-0.209434,-0.239354,-0.239354
9824,-0.179515,-0.239354,-0.239354
9825,-0.179515,-0.239354,-0.209434
9826,-0.179515,-0.209434,-0.209434
9827,-0.179515,-0.209434,-0.209434
9828,-0.179515,-0.239354,-0.209434
9829,-0.179515,-0.209434,-0.209434
9830,-0.179515,-0.239354,-0.239354
9831,-0.179515,-0.239354,-0.239354
9832,-0.179515,-0.239354,-0.239354
9833,-0.179515,-0.239354,-0.239354
9834,-0.179515,-0.239354,-0.239354
9835,-0.149596,-0.209434,-0.209434
9836,-0.149596,-0.209434,-0.179515
9837,-0.179515,-0.209434,-0.209434
9838,-0.179515,-0.209434,-0.209434
9839,-0.179515,-0.239354,-0.239354
9840,-0.209434,-0.269273,-0.239354
9841,-0.209434,-0.269273,-0.239354
9842,-0.209434,-0.269273,-0.239354
9843,-0.209434,-0.239354,-0.239354
9844,-0.209434,-0.239354,-0.239354
9845,-0.209434,-0.269273,-0.239354
9846,-0.209434,-0.239354,-0.239354
9847,-0.209434,-0.239354,-0.239354
9848,-0.209434,-0.239354,-0.239354
9849,-0.209434,-0.239354,-0.239354
9850,-0.209434,-0.239354,-0.239354
9851,-0.239354,-0.269273,-0.269273
9852,-0.239354,-0.269273,-0.269273
9853,-0.239354,-0.269273,-0.269273
9854,-0.209434,-0.269273,-0.269273
9855,-0.209434,-0.239354,-0.239354
9856,-0.179515,-0.239354,-0.239354
9857,-0.179515,-0.239354,-0.209434
9858,-0.179515,-0.209434,-0.209434
9859,-0.179515,-0.209434,-0.209434
9860,-0.179515,-0.239354,-0.209434
9861,-0.179515,-0.239354,-0.209434
9862,-0.179515,-0.239354,-0.209434
9863,-0.179515,-0.239354,-0.239354
9864,-0.179515,-0.239354,-0.239354
9865,-0.179515,-0.239354,-0.239354
9866,-0.179515,-0.239354,-0.239354
9867,-0.149596,-0.209434,-0.209434
9868,-0.149596,-0.209434,-0.179515
9869,-0.149596,-0.209434,-0.209434
9870,-0.179515,-0.209434,-0.209434
9871,-0.179515,-0.239354,-0.239354
9872,-0.209434,-0.269273,-0.239354
9873,-0.209434,-0.269273,-0.239354
9874,-0.209434,-0.269273,-0.239354
9875,-0.209434,-0.239354,-0.239354
9876,-0.209434,-0.239354,-0.239354
9877,-0.209434,-0.269273,-0.239354
9878,-0.209434,-0.239354,-0.239354
9879,-0.209434,-0.239354,-0.239354
9880,-0.209434,-0.239354,-0.239354
9881,-0.209434,-0.239354,-0.239354
9882,-0.209434,-0.239354,-0.239354
9883,-0.239354,-0.269273,-0.269273
9884,-0.239354,-0.269273,-0.269273
9885,-0.209434,-0.269273,-0.269273
9886,-0.209434,-0.269273,-0.269273
9887,-0.209434,-0.239354,-0.239354
9888,-0.179515,-0.239354,-0.209434
9889,-0.179515,-0.239354,-0.209434
9890,-0.179515,-0.209434,-0.209434
9891,-0.179515,-0.239354,-0.209434
9892,-0.179515,-0.239354,-0.209434
9893,-0.179515,-0.209434,-0.209434
9894,-0.179515,-0.239354,-0.209434
9895,-0.179515,-0.239354,-0.239354
9896,-0.179515,-0.239354,-0.239354
9897,-0.179515,-0.239354,-0.239354
9898,-0.179515,-0.239354,-0.239354
9899,-0.149596,-0.209434,-0.209434
9900,-0.149596,-0.209434,-0.179515
9901,-0.179515,-0.209434,-0.209434
9902,-0.179515,-0.209434,-0.209434
9903,-0.179515,-0.239354,-0.239354
9904,-0.209434,-0.239354,-0.239354
9905,-0.209434,-0.239354,-0.239354
9906,-0.209434,-0.239354,-0.239354
9907,-0.209434,-0.239354,-0.239354
9908,-0.209434,-0.239354,-0.239354
9909,-0.209434,-0.269273,-0.239354
9910,-0.209434,-0.239354,-0.239354
9911,-0.209434,-0.239354,-0.239354
9912,-0.209434,-0.239354,-0.239354
9913,-0.209434,-0.239354,-0.239354
9914,-0.209434,-0.239354,-0.239354
9915,-0.239354,-0.269273,-0.269273
9916,-0.239354,-0.269273,-0.269273
9917,-0.209434,-0.269273,-0.269273
9918,-0.209434,-0.269273,-0.269273
9919,-0.209434,-0.239354,-0.239354
9920,-0.179515,-0.239354,-0.239354
9921,-0.179515,-0.209434,-0.209434
9922,-0.179515,-0.239354,-0.209434
9923,-0.179515,-0.239354,-0.209434
9924,-0.179515,-0.239354,-0.209434
9925,-0.179515,-0.209434,-0.239354
9926,-0.179515,-0.239354,-0.239354
9927,-0.179515,-0.239354,-0.209434
9928,-0.179515,-0.239354,-0.239354
9929,-0.179515,-0.239354,-0.239354
9930,-0.179515,-0.239354,-0.239354
9931,-0.149596,-0.209434,-0.209434
9932,-0.149596,-0.209434,-0.179515
9933,-0.149596,-0.209434,-0.209434
9934,-0.179515,-0.209434,-0.209434
9935,-0.209434,-0.239354,-0.239354
9936,-0.209434,-0.239354,-0.239354
9937,-0.209434,-0.239354,-0.239354
9938,-0.209434,-0.269273,-0.239354
9939,-0.209434,-0.239354,-0.239354
9940,-0.209434,-0.269273,-0.239354
9941,-0.209434,-0.269273,-0.239354
9942,-0.209434,-0.239354,-0.239354
9943,-0.209434,-0.239354,-0.239354
9944,-0.209434,-0.239354,-0.239354
9945,-0.209434,-0.239354,-0.239354
9946,-0.209434,-0.239354,-0.239354
9947,-0.239354,-0.269273,-0.269273
9948,-0.239354,-0.269273,-0.269273
9949,-0.209434,-0.269273,-0.269273
9950,-0.209434,-0.269273,-0.269273
9951,-0.209434,-0.239354,-0.239354
9952,-0.179515,-0.239354,-0.209434
9953,-0.179515,-0.209434,-0.209434
9954,-0.179515,-0.209434,-0.209434
9955,-0.179515,-0.239354,-0.209434
9956,-0.179515,-0.239354,-0.209434
9957,-0.179515,-0.209434,-0.209434
9958,-0.179515,-0.239354,-0.239354
9959,-0.179515,-0.239354,-0.239354
9960,-0.179515,-0.239354,-0.239354
9961,-0.179515,-0.239354,-0.239354
9962,-0.179515,-0.239354,-0.239354
9963,-0.149596,-0.209434,-0.209434
9964,-0.149596,-0.209434,-0.209434
9965,-0.149596,-0.209434,-0.209434
9966,-0.179515,-0.209434,-0.209434
9967,-0.179515,-0.239354,-0.239354
9968,-0.209434,-0.269273,-0.239354
9969,-0.209434,-0.269273,-0.239354
9970,-0.209434,-0.269273,-0.239354
9971,-0.209434,-0.239354,-0.239354
9972,-0.209434,-0.239354,-0.239354
9973,-0.209434,-0.269273,-0.239354
9974,-0.209434,-0.239354,-0.239354
9975,-0.209434,-0.239354,-0.239354
9976,-0.209434,-0.239354,-0.239354
9977,-0.209434,-0.239354,-0.239354
9978,-0.209434,-0.239354,-0.239354
9979,-0.239354,-0.269273,-0.269273
9980,-0.239354,-0.269273,-0.269273
9981,-0.209434,-0.269273,-0.269273
9982,-0.209434,-0.269273,-0.269273
9983,-0.179515,-0.239354,-0.239354
9984,-0.179515,-0.239354,-0.239354
9985,-0.179515,-0.209434,-0.239354
9986,-0.179515,-0.209434,-0.209434
9987,-0.179515,-0.239354,-0.209434
9988,-0.179515,-0.239354,-0.209434
9989,-0.179515,-0.239354,-0.209434
9990,-0.179515,-0.239354,-0.209434
9991,-0.179515,-0.239354,-0.239354
9992,-0.179515,-0.239354,-0.239354
9993,-0.179515,-0.239354,-0.239354
9994,-0.179515,-0.239354,-0.239354
9995,-0.149596,-0.209434,-0.209434
9996,-0.149596,-0.179515,-0.179515
9997,-0.149596,-0.209434,-0.209434
9998,-0.179515,-0.209434,-0.209434
9999,-0.179515,-0.239354,-0.239354
10000,-0.209434,-0.269273,-0.239354
10001,-0.209434,-0.269273,-0.239354
10002,-0.209434,-0.269273,-0.239354
10003,-0.209434,-0.269273,-0.239354
10004,-0.209434,-0.239354,-0.239354
10005,-0.209434,-0.239354,-0.239354
10006,-0.209434,-0.239354,-0.239354
10007,-0.209434,-0.239354,-0.239354
10008,-0.209434,-0.239354,-0.239354
10009,-0.209434,-0.239354,-0.239354
10010,-0.209434,-0.239354,-0.239354
10011,-0.239354,-0.269273,-0.269273
10012,-0.239354,-0.299192,-0.269273
10013,-0.209434,-0.269273,-0.269273
10014,-0.209434,-0.269273,-0.239354
10015,-0.209434,-0.239354,-0.239354
10016,-0.179515,-0.239354,-0.209434
10017,-0.179515,-0.239354,-0.209434
10018,-0.179515,-0.239354,-0.209434
10019,-0.179515,-0.239354,-0.209434
10020,-0.179515,-0.239354,-0.209434
10021,-0.179515,-0.239354,-0.209434
10022,-0.179515,-0.239354,-0.239354
10023,-0.179515,-0.239354,-0.239354
10024,-0.179515,-0.239354,-0.239354
10025,-0.179515,-0.239354,-0.239354
10026,-0.179515,-0.239354,-0.239354
10027,-0.149596,-0.209434,-0.209434
10028,-0.149596,-0.209434,-0.179515
10029,-0.149596,-0.209434,-0.209434
10030,-0.179515,-0.209434,-0.209434
10031,-0.179515,-0.239354,-0.239354
10032,-0.209434,-0.239354,-0.239354
10033,-0.209434,-0.269273,-0.239354
10034,-0.209434,-0.269273,-0.239354
10035,-0.209434,-0.239354,-0.239354
10036,-0.209434,-0.239354,-0.239354
10037,-0.209434,-0.239354,-0.239354
10038,-0.209434,-0.239354,-0.239354
10039,-0.209434,-0.239354,-0.239354
10040,-0.209434,-0.239354,-0.239354
10041,-0.209434,-0.239354,-0.239354
10042,-0.209434,-0.239354,-0.239354
10043,-0.239354,-0.269273,-0.269273
10044,-0.239354,-0.269273,-0.269273
10045,-0.209434,-0.269273,-0.269273
10046,-0.209434,-0.269273,-0.269273
10047,-0.179515,-0.239354,-0.239354
10048,-0.179515,-0.239354,-0.239354
10049,-0.179515,-0.209434,-0.209434
10050,-0.179515,-0.239354,-0.209434
10051,-0.179515,-0.239354,-0.209434
10052,-0.179515,-0.239354,-0.239354
10053,-0.179515,-0.209434,-0.209434
10054,-0.179515,-0.239354,-0.239354
10055,-0.179515,-0.239354,-0.239354
10056,-0.179515,-0.239354,-0.239354
10057,-0.179515,-0.239354,-0.239354
10058,-0.179515,-0.239354,-0.209434
10059,-0.149596,-0.209434,-0.209434
10060,-0.149596,-0.209434,-0.179515
10061,-0.149596,-0.209434,-0.209434
10062,-0.179515,-0.239354,-0.209434
10063,-0.179515,-0.239354,-0.239354
10064,-0.209434,-0.239354,-0.239354
10065,-0.209434,-0.269273,-0.239354
10066,-0.209434,-0.269273,-0.239354
10067,-0.209434,-0.239354,-0.239354
10068,-0.209434,-0.239354,-0.239354
10069,-0.209434,-0.239354,-0.239354
10070,-0.209434,-0.239354,-0.239354
10071,-0.209434,-0.239354,-0.239354
10072,-0.209434,-0.239354,-0.239354
10073,-0.209434,-0.239354,-0.239354
10074,-0.209434,-0.239354,-0.239354
10075,-0.239354,-0.269273,-0.269273
10076,-0.239354,-0.269273,-0.269273
10077,-0.239354,-0.269273,-0.269273
10078,-0.209434,-0.269273,-0.269273
10079,-0.209434,-0.239354,-0.239354
10080,-0.179515,-0.239354,-0.209434
10081,-0.179515,-0.239354,-0.209434
10082,-0.179515,-0.239354,-0.209434
10083,-0.179515,-0.239354,-0.209434
10084,-0.179515,-0.239354,-0.209434
10085,-0.179515,-0.239354,-0.209434
10086,-0.179515,-0.239354,-0.209434
10087,-0.179515,-0.239354,-0.209434
10088,-0.179515,-0.239354,-0.239354
10089,-0.179515,-0.239354,-0.239354
10090,-0.179515,-0.239354,-0.209434
10091,-0.149596,-0.209434,-0.209434
10092,-0.149596,-0.209434,-0.179515
10093,-0.149596,-0.209434,-0.209434
10094,-0.179515,-0.209434,-0.209434
10095,-0.179515,-0.239354,-0.239354
10096,-0.209434,-0.239354,-0.239354
10097,-0.209434,-0.269273,-0.239354
10098,-0.209434,-0.239354,-0.239354
10099,-0.209434,-0.239354,-0.239354
10100,-0.209434,-0.269273,-0.239354
10101,-0.209434,-0.269273,-0.269273
10102,-0.209434,-0.239354,-0.239354
10103,-0.209434,-0.239354,-0.239354
10104,-0.209434,-0.239354,-0.239354
10105,-0.209434,-0.239354,-0.239354
10106,-0.209434,-0.239354,-0.239354
10107,-0.239354,-0.269273,-0.269273
10108,-0.239354,-0.269273,-0.269273
10109,-0.209434,-0.269273,-0.269273
10110,-0.209434,-0.269273,-0.239354
10111,-0.179515,-0.239354,-0.239354
10112,-0.179515,-0.239354,-0.239354
10113,-0.179515,-0.239354,-0.209434
10114,-0.179515,-0.239354,-0.209434
10115,-0.179515,-0.209434,-0.209434
10116,-0.179515,-0.209434,-0.209434
10117,-0.179515,-0.239354,-0.209434
10118,-0.179515,-0.239354,-0.239354
10119,-0.179515,-0.239354,-0.239354
10120,-0.179515,-0.239354,-0.239354
10121,-0.179515,-0.239354,-0.239354
10122,-0.179515,-0.239354,-0.209434
10123,-0.149596,-0.209434,-0.209434
10124,-0.149596,-0.209434,-0.209434
10125,-0.149596,-0.209434,-0.209434
10126,-0.179515,-0.239354,-0.209434
10127,-0.179515,-0.239354,-0.239354
10128,-0.209434,-0.239354,-0.239354
10129,-0.209434,-0.269273,-0.239354
10130,-0.209434,-0.239354,-0.239354
10131,-0.209434,-0.239354,-0.239354
10132,-0.209434,-0.239354,-0.239354
10133,-0.209434,-0.269273,-0.239354
10134,-0.209434,-0.239354,-0.239354
10135,-0.209434,-0.239354,-0.239354
10136,-0.209434,-0.239354,-0.239354
10137,-0.209434,-0.239354,-0.239354
10138,-0.209434,-0.239354,-0.239354
10139,-0.239354,-0.269273,-0.269273
10140,-0.239354,-0.269273,-0.269273
10141,-0.209434,-0.269273,-0.269273
10142,-0.209434,-0.269273,-0.269273
10143,-0.179515,-0.239354,-0.239354
10144,-0.179515,-0.239354,-0.209434
10145,-0.179515,-0.239354,-0.209434
10146,-0.179515,-0.209434,-0.209434
10147,-0.179515,-0.239354,-0.209434
10148,-0.179515,-0.239354,-0.209434
10149,-0.179515,-0.239354,-0.209434
10150,-0.179515,-0.239354,-0.239354
10151,-0.179515,-0.239354,-0.239354
10152,-0.179515,-0.239354,-0.239354
10153,-0.179515,-0.239354,-0.239354
10154,-0.179515,-0.239354,-0.209434
10155,-0.149596,-0.209434,-0.179515
10156,-0.149596,-0.179515,-0.179515
10157,-0.179515,-0.209434,-0.209434
10158,-0.179515,-0.239354,-0.209434
10159,-0.209434,-0.239354,-0.239354
10160,-0.209434,-0.239354,-0.239354
10161,-0.209434,-0.239354,-0.239354
10162,-0.209434,-0.239354,-0.239354
10163,-0.209434,-0.239354,-0.239354
10164,-0.209434,-0.269273,-0.239354
10165,-0.209434,-0.269273,-0.239354
10166,-0.209434,-0.239354,-0.239354
10167,-0.209434,-0.239354,-0.239354
10168,-0.209434,-0.239354,-0.239354
10169,-0.209434,-0.239354,-0.239354
10170,-0.209434,-0.269273,-0.239354
10171,-0.239354,-0.269273,-0.269273
10172,-0.239354,-0.269273,-0.269273
10173,-0.209434,-0.269273,-0.269273
10174,-0.209434,-0.269273,-0.239354
10175,-0.179515,-0.239354,-0.239354
10176,-0.179515,-0.239354,-0.239354
10177,-0.179515,-0.239354,-0.209434
10178,-0.179515,-0.239354,-0.209434
10179,-0.179515,-0.209434,-0.239354
10180,-0.179515,-0.209434,-0.209434
10181,-0.179515,-0.239354,-0.209434
10182,-0.179515,-0.239354,-0.209434
10183,-0.179515,-0.239354,-0.239354
10184,-0.179515,-0.239354,-0.239354
10185,-0.179515,-0.239354,-0.239354
10186,-0.179515,-0.239354,-0.209434
10187,-0.149596,-0.209434,-0.179515
10188,-0.149596,-0.209434,-0.209434
10189,-0.149596,-0.209434,-0.209434
10190,-0.179515,-0.209434,-0.209434
10191,-0.179515,-0.239354,-0.239354
10192,-0.209434,-0.239354,-0.239354
10193,-0.209434,-0.269273,-0.239354
10194,-0.209434,-0.269273,-0.239354
10195,-0.209434,-0.239354,-0.239354
10196,-0.209434,-0.269273,-0.239354
10197,-0.209434,-0.239354,-0.239354
10198,-0.209434,-0.239354,-0.239354
10199,-0.209434,-0.239354,-0.239354
10200,-0.209434,-0.239354,-0.239354
10201,-0.209434,-0.239354,-0.239354
10202,-0.209434,-0.239354,-0.239354
10203,-0.239354,-0.269273,-0.269273
10204,-0.239354,-0.269273,-0.269273
10205,-0.209434,-0.269273,-0.269273
10206,-0.209434,-0.269273,-0.239354
10207,-0.209434,-0.239354,-0.239354
10208,-0.179515,-0.209434,-0.239354
10209,-0.179515,-0.239354,-0.209434
10210,-0.179515,-0.239354,-0.209434
10211,-0.179515,-0.239354,-0.209434
10212,-0.179515,-0.239354,-0.239354
10213,-0.179515,-0.239354,-0.209434
10214,-0.179515,-0.239354,-0.239354
10215,-0.179515,-0.239354,-0.239354
10216,-0.179515,-0.239354,-0.239354
10217,-0.179515,-0.239354,-0.239354
10218,-0.179515,-0.239354,-0.209434
10219,-0.149596,-0.209434,-0.209434
10220,-0.149596,-0.209434,-0.179515
10221,-0.179515,-0.209434,-0.209434
10222,-0.179515,-0.209434,-0.209434
10223,-0.209434,-0.239354,-0.239354
10224,-0.209434,-0.239354,-0.239354
10225,-0.209434,-0.239354,-0.239354
10226,-0.209434,-0.239354,-0.239354
10227,-0.209434,-0.239354,-0.239354
10228,-0.209434,-0.269273,-0.239354
10229,-0.209434,-0.269273,-0.239354
10230,-0.209434,-0.239354,-0.239354
10231,-0.209434,-0.239354,-0.239354
10232,-0.209434,-0.239354,-0.239354
10233,-0.209434,-0.239354,-0.239354
10234,-0.209434,-0.239354,-0.239354
10235,-0.239354,-0.269273,-0.269273
10236,-0.239354,-0.269273,-0.269273
10237,-0.209434,-0.269273,-0.269273
10238,-0.209434,-0.269273,-0.269273
10239,-0.209434,-0.239354,-0.239354
10240,-0.179515,-0.239354,-0.209434
10241,-0.179515,-0.209434,-0.209434
10242,-0.179515,-0.209434,-0.209434
10243,-0.179515,-0.239354,-0.209434
10244,-0.179515,-0.239354,-0.209434
10245,-0.179515,-0.209434,-0.209434
10246,-0.179515,-0.239354,-0.239354
10247,-0.179515,-0.239354,-0.239354
10248,-0.179515,-0.239354,-0.239354
10249,-0.179515,-0.239354,-0.239354
10250,-0.179515,-0.239354,-0.209434
10251,-0.149596,-0.209434,-0.179515
10252,-0.149596,-0.209434,-0.209434
10253,-0.179515,-0.209434,-0.209434
10254,-0.179515,-0.239354,-0.209434
10255,-0.209434,-0.239354,-0.239354
10256,-0.209434,-0.239354,-0.239354
10257,-0.209434,-0.269273,-0.239354
10258,-0.209434,-0.239354,-0.239354
10259,-0.209434,-0.239354,-0.239354
10260,-0.209434,-0.269273,-0.269273
10261,-0.209434,-0.269273,-0.239354
10262,-0.209434,-0.239354,-0.239354
10263,-0.209434,-0.239354,-0.239354
10264,-0.209434,-0.239354,-0.239354
10265,-0.209434,-0.239354,-0.239354
10266,-0.209434,-0.239354,-0.239354
10267,-0.239354,-0.269273,-0.269273
10268,-0.239354,-0.269273,-0.269273
10269,-0.239354,-0.269273,-0.269273
10270,-0.209434,-0.269273,-0.269273
10271,-0.179515,-0.239354,-0.239354
10272,-0.179515,-0.239354,-0.209434
10273,-0.179515,-0.239354,-0.209434
10274,-0.179515,-0.209434,-0.209434
10275,-0.179515,-0.239354,-0.209434
10276,-0.179515,-0.239354,-0.209434
10277,-0.179515,-0.239354,-0.209434
10278,-0.179515,-0.239354,-0.209434
10279,-0.179515,-0.239354,-0.239354
10280,-0.179515,-0.239354,-0.239354
10281,-0.179515,-0.239354,-0.239354
10282,-0.179515,-0.239354,-0.209434
10283,-0.149596,-0.209434,-0.179515
10284,-0.149596,-0.209434,-0.179515
10285,-0.179515,-0.209434,-0.209434
10286,-0.179515,-0.209434,-0.209434
10287,-0.209434,-0.239354,-0.239354
10288,-0.209434,-0.269273,-0.239354
10289,-0.209434,-0.239354,-0.239354
10290,-0.209434,-0.239354,-0.269273
10291,-0.209434,-0.239354,-0.239354
10292,-0.209434,-0.239354,-0.239354
10293,-0.209434,-0.239354,-0.239354
10294,-0.209434,-0.239354,-0.239354
10295,-0.209434,-0.239354,-0.239354
10296,-0.209434,-0.239354,-0.239354
10297,-0.209434,-0.239354,-0.239354
10298,-0.209434,-0.269273,-0.239354
10299,-0.239354,-0.269273,-0.269273
10300,-0.239354,-0.269273,-0.269273
10301,-0.209434,-0.269273,-0.269273
10302,-0.209434,-0.269273,-0.239354
10303,-0.179515,-0.239354,-0.239354
10304,-0.179515,-0.239354,-0.209434
10305,-0.179515,-0.239354,-0.209434
10306,-0.179515,-0.209434,-0.209434
10307,-0.179515,-0.239354,-0.209434
10308,-0.179515,-0.239354,-0.209434
10309,-0.179515,-0.239354,-0.209434
10310,-0.179515,-0.239354,-0.239354
10311,-0.179515,-0.239354,-0.239354
10312,-0.179515,-0.239354,-0.239354
10313,-0.179515,-0.239354,-0.239354
10314,-0.179515,-0.239354,-0.239354
10315,-0.149596,-0.209434,-0.209434
10316,-0.149596,-0.209434,-0.179515
10317,-0.179515,-0.209434,-0.209434
10318,-0.179515,-0.209434,-0.209434
10319,-0.209434,-0.239354,-0.239354
10320,-0.209434,-0.269273,-0.239354
10321,-0.209434,-0.269273,-0.239354
10322,-0.209434,-0.239354,-0.239354
10323,-0.209434,-0.239354,-0.239354
10324,-0.209434,-0.269273,-0.239354
10325,-0.209434,-0.269273,-0.239354
10326,-0.209434,-0.239354,-0.239354
10327,-0.209434,-0.239354,-0.239354
10328,-0.209434,-0.239354,-0.239354
10329,-0.209434,-0.239354,-0.239354
10330,-0.209434,-0.269273,-0.239354
10331,-0.239354,-0.269273,-0.269273
10332,-0.239354,-0.269273,-0.269273
10333,-0.209434,-0.269273,-0.269273
10334,-0.209434,-0.269273,-0.239354
10335,-0.179515,-0.239354,-0.239354
10336,-0.179515,-0.239354,-0.209434
10337,-0.179515,-0.239354,-0.209434
10338,-0.179515,-0.239354,-0.209434
10339,-0.179515,-0.239354,-0.209434
10340,-0.179515,-0.209434,-0.209434
10341,-0.179515,-0.239354,-0.239354
10342,-0.179515,-0.239354,-0.239354
10343,-0.179515,-0.239354,-0.209434
10344,-0.179515,-0.239354,-0.209434
10345,-0.179515,-0.239354,-0.239354
10346,-0.179515,-0.239354,-0.209434
10347,-0.149596,-0.209434,-0.179515
10348,-0.149596,-0.209434,-0.179515
10349,-0.179515,-0.209434,-0.209434
10350,-0.179515,-0.209434,-0.209434
10351,-0.209434,-0.239354,-0.239354
10352,-0.209434,-0.269273,-0.239354
10353,-0.209434,-0.269273,-0.269273
10354,-0.209434,-0.239354,-0.239354
10355,-0.209434,-0.239354,-0.239354
10356,-0.209434,-0.269273,-0.269273
10357,-0.209434,-0.269273,-0.239354
10358,-0.209434,-0.239354,-0.239354
10359,-0.209434,-0.239354,-0.239354
10360,-0.209434,-0.239354,-0.239354
10361,-0.209434,-0.239354,-0.239354
10362,-0.209434,-0.239354,-0.239354
10363,-0.239354,-0.269273,-0.269273
10364,-0.239354,-0.299192,-0.269273
10365,-0.209434,-0.269273,-0.269273
10366,-0.209434,-0.269273,-0.239354
10367,-0.179515,-0.239354,-0.239354
10368,-0.179515,-0.239354,-0.239354
10369,-0.179515,-0.209434,-0.209434
10370,-0.179515,-0.209434,-0.209434
10371,-0.179515,-0.239354,-0.209434
10372,-0.179515,-0.239354,-0.239354
10373,-0.179515,-0.239354,-0.239354
10374,-0.179515,-0.239354,-0.239354
10375,-0.179515,-0.239354,-0.239354
10376,-0.179515,-0.239354,-0.239354
10377,-0.179515,-0.239354,-0.239354
10378,-0.179515,-0.209434,-0.209434
10379,-0.149596,-0.179515,-0.209434
10380,-0.149596,-0.209434,-0.209434
10381,-0.179515,-0.209434,-0.209434
10382,-0.179515,-0.209434,-0.239354
10383,-0.209434,-0.239354,-0.239354
10384,-0.209434,-0.269273,-0.239354
10385,-0.209434,-0.269273,-0.239354
10386,-0.209434,-0.269273,-0.239354
10387,-0.209434,-0.239354,-0.239354
10388,-0.209434,-0.239354,-0.239354
10389,-0.209434,-0.269273,-0.239354
10390,-0.209434,-0.239354,-0.239354
10391,-0.209434,-0.239354,-0.239354
10392,-0.209434,-0.239354,-0.239354
10393,-0.209434,-0.239354,-0.239354
10394,-0.209434,-0.269273,-0.239354
10395,-0.239354,-0.269273,-0.269273
10396,-0.239354,-0.269273,-0.269273
10397,-0.209434,-0.269273,-0.269273
10398,-0.209434,-0.269273,-0.269273
10399,-0.179515,-0.239354,-0.239354
10400,-0.179515,-0.239354,-0.209434
10401,-0.179515,-0.209434,-0.209434
10402,-0.179515,-0.209434,-0.209434
10403,-0.179515,-0.239354,-0.209434
10404,-0.179515,-0.239354,-0.209434
10405,-0.179515,-0.239354,-0.209434
10406,-0.179515,-0.239354,-0.209434
10407,-0.179515,-0.239354,-0.239354
10408,-0.179515,-0.239354,-0.239354
10409,-0.179515,-0.239354,-0.239354
10410,-0.179515,-0.209434,-0.209434
10411,-0.149596,-0.209434,-0.209434
10412,-0.149596,-0.209434,-0.209434
10413,-0.179515,-0.209434,-0.209434
10414,-0.179515,-0.209434,-0.209434
10415,-0.179515,-0.239354,-0.239354
10416,-0.209434,-0.269273,-0.239354
10417,-0.209434,-0.269273,-0.239354
10418,-0.209434,-0.269273,-0.239354
10419,-0.209434,-0.269273,-0.239354
10420,-0.209434,-0.269273,-0.239354
10421,-0.209434,-0.239354,-0.239354
10422,-0.209434,-0.239354,-0.239354
10423,-0.209434,-0.239354,-0.239354
10424,-0.209434,-0.239354,-0.239354
10425,-0.209434,-0.239354,-0.239354
10426,-0.209434,-0.269273,-0.239354
10427,-0.239354,-0.269273,-0.269273
10428,-0.239354,-0.269273,-0.269273
10429,-0.239354,-0.269273,-0.269273
10430,-0.209434,-0.269273,-0.239354
10431,-0.179515,-0.239354,-0.239354
10432,-0.179515,-0.239354,-0.209434
10433,-0.179515,-0.209434,-0.209434
10434,-0.179515,-0.209434,-0.209434
10435,-0.179515,-0.239354,-0.239354
10436,-0.179515,-0.209434,-0.209434
10437,-0.179515,-0.239354,-0.209434
10438,-0.179515,-0.239354,-0.239354
10439,-0.179515,-0.239354,-0.239354
10440,-0.179515,-0.239354,-0.239354
10441,-0.179515,-0.239354,-0.239354
10442,-0.179515,-0.209434,-0.209434
10443,-0.149596,-0.209434,-0.179515
10444,-0.149596,-0.209434,-0.209434
10445,-0.149596,-0.209434,-0.209434
10446,-0.179515,-0.239354,-0.209434
10447,-0.209434,-0.239354,-0.239354
10448,-0.209434,-0.269273,-0.239354
10449,-0.209434,-0.269273,-0.239354
10450,-0.209434,-0.239354,-0.239354
10451,-0.209434,-0.269273,-0.239354
10452,-0.209434,-0.269273,-0.239354
10453,-0.209434,-0.239354,-0.239354
10454,-0.209434,-0.239354,-0.239354
10455,-0.209434,-0.239354,-0.239354
10456,-0.209434,-0.239354,-0.239354
10457,-0.209434,-0.239354,-0.239354
10458,-0.209434,-0.269273,-0.239354
10459,-0.239354,-0.299192,-0.269273
10460,-0.239354,-0.269273,-0.269273
10461,-0.209434,-0.269273,-0.269273
10462,-0.209434,-0.269273,-0.239354
10463,-0.179515,-0.239354,-0.239354
10464,-0.179515,-0.239354,-0.209434
10465,-0.179515,-0.239354,-0.209434
10466,-0.179515,-0.209434,-0.209434
10467,-0.179515,-0.209434,-0.239354
10468,-0.179515,-0.239354,-0.209434
10469,-0.179515,-0.239354,-0.209434
10470,-0.179515,-0.239354,-0.239354
10471,-0.179515,-0.239354,-0.239354
10472,-0.179515,-0.239354,-0.239354
10473,-0.179515,-0.239354,-0.239354
10474,-0.179515,-0.239354,-0.209434
10475,-0.149596,-0.179515,-0.179515
10476,-0.149596,-0.209434,-0.209434
10477,-0.179515,-0.209434,-0.209434
10478,-0.179515,-0.209434,-0.209434
10479,-0.209434,-0.239354,-0.239354
10480,-0.209434,-0.239354,-0.239354
10481,-0.209434,-0.239354,-0.239354
10482,-0.209434,-0.239354,-0.239354
10483,-0.209434,-0.239354,-0.239354
10484,-0.209434,-0.239354,-0.239354
10485,-0.209434,-0.239354,-0.239354
10486,-0.209434,-0.239354,-0.239354
10487,-0.209434,-0.239354,-0.239354
10488,-0.209434,-0.239354,-0.239354
10489,-0.209434,-0.239354,-0.239354
10490,-0.209434,-0.239354,-0.239354
10491,-0.239354,-0.269273,-0.269273
10492,-0.239354,-0.269273,-0.269273
10493,-0.239354,-0.269273,-0.269273
10494,-0.209434,-0.239354,-0.239354
10495,-0.179515,-0.239354,-0.239354
10496,-0.179515,-0.239354,-0.239354
10497,-0.179515,-0.239354,-0.209434
10498,-0.179515,-0.239354,-0.209434
10499,-0.179515,-0.239354,-0.209434
10500,-0.179515,-0.239354,-0.209434
10501,-0.179515,-0.239354,-0.209434
10502,-0.179515,-0.239354,-0.239354
10503,-0.179515,-0.239354,-0.239354
10504,-0.179515,-0.239354,-0.239354
10505,-0.179515,-0.239354,-0.239354
10506,-0.179515,-0.209434,-0.209434
10507,-0.149596,-0.179515,-0.179515
10508,-0.149596,-0.209434,-0.179515
10509,-0.179515,-0.209434,-0.209434
10510,-0.179515,-0.239354,-0.239354
10511,-0.209434,-0.239354,-0.239354
10512,-0.209434,-0.269273,-0.239354
10513,-0.209434,-0.269273,-0.239354
10514,-0.209434,-0.269273,-0.239354
10515,-0.209434,-0.269273,-0.239354
10516,-0.209434,-0.269273,-0.239354
10517,-0.209434,-0.269273,-0.239354
10518,-0.209434,-0.239354,-0.239354
10519,-0.209434,-0.239354,-0.239354
10520,-0.209434,-0.239354,-0.239354
10521,-0.209434,-0.239354,-0.239354
10522,-0.209434,-0.269273,-0.269273
10523,-0.239354,-0.269273,-0.269273
10524,-0.239354,-0.269273,-0.269273
10525,-0.239354,-0.269273,-0.269273
10526,-0.209434,-0.269273,-0.239354
10527,-0.179515,-0.239354,-0.239354
10528,-0.179515,-0.239354,-0.239354
10529,-0.179515,-0.239354,-0.209434
10530,-0.179515,-0.209434,-0.209434
10531,-0.179515,-0.239354,-0.209434
10532,-0.179515,-0.239354,-0.209434
10533,-0.179515,-0.239354,-0.209434
10534,-0.179515,-0.239354,-0.239354
10535,-0.179515,-0.239354,-0.239354
10536,-0.179515,-0.239354,-0.239354
10537,-0.179515,-0.239354,-0.239354
10538,-0.179515,-0.209434,-0.209434
10539,-0.149596,-0.209434,-0.179515
10540,-0.149596,-0.209434,-0.209434
10541,-0.179515,-0.209434,-0.209434
10542,-0.179515,-0.209434,-0.209434
10543,-0.209434,-0.239354,-0.239354
10544,-0.209434,-0.239354,-0.239354
10545,-0.209434,-0.269273,-0.239354
10546,-0.209434,-0.269273,-0.239354
10547,-0.209434,-0.239354,-0.239354
10548,-0.209434,-0.269273,-0.239354
10549,-0.209434,-0.239354,-0.239354
10550,-0.209434,-0.239354,-0.239354
10551,-0.209434,-0.239354,-0.239354
10552,-0.209434,-0.239354,-0.239354
10553,-0.209434,-0.239354,-0.239354
10554,-0.209434,-0.269273,-0.269273
10555,-0.239354,-0.269273,-0.269273
10556,-0.239354,-0.269273,-0.269273
10557,-0.209434,-0.269273,-0.269273
10558,-0.209434,-0.269273,-0.239354
10559,-0.179515,-0.239354,-0.239354
10560,-0.179515,-0.239354,-0.209434
10561,-0.179515,-0.209434,-0.209434
10562,-0.179515,-0.239354,-0.239354
10563,-0.179515,-0.239354,-0.209434
10564,-0.179515,-0.239354,-0.209434
10565,-0.179515,-0.239354,-0.209434
10566,-0.179515,-0.239354,-0.239354
10567,-0.179515,-0.239354,-0.239354
10568,-0.179515,-0.239354,-0.239354
10569,-0.179515,-0.239354,-0.239354
10570,-0.179515,-0.209434,-0.209434
10571,-0.149596,-0.179515,-0.209434
10572,-0.149596,-0.209434,-0.209434
10573,-0.179515,-0.209434,-0.209434
10574,-0.179515,-0.239354,-0.209434
10575,-0.209434,-0.239354,-0.239354
10576,-0.209434,-0.239354,-0.239354
10577,-0.209434,-0.269273,-0.239354
10578,-0.209434,-0.269273,-0.239354
10579,-0.209434,-0.239354,-0.239354
10580,-0.209434,-0.269273,-0.239354
10581,-0.209434,-0.269273,-0.239354
10582,-0.209434,-0.239354,-0.239354
10583,-0.209434,-0.239354,-0.239354
10584,-0.209434,-0.239354,-0.239354
10585,-0.209434,-0.239354,-0.239354
10586,-0.209434,-0.269273,-0.269273
10587,-0.239354,-0.269273,-0.269273
10588,-0.239354,-0.269273,-0.269273
10589,-0.209434,-0.269273,-0.269273
10590,-0.209434,-0.269273,-0.239354
10591,-0.179515,-0.239354,-0.239354
10592,-0.179515,-0.239354,-0.209434
10593,-0.179515,-0.209434,-0.209434
10594,-0.179515,-0.239354,-0.209434
10595,-0.179515,-0.239354,-0.239354
10596,-0.179515,-0.239354,-0.239354
10597,-0.179515,-0.239354,-0.209434
10598,-0.179515,-0.239354,-0.239354
10599,-0.179515,-0.239354,-0.239354
10600,-0.179515,-0.239354,-0.239354
10601,-0.179515,-0.239354,-0.239354
10602,-0.179515,-0.209434,-0.209434
10603,-0.149596,-0.209434,-0.179515
10604,-0.149596,-0.209434,-0.209434
10605,-0.179515,-0.209434,-0.209434
10606,-0.179515,-0.239354,-0.239354
10607,-0.209434,-0.239354,-0.239354
10608,-0.209434,-0.239354,-0.239354
10609,-0.209434,-0.239354,-0.239354
10610,-0.209434,-0.239354,-0.269273
10611,-0.209434,-0.239354,-0.239354
10612,-0.209434,-0.269273,-0.239354
10613,-0.209434,-0.239354,-0.239354
10614,-0.209434,-0.239354,-0.239354
10615,-0.209434,-0.239354,-0.239354
10616,-0.209434,-0.239354,-0.239354
10617,-0.209434,-0.239354,-0.239354
10618,-0.209434,-0.269273,-0.269273
10619,-0.239354,-0.269273,-0.269273
10620,-0.239354,-0.269273,-0.269273
10621,-0.209434,-0.269273,-0.269273
10622,-0.209434,-0.269273,-0.239354
10623,-0.179515,-0.239354,-0.239354
10624,-0.179515,-0.239354,-0.209434
10625,-0.179515,-0.239354,-0.209434
10626,-0.179515,-0.209434,-0.209434
10627,-0.179515,-0.239354,-0.239354
10628,-0.179515,-0.209434,-0.239354
10629,-0.179515,-0.239354,-0.209434
10630,-0.179515,-0.239354,-0.239354
10631,-0.179515,-0.239354,-0.239354
10632,-0.179515,-0.239354,-0.239354
10633,-0.179515,-0.239354,-0.239354
10634,-0.179515,-0.209434,-0.209434
10635,-0.149596,-0.179515,-0.179515
10636,-0.149596,-0.209434,-0.209434
10637,-0.179515,-0.209434,-0.209434
10638,-0.179515,-0.239354,-0.239354
10639,-0.209434,-0.239354,-0.239354
10640,-0.209434,-0.239354,-0.239354
10641,-0.209434,-0.269273,-0.239354
10642,-0.209434,-0.269273,-0.239354
10643,-0.209434,-0.269273,-0.239354
10644,-0.209434,-0.269273,-0.239354
10645,-0.209434,-0.239354,-0.239354
10646,-0.209434,-0.239354,-0.239354
10647,-0.209434,-0.239354,-0.239354
10648,-0.209434,-0.239354,-0.239354
10649,-0.209434,-0.239354,-0.239354
10650,-0.209434,-0.269273,-0.269273
10651,-0.239354,-0.299192,-0.269273
10652,-0.239354,-0.269273,-0.269273
10653,-0.209434,-0.269273,-0.269273
10654,-0.209434,-0.269273,-0.239354
10655,-0.179515,-0.239354,-0.239354
10656,-0.179515,-0.239354,-0.209434
10657,-0.179515,-0.209434,-0.209434
10658,-0.179515,-0.239354,-0.209434
10659,-0.179515,-0.239354,-0.209434
10660,-0.179515,-0.239354,-0.209434
10661,-0.179515,-0.239354,-0.209434
10662,-0.179515,-0.239354,-0.239354
10663,-0.179515,-0.239354,-0.239354
10664,-0.179515,-0.239354,-0.239354
10665,-0.179515,-0.239354,-0.239354
10666,-0.179515,-0.209434,-0.209434
10667,-0.149596,-0.179515,-0.179515
10668,-0.149596,-0.209434,-0.209434
10669,-0.179515,-0.209434,-0.209434
10670,-0.179515,-0.239354,-0.209434
10671,-0.209434,-0.239354,-0.239354
10672,-0.209434,-0.239354,-0.239354
10673,-0.209434,-0.269273,-0.239354
10674,-0.209434,-0.269273,-0.239354
10675,-0.209434,-0.239354,-0.239354
10676,-0.209434,-0.239354,-0.239354
10677,-0.209434,-0.239354,-0.239354
10678,-0.209434,-0.239354,-0.239354
10679,-0.209434,-0.239354,-0.239354
10680,-0.209434,-0.239354,-0.239354
10681,-0.179515,-0.239354,-0.239354
10682,-0.209434,-0.269273,-0.269273
10683,-0.239354,-0.269273,-0.269273
10684,-0.239354,-0.269273,-0.269273
10685,-0.209434,-0.269273,-0.269273
10686,-0.209434,-0.269273,-0.239354
10687,-0.179515,-0.239354,-0.239354
10688,-0.179515,-0.239354,-0.209434
10689,-0.179515,-0.209434,-0.209434
10690,-0.179515,-0.209434,-0.209434
10691,-0.179515,-0.209434,-0.209434
10692,-0.179515,-0.209434,-0.209434
10693,-0.179515,-0.239354,-0.209434
10694,-0.179515,-0.239354,-0.239354
10695,-0.179515,-0.239354,-0.239354
10696,-0.179515,-0.239354,-0.239354
10697,-0.179515,-0.239354,-0.239354
10698,-0.179515,-0.209434,-0.209434
10699,-0.149596,-0.179515,-0.179515
10700,-0.179515,-0.209434,-0.209434
10701,-0.179515,-0.239354,-0.239354
10702,-0.179515,-0.239354,-0.209434
10703,-0.209434,-0.269273,-0.239354
10704,-0.209434,-0.269273,-0.269273
10705,-0.209434,-0.269273,-0.269273
10706,-0.209434,-0.269273,-0.269273
10707,-0.209434,-0.269273,-0.269273
10708,-0.209434,-0.269273,-0.269273
10709,-0.209434,-0.269273,-0.269273
10710,-0.209434,-0.269273,-0.239354
10711,-0.209434,-0.239354,-0.239354
10712,-0.209434,-0.269273,-0.239354
10713,-0.209434,-0.239354,-0.239354
10714,-0.239354,-0.269273,-0.269273
10715,-0.239354,-0.299192,-0.299192
10716,-0.239354,-0.269273,-0.269273
10717,-0.239354,-0.269273,-0.269273
10718,-0.209434,-0.269273,-0.269273
10719,-0.209434,-0.239354,-0.239354
10720,-0.179515,-0.239354,-0.239354
10721,-0.179515,-0.239354,-0.209434
10722,-0.179515,-0.209434,-0.209434
10723,-0.179515,-0.239354,-0.239354
10724,-0.179515,-0.239354,-0.209434
10725,-0.179515,-0.239354,-0.239354
10726,-0.179515,-0.239354,-0.239354
10727,-0.179515,-0.239354,-0.239354
10728,-0.179515,-0.239354,-0.239354
10729,-0.209434,-0.239354,-0.239354
10730,-0.179515,-0.239354,-0.209434
10731,-0.149596,-0.209434,-0.209434
10732,-0.149596,-0.209434,-0.209434
10733,-0.179515,-0.209434,-0.209434
10734,-0.179515,-0.239354,-0.239354
10735,-0.209434,-0.269273,-0.239354
10736,-0.209434,-0.269273,-0.269273
10737,-0.209434,-0.269273,-0.269273
10738,-0.209434,-0.269273,-0.239354
10739,-0.209434,-0.269273,-0.269273
10740,-0.209434,-0.269273,-0.269273
10741,-0.209434,-0.269273,-0.239354
10742,-0.209434,-0.269273,-0.239354
10743,-0.209434,-0.239354,-0.239354
10744,-0.209434,-0.239354,-0.239354
10745,-0.209434,-0.239354,-0.239354
10746,-0.209434,-0.269273,-0.269273
10747,-0.239354,-0.299192,-0.299192
10748,-0.239354,-0.299192,-0.269273
10749,-0.239354,-0.269273,-0.269273
10750,-0.209434,-0.269273,-0.269273
10751,-0.179515,-0.239354,-0.239354
10752,-0.179515,-0.239354,-0.239354
10753,-0.179515,-0.239354,-0.239354
10754,-0.179515,-0.239354,-0.209434
10755,-0.179515,-0.239354,-0.239354
10756,-0.179515,-0.239354,-0.239354
10757,-0.179515,-0.239354,-0.239354
10758,-0.179515,-0.239354,-0.239354
10759,-0.209434,-0.239354,-0.239354
10760,-0.209434,-0.239354,-0.239354
10761,-0.209434,-0.239354,-0.239354
10762,-0.179515,-0.239354,-0.209434
10763,-0.149596,-0.209434,-0.179515
10764,-0.149596,-0.209434,-0.209434
10765,-0.179515,-0.239354,-0.209434
10766,-0.179515,-0.239354,-0.239354
10767,-0.209434,-0.269273,-0.269273
10768,-0.209434,-0.269273,-0.269273
10769,-0.209434,-0.269273,-0.269273
10770,-0.209434,-0.269273,-0.269273
10771,-0.209434,-0.269273,-0.269273
10772,-0.209434,-0.269273,-0.269273
10773,-0.209434,-0.269273,-0.269273
10774,-0.209434,-0.269273,-0.239354
10775,-0.209434,-0.269273,-0.239354
10776,-0.209434,-0.239354,-0.239354
10777,-0.209434,-0.239354,-0.239354
10778,-0.209434,-0.269273,-0.269273
10779,-0.239354,-0.299192,-0.299192
10780,-0.239354,-0.269273,-0.269273
10781,-0.239354,-0.269273,-0.269273
10782,-0.209434,-0.269273,-0.239354
10783,-0.179515,-0.239354,-0.239354
10784,-0.179515,-0.239354,-0.239354
10785,-0.179515,-0.239354,-0.239354
10786,-0.179515,-0.239354,-0.239354
10787,-0.179515,-0.239354,-0.239354
10788,-0.179515,-0.239354,-0.239354
10789,-0.179515,-0.239354,-0.239354
10790,-0.179515,-0.239354,-0.239354
10791,-0.179515,-0.239354,-0.239354
10792,-0.179515,-0.239354,-0.239354
10793,-0.209434,-0.239354,-0.239354
10794,-0.179515,-0.209434,-0.209434
10795,-0.149596,-0.209434,-0.179515
10796,-0.149596,-0.209434,-0.209434
10797,-0.179515,-0.209434,-0.209434
10798,-0.179515,-0.239354,-0.239354
10799,-0.209434,-0.269273,-0.239354
10800,-0.209434,-0.269273,-0.269273
10801,-0.209434,-0.269273,-0.269273
10802,-0.209434,-0.269273,-0.239354
10803,-0.209434,-0.269273,-0.239354
10804,-0.209434,-0.269273,-0.269273
10805,-0.209434,-0.269273,-0.239354
10806,-0.209434,-0.239354,-0.239354
10807,-0.209434,-0.239354,-0.239354
10808,-0.209434,-0.239354,-0.239354
10809,-0.209434,-0.239354,-0.239354
10810,-0.209434,-0.269273,-0.269273
10811,-0.239354,-0.269273,-0.269273
10812,-0.239354,-0.269273,-0.269273
10813,-0.209434,-0.269273,-0.269273
10814,-0.209434,-0.269273,-0.239354
10815,-0.179515,-0.239354,-0.239354
10816,-0.179515,-0.239354,-0.239354
10817,-0.179515,-0.209434,-0.209434
10818,-0.179515,-0.209434,-0.239354
10819,-0.179515,-0.239354,-0.239354
10820,-0.179515,-0.239354,-0.209434
10821,-0.179515,-0.239354,-0.239354
10822,-0.179515,-0.239354,-0.239354
10823,-0.179515,-0.239354,-0.239354
10824,-0.179515,-0.239354,-0.239354
10825,-0.179515,-0.239354,-0.239354
10826,-0.179515,-0.209434,-0.209434
10827,-0.149596,-0.209434,-0.179515
10828,-0.149596,-0.209434,-0.209434
10829,-0.179515,-0.209434,-0.209434
10830,-0.179515,-0.239354,-0.239354
10831,-0.209434,-0.239354,-0.239354
10832,-0.209434,-0.239354,-0.239354
10833,-0.209434,-0.269273,-0.239354
10834,-0.209434,-0.239354,-0.239354
10835,-0.209434,-0.269273,-0.239354
10836,-0.209434,-0.269273,-0.239354
10837,-0.209434,-0.239354,-0.239354
10838,-0.209434,-0.239354,-0.239354
10839,-0.209434,-0.239354,-0.239354
10840,-0.209434,-0.239354,-0.239354
10841,-0.209434,-0.239354,-0.239354
10842,-0.209434,-0.269273,-0.269273
10843,-0.239354,-0.269273,-0.269273
10844,-0.239354,-0.269273,-0.269273
10845,-0.209434,-0.269273,-0.269273
10846,-0.209434,-0.239354,-0.239354
10847,-0.179515,-0.239354,-0.239354
10848,-0.179515,-0.209434,-0.209434
10849,-0.179515,-0.209434,-0.209434
10850,-0.179515,-0.209434,-0.209434
10851,-0.179515,-0.209434,-0.209434
10852,-0.179515,-0.209434,-0.209434
10853,-0.179515,-0.239354,-0.209434
10854,-0.179515,-0.239354,-0.209434
10855,-0.179515,-0.239354,-0.239354
10856,-0.179515,-0.239354,-0.239354
10857,-0.179515,-0.239354,-0.239354
10858,-0.149596,-0.209434,-0.209434
10859,-0.149596,-0.179515,-0.179515
10860,-0.149596,-0.179515,-0.209434
10861,-0.179515,-0.209434,-0.209434
10862,-0.179515,-0.209434,-0.209434
10863,-0.209434,-0.239354,-0.239354
10864,-0.209434,-0.239354,-0.239354
10865,-0.209434,-0.239354,-0.239354
10866,-0.209434,-0.239354,-0.239354
10867,-0.209434,-0.239354,-0.239354
10868,-0.209434,-0.239354,-0.239354
10869,-0.209434,-0.239354,-0.239354
10870,-0.209434,-0.239354,-0.239354
10871,-0.209434,-0.239354,-0.239354
10872,-0.209434,-0.239354,-0.239354
10873,-0.209434,-0.239354,-0.239354
10874,-0.209434,-0.269273,-0.269273
10875,-0.239354,-0.269273,-0.269273
10876,-0.209434,-0.269273,-0.269273
10877,-0.209434,-0.269273,-0.239354
10878,-0.209434,-0.239354,-0.239354
10879,-0.179515,-0.239354,-0.209434
10880,-0.179515,-0.209434,-0.209434
10881,-0.179515,-0.209434,-0.209434
10882,-0.179515,-0.209434,-0.209434
10883,-0.179515,-0.209434,-0.209434
10884,-0.179515,-0.209434,-0.209434
10885,-0.179515,-0.209434,-0.209434
10886,-0.179515,-0.209434,-0.209434
10887,-0.179515,-0.239354,-0.209434
10888,-0.179515,-0.239354,-0.209434
10889,-0.179515,-0.239354,-0.239354
10890,-0.149596,-0.209434,-0.209434
10891,-0.149596,-0.179515,-0.179515
10892,-0.149596,-0.209434,-0.179515
10893,-0.149596,-0.209434,-0.209434
10894,-0.179515,-0.239354,-0.209434
10895,-0.209434,-0.239354,-0.239354
10896,-0.209434,-0.239354,-0.239354
10897,-0.209434,-0.239354,-0.239354
10898,-0.209434,-0.239354,-0.239354
10899,-0.209434,-0.239354,-0.239354
10900,-0.209434,-0.239354,-0.239354
10901,-0.209434,-0.239354,-0.239354
10902,-0.179515,-0.239354,-0.239354
10903,-0.179515,-0.239354,-0.239354
10904,-0.179515,-0.239354,-0.239354
10905,-0.209434,-0.239354,-0.239354
10906,-0.209434,-0.269273,-0.239354
10907,-0.239354,-0.269273,-0.269273
10908,-0.239354,-0.269273,-0.269273
10909,-0.209434,-0.269273,-0.269273
10910,-0.209434,-0.239354,-0.239354
10911,-0.179515,-0.239354,-0.239354
10912,-0.179515,-0.209434,-0.209434
10913,-0.179515,-0.209434,-0.209434
10914,-0.179515,-0.209434,-0.209434
10915,-0.179515,-0.209434,-0.209434
10916,-0.179515,-0.209434,-0.209434
10917,-0.179515,-0.209434,-0.209434
10918,-0.179515,-0.239354,-0.209434
10919,-0.179515,-0.239354,-0.209434
10920,-0.179515,-0.239354,-0.239354
10921,-0.179515,-0.239354,-0.239354
10922,-0.149596,-0.209434,-0.209434
10923,-0.149596,-0.179515,-0.179515
10924,-0.149596,-0.209434,-0.209434
10925,-0.179515,-0.209434,-0.209434
10926,-0.179515,-0.239354,-0.239354
10927,-0.209434,-0.239354,-0.239354
10928,-0.209434,-0.269273,-0.239354
10929,-0.209434,-0.269273,-0.239354
10930,-0.209434,-0.239354,-0.239354
10931,-0.209434,-0.239354,-0.239354
10932,-0.209434,-0.269273,-0.239354
10933,-0.209434,-0.239354,-0.239354
10934,-0.209434,-0.239354,-0.239354
10935,-0.179515,-0.239354,-0.239354
10936,-0.179515,-0.239354,-0.239354
10937,-0.179515,-0.239354,-0.239354
10938,-0.209434,-0.269273,-0.269273
10939,-0.239354,-0.269273,-0.269273
10940,-0.239354,-0.269273,-0.269273
10941,-0.209434,-0.269273,-0.269273
10942,-0.209434,-0.239354,-0.239354
10943,-0.179515,-0.239354,-0.209434
10944,-0.179515,-0.209434,-0.209434
10945,-0.179515,-0.209434,-0.209434
10946,-0.179515,-0.209434,-0.209434
10947,-0.179515,-0.209434,-0.209434
10948,-0.179515,-0.209434,-0.209434
10949,-0.179515,-0.209434,-0.209434
10950,-0.179515,-0.239354,-0.239354
10951,-0.179515,-0.239354,-0.239354
10952,-0.179515,-0.239354,-0.209434
10953,-0.179515,-0.239354,-0.239354
10954,-0.179515,-0.209434,-0.209434
10955,-0.149596,-0.179515,-0.179515
10956,-0.149596,-0.209434,-0.209434
10957,-0.179515,-0.209434,-0.209434
10958,-0.179515,-0.239354,-0.239354
10959,-0.209434,-0.239354,-0.239354
10960,-0.209434,-0.269273,-0.239354
10961,-0.209434,-0.269273,-0.239354
10962,-0.209434,-0.239354,-0.239354
10963,-0.209434,-0.239354,-0.239354
10964,-0.209434,-0.269273,-0.239354
10965,-0.209434,-0.239354,-0.239354
10966,-0.209434,-0.239354,-0.239354
10967,-0.209434,-0.239354,-0.239354
10968,-0.209434,-0.239354,-0.239354
10969,-0.209434,-0.239354,-0.239354
10970,-0.209434,-0.269273,-0.269273
10971,-0.239354,-0.269273,-0.269273
10972,-0.239354,-0.269273,-0.269273
10973,-0.209434,-0.269273,-0.269273
10974,-0.209434,-0.239354,-0.239354
10975,-0.179515,-0.239354,-0.239354
10976,-0.179515,-0.239354,-0.209434
10977,-0.179515,-0.239354,-0.209434
10978,-0.179515,-0.209434,-0.209434
10979,-0.179515,-0.209434,-0.209434
10980,-0.179515,-0.209434,-0.209434
10981,-0.179515,-0.239354,-0.209434
10982,-0.179515,-0.239354,-0.239354
10983,-0.179515,-0.239354,-0.239354
10984,-0.179515,-0.239354,-0.239354
10985,-0.179515,-0.239354,-0.239354
10986,-0.179515,-0.209434,-0.209434
10987,-0.149596,-0.179515,-0.179515
10988,-0.149596,-0.209434,-0.209434
10989,-0.179515,-0.209434,-0.209434
10990,-0.179515,-0.239354,-0.239354
10991,-0.209434,-0.239354,-0.239354
10992,-0.209434,-0.269273,-0.239354
10993,-0.209434,-0.269273,-0.239354
10994,-0.209434,-0.239354,-0.239354
10995,-0.209434,-0.239354,-0.239354
10996,-0.209434,-0.239354,-0.239354
10997,-0.209434,-0.239354,-0.239354
10998,-0.209434,-0.239354,-0.239354
10999,-0.209434,-0.239354,-0.239354
11000,-0.209434,-0.239354,-0.239354
11001,-0.209434,-0.239354,-0.239354
11002,-0.209434,-0.269273,-0.269273
11003,-0.239354,-0.269273,-0.269273
11004,-0.239354,-0.269273,-0.269273
11005,-0.209434,-0.269273,-0.269273
11006,-0.209434,-0.239354,-0.239354
11007,-0.179515,-0.239354,-0.209434
11008,-0.179515,-0.209434,-0.209434
11009,-0.179515,-0.209434,-0.209434
11010,-0.179515,-0.209434,-0.209434
11011,-0.179515,-0.239354,-0.209434
11012,-0.179515,-0.209434,-0.209434
11013,-0.179515,-0.239354,-0.209434
11014,-0.179515,-0.239354,-0.239354
11015,-0.179515,-0.239354,-0.239354
11016,-0.179515,-0.239354,-0.239354
11017,-0.179515,-0.239354,-0.239354
11018,-0.149596,-0.209434,-0.209434
11019,-0.149596,-0.209434,-0.179515
11020,-0.149596,-0.209434,-0.209434
11021,-0.179515,-0.209434,-0.209434
11022,-0.179515,-0.239354,-0.239354
11023,-0.209434,-0.239354,-0.239354
11024,-0.209434,-0.239354,-0.239354
11025,-0.209434,-0.239354,-0.239354
11026,-0.209434,-0.239354,-0.239354
11027,-0.209434,-0.239354,-0.239354
11028,-0.209434,-0.239354,-0.239354
11029,-0.209434,-0.239354,-0.239354
11030,-0.209434,-0.239354,-0.239354
11031,-0.209434,-0.239354,-0.239354
11032,-0.209434,-0.239354,-0.239354
11033,-0.209434,-0.239354,-0.239354
11034,-0.209434,-0.269273,-0.269273
11035,-0.239354,-0.269273,-0.269273
11036,-0.239354,-0.269273,-0.269273
11037,-0.209434,-0.269273,-0.269273
11038,-0.209434,-0.239354,-0.239354
11039,-0.179515,-0.239354,-0.209434
11040,-0.179515,-0.239354,-0.209434
11041,-0.179515,-0.209434,-0.209434
11042,-0.179515,-0.209434,-0.209434
11043,-0.179515,-0.239354,-0.209434
11044,-0.179515,-0.239354,-0.239354
11045,-0.179515,-0.209434,-0.239354
11046,-0.179515,-0.239354,-0.239354
11047,-0.179515,-0.239354,-0.239354
11048,-0.179515,-0.239354,-0.239354
11049,-0.179515,-0.239354,-0.239354
11050,-0.179515,-0.209434,-0.209434
11051,-0.149596,-0.179515,-0.179515
11052,-0.149596,-0.209434,-0.209434
11053,-0.179515,-0.209434,-0.209434
11054,-0.179515,-0.239354,-0.239354
11055,-0.209434,-0.239354,-0.239354
11056,-0.209434,-0.239354,-0.239354
11057,-0.209434,-0.269273,-0.239354
11058,-0.209434,-0.239354,-0.239354
11059,-0.209434,-0.239354,-0.239354
11060,-0.209434,-0.269273,-0.239354
11061,-0.209434,-0.239354,-0.239354
11062,-0.209434,-0.239354,-0.239354
11063,-0.209434,-0.239354,-0.239354
11064,-0.209434,-0.239354,-0.239354
11065,-0.209434,-0.239354,-0.239354
11066,-0.209434,-0.269273,-0.269273
11067,-0.239354,-0.269273,-0.269273
11068,-0.239354,-0.269273,-0.269273
11069,-0.209434,-0.269273,-0.269273
11070,-0.209434,-0.239354,-0.239354
11071,-0.179515,-0.239354,-0.209434
11072,-0.179515,-0.239354,-0.209434
11073,-0.179515,-0.239354,-0.209434
11074,-0.179515,-0.209434,-0.209434
11075,-0.179515,-0.239354,-0.209434
11076,-0.179515,-0.209434,-0.239354
11077,-0.179515,-0.239354,-0.209434
11078,-0.179515,-0.239354,-0.239354
11079,-0.179515,-0.239354,-0.239354
11080,-0.179515,-0.239354,-0.239354
11081,-0.179515,-0.239354,-0.239354
11082,-0.149596,-0.209434,-0.209434
11083,-0.149596,-0.209434,-0.179515
11084,-0.149596,-0.209434,-0.209434
11085,-0.179515,-0.209434,-0.209434
11086,-0.179515,-0.239354,-0.239354
11087,-0.209434,-0.239354,-0.239354
11088,-0.209434,-0.269273,-0.239354
11089,-0.209434,-0.269273,-0.239354
11090,-0.209434,-0.239354,-0.239354
11091,-0.209434,-0.269273,-0.239354
11092,-0.209434,-0.269273,-0.239354
11093,-0.209434,-0.239354,-0.239354
11094,-0.209434,-0.239354,-0.239354
11095,-0.209434,-0.239354,-0.239354
11096,-0.209434,-0.239354,-0.239354
11097,-0.209434,-0.239354,-0.239354
11098,-0.239354,-0.269273,-0.269273
11099,-0.239354,-0.299192,-0.269273
11100,-0.239354,-0.269273,-0.269273
11101,-0.209434,-0.269273,-0.269273
11102,-0.209434,-0.239354,-0.239354
11103,-0.179515,-0.239354,-0.239354
11104,-0.179515,-0.239354,-0.209434
11105,-0.179515,-0.239354,-0.209434
11106,-0.179515,-0.239354,-0.209434
11107,-0.179515,-0.209434,-0.209434
11108,-0.179515,-0.239354,-0.209434
11109,-0.179515,-0.239354,-0.209434
11110,-0.179515,-0.239354,-0.239354
11111,-0.179515,-0.239354,-0.239354
11112,-0.179515,-0.239354,-0.239354
11113,-0.179515,-0.239354,-0.239354
11114,-0.149596,-0.209434,-0.209434
11115,-0.149596,-0.209434,-0.179515
11116,-0.179515,-0.209434,-0.209434
11117,-0.179515,-0.209434,-0.209434
11118,-0.179515,-0.239354,-0.239354
11119,-0.209434,-0.239354,-0.239354
11120,-0.209434,-0.269273,-0.239354
11121,-0.209434,-0.269273,-0.239354
11122,-0.209434,-0.239354,-0.239354
11123,-0.209434,-0.239354,-0.239354
11124,-0.209434,-0.269273,-0.239354
11125,-0.209434,-0.239354,-0.239354
11126,-0.209434,-0.239354,-0.239354
11127,-0.209434,-0.239354,-0.239354
11128,-0.209434,-0.239354,-0.239354
11129,-0.209434,-0.239354,-0.239354
11130,-0.239354,-0.269273,-0.269273
11131,-0.239354,-0.269273,-0.269273
11132,-0.209434,-0.269273,-0.269273
11133,-0.209434,-0.269273,-0.269273
11134,-0.209434,-0.239354,-0.239354
11135,-0.179515,-0.239354,-0.209434
11136,-0.179515,-0.239354,-0.209434
11137,-0.179515,-0.239354,-0.209434
11138,-0.179515,-0.209434,-0.209434
11139,-0.179515,-0.209434,-0.209434
11140,-0.179515,-0.209434,-0.209434
11141,-0.179515,-0.239354,-0.209434
11142,-0.179515,-0.239354,-0.239354
11143,-0.179515,-0.239354,-0.239354
11144,-0.179515,-0.239354,-0.239354
11145,-0.179515,-0.239354,-0.239354
11146,-0.149596,-0.209434,-0.209434
11147,-0.149596,-0.179515,-0.179515
11148,-0.149596,-0.209434,-0.209434
11149,-0.179515,-0.209434,-0.209434
11150,-0.179515,-0.239354,-0.239354
11151,-0.209434,-0.269273,-0.239354
11152,-0.209434,-0.239354,-0.239354
11153,-0.209434,-0.269273,-0.239354
11154,-0.209434,-0.239354,-0.239354
11155,-0.209434,-0.239354,-0.239354
11156,-0.209434,-0.269273,-0.239354
11157,-0.209434,-0.239354,-0.239354
11158,-0.209434,-0.239354,-0.239354
11159,-0.209434,-0.239354,-0.239354
11160,-0.209434,-0.239354,-0.239354
11161,-0.209434,-0.239354,-0.239354
11162,-0.239354,-0.269273,-0.269273
11163,-0.239354,-0.269273,-0.269273
11164,-0.239354,-0.269273,-0.269273
11165,-0.209434,-0.269273,-0.269273
11166,-0.209434,-0.239354,-0.239354
11167,-0.179515,-0.239354,-0.209434
11168,-0.179515,-0.239354,-0.209434
11169,-0.179515,-0.209434,-0.209434
11170,-0.179515,-0.209434,-0.209434
11171,-0.179515,-0.239354,-0.209434
11172,-0.179515,-0.239354,-0.239354
11173,-0.179515,-0.239354,-0.239354
11174,-0.179515,-0.239354,-0.239354
11175,-0.179515,-0.239354,-0.239354
11176,-0.179515,-0.239354,-0.239354
11177,-0.179515,-0.239354,-0.239354
11178,-0.149596,-0.209434,-0.209434
11179,-0.149596,-0.209434,-0.179515
11180,-0.179515,-0.209434,-0.209434
11181,-0.179515,-0.209434,-0.209434
11182,-0.179515,-0.239354,-0.239354
11183,-0.209434,-0.239354,-0.239354
11184,-0.209434,-0.269273,-0.239354
11185,-0.209434,-0.269273,-0.239354
11186,-0.209434,-0.239354,-0.239354
11187,-0.209434,-0.239354,-0.239354
11188,-0.209434,-0.269273,-0.239354
11189,-0.209434,-0.239354,-0.239354
11190,-0.209434,-0.239354,-0.239354
11191,-0.209434,-0.239354,-0.239354
11192,-0.209434,-0.239354,-0.239354
11193,-0.209434,-0.239354,-0.239354
11194,-0.209434,-0.269273,-0.269273
11195,-0.239354,-0.299192,-0.269273
11196,-0.239354,-0.269273,-0.269273
11197,-0.209434,-0.269273,-0.269273
11198,-0.209434,-0.239354,-0.239354
11199,-0.179515,-0.239354,-0.239354
11200,-0.179515,-0.239354,-0.209434
11201,-0.179515,-0.239354,-0.209434
11202,-0.179515,-0.209434,-0.209434
11203,-0.179515,-0.209434,-0.209434
11204,-0.179515,-0.239354,-0.209434
11205,-0.179515,-0.239354,-0.239354
11206,-0.179515,-0.239354,-0.239354
11207,-0.179515,-0.239354,-0.239354
11208,-0.179515,-0.239354,-0.239354
11209,-0.179515,-0.239354,-0.239354
11210,-0.149596,-0.209434,-0.209434
11211,-0.149596,-0.209434,-0.179515
11212,-0.149596,-0.209434,-0.209434
11213,-0.179515,-0.209434,-0.209434
11214,-0.179515,-0.239354,-0.239354
11215,-0.209434,-0.239354,-0.239354
11216,-0.209434,-0.269273,-0.239354
11217,-0.209434,-0.239354,-0.239354
11218,-0.209434,-0.269273,-0.239354
11219,-0.209434,-0.239354,-0.239354
11220,-0.209434,-0.269273,-0.239354
11221,-0.209434,-0.239354,-0.239354
11222,-0.209434,-0.239354,-0.239354
11223,-0.209434,-0.239354,-0.239354
11224,-0.209434,-0.239354,-0.239354
11225,-0.209434,-0.239354,-0.239354
11226,-0.239354,-0.269273,-0.269273
11227,-0.239354,-0.269273,-0.269273
11228,-0.239354,-0.269273,-0.269273
11229,-0.209434,-0.269273,-0.269273
11230,-0.209434,-0.239354,-0.239354
11231,-0.179515,-0.239354,-0.239354
11232,-0.179515,-0.209434,-0.209434
11233,-0.179515,-0.209434,-0.209434
11234,-0.179515,-0.239354,-0.209434
11235,-0.179515,-0.239354,-0.209434
11236,-0.179515,-0.209434,-0.209434
11237,-0.179515,-0.239354,-0.209434
11238,-0.179515,-0.239354,-0.209434
11239,-0.179515,-0.239354,-0.239354
11240,-0.179515,-0.239354,-0.239354
11241,-0.179515,-0.239354,-0.239354
11242,-0.179515,-0.209434,-0.209434
11243,-0.149596,-0.179515,-0.179515
11244,-0.179515,-0.209434,-0.209434
11245,-0.179515,-0.209434,-0.209434
11246,-0.179515,-0.239354,-0.239354
11247,-0.209434,-0.239354,-0.239354
11248,-0.209434,-0.269273,-0.239354
11249,-0.209434,-0.269273,-0.239354
11250,-0.209434,-0.239354,-0.239354
11251,-0.209434,-0.269273,-0.239354
11252,-0.209434,-0.269273,-0.239354
11253,-0.209434,-0.239354,-0.239354
11254,-0.209434,-0.239354,-0.239354
11255,-0.209434,-0.239354,-0.239354
11256,-0.209434,-0.239354,-0.239354
11257,-0.209434,-0.239354,-0.239354
11258,-0.239354,-0.269273,-0.269273
11259,-0.239354,-0.269273,-0.269273
11260,-0.239354,-0.269273,-0.269273
11261,-0.209434,-0.269273,-0.269273
11262,-0.209434,-0.239354,-0.239354
11263,-0.179515,-0.239354,-0.209434
11264,-0.179515,-0.239354,-0.209434
11265,-0.179515,-0.209434,-0.209434
11266,-0.179515,-0.239354,-0.209434
11267,-0.179515,-0.239354,-0.239354
11268,-0.179515,-0.209434,-0.209434
11269,-0.179515,-0.239354,-0.209434
11270,-0.179515,-0.239354,-0.239354
11271,-0.179515,-0.239354,-0.239354
11272,-0.179515,-0.239354,-0.239354
11273,-0.179515,-0.239354,-0.239354
11274,-0.149596,-0.209434,-0.209434
11275,-0.149596,-0.179515,-0.179515
11276,-0.149596,-0.209434,-0.209434
11277,-0.179515,-0.209434,-0.209434
11278,-0.179515,-0.239354,-0.239354
11279,-0.209434,-0.269273,-0.239354
11280,-0.209434,-0.269273,-0.269273
11281,-0.209434,-0.269273,-0.239354
11282,-0.209434,-0.239354,-0.239354
11283,-0.209434,-0.239354,-0.239354
11284,-0.209434,-0.269273,-0.239354
11285,-0.209434,-0.239354,-0.239354
11286,-0.209434,-0.239354,-0.239354
11287,-0.209434,-0.239354,-0.239354
11288,-0.209434,-0.239354,-0.239354
11289,-0.209434,-0.239354,-0.239354
11290,-0.239354,-0.269273,-0.269273
11291,-0.239354,-0.269273,-0.269273
11292,-0.239354,-0.269273,-0.269273
11293,-0.209434,-0.269273,-0.269273
11294,-0.209434,-0.239354,-0.239354
11295,-0.179515,-0.239354,-0.239354
11296,-0.179515,-0.239354,-0.209434
11297,-0.179515,-0.239354,-0.209434
11298,-0.179515,-0.239354,-0.209434
11299,-0.179515,-0.239354,-0.209434
11300,-0.179515,-0.239354,-0.209434
11301,-0.179515,-0.239354,-0.239354
11302,-0.179515,-0.239354,-0.239354
11303,-0.179515,-0.239354,-0.239354
11304,-0.179515,-0.239354,-0.239354
11305,-0.179515,-0.239354,-0.239354
11306,-0.149596,-0.209434,-0.209434
11307,-0.149596,-0.179515,-0.179515
11308,-0.149596,-0.209434,-0.209434
11309,-0.179515,-0.209434,-0.209434
11310,-0.179515,-0.239354,-0.239354
11311,-0.209434,-0.239354,-0.239354
11312,-0.209434,-0.269273,-0.239354
11313,-0.209434,-0.239354,-0.269273
11314,-0.209434,-0.239354,-0.239354
11315,-0.209434,-0.239354,-0.239354
11316,-0.209434,-0.239354,-0.239354
11317,-0.209434,-0.239354,-0.239354
11318,-0.209434,-0.239354,-0.239354
11319,-0.209434,-0.239354,-0.239354
11320,-0.209434,-0.239354,-0.239354
11321,-0.209434,-0.239354,-0.239354
11322,-0.239354,-0.269273,-0.269273
11323,-0.239354,-0.269273,-0.269273
11324,-0.209434,-0.269273,-0.269273
11325,-0.209434,-0.269273,-0.269273
11326,-0.209434,-0.239354,-0.239354
11327,-0.179515,-0.239354,-0.239354
11328,-0.179515,-0.209434,-0.209434
11329,-0.179515,-0.239354,-0.209434
11330,-0.179515,-0.239354,-0.209434
11331,-0.179515,-0.239354,-0.209434
11332,-0.179515,-0.239354,-0.209434
11333,-0.179515,-0.239354,-0.209434
11334,-0.179515,-0.239354,-0.239354
11335,-0.179515,-0.239354,-0.239354
11336,-0.179515,-0.239354,-0.239354
11337,-0.179515,-0.239354,-0.239354
11338,-0.149596,-0.209434,-0.209434
11339,-0.149596,-0.209434,-0.179515
11340,-0.149596,-0.209434,-0.209434
11341,-0.179515,-0.209434,-0.209434
11342,-0.179515,-0.239354,-0.239354
11343,-0.209434,-0.239354,-0.239354
11344,-0.209434,-0.239354,-0.239354
11345,-0.209434,-0.239354,-0.239354
11346,-0.209434,-0.269273,-0.239354
11347,-0.209434,-0.269273,-0.239354
11348,-0.209434,-0.239354,-0.239354
11349,-0.209434,-0.239354,-0.239354
11350,-0.209434,-0.239354,-0.239354
11351,-0.209434,-0.239354,-0.239354
11352,-0.209434,-0.239354,-0.239354
11353,-0.209434,-0.239354,-0.239354
11354,-0.239354,-0.269273,-0.269273
11355,-0.239354,-0.269273,-0.269273
11356,-0.239354,-0.269273,-0.269273
11357,-0.209434,-0.269273,-0.239354
11358,-0.209434,-0.239354,-0.239354
11359,-0.179515,-0.239354,-0.209434
11360,-0.179515,-0.209434,-0.209434
11361,-0.179515,-0.239354,-0.209434
11362,-0.179515,-0.239354,-0.209434
11363,-0.179515,-0.239354,-0.209434
11364,-0.179515,-0.239354,-0.209434
11365,-0.179515,-0.239354,-0.209434
11366,-0.179515,-0.239354,-0.239354
11367,-0.179515,-0.239354,-0.239354
11368,-0.179515,-0.239354,-0.239354
11369,-0.179515,-0.239354,-0.239354
11370,-0.149596,-0.209434,-0.209434
11371,-0.149596,-0.179515,-0.179515
11372,-0.149596,-0.209434,-0.209434
11373,-0.179515,-0.209434,-0.209434
11374,-0.179515,-0.239354,-0.239354
11375,-0.209434,-0.269273,-0.239354
11376,-0.209434,-0.239354,-0.269273
11377,-0.209434,-0.239354,-0.239354
11378,-0.209434,-0.269273,-0.239354
11379,-0.209434,-0.269273,-0.239354
11380,-0.209434,-0.239354,-0.239354
11381,-0.209434,-0.239354,-0.239354
11382,-0.209434,-0.239354,-0.239354
11383,-0.209434,-0.239354,-0.239354
11384,-0.209434,-0.239354,-0.239354
11385,-0.209434,-0.239354,-0.239354
11386,-0.239354,-0.269273,-0.269273
11387,-0.239354,-0.269273,-0.269273
11388,-0.209434,-0.269273,-0.269273
11389,-0.209434,-0.269273,-0.269273
11390,-0.209434,-0.239354,-0.239354
11391,-0.179515,-0.239354,-0.239354
11392,-0.179515,-0.239354,-0.209434
11393,-0.179515,-0.239354,-0.209434
11394,-0.179515,-0.209434,-0.239354
11395,-0.179515,-0.209434,-0.239354
11396,-0.179515,-0.209434,-0.239354
11397,-0.179515,-0.239354,-0.239354
11398,-0.179515,-0.239354,-0.239354
11399,-0.179515,-0.239354,-0.239354
11400,-0.179515,-0.239354,-0.239354
11401,-0.179515,-0.239354,-0.239354
11402,-0.149596,-0.209434,-0.209434
11403,-0.149596,-0.209434,-0.209434
11404,-0.149596,-0.209434,-0.209434
11405,-0.179515,-0.209434,-0.209434
11406,-0.179515,-0.239354,-0.239354
11407,-0.209434,-0.239354,-0.239354
11408,-0.209434,-0.269273,-0.239354
11409,-0.209434,-0.239354,-0.239354
11410,-0.209434,-0.239354,-0.239354
11411,-0.209434,-0.239354,-0.239354
11412,-0.209434,-0.239354,-0.239354
11413,-0.209434,-0.239354,-0.239354
11414,-0.209434,-0.239354,-0.239354
11415,-0.209434,-0.239354,-0.239354
11416,-0.209434,-0.239354,-0.239354
11417,-0.209434,-0.239354,-0.239354
11418,-0.239354,-0.269273,-0.269273
11419,-0.239354,-0.299192,-0.269273
11420,-0.239354,-0.269273,-0.269273
11421,-0.209434,-0.269273,-0.239354
11422,-0.179515,-0.239354,-0.239354
11423,-0.179515,-0.239354,-0.209434
11424,-0.179515,-0.239354,-0.209434
11425,-0.179515,-0.209434,-0.209434
11426,-0.179515,-0.209434,-0.209434
11427,-0.179515,-0.239354,-0.239354
11428,-0.179515,-0.239354,-0.209434
11429,-0.179515,-0.239354,-0.209434
11430,-0.179515,-0.239354,-0.239354
11431,-0.179515,-0.239354,-0.239354
11432,-0.179515,-0.239354,-0.239354
11433,-0.179515,-0.239354,-0.209434
11434,-0.149596,-0.209434,-0.209434
11435,-0.149596,-0.209434,-0.179515
11436,-0.149596,-0.209434,-0.209434
11437,-0.179515,-0.209434,-0.209434
11438,-0.179515,-0.239354,-0.239354
11439,-0.209434,-0.239354,-0.239354
11440,-0.209434,-0.239354,-0.239354
11441,-0.209434,-0.269273,-0.239354
11442,-0.209434,-0.239354,-0.239354
11443,-0.209434,-0.269273,-0.239354
11444,-0.209434,-0.239354,-0.239354
11445,-0.209434,-0.239354,-0.239354
11446,-0.209434,-0.239354,-0.239354
11447,-0.209434,-0.239354,-0.239354
11448,-0.209434,-0.239354,-0.239354
11449,-0.209434,-0.239354,-0.239354
11450,-0.239354,-0.269273,-0.269273
11451,-0.239354,-0.269273,-0.269273
11452,-0.239354,-0.269273,-0.269273
11453,-0.209434,-0.269273,-0.269273
11454,-0.209434,-0.239354,-0.239354
11455,-0.179515,-0.239354,-0.209434
11456,-0.179515,-0.239354,-0.209434
11457,-0.179515,-0.209434,-0.209434
11458,-0.179515,-0.239354,-0.209434
11459,-0.179515,-0.239354,-0.239354
11460,-0.179515,-0.239354,-0.209434
11461,-0.179515,-0.239354,-0.209434
11462,-0.179515,-0.239354,-0.239354
11463,-0.179515,-0.239354,-0.239354
11464,-0.179515,-0.239354,-0.239354
11465,-0.179515,-0.239354,-0.239354
11466,-0.149596,-0.209434,-0.209434
11467,-0.149596,-0.209434,-0.179515
11468,-0.179515,-0.209434,-0.209434
11469,-0.179515,-0.209434,-0.209434
11470,-0.209434,-0.239354,-0.239354
11471,-0.209434,-0.239354,-0.239354
11472,-0.209434,-0.239354,-0.239354
11473,-0.209434,-0.269273,-0.239354
11474,-0.209434,-0.239354,-0.239354
11475,-0.209434,-0.239354,-0.239354
11476,-0.209434,-0.269273,-0.239354
11477,-0.209434,-0.239354,-0.239354
11478,-0.209434,-0.239354,-0.239354
11479,-0.209434,-0.239354,-0.239354
11480,-0.209434,-0.239354,-0.239354
11481,-0.209434,-0.239354,-0.239354
11482,-0.239354,-0.269273,-0.269273
11483,-0.239354,-0.269273,-0.269273
11484,-0.209434,-0.269273,-0.269273
11485,-0.209434,-0.269273,-0.269273
11486,-0.209434,-0.239354,-0.239354
11487,-0.179515,-0.239354,-0.209434
11488,-0.179515,-0.209434,-0.209434
11489,-0.179515,-0.209434,-0.209434
11490,-0.179515,-0.239354,-0.209434
11491,-0.179515,-0.239354,-0.239354
11492,-0.179515,-0.239354,-0.209434
11493,-0.179515,-0.239354,-0.209434
11494,-0.179515,-0.239354,-0.239354
11495,-0.179515,-0.239354,-0.239354
11496,-0.179515,-0.239354,-0.239354
11497,-0.179515,-0.239354,-0.239354
11498,-0.149596,-0.209434,-0.209434
11499,-0.149596,-0.209434,-0.179515
11500,-0.179515,-0.209434,-0.209434
11501,-0.179515,-0.239354,-0.209434
11502,-0.179515,-0.239354,-0.239354
11503,-0.209434,-0.239354,-0.239354
11504,-0.209434,-0.239354,-0.239354
11505,-0.209434,-0.239354,-0.239354
11506,-0.209434,-0.239354,-0.239354
11507,-0.209434,-0.239354,-0.239354
11508,-0.209434,-0.239354,-0.239354
11509,-0.209434,-0.239354,-0.239354
11510,-0.209434,-0.239354,-0.239354
11511,-0.209434,-0.239354,-0.239354
11512,-0.209434,-0.239354,-0.239354
11513,-0.209434,-0.239354,-0.239354
11514,-0.239354,-0.269273,-0.269273
11515,-0.239354,-0.269273,-0.269273
11516,-0.209434,-0.269273,-0.269273
11517,-0.209434,-0.269273,-0.269273
11518,-0.179515,-0.239354,-0.239354
11519,-0.179515,-0.239354,-0.209434
11520,-0.179515,-0.209434,-0.209434
11521,-0.179515,-0.239354,-0.209434
11522,-0.179515,-0.209434,-0.209434
11523,-0.179515,-0.209434,-0.239354
11524,-0.179515,-0.239354,-0.209434
11525,-0.179515,-0.239354,-0.239354
11526,-0.179515,-0.239354,-0.239354
11527,-0.179515,-0.239354,-0.239354
11528,-0.179515,-0.239354,-0.239354
11529,-0.179515,-0.239354,-0.239354
11530,-0.149596,-0.209434,-0.209434
11531,-0.149596,-0.179515,-0.179515
11532,-0.149596,-0.209434,-0.209434
11533,-0.179515,-0.209434,-0.209434
11534,-0.179515,-0.239354,-0.239354
11535,-0.209434,-0.239354,-0.239354
11536,-0.209434,-0.239354,-0.239354
11537,-0.209434,-0.239354,-0.239354
11538,-0.209434,-0.269273,-0.239354
11539,-0.209434,-0.239354,-0.239354
11540,-0.209434,-0.239354,-0.239354
11541,-0.209434,-0.239354,-0.239354
11542,-0.209434,-0.239354,-0.239354
11543,-0.209434,-0.239354,-0.239354
11544,-0.209434,-0.239354,-0.239354
11545,-0.209434,-0.239354,-0.239354
11546,-0.239354,-0.269273,-0.269273
11547,-0.239354,-0.269273,-0.269273
11548,-0.209434,-0.269273,-0.269273
11549,-0.209434,-0.269273,-0.269273
11550,-0.209434,-0.239354,-0.239354
11551,-0.179515,-0.239354,-0.209434
11552,-0.179515,-0.239354,-0.209434
11553,-0.179515,-0.239354,-0.209434
11554,-0.179515,-0.239354,-0.209434
11555,-0.179515,-0.239354,-0.209434
11556,-0.179515,-0.239354,-0.209434
11557,-0.179515,-0.239354,-0.239354
11558,-0.179515,-0.239354,-0.239354
11559,-0.179515,-0.239354,-0.239354
11560,-0.179515,-0.239354,-0.239354
11561,-0.179515,-0.239354,-0.239354
11562,-0.149596,-0.209434,-0.209434
11563,-0.149596,-0.209434,-0.179515
11564,-0.149596,-0.209434,-0.209434
11565,-0.179515,-0.209434,-0.209434
11566,-0.179515,-0.239354,-0.239354
11567,-0.209434,-0.239354,-0.239354
11568,-0.209434,-0.239354,-0.239354
11569,-0.209434,-0.269273,-0.239354
11570,-0.209434,-0.239354,-0.239354
11571,-0.209434,-0.239354,-0.239354
11572,-0.209434,-0.239354,-0.239354
11573,-0.209434,-0.239354,-0.239354
11574,-0.209434,-0.239354,-0.239354
11575,-0.209434,-0.239354,-0.239354
11576,-0.209434,-0.239354,-0.239354
11577,-0.209434,-0.239354,-0.239354
11578,-0.239354,-0.269273,-0.269273
11579,-0.239354,-0.269273,-0.269273
11580,-0.239354,-0.269273,-0.269273
11581,-0.209434,-0.269273,-0.239354
11582,-0.209434,-0.239354,-0.239354
11583,-0.179515,-0.239354,-0.209434
11584,-0.179515,-0.239354,-0.209434
11585,-0.179515,-0.209434,-0.209434
11586,-0.179515,-0.209434,-0.209434
11587,-0.179515,-0.239354,-0.239354
11588,-0.179515,-0.209434,-0.209434
11589,-0.179515,-0.239354,-0.239354
11590,-0.179515,-0.239354,-0.239354
11591,-0.179515,-0.239354,-0.239354
11592,-0.179515,-0.239354,-0.239354
11593,-0.179515,-0.239354,-0.239354
11594,-0.149596,-0.209434,-0.179515
11595,-0.149596,-0.179515,-0.179515
11596,-0.179515,-0.209434,-0.209434
11597,-0.179515,-0.209434,-0.209434
11598,-0.179515,-0.239354,-0.239354
11599,-0.209434,-0.239354,-0.239354
11600,-0.209434,-0.269273,-0.239354
11601,-0.209434,-0.239354,-0.239354
11602,-0.209434,-0.239354,-0.239354
11603,-0.209434,-0.269273,-0.239354
11604,-0.209434,-0.269273,-0.239354
11605,-0.209434,-0.239354,-0.239354
11606,-0.209434,-0.239354,-0.239354
11607,-0.209434,-0.239354,-0.239354
11608,-0.209434,-0.239354,-0.239354
11609,-0.209434,-0.239354,-0.239354
11610,-0.239354,-0.269273,-0.269273
11611,-0.239354,-0.269273,-0.269273
11612,-0.239354,-0.269273,-0.269273
11613,-0.209434,-0.269273,-0.239354
11614,-0.209434,-0.239354,-0.239354
11615,-0.179515,-0.239354,-0.209434
11616,-0.179515,-0.239354,-0.209434
11617,-0.179515,-0.209434,-0.209434
11618,-0.179515,-0.239354,-0.209434
11619,-0.179515,-0.239354,-0.209434
11620,-0.179515,-0.239354,-0.209434
11621,-0.179515,-0.239354,-0.209434
11622,-0.179515,-0.239354,-0.239354
11623,-0.179515,-0.239354,-0.239354
11624,-0.179515,-0.239354,-0.239354
11625,-0.179515,-0.239354,-0.239354
11626,-0.149596,-0.209434,-0.179515
11627,-0.149596,-0.209434,-0.179515
11628,-0.179515,-0.209434,-0.209434
11629,-0.179515,-0.209434,-0.209434
11630,-0.209434,-0.239354,-0.239354
11631,-0.209434,-0.239354,-0.239354
11632,-0.209434,-0.269273,-0.239354
11633,-0.209434,-0.269273,-0.239354
11634,-0.209434,-0.269273,-0.239354
11635,-0.209434,-0.269273,-0.239354
11636,-0.209434,-0.239354,-0.269273
11637,-0.209434,-0.239354,-0.239354
11638,-0.209434,-0.239354,-0.239354
11639,-0.209434,-0.239354,-0.239354
11640,-0.209434,-0.239354,-0.239354
11641,-0.209434,-0.269273,-0.239354
11642,-0.239354,-0.269273,-0.269273
11643,-0.239354,-0.269273,-0.269273
11644,-0.209434,-0.269273,-0.269273
11645,-0.209434,-0.269273,-0.269273
11646,-0.179515,-0.239354,-0.239354
11647,-0.179515,-0.239354,-0.209434
11648,-0.179515,-0.239354,-0.209434
11649,-0.179515,-0.239354,-0.209434
11650,-0.179515,-0.239354,-0.209434
11651,-0.179515,-0.209434,-0.209434
11652,-0.179515,-0.209434,-0.209434
11653,-0.179515,-0.239354,-0.209434
11654,-0.179515,-0.239354,-0.239354
11655,-0.179515,-0.239354,-0.239354
11656,-0.179515,-0.239354,-0.239354
11657,-0.179515,-0.239354,-0.209434
11658,-0.149596,-0.209434,-0.179515
11659,-0.149596,-0.209434,-0.179515
11660,-0.179515,-0.209434,-0.209434
11661,-0.179515,-0.209434,-0.209434
11662,-0.209434,-0.239354,-0.239354
11663,-0.209434,-0.269273,-0.239354
11664,-0.209434,-0.269273,-0.239354
11665,-0.209434,-0.269273,-0.239354
11666,-0.209434,-0.239354,-0.239354
11667,-0.209434,-0.239354,-0.239354
11668,-0.209434,-0.239354,-0.239354
11669,-0.209434,-0.239354,-0.239354
11670,-0.209434,-0.239354,-0.239354
11671,-0.209434,-0.239354,-0.239354
11672,-0.209434,-0.239354,-0.239354
11673,-0.209434,-0.239354,-0.239354
11674,-0.239354,-0.269273,-0.269273
11675,-0.239354,-0.269273,-0.269273
11676,-0.239354,-0.269273,-0.269273
11677,-0.209434,-0.269273,-0.269273
11678,-0.179515,-0.239354,-0.239354
11679,-0.179515,-0.239354,-0.209434
11680,-0.179515,-0.209434,-0.209434
11681,-0.179515,-0.209434,-0.209434
11682,-0.179515,-0.239354,-0.209434
11683,-0.179515,-0.209434,-0.209434
11684,-0.179515,-0.239354,-0.209434
11685,-0.179515,-0.239354,-0.239354
11686,-0.179515,-0.239354,-0.239354
11687,-0.179515,-0.239354,-0.239354
11688,-0.179515,-0.239354,-0.239354
11689,-0.179515,-0.239354,-0.239354
11690,-0.149596,-0.209434,-0.209434
11691,-0.149596,-0.179515,-0.179515
11692,-0.149596,-0.209434,-0.209434
11693,-0.179515,-0.239354,-0.209434
11694,-0.209434,-0.239354,-0.239354
11695,-0.209434,-0.239354,-0.239354
11696,-0.209434,-0.269273,-0.239354
11697,-0.209434,-0.239354,-0.239354
11698,-0.209434,-0.239354,-0.239354
11699,-0.209434,-0.269273,-0.239354
11700,-0.209434,-0.269273,-0.239354
11701,-0.209434,-0.239354,-0.239354
11702,-0.209434,-0.239354,-0.239354
11703,-0.209434,-0.239354,-0.239354
11704,-0.209434,-0.239354,-0.239354
11705,-0.209434,-0.269273,-0.239354
11706,-0.239354,-0.269273,-0.269273
11707,-0.239354,-0.269273,-0.269273
11708,-0.239354,-0.269273,-0.269273
11709,-0.209434,-0.269273,-0.239354
11710,-0.179515,-0.239354,-0.239354
11711,-0.179515,-0.239354,-0.239354
11712,-0.179515,-0.209434,-0.239354
11713,-0.179515,-0.239354,-0.209434
11714,-0.179515,-0.239354,-0.209434
11715,-0.179515,-0.239354,-0.209434
11716,-0.179515,-0.239354,-0.209434
11717,-0.179515,-0.239354,-0.239354
11718,-0.179515,-0.239354,-0.239354
11719,-0.179515,-0.239354,-0.239354
11720,-0.179515,-0.239354,-0.239354
11721,-0.179515,-0.239354,-0.239354
11722,-0.149596,-0.209434,-0.209434
11723,-0.149596,-0.209434,-0.179515
11724,-0.179515,-0.209434,-0.209434
11725,-0.179515,-0.209434,-0.209434
11726,-0.179515,-0.239354,-0.239354
11727,-0.209434,-0.269273,-0.239354
11728,-0.209434,-0.269273,-0.239354
11729,-0.209434,-0.269273,-0.239354
11730,-0.209434,-0.239354,-0.239354
11731,-0.209434,-0.269273,-0.239354
11732,-0.209434,-0.269273,-0.239354
11733,-0.209434,-0.239354,-0.239354
11734,-0.209434,-0.239354,-0.239354
11735,-0.209434,-0.239354,-0.239354
11736,-0.209434,-0.239354,-0.239354
11737,-0.209434,-0.239354,-0.239354
11738,-0.239354,-0.269273,-0.269273
11739,-0.239354,-0.269273,-0.269273
11740,-0.209434,-0.269273,-0.269273
11741,-0.209434,-0.269273,-0.269273
11742,-0.179515,-0.239354,-0.239354
11743,-0.179515,-0.239354,-0.239354
11744,-0.179515,-0.209434,-0.209434
11745,-0.179515,-0.239354,-0.209434
11746,-0.179515,-0.239354,-0.209434
11747,-0.179515,-0.209434,-0.209434
11748,-0.179515,-0.209434,-0.209434
11749,-0.179515,-0.239354,-0.239354
11750,-0.179515,-0.239354,-0.239354
11751,-0.179515,-0.239354,-0.239354
11752,-0.179515,-0.239354,-0.239354
11753,-0.179515,-0.239354,-0.239354
11754,-0.149596,-0.209434,-0.209434
11755,-0.149596,-0.209434,-0.179515
11756,-0.149596,-0.209434,-0.209434
11757,-0.179515,-0.209434,-0.209434
11758,-0.209434,-0.239354,-0.239354
11759,-0.209434,-0.239354,-0.269273
11760,-0.209434,-0.269273,-0.239354
11761,-0.209434,-0.239354,-0.239354
11762,-0.209434,-0.239354,-0.239354
11763,-0.209434,-0.269273,-0.239354
11764,-0.209434,-0.269273,-0.239354
11765,-0.209434,-0.239354,-0.239354
11766,-0.209434,-0.239354,-0.239354
11767,-0.209434,-0.239354,-0.239354
11768,-0.209434,-0.239354,-0.239354
11769,-0.209434,-0.269273,-0.239354
11770,-0.239354,-0.269273,-0.269273
11771,-0.239354,-0.269273,-0.269273
11772,-0.209434,-0.269273,-0.269273
11773,-0.209434,-0.269273,-0.239354
11774,-0.179515,-0.239354,-0.239354
11775,-0.179515,-0.239354,-0.239354
11776,-0.179515,-0.239354,-0.209434
11777,-0.179515,-0.209434,-0.209434
11778,-0.179515,-0.239354,-0.239354
11779,-0.179515,-0.239354,-0.209434
11780,-0.179515,-0.209434,-0.209434
11781,-0.179515,-0.239354,-0.209434
11782,-0.179515,-0.239354,-0.239354
11783,-0.179515,-0.239354,-0.239354
11784,-0.179515,-0.239354,-0.239354
11785,-0.179515,-0.239354,-0.209434
11786,-0.149596,-0.209434,-0.179515
11787,-0.149596,-0.209434,-0.179515
11788,-0.179515,-0.209434,-0.209434
11789,-0.179515,-0.209434,-0.209434
11790,-0.209434,-0.239354,-0.239354
11791,-0.209434,-0.269273,-0.239354
11792,-0.209434,-0.239354,-0.239354
11793,-0.209434,-0.239354,-0.239354
11794,-0.209434,-0.239354,-0.239354
11795,-0.209434,-0.239354,-0.239354
11796,-0.209434,-0.239354,-0.239354
11797,-0.209434,-0.239354,-0.239354
11798,-0.209434,-0.239354,-0.239354
11799,-0.209434,-0.239354,-0.239354
11800,-0.209434,-0.239354,-0.239354
11801,-0.209434,-0.239354,-0.239354
11802,-0.239354,-0.269273,-0.269273
11803,-0.239354,-0.269273,-0.269273
11804,-0.209434,-0.269273,-0.269273
11805,-0.209434,-0.269273,-0.239354
11806,-0.179515,-0.239354,-0.239354
11807,-0.179515,-0.239354,-0.209434
11808,-0.179515,-0.209434,-0.209434
11809,-0.179515,-0.209434,-0.209434
11810,-0.179515,-0.239354,-0.209434
11811,-0.179515,-0.209434,-0.209434
11812,-0.179515,-0.239354,-0.209434
11813,-0.179515,-0.239354,-0.209434
11814,-0.179515,-0.239354,-0.239354
11815,-0.179515,-0.239354,-0.239354
11816,-0.179515,-0.239354,-0.239354
11817,-0.179515,-0.239354,-0.209434
11818,-0.149596,-0.209434,-0.179515
11819,-0.149596,-0.209434,-0.209434
11820,-0.149596,-0.209434,-0.209434
11821,-0.179515,-0.239354,-0.209434
11822,-0.209434,-0.239354,-0.239354
11823,-0.209434,-0.239354,-0.239354
11824,-0.209434,-0.239354,-0.239354
11825,-0.209434,-0.239354,-0.239354
11826,-0.209434,-0.239354,-0.239354
11827,-0.209434,-0.239354,-0.239354
11828,-0.209434,-0.269273,-0.239354
11829,-0.209434,-0.239354,-0.239354
11830,-0.209434,-0.239354,-0.239354
11831,-0.209434,-0.239354,-0.239354
11832,-0.209434,-0.239354,-0.239354
11833,-0.209434,-0.239354,-0.239354
11834,-0.239354,-0.269273,-0.269273
11835,-0.239354,-0.269273,-0.269273
11836,-0.209434,-0.269273,-0.269273
11837,-0.209434,-0.239354,-0.239354
11838,-0.179515,-0.239354,-0.239354
11839,-0.179515,-0.209434,-0.209434
11840,-0.179515,-0.209434,-0.239354
11841,-0.179515,-0.209434,-0.209434
11842,-0.179515,-0.239354,-0.209434
11843,-0.179515,-0.239354,-0.209434
11844,-0.179515,-0.239354,-0.209434
11845,-0.179515,-0.239354,-0.209434
11846,-0.179515,-0.239354,-0.239354
11847,-0.179515,-0.239354,-0.239354
11848,-0.179515,-0.239354,-0.239354
11849,-0.179515,-0.239354,-0.239354
11850,-0.149596,-0.209434,-0.179515
11851,-0.149596,-0.209434,-0.179515
11852,-0.149596,-0.209434,-0.209434
11853,-0.179515,-0.239354,-0.209434
11854,-0.209434,-0.239354,-0.239354
11855,-0.209434,-0.239354,-0.239354
11856,-0.209434,-0.239354,-0.239354
11857,-0.209434,-0.269273,-0.239354
11858,-0.209434,-0.239354,-0.239354
11859,-0.209434,-0.269273,-0.239354
11860,-0.209434,-0.239354,-0.239354
11861,-0.209434,-0.239354,-0.239354
11862,-0.209434,-0.239354,-0.239354
11863,-0.209434,-0.239354,-0.239354
11864,-0.179515,-0.239354,-0.239354
11865,-0.209434,-0.269273,-0.239354
11866,-0.239354,-0.269273,-0.269273
11867,-0.239354,-0.269273,-0.269273
11868,-0.209434,-0.269273,-0.269273
11869,-0.209434,-0.269273,-0.239354
11870,-0.179515,-0.239354,-0.239354
11871,-0.179515,-0.239354,-0.209434
11872,-0.179515,-0.209434,-0.209434
11873,-0.179515,-0.209434,-0.209434
11874,-0.179515,-0.239354,-0.209434
11875,-0.179515,-0.209434,-0.209434
11876,-0.179515,-0.239354,-0.209434
11877,-0.179515,-0.239354,-0.239354
11878,-0.179515,-0.239354,-0.239354
11879,-0.179515,-0.239354,-0.239354
11880,-0.179515,-0.239354,-0.239354
11881,-0.179515,-0.239354,-0.209434
11882,-0.149596,-0.209434,-0.179515
11883,-0.149596,-0.209434,-0.209434
11884,-0.179515,-0.209434,-0.209434
11885,-0.179515,-0.239354,-0.209434
11886,-0.209434,-0.239354,-0.239354
11887,-0.209434,-0.239354,-0.239354
11888,-0.209434,-0.239354,-0.239354
11889,-0.209434,-0.269273,-0.239354
11890,-0.209434,-0.239354,-0.239354
11891,-0.209434,-0.239354,-0.239354
11892,-0.209434,-0.239354,-0.239354
11893,-0.209434,-0.239354,-0.239354
11894,-0.209434,-0.239354,-0.239354
11895,-0.209434,-0.239354,-0.239354
11896,-0.209434,-0.239354,-0.239354
11897,-0.209434,-0.239354,-0.239354
11898,-0.239354,-0.269273,-0.269273
11899,-0.239354,-0.269273,-0.269273
11900,-0.239354,-0.269273,-0.269273
11901,-0.209434,-0.239354,-0.269273
11902,-0.179515,-0.239354,-0.239354
11903,-0.179515,-0.239354,-0.209434
11904,-0.179515,-0.239354,-0.209434
11905,-0.179515,-0.209434,-0.209434
11906,-0.179515,-0.239354,-0.209434
11907,-0.179515,-0.209434,-0.209434
11908,-0.179515,-0.209434,-0.239354
11909,-0.179515,-0.239354,-0.239354
11910,-0.179515,-0.239354,-0.239354
11911,-0.179515,-0.239354,-0.239354
11912,-0.179515,-0.239354,-0.239354
11913,-0.179515,-0.239354,-0.209434
11914,-0.149596,-0.209434,-0.179515
11915,-0.149596,-0.209434,-0.179515
11916,-0.179515,-0.209434,-0.209434
11917,-0.179515,-0.209434,-0.209434
11918,-0.209434,-0.239354,-0.239354
11919,-0.209434,-0.239354,-0.239354
11920,-0.209434,-0.239354,-0.239354
11921,-0.209434,-0.269273,-0.269273
11922,-0.209434,-0.239354,-0.239354
11923,-0.209434,-0.239354,-0.239354
11924,-0.209434,-0.269273,-0.239354
11925,-0.209434,-0.239354,-0.239354
11926,-0.209434,-0.239354,-0.239354
11927,-0.209434,-0.239354,-0.239354
11928,-0.209434,-0.239354,-0.239354
11929,-0.209434,-0.239354,-0.239354
11930,-0.239354,-0.269273,-0.269273
11931,-0.239354,-0.269273,-0.269273
11932,-0.209434,-0.269273,-0.269273
11933,-0.209434,-0.239354,-0.239354
11934,-0.179515,-0.239354,-0.239354
11935,-0.179515,-0.239354,-0.239354
11936,-0.179515,-0.239354,-0.209434
11937,-0.179515,-0.209434,-0.209434
11938,-0.179515,-0.209434,-0.239354
11939,-0.179515,-0.239354,-0.209434
11940,-0.179515,-0.239354,-0.209434
11941,-0.179515,-0.239354,-0.239354
11942,-0.179515,-0.239354,-0.239354
11943,-0.179515,-0.239354,-0.239354
11944,-0.179515,-0.239354,-0.239354
11945,-0.179515,-0.239354,-0.209434
11946,-0.149596,-0.179515,-0.179515
11947,-0.149596,-0.209434,-0.179515
11948,-0.149596,-0.209434,-0.209434
11949,-0.179515,-0.209434,-0.209434
11950,-0.209434,-0.239354,-0.239354
11951,-0.209434,-0.269273,-0.239354
11952,-0.209434,-0.269273,-0.239354
11953,-0.209434,-0.239354,-0.269273
11954,-0.209434,-0.239354,-0.239354
11955,-0.209434,-0.269273,-0.239354
11956,-0.209434,-0.269273,-0.239354
11957,-0.209434,-0.239354,-0.239354
11958,-0.209434,-0.239354,-0.239354
11959,-0.209434,-0.239354,-0.239354
11960,-0.209434,-0.239354,-0.239354
11961,-0.209434,-0.269273,-0.239354
11962,-0.239354,-0.269273,-0.269273
11963,-0.239354,-0.269273,-0.269273
11964,-0.209434,-0.269273,-0.269273
11965,-0.209434,-0.239354,-0.239354
11966,-0.179515,-0.239354,-0.239354
11967,-0.179515,-0.239354,-0.209434
11968,-0.179515,-0.239354,-0.209434
11969,-0.179515,-0.239354,-0.209434
11970,-0.179515,-0.239354,-0.209434
11971,-0.179515,-0.239354,-0.209434
11972,-0.179515,-0.239354,-0.209434
11973,-0.179515,-0.239354,-0.239354
11974,-0.179515,-0.239354,-0.239354
11975,-0.179515,-0.239354,-0.239354
11976,-0.179515,-0.239354,-0.239354
11977,-0.179515,-0.239354,-0.209434
11978,-0.149596,-0.209434,-0.179515
11979,-0.149596,-0.209434,-0.209434
11980,-0.179515,-0.209434,-0.209434
11981,-0.179515,-0.239354,-0.209434
11982,-0.209434,-0.239354,-0.239354
11983,-0.209434,-0.269273,-0.239354
11984,-0.209434,-0.239354,-0.239354
11985,-0.209434,-0.239354,-0.239354
11986,-0.209434,-0.269273,-0.239354
11987,-0.209434,-0.269273,-0.239354
11988,-0.209434,-0.269273,-0.239354
11989,-0.209434,-0.239354,-0.239354
11990,-0.209434,-0.239354,-0.239354
11991,-0.209434,-0.239354,-0.239354
11992,-0.179515,-0.239354,-0.239354
11993,-0.209434,-0.269273,-0.239354
11994,-0.239354,-0.269273,-0.269273
11995,-0.239354,-0.269273,-0.269273
11996,-0.209434,-0.269273,-0.269273
11997,-0.209434,-0.239354,-0.239354
11998,-0.179515,-0.239354,-0.239354
11999,-0.179515,-0.209434,-0.209434
12000,-0.179515,-0.239354,-0.209434
12001,-0.179515,-0.239354,-0.209434
12002,-0.179515,-0.209434,-0.209434
12003,-0.179515,-0.239354,-0.209434
12004,-0.179515,-0.239354,-0.209434
12005,-0.179515,-0.239354,-0.209434
12006,-0.179515,-0.239354,-0.239354
12007,-0.179515,-0.239354,-0.239354
12008,-0.209434,-0.239354,-0.239354
12009,-0.179515,-0.239354,-0.239354
12010,-0.179515,-0.209434,-0.209434
12011,-0.179515,-0.209434,-0.209434
12012,-0.179515,-0.239354,-0.239354
12013,-0.179515,-0.239354,-0.239354
12014,-0.209434,-0.269273,-0.269273
12015,-0.239354,-0.269273,-0.269273
12016,-0.209434,-0.269273,-0.269273
12017,-0.209434,-0.269273,-0.269273
12018,-0.209434,-0.269273,-0.269273
12019,-0.239354,-0.269273,-0.269273
12020,-0.239354,-0.269273,-0.269273
12021,-0.209434,-0.239354,-0.239354
12022,-0.179515,-0.239354,-0.239354
12023,-0.209434,-0.239354,-0.239354
12024,-0.179515,-0.239354,-0.239354
12025,-0.209434,-0.239354,-0.239354
12026,-0.209434,-0.269273,-0.269273
12027,-0.209434,-0.269273,-0.239354
12028,-0.209434,-0.239354,-0.239354
12029,-0.209434,-0.239354,-0.239354
12030,-0.179515,-0.209434,-0.209434
12031,-0.179515,-0.209434,-0.209434
12032,-0.149596,-0.209434,-0.209434
12033,-0.149596,-0.209434,-0.209434
12034,-0.179515,-0.239354,-0.209434
12035,-0.179515,-0.239354,-0.239354
12036,-0.179515,-0.239354,-0.209434
12037,-0.179515,-0.239354,-0.209434
12038,-0.179515,-0.239354,-0.239354
12039,-0.209434,-0.239354,-0.239354
12040,-0.209434,-0.239354,-0.239354
12041,-0.179515,-0.239354,-0.209434
12042,-0.149596,-0.209434,-0.209434
12043,-0.179515,-0.209434,-0.209434
12044,-0.179515,-0.239354,-0.209434
12045,-0.179515,-0.239354,-0.239354
12046,-0.209434,-0.239354,-0.239354
12047,-0.209434,-0.269273,-0.239354
12048,-0.209434,-0.269273,-0.269273
12049,-0.209434,-0.269273,-0.269273
12050,-0.209434,-0.269273,-0.239354
12051,-0.209434,-0.269273,-0.269273
12052,-0.209434,-0.239354,-0.269273
12053,-0.209434,-0.239354,-0.239354
12054,-0.209434,-0.239354,-0.239354
12055,-0.209434,-0.239354,-0.239354
12056,-0.209434,-0.239354,-0.239354
12057,-0.209434,-0.269273,-0.269273
12058,-0.239354,-0.269273,-0.269273
12059,-0.239354,-0.269273,-0.269273
12060,-0.239354,-0.269273,-0.269273
12061,-0.209434,-0.269273,-0.239354
12062,-0.209434,-0.239354,-0.239354
12063,-0.179515,-0.239354,-0.239354
12064,-0.179515,-0.239354,-0.239354
12065,-0.179515,-0.239354,-0.239354
12066,-0.179515,-0.239354,-0.239354
12067,-0.179515,-0.239354,-0.239354
12068,-0.179515,-0.239354,-0.239354
12069,-0.179515,-0.239354,-0.239354
12070,-0.179515,-0.239354,-0.239354
12071,-0.179515,-0.239354,-0.239354
12072,-0.209434,-0.239354,-0.239354
12073,-0.179515,-0.239354,-0.239354
12074,-0.149596,-0.209434,-0.209434
12075,-0.149596,-0.209434,-0.209434
12076,-0.179515,-0.209434,-0.209434
12077,-0.179515,-0.239354,-0.239354
12078,-0.209434,-0.269273,-0.269273
12079,-0.209434,-0.269273,-0.269273
12080,-0.209434,-0.269273,-0.239354
12081,-0.209434,-0.269273,-0.269273
12082,-0.209434,-0.269273,-0.269273
12083,-0.209434,-0.269273,-0.269273
12084,-0.209434,-0.239354,-0.239354
12085,-0.209434,-0.239354,-0.239354
12086,-0.209434,-0.239354,-0.239354
12087,-0.209434,-0.239354,-0.239354
12088,-0.209434,-0.239354,-0.239354
12089,-0.209434,-0.269273,-0.269273
12090,-0.239354,-0.269273,-0.269273
12091,-0.239354,-0.269273,-0.269273
12092,-0.239354,-0.269273,-0.269273
12093,-0.209434,-0.269273,-0.239354
12094,-0.179515,-0.239354,-0.239354
12095,-0.179515,-0.239354,-0.239354
12096,-0.179515,-0.239354,-0.209434
12097,-0.179515,-0.239354,-0.239354
12098,-0.179515,-0.239354,-0.239354
12099,-0.179515,-0.239354,-0.209434
12100,-0.179515,-0.239354,-0.209434
12101,-0.179515,-0.239354,-0.239354
12102,-0.179515,-0.239354,-0.239354
12103,-0.209434,-0.239354,-0.239354
12104,-0.209434,-0.239354,-0.239354
12105,-0.179515,-0.209434,-0.209434
12106,-0.149596,-0.179515,-0.209434
12107,-0.149596,-0.209434,-0.209434
12108,-0.179515,-0.209434,-0.209434
12109,-0.179515,-0.239354,-0.239354
12110,-0.209434,-0.239354,-0.239354
12111,-0.209434,-0.269273,-0.269273
12112,-0.209434,-0.269273,-0.239354
12113,-0.209434,-0.269273,-0.269273
12114,-0.209434,-0.269273,-0.269273
12115,-0.209434,-0.269273,-0.269273
12116,-0.209434,-0.269273,-0.239354
12117,-0.209434,-0.239354,-0.239354
12118,-0.209434,-0.239354,-0.239354
12119,-0.209434,-0.239354,-0.239354
12120,-0.209434,-0.239354,-0.239354
12121,-0.209434,-0.269273,-0.269273
12122,-0.239354,-0.269273,-0.269273
12123,-0.239354,-0.269273,-0.269273
12124,-0.209434,-0.269273,-0.269273
12125,-0.209434,-0.269273,-0.239354
12126,-0.179515,-0.239354,-0.239354
12127,-0.179515,-0.239354,-0.209434
12128,-0.179515,-0.209434,-0.209434
12129,-0.179515,-0.239354,-0.239354
12130,-0.179515,-0.239354,-0.239354
12131,-0.179515,-0.239354,-0.239354
12132,-0.179515,-0.239354,-0.209434
12133,-0.179515,-0.239354,-0.239354
12134,-0.179515,-0.239354,-0.239354
12135,-0.179515,-0.239354,-0.239354
12136,-0.209434,-0.239354,-0.239354
12137,-0.179515,-0.209434,-0.209434
12138,-0.149596,-0.209434,-0.179515
12139,-0.149596,-0.209434,-0.209434
12140,-0.179515,-0.209434,-0.209434
12141,-0.179515,-0.239354,-0.239354
12142,-0.209434,-0.239354,-0.239354
12143,-0.209434,-0.269273,-0.239354
12144,-0.209434,-0.269273,-0.239354
12145,-0.209434,-0.269273,-0.239354
12146,-0.209434,-0.269273,-0.239354
12147,-0.209434,-0.269273,-0.269273
12148,-0.209434,-0.269273,-0.239354
12149,-0.209434,-0.239354,-0.239354
12150,-0.209434,-0.239354,-0.239354
12151,-0.209434,-0.239354,-0.239354
12152,-0.209434,-0.239354,-0.239354
12153,-0.209434,-0.269273,-0.269273
12154,-0.239354,-0.299192,-0.269273
12155,-0.239354,-0.299192,-0.269273
12156,-0.209434,-0.269273,-0.269273
12157,-0.209434,-0.269273,-0.239354
12158,-0.179515,-0.239354,-0.239354
12159,-0.179515,-0.239354,-0.209434
12160,-0.179515,-0.239354,-0.239354
12161,-0.179515,-0.239354,-0.239354
12162,-0.179515,-0.239354,-0.209434
12163,-0.179515,-0.239354,-0.209434
12164,-0.179515,-0.239354,-0.209434
12165,-0.179515,-0.239354,-0.239354
12166,-0.209434,-0.239354,-0.239354
12167,-0.179515,-0.239354,-0.239354
12168,-0.209434,-0.239354,-0.239354
12169,-0.179515,-0.209434,-0.209434
12170,-0.149596,-0.209434,-0.179515
12171,-0.149596,-0.209434,-0.209434
12172,-0.179515,-0.209434,-0.209434
12173,-0.179515,-0.239354,-0.239354
12174,-0.209434,-0.239354,-0.239354
12175,-0.209434,-0.269273,-0.239354
12176,-0.209434,-0.269273,-0.239354
12177,-0.209434,-0.269273,-0.239354
12178,-0.209434,-0.269273,-0.239354
12179,-0.209434,-0.269273,-0.239354
12180,-0.209434,-0.239354,-0.239354
12181,-0.209434,-0.239354,-0.239354
12182,-0.209434,-0.239354,-0.239354
12183,-0.209434,-0.239354,-0.239354
12184,-0.209434,-0.239354,-0.239354
12185,-0.209434,-0.269273,-0.269273
12186,-0.239354,-0.269273,-0.269273
12187,-0.239354,-0.269273,-0.269273
12188,-0.209434,-0.269273,-0.269273
12189,-0.209434,-0.269273,-0.239354
12190,-0.179515,-0.239354,-0.239354
12191,-0.179515,-0.239354,-0.209434
12192,-0.179515,-0.209434,-0.209434
12193,-0.179515,-0.209434,-0.209434
12194,-0.179515,-0.239354,-0.239354
12195,-0.179515,-0.239354,-0.209434
12196,-0.179515,-0.239354,-0.239354
12197,-0.179515,-0.239354,-0.239354
12198,-0.179515,-0.239354,-0.239354
12199,-0.179515,-0.239354,-0.239354
12200,-0.179515,-0.239354,-0.209434
12201,-0.179515,-0.209434,-0.209434
12202,-0.149596,-0.179515,-0.179515
12203,-0.149596,-0.209434,-0.179515
12204,-0.149596,-0.209434,-0.209434
12205,-0.179515,-0.239354,-0.209434
12206,-0.209434,-0.239354,-0.239354
12207,-0.209434,-0.239354,-0.239354
12208,-0.209434,-0.239354,-0.239354
12209,-0.209434,-0.239354,-0.239354
12210,-0.209434,-0.239354,-0.239354
12211,-0.209434,-0.239354,-0.239354
12212,-0.209434,-0.239354,-0.239354
12213,-0.209434,-0.239354,-0.239354
12214,-0.209434,-0.239354,-0.239354
12215,-0.179515,-0.239354,-0.239354
12216,-0.209434,-0.239354,-0.239354
12217,-0.209434,-0.269273,-0.269273
12218,-0.239354,-0.269273,-0.269273
12219,-0.209434,-0.269273,-0.269273
12220,-0.209434,-0.269273,-0.269273
12221,-0.209434,-0.239354,-0.239354
12222,-0.179515,-0.239354,-0.239354
12223,-0.179515,-0.239354,-0.209434
12224,-0.179515,-0.209434,-0.209434
12225,-0.179515,-0.209434,-0.209434
12226,-0.179515,-0.209434,-0.209434
12227,-0.179515,-0.209434,-0.209434
12228,-0.179515,-0.209434,-0.209434
12229,-0.179515,-0.239354,-0.209434
12230,-0.179515,-0.239354,-0.209434
12231,-0.179515,-0.239354,-0.239354
12232,-0.179515,-0.239354,-0.239354
12233,-0.179515,-0.209434,-0.209434
12234,-0.149596,-0.179515,-0.179515
12235,-0.149596,-0.209434,-0.179515
12236,-0.179515,-0.209434,-0.209434
12237,-0.179515,-0.239354,-0.209434
12238,-0.209434,-0.239354,-0.239354
12239,-0.209434,-0.239354,-0.239354
12240,-0.209434,-0.239354,-0.239354
12241,-0.209434,-0.239354,-0.239354
12242,-0.209434,-0.239354,-0.239354
12243,-0.209434,-0.239354,-0.239354
12244,-0.209434,-0.239354,-0.239354
12245,-0.209434,-0.239354,-0.239354
12246,-0.209434,-0.239354,-0.239354
12247,-0.209434,-0.239354,-0.239354
12248,-0.209434,-0.239354,-0.239354
12249,-0.209434,-0.269273,-0.239354
12250,-0.239354,-0.269273,-0.269273
12251,-0.239354,-0.269273,-0.269273
12252,-0.209434,-0.269273,-0.269273
12253,-0.209434,-0.239354,-0.239354
12254,-0.179515,-0.239354,-0.209434
12255,-0.179515,-0.209434,-0.209434
12256,-0.179515,-0.209434,-0.209434
12257,-0.179515,-0.209434,-0.209434
12258,-0.179515,-0.209434,-0.209434
12259,-0.179515,-0.209434,-0.209434
12260,-0.179515,-0.209434,-0.209434
12261,-0.179515,-0.239354,-0.209434
12262,-0.179515,-0.239354,-0.239354
12263,-0.179515,-0.239354,-0.239354
12264,-0.179515,-0.239354,-0.239354
12265,-0.179515,-0.209434,-0.209434
12266,-0.149596,-0.179515,-0.179515
12267,-0.149596,-0.209434,-0.209434
12268,-0.179515,-0.209434,-0.209434
12269,-0.179515,-0.239354,-0.209434
12270,-0.209434,-0.239354,-0.239354
12271,-0.209434,-0.239354,-0.239354
12272,-0.209434,-0.269273,-0.239354
12273,-0.209434,-0.239354,-0.239354
12274,-0.209434,-0.239354,-0.239354
12275,-0.209434,-0.239354,-0.239354
12276,-0.209434,-0.239354,-0.239354
12277,-0.209434,-0.239354,-0.239354
12278,-0.209434,-0.239354,-0.239354
12279,-0.179515,-0.239354,-0.239354
12280,-0.209434,-0.239354,-0.239354
12281,-0.209434,-0.269273,-0.269273
12282,-0.239354,-0.299192,-0.269273
12283,-0.239354,-0.269273,-0.269273
12284,-0.209434,-0.269273,-0.269273
12285,-0.209434,-0.239354,-0.239354
12286,-0.179515,-0.239354,-0.239354
12287,-0.179515,-0.209434,-0.209434
12288,-0.179515,-0.209434,-0.209434
12289,-0.179515,-0.209434,-0.209434
12290,-0.179515,-0.209434,-0.209434
12291,-0.179515,-0.239354,-0.209434
12292,-0.179515,-0.239354,-0.209434
12293,-0.179515,-0.239354,-0.209434
12294,-0.179515,-0.239354,-0.239354
12295,-0.179515,-0.239354,-0.239354
12296,-0.179515,-0.239354,-0.239354
12297,-0.179515,-0.209434,-0.209434
12298,-0.149596,-0.179515,-0.179515
12299,-0.149596,-0.209434,-0.209434
12300,-0.179515,-0.209434,-0.209434
12301,-0.179515,-0.209434,-0.239354
12302,-0.209434,-0.239354,-0.239354
12303,-0.209434,-0.239354,-0.239354
12304,-0.209434,-0.239354,-0.239354
12305,-0.209434,-0.239354,-0.239354
12306,-0.209434,-0.239354,-0.239354
12307,-0.209434,-0.269273,-0.239354
12308,-0.209434,-0.239354,-0.239354
12309,-0.209434,-0.239354,-0.239354
12310,-0.209434,-0.239354,-0.239354
12311,-0.209434,-0.239354,-0.239354
12312,-0.209434,-0.239354,-0.239354
12313,-0.209434,-0.269273,-0.269273
12314,-0.239354,-0.269273,-0.269273
12315,-0.239354,-0.269273,-0.269273
12316,-0.209434,-0.269273,-0.269273
12317,-0.209434,-0.239354,-0.239354
12318,-0.179515,-0.239354,-0.239354
12319,-0.179515,-0.209434,-0.209434
12320,-0.179515,-0.209434,-0.209434
12321,-0.179515,-0.209434,-0.209434
12322,-0.179515,-0.239354,-0.209434
12323,-0.179515,-0.209434,-0.209434
12324,-0.179515,-0.209434,-0.209434
12325,-0.179515,-0.239354,-0.239354
12326,-0.179515,-0.239354,-0.239354
12327,-0.179515,-0.239354,-0.239354
12328,-0.179515,-0.239354,-0.239354
12329,-0.179515,-0.209434,-0.209434
12330,-0.149596,-0.179515,-0.179515
12331,-0.149596,-0.209434,-0.179515
12332,-0.179515,-0.209434,-0.209434
12333,-0.179515,-0.239354,-0.239354
12334,-0.209434,-0.239354,-0.239354
12335,-0.209434,-0.239354,-0.239354
12336,-0.209434,-0.239354,-0.239354
12337,-0.209434,-0.239354,-0.239354
12338,-0.209434,-0.239354,-0.239354
12339,-0.209434,-0.239354,-0.239354
12340,-0.209434,-0.239354,-0.239354
12341,-0.209434,-0.239354,-0.239354
12342,-0.209434,-0.239354,-0.239354
12343,-0.209434,-0.239354,-0.239354
12344,-0.209434,-0.239354,-0.239354
12345,-0.209434,-0.269273,-0.269273
12346,-0.239354,-0.269273,-0.269273
12347,-0.239354,-0.269273,-0.269273
12348,-0.209434,-0.269273,-0.269273
12349,-0.209434,-0.239354,-0.239354
12350,-0.179515,-0.239354,-0.209434
12351,-0.179515,-0.209434,-0.209434
12352,-0.179515,-0.209434,-0.209434
12353,-0.179515,-0.209434,-0.209434
12354,-0.179515,-0.209434,-0.209434
12355,-0.179515,-0.209434,-0.209434
12356,-0.179515,-0.239354,-0.209434
12357,-0.179515,-0.239354,-0.209434
12358,-0.179515,-0.239354,-0.209434
12359,-0.179515,-0.239354,-0.239354
12360,-0.179515,-0.239354,-0.239354
12361,-0.149596,-0.209434,-0.209434
12362,-0.149596,-0.179515,-0.179515
12363,-0.149596,-0.209434,-0.209434
12364,-0.179515,-0.209434,-0.209434
12365,-0.179515,-0.239354,-0.209434
12366,-0.209434,-0.239354,-0.239354
12367,-0.209434,-0.239354,-0.239354
12368,-0.209434,-0.239354,-0.239354
12369,-0.209434,-0.239354,-0.239354
12370,-0.209434,-0.239354,-0.239354
12371,-0.209434,-0.239354,-0.239354
12372,-0.209434,-0.239354,-0.239354
12373,-0.209434,-0.239354,-0.239354
12374,-0.179515,-0.239354,-0.239354
12375,-0.209434,-0.239354,-0.239354
12376,-0.179515,-0.239354,-0.239354
12377,-0.209434,-0.269273,-0.269273
12378,-0.239354,-0.269273,-0.269273
12379,-0.239354,-0.269273,-0.269273
12380,-0.209434,-0.269273,-0.269273
12381,-0.209434,-0.239354,-0.239354
12382,-0.179515,-0.209434,-0.209434
12383,-0.179515,-0.239354,-0.209434
12384,-0.179515,-0.209434,-0.209434
12385,-0.179515,-0.209434,-0.209434
12386,-0.179515,-0.209434,-0.209434
12387,-0.179515,-0.209434,-0.209434
12388,-0.179515,-0.209434,-0.209434
12389,-0.179515,-0.239354,-0.209434
12390,-0.179515,-0.239354,-0.209434
12391,-0.179515,-0.239354,-0.209434
12392,-0.179515,-0.239354,-0.239354
12393,-0.149596,-0.209434,-0.209434
12394,-0.149596,-0.179515,-0.179515
12395,-0.149596,-0.209434,-0.179515
12396,-0.179515,-0.209434,-0.209434
12397,-0.179515,-0.239354,-0.209434
12398,-0.209434,-0.239354,-0.239354
12399,-0.209434,-0.239354,-0.239354
12400,-0.209434,-0.239354,-0.239354
12401,-0.209434,-0.239354,-0.239354
12402,-0.209434,-0.239354,-0.239354
12403,-0.209434,-0.239354,-0.239354
12404,-0.209434,-0.239354,-0.239354
12405,-0.209434,-0.239354,-0.239354
12406,-0.209434,-0.239354,-0.239354
12407,-0.209434,-0.239354,-0.239354
12408,-0.179515,-0.239354,-0.239354
12409,-0.209434,-0.269273,-0.269273
12410,-0.239354,-0.269273,-0.269273
12411,-0.209434,-0.269273,-0.269273
12412,-0.209434,-0.269273,-0.269273
12413,-0.209434,-0.239354,-0.239354
12414,-0.179515,-0.239354,-0.239354
12415,-0.179515,-0.209434,-0.209434
12416,-0.179515,-0.209434,-0.209434
12417,-0.179515,-0.209434,-0.209434
12418,-0.179515,-0.209434,-0.209434
12419,-0.179515,-0.209434,-0.209434
12420,-0.179515,-0.209434,-0.209434
12421,-0.179515,-0.239354,-0.209434
12422,-0.179515,-0.239354,-0.209434
12423,-0.179515,-0.239354,-0.209434
12424,-0.179515,-0.239354,-0.209434
12425,-0.179515,-0.209434,-0.209434
12426,-0.149596,-0.179515,-0.179515
12427,-0.149596,-0.209434,-0.209434
12428,-0.179515,-0.209434,-0.209434
12429,-0.179515,-0.239354,-0.239354
12430,-0.209434,-0.239354,-0.239354
12431,-0.209434,-0.239354,-0.239354
12432,-0.209434,-0.269273,-0.239354
12433,-0.209434,-0.239354,-0.239354
12434,-0.209434,-0.239354,-0.239354
12435,-0.209434,-0.239354,-0.239354
12436,-0.209434,-0.239354,-0.239354
12437,-0.209434,-0.239354,-0.239354
12438,-0.209434,-0.239354,-0.239354
12439,-0.209434,-0.239354,-0.239354
12440,-0.179515,-0.239354,-0.239354
12441,-0.209434,-0.269273,-0.269273
12442,-0.239354,-0.269273,-0.269273
12443,-0.239354,-0.269273,-0.269273
12444,-0.209434,-0.269273,-0.269273
12445,-0.209434,-0.239354,-0.239354
12446,-0.179515,-0.239354,-0.239354
12447,-0.179515,-0.209434,-0.209434
12448,-0.179515,-0.239354,-0.209434
12449,-0.179515,-0.239354,-0.209434
12450,-0.179515,-0.209434,-0.209434
12451,-0.179515,-0.209434,-0.209434
12452,-0.179515,-0.239354,-0.209434
12453,-0.179515,-0.239354,-0.239354
12454,-0.179515,-0.239354,-0.239354
12455,-0.179515,-0.239354,-0.239354
12456,-0.179515,-0.239354,-0.239354
12457,-0.179515,-0.209434,-0.209434
12458,-0.149596,-0.179515,-0.179515
12459,-0.149596,-0.209434,-0.209434
12460,-0.149596,-0.209434,-0.209434
12461,-0.179515,-0.239354,-0.239354
12462,-0.209434,-0.239354,-0.239354
12463,-0.209434,-0.239354,-0.239354
12464,-0.209434,-0.239354,-0.239354
12465,-0.209434,-0.239354,-0.239354
12466,-0.209434,-0.239354,-0.239354
12467,-0.209434,-0.239354,-0.239354
12468,-0.209434,-0.239354,-0.239354
12469,-0.209434,-0.239354,-0.239354
12470,-0.209434,-0.239354,-0.239354
12471,-0.209434,-0.239354,-0.239354
12472,-0.209434,-0.239354,-0.239354
12473,-0.209434,-0.269273,-0.269273
12474,-0.239354,-0.269273,-0.269273
12475,-0.239354,-0.269273,-0.269273
12476,-0.209434,-0.269273,-0.269273
12477,-0.209434,-0.239354,-0.239354
12478,-0.179515,-0.239354,-0.239354
12479,-0.179515,-0.239354,-0.209434
12480,-0.179515,-0.239354,-0.209434
12481,-0.179515,-0.239354,-0.209434
12482,-0.179515,-0.239354,-0.209434
12483,-0.179515,-0.209434,-0.209434
12484,-0.179515,-0.209434,-0.209434
12485,-0.179515,-0.239354,-0.239354
12486,-0.179515,-0.239354,-0.239354
12487,-0.179515,-0.239354,-0.239354
12488,-0.179515,-0.239354,-0.239354
12489,-0.179515,-0.209434,-0.209434
12490,-0.149596,-0.179515,-0.179515
12491,-0.149596,-0.209434,-0.209434
12492,-0.179515,-0.209434,-0.209434
12493,-0.179515,-0.239354,-0.239354
12494,-0.209434,-0.239354,-0.239354
12495,-0.209434,-0.239354,-0.239354
12496,-0.209434,-0.239354,-0.239354
12497,-0.209434,-0.239354,-0.239354
12498,-0.209434,-0.239354,-0.239354
12499,-0.209434,-0.239354,-0.239354
12500,-0.209434,-0.239354,-0.239354
12501,-0.209434,-0.239354,-0.239354
12502,-0.209434,-0.239354,-0.239354
12503,-0.209434,-0.239354,-0.239354
12504,-0.209434,-0.239354,-0.239354
12505,-0.209434,-0.269273,-0.269273
12506,-0.239354,-0.269273,-0.269273
12507,-0.239354,-0.269273,-0.269273
12508,-0.209434,-0.269273,-0.269273
12509,-0.209434,-0.239354,-0.239354
12510,-0.179515,-0.239354,-0.239354
12511,-0.179515,-0.209434,-0.209434
12512,-0.179515,-0.209434,-0.209434
12513,-0.179515,-0.209434,-0.209434
12514,-0.179515,-0.209434,-0.209434
12515,-0.179515,-0.209434,-0.209434
12516,-0.179515,-0.239354,-0.209434
12517,-0.179515,-0.239354,-0.239354
12518,-0.179515,-0.239354,-0.239354
12519,-0.179515,-0.239354,-0.239354
12520,-0.179515,-0.239354,-0.239354
12521,-0.179515,-0.209434,-0.209434
12522,-0.149596,-0.179515,-0.179515
12523,-0.149596,-0.209434,-0.209434
12524,-0.179515,-0.209434,-0.209434
12525,-0.179515,-0.239354,-0.239354
12526,-0.209434,-0.239354,-0.239354
12527,-0.209434,-0.239354,-0.239354
12528,-0.209434,-0.269273,-0.239354
12529,-0.209434,-0.239354,-0.239354
12530,-0.209434,-0.239354,-0.239354
12531,-0.209434,-0.269273,-0.239354
12532,-0.209434,-0.239354,-0.239354
12533,-0.209434,-0.239354,-0.239354
12534,-0.209434,-0.239354,-0.239354
12535,-0.209434,-0.239354,-0.239354
12536,-0.209434,-0.239354,-0.239354
12537,-0.209434,-0.269273,-0.269273
12538,-0.239354,-0.269273,-0.269273
12539,-0.209434,-0.269273,-0.269273
12540,-0.209434,-0.269273,-0.269273
12541,-0.209434,-0.239354,-0.239354
12542,-0.179515,-0.239354,-0.239354
12543,-0.179515,-0.239354,-0.209434
12544,-0.179515,-0.209434,-0.209434
12545,-0.179515,-0.209434,-0.209434
12546,-0.179515,-0.239354,-0.209434
12547,-0.179515,-0.239354,-0.209434
12548,-0.179515,-0.239354,-0.209434
12549,-0.179515,-0.239354,-0.209434
12550,-0.179515,-0.239354,-0.209434
12551,-0.179515,-0.239354,-0.239354
12552,-0.179515,-0.239354,-0.239354
12553,-0.149596,-0.209434,-0.209434
12554,-0.149596,-0.179515,-0.179515
12555,-0.149596,-0.209434,-0.209434
12556,-0.179515,-0.209434,-0.209434
12557,-0.179515,-0.239354,-0.239354
12558,-0.209434,-0.239354,-0.239354
12559,-0.209434,-0.239354,-0.239354
12560,-0.209434,-0.239354,-0.239354
12561,-0.209434,-0.239354,-0.239354
12562,-0.209434,-0.239354,-0.239354
12563,-0.209434,-0.239354,-0.239354
12564,-0.209434,-0.239354,-0.239354
12565,-0.209434,-0.239354,-0.239354
12566,-0.209434,-0.239354,-0.239354
12567,-0.209434,-0.239354,-0.239354
12568,-0.209434,-0.239354,-0.239354
12569,-0.209434,-0.269273,-0.269273
12570,-0.239354,-0.269273,-0.269273
12571,-0.209434,-0.269273,-0.269273
12572,-0.209434,-0.269273,-0.269273
12573,-0.209434,-0.239354,-0.239354
12574,-0.179515,-0.239354,-0.209434
12575,-0.179515,-0.239354,-0.209434
12576,-0.179515,-0.209434,-0.209434
12577,-0.179515,-0.209434,-0.209434
12578,-0.179515,-0.209434,-0.239354
12579,-0.179515,-0.209434,-0.209434
12580,-0.179515,-0.239354,-0.209434
12581,-0.179515,-0.239354,-0.239354
12582,-0.179515,-0.239354,-0.239354
12583,-0.179515,-0.239354,-0.239354
12584,-0.179515,-0.239354,-0.239354
12585,-0.179515,-0.209434,-0.209434
12586,-0.149596,-0.209434,-0.179515
12587,-0.149596,-0.209434,-0.209434
12588,-0.179515,-0.209434,-0.209434
12589,-0.179515,-0.239354,-0.239354
12590,-0.209434,-0.239354,-0.239354
12591,-0.209434,-0.239354,-0.239354
12592,-0.209434,-0.239354,-0.239354
12593,-0.209434,-0.239354,-0.239354
12594,-0.209434,-0.239354,-0.239354
12595,-0.209434,-0.239354,-0.239354
12596,-0.209434,-0.239354,-0.239354
12597,-0.209434,-0.239354,-0.239354
12598,-0.209434,-0.239354,-0.239354
12599,-0.209434,-0.239354,-0.239354
12600,-0.209434,-0.239354,-0.239354
12601,-0.209434,-0.269273,-0.269273
12602,-0.239354,-0.269273,-0.269273
12603,-0.239354,-0.269273,-0.269273
12604,-0.209434,-0.269273,-0.269273
12605,-0.209434,-0.239354,-0.239354
12606,-0.179515,-0.239354,-0.239354
12607,-0.179515,-0.209434,-0.209434
12608,-0.179515,-0.209434,-0.209434
12609,-0.179515,-0.239354,-0.209434
12610,-0.179515,-0.239354,-0.209434
12611,-0.179515,-0.209434,-0.209434
12612,-0.179515,-0.239354,-0.239354
12613,-0.179515,-0.239354,-0.239354
12614,-0.179515,-0.239354,-0.239354
12615,-0.179515,-0.239354,-0.239354
12616,-0.179515,-0.239354,-0.239354
12617,-0.179515,-0.209434,-0.209434
12618,-0.149596,-0.179515,-0.179515
12619,-0.149596,-0.209434,-0.209434
12620,-0.179515,-0.209434,-0.209434
12621,-0.179515,-0.239354,-0.239354
12622,-0.209434,-0.239354,-0.239354
12623,-0.209434,-0.239354,-0.239354
12624,-0.209434,-0.239354,-0.239354
12625,-0.209434,-0.239354,-0.239354
12626,-0.209434,-0.239354,-0.239354
12627,-0.209434,-0.239354,-0.239354
12628,-0.209434,-0.239354,-0.239354
12629,-0.209434,-0.239354,-0.239354
12630,-0.209434,-0.239354,-0.239354
12631,-0.209434,-0.239354,-0.239354
12632,-0.209434,-0.239354,-0.239354
12633,-0.239354,-0.269273,-0.269273
12634,-0.239354,-0.269273,-0.269273
12635,-0.209434,-0.269273,-0.269273
12636,-0.209434,-0.269273,-0.269273
12637,-0.209434,-0.239354,-0.239354
12638,-0.179515,-0.239354,-0.209434
12639,-0.179515,-0.239354,-0.239354
12640,-0.179515,-0.209434,-0.209434
12641,-0.179515,-0.209434,-0.209434
12642,-0.179515,-0.239354,-0.209434
12643,-0.179515,-0.209434,-0.209434
12644,-0.179515,-0.239354,-0.209434
12645,-0.179515,-0.239354,-0.239354
12646,-0.179515,-0.239354,-0.239354
12647,-0.179515,-0.239354,-0.239354
12648,-0.179515,-0.239354,-0.239354
12649,-0.179515,-0.209434,-0.209434
12650,-0.149596,-0.179515,-0.179515
12651,-0.149596,-0.209434,-0.209434
12652,-0.179515,-0.209434,-0.209434
12653,-0.179515,-0.239354,-0.239354
12654,-0.209434,-0.239354,-0.239354
12655,-0.209434,-0.239354,-0.269273
12656,-0.209434,-0.269273,-0.239354
12657,-0.209434,-0.269273,-0.239354
12658,-0.209434,-0.239354,-0.239354
12659,-0.209434,-0.239354,-0.269273
12660,-0.209434,-0.239354,-0.239354
12661,-0.209434,-0.239354,-0.239354
12662,-0.209434,-0.239354,-0.239354
12663,-0.209434,-0.239354,-0.239354
12664,-0.209434,-0.239354,-0.239354
12665,-0.239354,-0.269273,-0.269273
12666,-0.239354,-0.269273,-0.269273
12667,-0.239354,-0.269273,-0.269273
12668,-0.209434,-0.269273,-0.269273
12669,-0.209434,-0.239354,-0.239354
12670,-0.179515,-0.209434,-0.239354
12671,-0.179515,-0.239354,-0.209434
12672,-0.179515,-0.239354,-0.209434
12673,-0.179515,-0.239354,-0.209434
12674,-0.179515,-0.209434,-0.239354
12675,-0.179515,-0.209434,-0.209434
12676,-0.179515,-0.239354,-0.209434
12677,-0.179515,-0.239354,-0.239354
12678,-0.179515,-0.239354,-0.239354
12679,-0.179515,-0.239354,-0.239354
12680,-0.179515,-0.239354,-0.239354
12681,-0.149596,-0.209434,-0.209434
12682,-0.149596,-0.179515,-0.179515
12683,-0.149596,-0.209434,-0.209434
12684,-0.179515,-0.209434,-0.209434
12685,-0.209434,-0.239354,-0.239354
12686,-0.209434,-0.239354,-0.239354
12687,-0.209434,-0.239354,-0.239354
12688,-0.209434,-0.239354,-0.239354
12689,-0.209434,-0.239354,-0.239354
12690,-0.209434,-0.239354,-0.239354
12691,-0.209434,-0.269273,-0.239354
12692,-0.209434,-0.239354,-0.239354
12693,-0.209434,-0.239354,-0.239354
12694,-0.209434,-0.239354,-0.239354
12695,-0.209434,-0.239354,-0.239354
12696,-0.209434,-0.239354,-0.239354
12697,-0.209434,-0.269273,-0.269273
12698,-0.239354,-0.299192,-0.269273
12699,-0.239354,-0.269273,-0.269273
12700,-0.209434,-0.269273,-0.269273
12701,-0.209434,-0.239354,-0.239354
12702,-0.179515,-0.239354,-0.239354
12703,-0.179515,-0.239354,-0.209434
12704,-0.179515,-0.209434,-0.209434
12705,-0.179515,-0.209434,-0.209434
12706,-0.179515,-0.209434,-0.209434
12707,-0.179515,-0.239354,-0.209434
12708,-0.179515,-0.239354,-0.209434
12709,-0.179515,-0.239354,-0.239354
12710,-0.179515,-0.239354,-0.239354
12711,-0.179515,-0.239354,-0.239354
12712,-0.179515,-0.239354,-0.239354
12713,-0.149596,-0.209434,-0.209434
12714,-0.149596,-0.179515,-0.179515
12715,-0.149596,-0.209434,-0.209434
12716,-0.179515,-0.209434,-0.209434
12717,-0.179515,-0.239354,-0.239354
12718,-0.209434,-0.239354,-0.239354
12719,-0.209434,-0.239354,-0.239354
12720,-0.209434,-0.239354,-0.239354
12721,-0.209434,-0.239354,-0.239354
12722,-0.209434,-0.239354,-0.239354
12723,-0.209434,-0.239354,-0.239354
12724,-0.209434,-0.239354,-0.239354
12725,-0.209434,-0.239354,-0.239354
12726,-0.209434,-0.239354,-0.239354
12727,-0.209434,-0.239354,-0.239354
12728,-0.209434,-0.239354,-0.239354
12729,-0.239354,-0.269273,-0.269273
12730,-0.239354,-0.269273,-0.269273
12731,-0.239354,-0.269273,-0.269273
12732,-0.209434,-0.269273,-0.269273
12733,-0.209434,-0.239354,-0.239354
12734,-0.179515,-0.239354,-0.239354
12735,-0.179515,-0.239354,-0.209434
12736,-0.179515,-0.209434,-0.209434
12737,-0.179515,-0.239354,-0.209434
12738,-0.179515,-0.239354,-0.209434
12739,-0.179515,-0.209434,-0.209434
12740,-0.179515,-0.239354,-0.209434
12741,-0.179515,-0.239354,-0.239354
12742,-0.179515,-0.239354,-0.239354
12743,-0.179515,-0.239354,-0.239354
12744,-0.179515,-0.239354,-0.239354
12745,-0.149596,-0.209434,-0.209434
12746,-0.149596,-0.179515,-0.209434
12747,-0.149596,-0.209434,-0.209434
12748,-0.179515,-0.209434,-0.209434
12749,-0.179515,-0.239354,-0.239354
12750,-0.209434,-0.239354,-0.239354
12751,-0.209434,-0.239354,-0.239354
12752,-0.209434,-0.239354,-0.269273
12753,-0.209434,-0.269273,-0.239354
12754,-0.209434,-0.239354,-0.239354
12755,-0.209434,-0.239354,-0.239354
12756,-0.209434,-0.239354,-0.239354
12757,-0.209434,-0.239354,-0.239354
12758,-0.209434,-0.239354,-0.239354
12759,-0.209434,-0.239354,-0.239354
12760,-0.209434,-0.239354,-0.239354
12761,-0.239354,-0.269273,-0.269273
12762,-0.239354,-0.269273,-0.269273
12763,-0.209434,-0.269273,-0.269273
12764,-0.209434,-0.269273,-0.269273
12765,-0.209434,-0.239354,-0.239354
12766,-0.179515,-0.239354,-0.239354
12767,-0.179515,-0.209434,-0.209434
12768,-0.179515,-0.209434,-0.209434
12769,-0.179515,-0.209434,-0.209434
12770,-0.179515,-0.239354,-0.209434
12771,-0.179515,-0.239354,-0.209434
12772,-0.179515,-0.209434,-0.239354
12773,-0.179515,-0.239354,-0.239354
12774,-0.179515,-0.239354,-0.239354
12775,-0.179515,-0.239354,-0.239354
12776,-0.179515,-0.239354,-0.239354
12777,-0.149596,-0.209434,-0.209434
12778,-0.149596,-0.209434,-0.179515
12779,-0.149596,-0.209434,-0.209434
12780,-0.179515,-0.209434,-0.209434
12781,-0.179515,-0.239354,-0.239354
12782,-0.209434,-0.239354,-0.239354
12783,-0.209434,-0.269273,-0.239354
12784,-0.209434,-0.239354,-0.239354
12785,-0.209434,-0.239354,-0.239354
12786,-0.209434,-0.239354,-0.239354
12787,-0.209434,-0.269273,-0.239354
12788,-0.209434,-0.239354,-0.239354
12789,-0.209434,-0.239354,-0.239354
12790,-0.209434,-0.239354,-0.239354
12791,-0.209434,-0.239354,-0.239354
12792,-0.209434,-0.239354,-0.239354
12793,-0.239354,-0.269273,-0.269273
12794,-0.239354,-0.269273,-0.269273
12795,-0.239354,-0.269273,-0.269273
12796,-0.209434,-0.269273,-0.239354
12797,-0.209434,-0.239354,-0.239354
12798,-0.179515,-0.239354,-0.209434
12799,-0.179515,-0.209434,-0.209434
12800,-0.179515,-0.209434,-0.209434
12801,-0.179515,-0.239354,-0.239354
12802,-0.179515,-0.209434,-0.239354
12803,-0.179515,-0.239354,-0.209434
12804,-0.179515,-0.239354,-0.209434
12805,-0.179515,-0.239354,-0.239354
12806,-0.179515,-0.239354,-0.239354
12807,-0.179515,-0.239354,-0.239354
12808,-0.179515,-0.239354,-0.239354
12809,-0.149596,-0.209434,-0.209434
12810,-0.149596,-0.179515,-0.179515
12811,-0.149596,-0.209434,-0.209434
12812,-0.179515,-0.209434,-0.209434
12813,-0.179515,-0.239354,-0.239354
12814,-0.209434,-0.239354,-0.239354
12815,-0.209434,-0.269273,-0.239354
12816,-0.209434,-0.239354,-0.239354
12817,-0.209434,-0.269273,-0.239354
12818,-0.209434,-0.269273,-0.239354
12819,-0.209434,-0.239354,-0.239354
12820,-0.209434,-0.239354,-0.239354
12821,-0.209434,-0.239354,-0.239354
12822,-0.209434,-0.239354,-0.239354
12823,-0.209434,-0.239354,-0.239354
12824,-0.209434,-0.239354,-0.239354
12825,-0.239354,-0.269273,-0.269273
12826,-0.239354,-0.269273,-0.269273
12827,-0.239354,-0.269273,-0.269273
12828,-0.209434,-0.269273,-0.269273
12829,-0.209434,-0.239354,-0.239354
12830,-0.179515,-0.239354,-0.209434
12831,-0.179515,-0.239354,-0.209434
12832,-0.179515,-0.209434,-0.209434
12833,-0.179515,-0.239354,-0.239354
12834,-0.179515,-0.209434,-0.209434
12835,-0.179515,-0.239354,-0.209434
12836,-0.179515,-0.239354,-0.239354
12837,-0.179515,-0.239354,-0.239354
12838,-0.179515,-0.239354,-0.239354
12839,-0.179515,-0.239354,-0.239354
12840,-0.179515,-0.239354,-0.239354
12841,-0.149596,-0.209434,-0.209434
12842,-0.149596,-0.179515,-0.179515
12843,-0.149596,-0.209434,-0.209434
12844,-0.179515,-0.209434,-0.209434
12845,-0.179515,-0.239354,-0.239354
12846,-0.209434,-0.239354,-0.239354
12847,-0.209434,-0.239354,-0.239354
12848,-0.209434,-0.239354,-0.239354
12849,-0.209434,-0.239354,-0.239354
12850,-0.209434,-0.239354,-0.239354
12851,-0.209434,-0.269273,-0.239354
12852,-0.209434,-0.239354,-0.239354
12853,-0.209434,-0.239354,-0.239354
12854,-0.209434,-0.239354,-0.239354
12855,-0.209434,-0.239354,-0.239354
12856,-0.209434,-0.239354,-0.239354
12857,-0.239354,-0.269273,-0.269273
12858,-0.239354,-0.269273,-0.269273
12859,-0.209434,-0.269273,-0.269273
12860,-0.209434,-0.269273,-0.269273
12861,-0.209434,-0.239354,-0.239354
12862,-0.179515,-0.209434,-0.239354
12863,-0.179515,-0.209434,-0.209434
12864,-0.179515,-0.209434,-0.209434
12865,-0.179515,-0.209434,-0.209434
12866,-0.179515,-0.209434,-0.209434
12867,-0.179515,-0.209434,-0.209434
12868,-0.179515,-0.239354,-0.239354
12869,-0.179515,-0.239354,-0.239354
12870,-0.179515,-0.239354,-0.239354
12871,-0.179515,-0.239354,-0.239354
12872,-0.179515,-0.239354,-0.239354
12873,-0.149596,-0.209434,-0.209434
12874,-0.149596,-0.179515,-0.179515
12875,-0.149596,-0.209434,-0.209434
12876,-0.179515,-0.209434,-0.209434
12877,-0.179515,-0.239354,-0.239354
12878,-0.209434,-0.239354,-0.239354
12879,-0.209434,-0.269273,-0.239354
12880,-0.209434,-0.269273,-0.239354
12881,-0.209434,-0.239354,-0.239354
12882,-0.209434,-0.239354,-0.239354
12883,-0.209434,-0.239354,-0.269273
12884,-0.209434,-0.239354,-0.239354
12885,-0.209434,-0.239354,-0.239354
12886,-0.209434,-0.239354,-0.239354
12887,-0.209434,-0.239354,-0.239354
12888,-0.209434,-0.239354,-0.239354
12889,-0.239354,-0.269273,-0.269273
12890,-0.239354,-0.269273,-0.269273
12891,-0.239354,-0.269273,-0.269273
12892,-0.209434,-0.269273,-0.269273
12893,-0.209434,-0.239354,-0.239354
12894,-0.179515,-0.239354,-0.239354
12895,-0.179515,-0.239354,-0.209434
12896,-0.179515,-0.239354,-0.209434
12897,-0.179515,-0.209434,-0.209434
12898,-0.179515,-0.209434,-0.209434
12899,-0.179515,-0.239354,-0.209434
12900,-0.179515,-0.239354,-0.209434
12901,-0.179515,-0.239354,-0.239354
12902,-0.179515,-0.239354,-0.239354
12903,-0.179515,-0.239354,-0.239354
12904,-0.179515,-0.239354,-0.239354
12905,-0.149596,-0.209434,-0.209434
12906,-0.149596,-0.179515,-0.179515
12907,-0.149596,-0.209434,-0.209434
12908,-0.179515,-0.209434,-0.209434
12909,-0.179515,-0.239354,-0.239354
12910,-0.209434,-0.239354,-0.239354
12911,-0.209434,-0.239354,-0.239354
12912,-0.209434,-0.239354,-0.239354
12913,-0.209434,-0.239354,-0.239354
12914,-0.209434,-0.269273,-0.239354
12915,-0.209434,-0.239354,-0.239354
12916,-0.209434,-0.239354,-0.239354
12917,-0.209434,-0.239354,-0.239354
12918,-0.209434,-0.239354,-0.239354
12919,-0.209434,-0.239354,-0.239354
12920,-0.209434,-0.239354,-0.239354
12921,-0.239354,-0.269273,-0.269273
12922,-0.239354,-0.269273,-0.269273
12923,-0.209434,-0.269273,-0.269273
12924,-0.209434,-0.269273,-0.269273
12925,-0.209434,-0.239354,-0.239354
12926,-0.179515,-0.239354,-0.209434
12927,-0.179515,-0.239354,-0.209434
12928,-0.179515,-0.209434,-0.209434
12929,-0.179515,-0.209434,-0.239354
12930,-0.179515,-0.239354,-0.239354
12931,-0.179515,-0.239354,-0.209434
12932,-0.179515,-0.239354,-0.209434
12933,-0.179515,-0.239354,-0.239354
12934,-0.179515,-0.239354,-0.239354
12935,-0.179515,-0.239354,-0.239354
12936,-0.179515,-0.239354,-0.239354
12937,-0.149596,-0.209434,-0.209434
12938,-0.149596,-0.209434,-0.179515
12939,-0.149596,-0.209434,-0.209434
12940,-0.179515,-0.209434,-0.209434
12941,-0.209434,-0.239354,-0.239354
12942,-0.209434,-0.239354,-0.239354
12943,-0.209434,-0.239354,-0.239354
12944,-0.209434,-0.239354,-0.239354
12945,-0.209434,-0.239354,-0.239354
12946,-0.209434,-0.239354,-0.269273
12947,-0.209434,-0.239354,-0.239354
12948,-0.209434,-0.239354,-0.239354
12949,-0.209434,-0.239354,-0.239354
12950,-0.209434,-0.239354,-0.239354
12951,-0.209434,-0.239354,-0.239354
12952,-0.209434,-0.239354,-0.239354
12953,-0.239354,-0.269273,-0.269273
12954,-0.239354,-0.299192,-0.269273
12955,-0.239354,-0.269273,-0.269273
12956,-0.209434,-0.269273,-0.269273
12957,-0.179515,-0.239354,-0.239354
12958,-0.179515,-0.239354,-0.209434
12959,-0.179515,-0.239354,-0.209434
12960,-0.179515,-0.209434,-0.209434
12961,-0.179515,-0.209434,-0.209434
12962,-0.179515,-0.239354,-0.209434
12963,-0.179515,-0.239354,-0.209434
12964,-0.179515,-0.239354,-0.239354
12965,-0.179515,-0.239354,-0.239354
12966,-0.179515,-0.239354,-0.239354
12967,-0.179515,-0.239354,-0.239354
12968,-0.179515,-0.239354,-0.239354
12969,-0.149596,-0.209434,-0.209434
12970,-0.149596,-0.209434,-0.179515
12971,-0.149596,-0.209434,-0.209434
12972,-0.179515,-0.209434,-0.209434
12973,-0.179515,-0.239354,-0.239354
12974,-0.209434,-0.269273,-0.239354
12975,-0.209434,-0.269273,-0.239354
12976,-0.209434,-0.239354,-0.239354
12977,-0.209434,-0.239354,-0.239354
12978,-0.209434,-0.269273,-0.239354
12979,-0.209434,-0.269273,-0.269273
12980,-0.209434,-0.239354,-0.239354
12981,-0.209434,-0.239354,-0.239354
12982,-0.209434,-0.239354,-0.239354
12983,-0.209434,-0.239354,-0.239354
12984,-0.209434,-0.239354,-0.239354
12985,-0.239354,-0.269273,-0.269273
12986,-0.239354,-0.269273,-0.269273
12987,-0.239354,-0.269273,-0.269273
12988,-0.209434,-0.269273,-0.239354
12989,-0.209434,-0.239354,-0.239354
12990,-0.179515,-0.239354,-0.209434
12991,-0.179515,-0.209434,-0.209434
12992,-0.179515,-0.239354,-0.209434
12993,-0.179515,-0.239354,-0.239354
12994,-0.179515,-0.239354,-0.209434
12995,-0.179515,-0.209434,-0.209434
12996,-0.179515,-0.239354,-0.239354
12997,-0.179515,-0.239354,-0.239354
12998,-0.179515,-0.239354,-0.239354
12999,-0.179515,-0.239354,-0.239354
13000,-0.179515,-0.239354,-0.239354
13001,-0.149596,-0.209434,-0.209434
13002,-0.149596,-0.209434,-0.179515
13003,-0.149596,-0.209434,-0.209434
13004,-0.179515,-0.209434,-0.209434
13005,-0.209434,-0.239354,-0.239354
13006,-0.209434,-0.269273,-0.239354
13007,-0.209434,-0.269273,-0.239354
13008,-0.209434,-0.269273,-0.239354
13009,-0.209434,-0.269273,-0.239354
13010,-0.209434,-0.239354,-0.239354
13011,-0.209434,-0.239354,-0.239354
13012,-0.209434,-0.239354,-0.239354
13013,-0.209434,-0.239354,-0.239354
13014,-0.209434,-0.239354,-0.239354
13015,-0.209434,-0.239354,-0.239354
13016,-0.209434,-0.239354,-0.239354
13017,-0.239354,-0.269273,-0.269273
13018,-0.239354,-0.269273,-0.269273
13019,-0.209434,-0.269273,-0.269273
13020,-0.209434,-0.269273,-0.269273
13021,-0.179515,-0.239354,-0.239354
13022,-0.179515,-0.239354,-0.239354
13023,-0.179515,-0.239354,-0.209434
13024,-0.179515,-0.209434,-0.209434
13025,-0.179515,-0.209434,-0.209434
13026,-0.179515,-0.239354,-0.209434
13027,-0.179515,-0.239354,-0.209434
13028,-0.179515,-0.239354,-0.239354
13029,-0.179515,-0.239354,-0.239354
13030,-0.179515,-0.239354,-0.239354
13031,-0.179515,-0.239354,-0.239354
13032,-0.179515,-0.239354,-0.239354
13033,-0.149596,-0.209434,-0.209434
13034,-0.149596,-0.209434,-0.209434
13035,-0.149596,-0.209434,-0.209434
13036,-0.179515,-0.209434,-0.209434
13037,-0.209434,-0.239354,-0.239354
13038,-0.209434,-0.239354,-0.239354
13039,-0.209434,-0.239354,-0.239354
13040,-0.209434,-0.239354,-0.239354
13041,-0.209434,-0.239354,-0.239354
13042,-0.209434,-0.239354,-0.239354
13043,-0.209434,-0.269273,-0.239354
13044,-0.209434,-0.239354,-0.239354
13045,-0.209434,-0.239354,-0.239354
13046,-0.209434,-0.239354,-0.239354
13047,-0.209434,-0.239354,-0.239354
13048,-0.209434,-0.239354,-0.239354
13049,-0.239354,-0.269273,-0.269273
13050,-0.239354,-0.269273,-0.269273
13051,-0.239354,-0.269273,-0.269273
13052,-0.209434,-0.269273,-0.269273
13053,-0.179515,-0.239354,-0.239354
13054,-0.179515,-0.239354,-0.239354
13055,-0.179515,-0.239354,-0.239354
13056,-0.179515,-0.239354,-0.209434
13057,-0.179515,-0.239354,-0.209434
13058,-0.179515,-0.239354,-0.209434
13059,-0.179515,-0.209434,-0.209434
13060,-0.179515,-0.239354,-0.239354
13061,-0.179515,-0.239354,-0.239354
13062,-0.179515,-0.239354,-0.239354
13063,-0.179515,-0.239354,-0.239354
13064,-0.179515,-0.239354,-0.239354
13065,-0.149596,-0.209434,-0.209434
13066,-0.149596,-0.209434,-0.209434
13067,-0.149596,-0.209434,-0.209434
13068,-0.179515,-0.239354,-0.209434
13069,-0.209434,-0.239354,-0.239354
13070,-0.209434,-0.239354,-0.239354
13071,-0.209434,-0.239354,-0.239354
13072,-0.209434,-0.239354,-0.239354
13073,-0.209434,-0.239354,-0.239354
13074,-0.209434,-0.239354,-0.239354
13075,-0.209434,-0.269273,-0.269273
13076,-0.209434,-0.239354,-0.239354
13077,-0.209434,-0.239354,-0.239354
13078,-0.209434,-0.239354,-0.239354
13079,-0.179515,-0.239354,-0.239354
13080,-0.209434,-0.239354,-0.239354
13081,-0.239354,-0.269273,-0.269273
13082,-0.239354,-0.269273,-0.269273
13083,-0.209434,-0.269273,-0.269273
13084,-0.209434,-0.269273,-0.269273
13085,-0.209434,-0.239354,-0.239354
13086,-0.179515,-0.239354,-0.239354
13087,-0.179515,-0.239354,-0.239354
13088,-0.179515,-0.209434,-0.209434
13089,-0.179515,-0.209434,-0.209434
13090,-0.179515,-0.239354,-0.209434
13091,-0.179515,-0.209434,-0.239354
13092,-0.179515,-0.239354,-0.239354
13093,-0.179515,-0.239354,-0.239354
13094,-0.179515,-0.239354,-0.239354
13095,-0.179515,-0.239354,-0.239354
13096,-0.179515,-0.239354,-0.239354
13097,-0.149596,-0.209434,-0.209434
13098,-0.149596,-0.209434,-0.179515
13099,-0.149596,-0.209434,-0.209434
13100,-0.179515,-0.209434,-0.209434
13101,-0.179515,-0.239354,-0.239354
13102,-0.209434,-0.239354,-0.239354
13103,-0.209434,-0.239354,-0.239354
13104,-0.209434,-0.239354,-0.239354
13105,-0.209434,-0.239354,-0.239354
13106,-0.209434,-0.239354,-0.239354
13107,-0.209434,-0.239354,-0.239354
13108,-0.209434,-0.239354,-0.239354
13109,-0.209434,-0.239354,-0.239354
13110,-0.179515,-0.239354,-0.239354
13111,-0.209434,-0.239354,-0.239354
13112,-0.209434,-0.239354,-0.239354
13113,-0.239354,-0.269273,-0.269273
13114,-0.239354,-0.269273,-0.269273
13115,-0.239354,-0.269273,-0.269273
13116,-0.209434,-0.269273,-0.239354
13117,-0.209434,-0.239354,-0.239354
13118,-0.179515,-0.239354,-0.239354
13119,-0.179515,-0.209434,-0.239354
13120,-0.179515,-0.209434,-0.209434
13121,-0.179515,-0.239354,-0.209434
13122,-0.179515,-0.239354,-0.209434
13123,-0.179515,-0.239354,-0.209434
13124,-0.179515,-0.239354,-0.209434
13125,-0.179515,-0.239354,-0.239354
13126,-0.179515,-0.239354,-0.239354
13127,-0.179515,-0.239354,-0.239354
13128,-0.179515,-0.239354,-0.239354
13129,-0.149596,-0.209434,-0.209434
13130,-0.149596,-0.209434,-0.179515
13131,-0.149596,-0.209434,-0.209434
13132,-0.179515,-0.209434,-0.209434
13133,-0.179515,-0.239354,-0.239354
13134,-0.209434,-0.269273,-0.239354
13135,-0.209434,-0.269273,-0.239354
13136,-0.209434,-0.269273,-0.239354
13137,-0.209434,-0.239354,-0.239354
13138,-0.209434,-0.269273,-0.239354
13139,-0.209434,-0.269273,-0.239354
13140,-0.209434,-0.239354,-0.239354
13141,-0.209434,-0.239354,-0.239354
13142,-0.209434,-0.239354,-0.239354
13143,-0.209434,-0.239354,-0.239354
13144,-0.209434,-0.239354,-0.239354
13145,-0.239354,-0.269273,-0.269273
13146,-0.239354,-0.299192,-0.269273
13147,-0.209434,-0.269273,-0.269273
13148,-0.209434,-0.269273,-0.269273
13149,-0.179515,-0.239354,-0.239354
13150,-0.179515,-0.239354,-0.239354
13151,-0.179515,-0.239354,-0.209434
13152,-0.179515,-0.239354,-0.209434
13153,-0.179515,-0.239354,-0.209434
13154,-0.179515,-0.239354,-0.209434
13155,-0.179515,-0.209434,-0.209434
13156,-0.179515,-0.239354,-0.239354
13157,-0.179515,-0.239354,-0.239354
13158,-0.179515,-0.239354,-0.239354
13159,-0.179515,-0.239354,-0.239354
13160,-0.179515,-0.239354,-0.239354
13161,-0.149596,-0.209434,-0.209434
13162,-0.149596,-0.209434,-0.179515
13163,-0.179515,-0.209434,-0.209434
13164,-0.179515,-0.239354,-0.209434
13165,-0.209434,-0.239354,-0.239354
13166,-0.209434,-0.239354,-0.239354
13167,-0.209434,-0.239354,-0.239354
13168,-0.209434,-0.239354,-0.239354
13169,-0.209434,-0.239354,-0.239354
13170,-0.209434,-0.269273,-0.239354
13171,-0.209434,-0.239354,-0.239354
13172,-0.209434,-0.239354,-0.239354
13173,-0.209434,-0.239354,-0.239354
13174,-0.209434,-0.239354,-0.239354
13175,-0.209434,-0.239354,-0.239354
13176,-0.209434,-0.239354,-0.239354
13177,-0.239354,-0.269273,-0.269273
13178,-0.239354,-0.269273,-0.269273
13179,-0.239354,-0.269273,-0.269273
13180,-0.209434,-0.269273,-0.239354
13181,-0.179515,-0.239354,-0.239354
13182,-0.179515,-0.239354,-0.239354
13183,-0.179515,-0.209434,-0.209434
13184,-0.179515,-0.209434,-0.239354
13185,-0.179515,-0.239354,-0.209434
13186,-0.179515,-0.209434,-0.209434
13187,-0.179515,-0.209434,-0.209434
13188,-0.179515,-0.239354,-0.239354
13189,-0.179515,-0.239354,-0.239354
13190,-0.179515,-0.239354,-0.239354
13191,-0.179515,-0.239354,-0.239354
13192,-0.179515,-0.239354,-0.209434
13193,-0.149596,-0.209434,-0.209434
13194,-0.149596,-0.179515,-0.179515
13195,-0.179515,-0.209434,-0.209434
13196,-0.179515,-0.239354,-0.209434
13197,-0.179515,-0.239354,-0.239354
13198,-0.209434,-0.239354,-0.239354
13199,-0.209434,-0.269273,-0.239354
13200,-0.209434,-0.269273,-0.239354
13201,-0.209434,-0.239354,-0.239354
13202,-0.209434,-0.239354,-0.239354
13203,-0.209434,-0.269273,-0.239354
13204,-0.209434,-0.239354,-0.239354
13205,-0.209434,-0.239354,-0.239354
13206,-0.209434,-0.239354,-0.239354
13207,-0.209434,-0.239354,-0.239354
13208,-0.209434,-0.239354,-0.239354
13209,-0.239354,-0.269273,-0.269273
13210,-0.239354,-0.269273,-0.269273
13211,-0.209434,-0.269273,-0.269273
13212,-0.209434,-0.269273,-0.269273
13213,-0.209434,-0.239354,-0.239354
13214,-0.179515,-0.239354,-0.239354
13215,-0.179515,-0.239354,-0.239354
13216,-0.179515,-0.209434,-0.209434
13217,-0.179515,-0.209434,-0.239354
13218,-0.179515,-0.209434,-0.209434
13219,-0.179515,-0.239354,-0.209434
13220,-0.179515,-0.239354,-0.239354
13221,-0.179515,-0.239354,-0.239354
13222,-0.179515,-0.239354,-0.239354
13223,-0.179515,-0.239354,-0.239354
13224,-0.179515,-0.239354,-0.239354
13225,-0.149596,-0.179515,-0.179515
13226,-0.149596,-0.179515,-0.179515
13227,-0.179515,-0.209434,-0.209434
13228,-0.179515,-0.209434,-0.209434
13229,-0.209434,-0.239354,-0.239354
13230,-0.209434,-0.269273,-0.269273
13231,-0.209434,-0.239354,-0.239354
13232,-0.209434,-0.269273,-0.239354
13233,-0.209434,-0.239354,-0.239354
13234,-0.209434,-0.269273,-0.239354
13235,-0.209434,-0.239354,-0.239354
13236,-0.209434,-0.239354,-0.239354
13237,-0.209434,-0.239354,-0.239354
13238,-0.209434,-0.239354,-0.239354
13239,-0.209434,-0.239354,-0.239354
13240,-0.209434,-0.239354,-0.239354
13241,-0.239354,-0.269273,-0.269273
13242,-0.239354,-0.269273,-0.269273
13243,-0.209434,-0.269273,-0.269273
13244,-0.209434,-0.269273,-0.239354
13245,-0.209434,-0.239354,-0.239354
13246,-0.179515,-0.239354,-0.239354
13247,-0.179515,-0.239354,-0.239354
13248,-0.179515,-0.239354,-0.209434
13249,-0.179515,-0.239354,-0.209434
13250,-0.179515,-0.239354,-0.209434
13251,-0.179515,-0.239354,-0.209434
13252,-0.179515,-0.239354,-0.239354
13253,-0.179515,-0.239354,-0.239354
13254,-0.179515,-0.239354,-0.239354
13255,-0.179515,-0.239354,-0.239354
13256,-0.179515,-0.239354,-0.239354
13257,-0.149596,-0.209434,-0.179515
13258,-0.149596,-0.209434,-0.209434
13259,-0.179515,-0.209434,-0.209434
13260,-0.179515,-0.209434,-0.209434
13261,-0.209434,-0.239354,-0.239354
13262,-0.209434,-0.239354,-0.239354
13263,-0.209434,-0.239354,-0.239354
13264,-0.209434,-0.239354,-0.239354
13265,-0.209434,-0.239354,-0.239354
13266,-0.209434,-0.269273,-0.239354
13267,-0.209434,-0.269273,-0.239354
13268,-0.209434,-0.239354,-0.239354
13269,-0.209434,-0.239354,-0.239354
13270,-0.209434,-0.239354,-0.239354
13271,-0.209434,-0.239354,-0.239354
13272,-0.209434,-0.269273,-0.239354
13273,-0.239354,-0.299192,-0.269273
13274,-0.239354,-0.269273,-0.269273
13275,-0.209434,-0.269273,-0.269273
13276,-0.209434,-0.269273,-0.269273
13277,-0.179515,-0.239354,-0.239354
13278,-0.179515,-0.239354,-0.209434
13279,-0.179515,-0.239354,-0.209434
13280,-0.179515,-0.239354,-0.209434
13281,-0.179515,-0.239354,-0.239354
13282,-0.179515,-0.239354,-0.239354
13283,-0.179515,-0.239354,-0.209434
13284,-0.179515,-0.239354,-0.239354
13285,-0.179515,-0.239354,-0.239354
13286,-0.179515,-0.239354,-0.239354
13287,-0.179515,-0.239354,-0.239354
13288,-0.179515,-0.239354,-0.239354
13289,-0.149596,-0.209434,-0.209434
13290,-0.149596,-0.209434,-0.179515
13291,-0.149596,-0.209434,-0.209434
13292,-0.179515,-0.209434,-0.209434
13293,-0.209434,-0.239354,-0.239354
13294,-0.209434,-0.269273,-0.239354
13295,-0.209434,-0.269273,-0.269273
13296,-0.209434,-0.239354,-0.239354
13297,-0.209434,-0.239354,-0.239354
13298,-0.209434,-0.269273,-0.269273
13299,-0.209434,-0.239354,-0.239354
13300,-0.209434,-0.239354,-0.239354
13301,-0.209434,-0.239354,-0.239354
13302,-0.209434,-0.239354,-0.239354
13303,-0.209434,-0.239354,-0.239354
13304,-0.209434,-0.239354,-0.239354
13305,-0.239354,-0.269273,-0.269273
13306,-0.239354,-0.299192,-0.269273
13307,-0.209434,-0.269273,-0.269273
13308,-0.209434,-0.269273,-0.239354
13309,-0.179515,-0.239354,-0.239354
13310,-0.179515,-0.239354,-0.239354
13311,-0.179515,-0.239354,-0.209434
13312,-0.179515,-0.239354,-0.209434
13313,-0.179515,-0.239354,-0.209434
13314,-0.179515,-0.209434,-0.209434
13315,-0.179515,-0.239354,-0.209434
13316,-0.179515,-0.239354,-0.209434
13317,-0.179515,-0.239354,-0.239354
13318,-0.179515,-0.239354,-0.239354
13319,-0.179515,-0.239354,-0.239354
13320,-0.179515,-0.239354,-0.209434
13321,-0.149596,-0.209434,-0.179515
13322,-0.149596,-0.209434,-0.209434
13323,-0.179515,-0.209434,-0.209434
13324,-0.179515,-0.239354,-0.209434
13325,-0.209434,-0.239354,-0.239354
13326,-0.209434,-0.239354,-0.239354
13327,-0.209434,-0.269273,-0.239354
13328,-0.209434,-0.269273,-0.239354
13329,-0.209434,-0.269273,-0.239354
13330,-0.209434,-0.269273,-0.239354
13331,-0.209434,-0.269273,-0.269273
13332,-0.209434,-0.239354,-0.239354
13333,-0.209434,-0.239354,-0.239354
13334,-0.209434,-0.239354,-0.239354
13335,-0.209434,-0.239354,-0.239354
13336,-0.209434,-0.269273,-0.239354
13337,-0.239354,-0.269273,-0.269273
13338,-0.239354,-0.269273,-0.269273
13339,-0.209434,-0.269273,-0.269273
13340,-0.209434,-0.269273,-0.269273
13341,-0.209434,-0.239354,-0.239354
13342,-0.179515,-0.239354,-0.239354
13343,-0.179515,-0.209434,-0.209434
13344,-0.179515,-0.209434,-0.209434
13345,-0.179515,-0.239354,-0.239354
13346,-0.179515,-0.239354,-0.209434
13347,-0.179515,-0.239354,-0.239354
13348,-0.179515,-0.239354,-0.239354
13349,-0.179515,-0.239354,-0.239354
13350,-0.179515,-0.239354,-0.239354
13351,-0.179515,-0.239354,-0.239354
13352,-0.179515,-0.239354,-0.209434
13353,-0.149596,-0.209434,-0.209434
13354,-0.149596,-0.209434,-0.209434
13355,-0.179515,-0.209434,-0.209434
13356,-0.179515,-0.239354,-0.209434
13357,-0.209434,-0.239354,-0.239354
13358,-0.209434,-0.239354,-0.239354
13359,-0.209434,-0.239354,-0.239354
13360,-0.209434,-0.239354,-0.239354
13361,-0.209434,-0.239354,-0.239354
13362,-0.209434,-0.239354,-0.239354
13363,-0.209434,-0.239354,-0.269273
13364,-0.209434,-0.239354,-0.239354
13365,-0.209434,-0.239354,-0.239354
13366,-0.209434,-0.239354,-0.239354
13367,-0.209434,-0.239354,-0.239354
13368,-0.209434,-0.269273,-0.269273
13369,-0.239354,-0.269273,-0.269273
13370,-0.239354,-0.269273,-0.269273
13371,-0.209434,-0.269273,-0.269273
13372,-0.209434,-0.269273,-0.239354
13373,-0.179515,-0.239354,-0.239354
13374,-0.179515,-0.239354,-0.209434
13375,-0.179515,-0.209434,-0.209434
13376,-0.179515,-0.239354,-0.209434
13377,-0.179515,-0.239354,-0.239354
13378,-0.179515,-0.209434,-0.239354
13379,-0.179515,-0.239354,-0.209434
13380,-0.179515,-0.239354,-0.239354
13381,-0.179515,-0.239354,-0.239354
13382,-0.179515,-0.239354,-0.239354
13383,-0.179515,-0.239354,-0.239354
13384,-0.179515,-0.239354,-0.209434
13385,-0.149596,-0.209434,-0.209434
13386,-0.149596,-0.209434,-0.209434
13387,-0.179515,-0.209434,-0.209434
13388,-0.179515,-0.239354,-0.239354
13389,-0.209434,-0.269273,-0.269273
13390,-0.209434,-0.269273,-0.269273
13391,-0.209434,-0.269273,-0.269273
13392,-0.209434,-0.269273,-0.269273
13393,-0.209434,-0.269273,-0.269273
13394,-0.209434,-0.269273,-0.269273
13395,-0.209434,-0.269273,-0.269273
13396,-0.209434,-0.239354,-0.269273
13397,-0.209434,-0.269273,-0.269273
13398,-0.209434,-0.269273,-0.239354
13399,-0.209434,-0.269273,-0.239354
13400,-0.209434,-0.269273,-0.269273
13401,-0.239354,-0.299192,-0.299192
13402,-0.239354,-0.299192,-0.269273
13403,-0.239354,-0.269273,-0.269273
13404,-0.209434,-0.269273,-0.269273
13405,-0.209434,-0.239354,-0.239354
13406,-0.179515,-0.239354,-0.239354
13407,-0.179515,-0.239354,-0.239354
13408,-0.179515,-0.239354,-0.209434
13409,-0.179515,-0.209434,-0.239354
13410,-0.179515,-0.239354,-0.239354
13411,-0.179515,-0.239354,-0.239354
13412,-0.179515,-0.239354,-0.239354
13413,-0.179515,-0.239354,-0.239354
13414,-0.179515,-0.239354,-0.239354
13415,-0.209434,-0.239354,-0.239354
13416,-0.179515,-0.239354,-0.239354
13417,-0.149596,-0.209434,-0.209434
13418,-0.149596,-0.209434,-0.209434
13419,-0.179515,-0.209434,-0.209434
13420,-0.179515,-0.239354,-0.239354
13421,-0.209434,-0.239354,-0.269273
13422,-0.209434,-0.269273,-0.269273
13423,-0.209434,-0.269273,-0.269273
13424,-0.209434,-0.269273,-0.269273
13425,-0.209434,-0.269273,-0.269273
13426,-0.209434,-0.269273,-0.269273
13427,-0.209434,-0.269273,-0.269273
13428,-0.209434,-0.239354,-0.239354
13429,-0.209434,-0.269273,-0.239354
13430,-0.209434,-0.269273,-0.239354
13431,-0.209434,-0.239354,-0.239354
13432,-0.209434,-0.269273,-0.269273
13433,-0.239354,-0.299192,-0.269273
13434,-0.239354,-0.299192,-0.269273
13435,-0.239354,-0.269273,-0.269273
13436,-0.209434,-0.269273,-0.269273
13437,-0.209434,-0.239354,-0.239354
13438,-0.179515,-0.239354,-0.239354
13439,-0.179515,-0.239354,-0.239354
13440,-0.179515,-0.239354,-0.239354
13441,-0.179515,-0.239354,-0.239354
13442,-0.179515,-0.239354,-0.239354
13443,-0.179515,-0.239354,-0.239354
13444,-0.179515,-0.239354,-0.239354
13445,-0.209434,-0.239354,-0.239354
13446,-0.209434,-0.239354,-0.239354
13447,-0.209434,-0.239354,-0.239354
13448,-0.179515,-0.239354,-0.239354
13449,-0.149596,-0.209434,-0.209434
13450,-0.149596,-0.209434,-0.209434
13451,-0.179515,-0.209434,-0.209434
13452,-0.179515,-0.239354,-0.239354
13453,-0.209434,-0.239354,-0.239354
13454,-0.209434,-0.269273,-0.269273
13455,-0.209434,-0.269273,-0.269273
13456,-0.209434,-0.269273,-0.269273
13457,-0.209434,-0.269273,-0.269273
13458,-0.209434,-0.269273,-0.269273
13459,-0.209434,-0.269273,-0.269273
13460,-0.209434,-0.269273,-0.239354
13461,-0.209434,-0.239354,-0.239354
13462,-0.209434,-0.239354,-0.239354
13463,-0.209434,-0.239354,-0.239354
13464,-0.209434,-0.269273,-0.269273
13465,-0.239354,-0.299192,-0.269273
13466,-0.239354,-0.269273,-0.269273
13467,-0.239354,-0.269273,-0.269273
13468,-0.209434,-0.269273,-0.269273
13469,-0.179515,-0.239354,-0.239354
13470,-0.179515,-0.239354,-0.239354
13471,-0.179515,-0.239354,-0.239354
13472,-0.179515,-0.239354,-0.239354
13473,-0.179515,-0.239354,-0.239354
13474,-0.179515,-0.239354,-0.239354
13475,-0.179515,-0.239354,-0.239354
13476,-0.179515,-0.239354,-0.239354
13477,-0.209434,-0.239354,-0.239354
13478,-0.179515,-0.239354,-0.239354
13479,-0.179515,-0.239354,-0.239354
13480,-0.179515,-0.239354,-0.239354
13481,-0.149596,-0.209434,-0.209434
13482,-0.149596,-0.209434,-0.209434
13483,-0.179515,-0.209434,-0.209434
13484,-0.179515,-0.239354,-0.239354
13485,-0.209434,-0.239354,-0.239354
13486,-0.209434,-0.269273,-0.239354
13487,-0.209434,-0.269273,-0.269273
13488,-0.209434,-0.269273,-0.269273
13489,-0.209434,-0.269273,-0.269273
13490,-0.209434,-0.269273,-0.269273
13491,-0.209434,-0.269273,-0.269273
13492,-0.209434,-0.239354,-0.239354
13493,-0.209434,-0.239354,-0.239354
13494,-0.209434,-0.239354,-0.239354
13495,-0.209434,-0.239354,-0.239354
13496,-0.209434,-0.269273,-0.269273
13497,-0.239354,-0.299192,-0.299192
13498,-0.239354,-0.269273,-0.269273
13499,-0.239354,-0.269273,-0.269273
13500,-0.209434,-0.269273,-0.269273
13501,-0.179515,-0.239354,-0.239354
13502,-0.179515,-0.239354,-0.239354
13503,-0.179515,-0.239354,-0.239354
13504,-0.179515,-0.239354,-0.209434
13505,-0.179515,-0.239354,-0.239354
13506,-0.179515,-0.239354,-0.209434
13507,-0.179515,-0.239354,-0.239354
13508,-0.179515,-0.239354,-0.239354
13509,-0.179515,-0.239354,-0.239354
13510,-0.179515,-0.239354,-0.239354
13511,-0.179515,-0.239354,-0.239354
13512,-0.179515,-0.209434,-0.209434
13513,-0.149596,-0.209434,-0.179515
13514,-0.149596,-0.209434,-0.209434
13515,-0.179515,-0.209434,-0.209434
13516,-0.179515,-0.239354,-0.239354
13517,-0.209434,-0.239354,-0.239354
13518,-0.209434,-0.269273,-0.269273
13519,-0.209434,-0.269273,-0.239354
13520,-0.209434,-0.239354,-0.269273
13521,-0.209434,-0.269273,-0.269273
13522,-0.209434,-0.269273,-0.269273
13523,-0.209434,-0.269273,-0.269273
13524,-0.209434,-0.269273,-0.239354
13525,-0.209434,-0.239354,-0.239354
13526,-0.209434,-0.239354,-0.239354
13527,-0.209434,-0.239354,-0.239354
13528,-0.209434,-0.269273,-0.269273
13529,-0.239354,-0.299192,-0.299192
13530,-0.239354,-0.269273,-0.269273
13531,-0.209434,-0.269273,-0.269273
13532,-0.209434,-0.239354,-0.269273
13533,-0.179515,-0.239354,-0.239354
13534,-0.179515,-0.239354,-0.239354
13535,-0.179515,-0.239354,-0.239354
13536,-0.179515,-0.239354,-0.209434
13537,-0.179515,-0.239354,-0.209434
13538,-0.179515,-0.209434,-0.209434
13539,-0.179515,-0.239354,-0.239354
13540,-0.179515,-0.239354,-0.239354
13541,-0.179515,-0.239354,-0.239354
13542,-0.179515,-0.239354,-0.239354
13543,-0.179515,-0.239354,-0.239354
13544,-0.179515,-0.209434,-0.209434
13545,-0.149596,-0.179515,-0.179515
13546,-0.149596,-0.179515,-0.209434
13547,-0.179515,-0.209434,-0.209434
13548,-0.179515,-0.239354,-0.209434
13549,-0.209434,-0.239354,-0.239354
13550,-0.209434,-0.239354,-0.239354
13551,-0.209434,-0.269273,-0.239354
13552,-0.209434,-0.239354,-0.239354
13553,-0.209434,-0.239354,-0.239354
13554,-0.209434,-0.269273,-0.269273
13555,-0.209434,-0.239354,-0.239354
13556,-0.209434,-0.239354,-0.239354
13557,-0.209434,-0.239354,-0.239354
13558,-0.209434,-0.239354,-0.239354
13559,-0.209434,-0.239354,-0.239354
13560,-0.209434,-0.269273,-0.269273
13561,-0.239354,-0.269273,-0.269273
13562,-0.239354,-0.269273,-0.269273
13563,-0.209434,-0.269273,-0.269273
13564,-0.209434,-0.239354,-0.239354
13565,-0.179515,-0.239354,-0.239354
13566,-0.179515,-0.209434,-0.209434
13567,-0.179515,-0.209434,-0.209434
13568,-0.179515,-0.239354,-0.209434
13569,-0.179515,-0.209434,-0.239354
13570,-0.179515,-0.209434,-0.209434
13571,-0.179515,-0.239354,-0.239354
13572,-0.179515,-0.239354,-0.239354
13573,-0.179515,-0.239354,-0.239354
13574,-0.179515,-0.239354,-0.239354
13575,-0.179515,-0.239354,-0.239354
13576,-0.179515,-0.209434,-0.209434
13577,-0.149596,-0.179515,-0.179515
13578,-0.149596,-0.209434,-0.209434
13579,-0.179515,-0.209434,-0.209434
13580,-0.179515,-0.209434,-0.209434
13581,-0.209434,-0.239354,-0.239354
13582,-0.209434,-0.239354,-0.239354
13583,-0.209434,-0.239354,-0.239354
13584,-0.209434,-0.239354,-0.239354
13585,-0.209434,-0.239354,-0.239354
13586,-0.209434,-0.239354,-0.239354
13587,-0.209434,-0.239354,-0.239354
13588,-0.209434,-0.239354,-0.239354
13589,-0.209434,-0.239354,-0.239354
13590,-0.209434,-0.239354,-0.239354
13591,-0.179515,-0.239354,-0.239354
13592,-0.209434,-0.269273,-0.269273
13593,-0.239354,-0.299192,-0.269273
13594,-0.239354,-0.269273,-0.269273
13595,-0.209434,-0.269273,-0.269273
13596,-0.209434,-0.239354,-0.239354
13597,-0.179515,-0.239354,-0.239354
13598,-0.179515,-0.209434,-0.209434
13599,-0.179515,-0.209434,-0.209434
13600,-0.179515,-0.209434,-0.209434
13601,-0.179515,-0.239354,-0.209434
13602,-0.179515,-0.239354,-0.209434
13603,-0.179515,-0.209434,-0.209434
13604,-0.179515,-0.239354,-0.239354
13605,-0.179515,-0.239354,-0.239354
13606,-0.179515,-0.239354,-0.239354
13607,-0.179515,-0.239354,-0.239354
13608,-0.179515,-0.209434,-0.209434
13609,-0.149596,-0.179515,-0.179515
13610,-0.149596,-0.209434,-0.209434
13611,-0.179515,-0.209434,-0.209434
13612,-0.179515,-0.239354,-0.209434
13613,-0.209434,-0.239354,-0.239354
13614,-0.209434,-0.269273,-0.239354
13615,-0.209434,-0.239354,-0.239354
13616,-0.209434,-0.239354,-0.239354
13617,-0.209434,-0.239354,-0.239354
13618,-0.209434,-0.269273,-0.239354
13619,-0.209434,-0.239354,-0.239354
13620,-0.209434,-0.239354,-0.239354
13621,-0.209434,-0.239354,-0.239354
13622,-0.209434,-0.239354,-0.239354
13623,-0.209434,-0.239354,-0.239354
13624,-0.209434,-0.269273,-0.269273
13625,-0.239354,-0.269273,-0.269273
13626,-0.239354,-0.269273,-0.269273
13627,-0.209434,-0.269273,-0.269273
13628,-0.209434,-0.239354,-0.239354
13629,-0.179515,-0.239354,-0.239354
13630,-0.179515,-0.239354,-0.209434
13631,-0.179515,-0.209434,-0.209434
13632,-0.179515,-0.209434,-0.209434
13633,-0.179515,-0.239354,-0.209434
13634,-0.179515,-0.209434,-0.209434
13635,-0.179515,-0.239354,-0.239354
13636,-0.179515,-0.209434,-0.239354
13637,-0.179515,-0.239354,-0.239354
13638,-0.179515,-0.239354,-0.239354
13639,-0.179515,-0.239354,-0.239354
13640,-0.179515,-0.209434,-0.209434
13641,-0.149596,-0.179515,-0.179515
13642,-0.149596,-0.209434,-0.209434
13643,-0.179515,-0.209434,-0.209434
13644,-0.179515,-0.239354,-0.209434
13645,-0.209434,-0.239354,-0.239354
13646,-0.209434,-0.239354,-0.239354
13647,-0.209434,-0.239354,-0.239354
13648,-0.209434,-0.239354,-0.239354
13649,-0.209434,-0.239354,-0.239354
13650,-0.209434,-0.239354,-0.269273
13651,-0.209434,-0.239354,-0.239354
13652,-0.209434,-0.239354,-0.239354
13653,-0.209434,-0.239354,-0.239354
13654,-0.209434,-0.239354,-0.239354
13655,-0.209434,-0.239354,-0.239354
13656,-0.209434,-0.269273,-0.269273
13657,-0.239354,-0.299192,-0.269273
13658,-0.239354,-0.269273,-0.269273
13659,-0.209434,-0.269273,-0.269273
13660,-0.209434,-0.239354,-0.239354
13661,-0.179515,-0.239354,-0.239354
13662,-0.179515,-0.209434,-0.209434
13663,-0.179515,-0.209434,-0.209434
13664,-0.179515,-0.239354,-0.209434
13665,-0.179515,-0.239354,-0.209434
13666,-0.179515,-0.209434,-0.209434
13667,-0.179515,-0.239354,-0.239354
13668,-0.179515,-0.239354,-0.239354
13669,-0.179515,-0.239354,-0.239354
13670,-0.179515,-0.239354,-0.239354
13671,-0.179515,-0.239354,-0.239354
13672,-0.179515,-0.209434,-0.209434
13673,-0.149596,-0.179515,-0.179515
13674,-0.149596,-0.209434,-0.209434
13675,-0.179515,-0.209434,-0.209434
13676,-0.179515,-0.239354,-0.239354
13677,-0.209434,-0.239354,-0.239354
13678,-0.209434,-0.239354,-0.239354
13679,-0.209434,-0.239354,-0.239354
13680,-0.209434,-0.269273,-0.239354
13681,-0.209434,-0.239354,-0.239354
13682,-0.209434,-0.239354,-0.239354
13683,-0.209434,-0.239354,-0.239354
13684,-0.209434,-0.239354,-0.239354
13685,-0.209434,-0.239354,-0.239354
13686,-0.209434,-0.239354,-0.239354
13687,-0.209434,-0.239354,-0.239354
13688,-0.209434,-0.269273,-0.269273
13689,-0.239354,-0.269273,-0.269273
13690,-0.239354,-0.269273,-0.269273
13691,-0.209434,-0.269273,-0.269273
13692,-0.209434,-0.239354,-0.239354
13693,-0.179515,-0.239354,-0.239354
13694,-0.179515,-0.239354,-0.209434
13695,-0.179515,-0.209434,-0.209434
13696,-0.179515,-0.209434,-0.239354
13697,-0.179515,-0.239354,-0.209434
13698,-0.179515,-0.209434,-0.239354
13699,-0.179515,-0.209434,-0.239354
13700,-0.179515,-0.239354,-0.239354
13701,-0.179515,-0.239354,-0.239354
13702,-0.179515,-0.239354,-0.239354
13703,-0.179515,-0.239354,-0.239354
13704,-0.179515,-0.209434,-0.209434
13705,-0.149596,-0.179515,-0.179515
13706,-0.149596,-0.209434,-0.209434
13707,-0.179515,-0.209434,-0.209434
13708,-0.179515,-0.239354,-0.239354
13709,-0.209434,-0.239354,-0.239354
13710,-0.209434,-0.239354,-0.239354
13711,-0.209434,-0.239354,-0.239354
13712,-0.209434,-0.239354,-0.239354
13713,-0.209434,-0.269273,-0.239354
13714,-0.209434,-0.239354,-0.269273
13715,-0.209434,-0.239354,-0.239354
13716,-0.209434,-0.239354,-0.239354
13717,-0.209434,-0.239354,-0.239354
13718,-0.209434,-0.239354,-0.239354
13719,-0.209434,-0.239354,-0.239354
13720,-0.209434,-0.269273,-0.269273
13721,-0.239354,-0.269273,-0.299192
13722,-0.239354,-0.269273,-0.269273
13723,-0.209434,-0.269273,-0.269273
13724,-0.209434,-0.239354,-0.239354
13725,-0.179515,-0.239354,-0.239354
13726,-0.179515,-0.239354,-0.209434
13727,-0.179515,-0.209434,-0.239354
13728,-0.179515,-0.209434,-0.239354
13729,-0.179515,-0.239354,-0.209434
13730,-0.179515,-0.239354,-0.209434
13731,-0.179515,-0.239354,-0.209434
13732,-0.179515,-0.239354,-0.239354
13733,-0.179515,-0.239354,-0.239354
13734,-0.179515,-0.239354,-0.239354
13735,-0.209434,-0.239354,-0.239354
13736,-0.179515,-0.209434,-0.209434
13737,-0.149596,-0.209434,-0.179515
13738,-0.149596,-0.209434,-0.209434
13739,-0.179515,-0.209434,-0.209434
13740,-0.179515,-0.239354,-0.239354
13741,-0.209434,-0.239354,-0.239354
13742,-0.209434,-0.269273,-0.239354
13743,-0.209434,-0.269273,-0.239354
13744,-0.209434,-0.239354,-0.239354
13745,-0.209434,-0.269273,-0.239354
13746,-0.209434,-0.239354,-0.239354
13747,-0.209434,-0.239354,-0.239354
13748,-0.209434,-0.239354,-0.239354
13749,-0.209434,-0.239354,-0.239354
13750,-0.209434,-0.239354,-0.239354
13751,-0.209434,-0.239354,-0.239354
13752,-0.209434,-0.269273,-0.269273
13753,-0.239354,-0.269273,-0.269273
13754,-0.239354,-0.269273,-0.269273
13755,-0.209434,-0.269273,-0.269273
13756,-0.209434,-0.269273,-0.239354
13757,-0.179515,-0.239354,-0.239354
13758,-0.179515,-0.239354,-0.239354
13759,-0.179515,-0.209434,-0.209434
13760,-0.179515,-0.239354,-0.209434
13761,-0.179515,-0.239354,-0.209434
13762,-0.179515,-0.209434,-0.209434
13763,-0.179515,-0.239354,-0.209434
13764,-0.179515,-0.239354,-0.239354
13765,-0.179515,-0.239354,-0.239354
13766,-0.179515,-0.239354,-0.239354
13767,-0.179515,-0.239354,-0.239354
13768,-0.179515,-0.209434,-0.209434
13769,-0.149596,-0.179515,-0.179515
13770,-0.149596,-0.209434,-0.209434
13771,-0.179515,-0.209434,-0.209434
13772,-0.179515,-0.239354,-0.239354
13773,-0.209434,-0.239354,-0.239354
13774,-0.209434,-0.239354,-0.239354
13775,-0.209434,-0.269273,-0.239354
13776,-0.209434,-0.269273,-0.239354
13777,-0.209434,-0.239354,-0.239354
13778,-0.209434,-0.269273,-0.239354
13779,-0.209434,-0.239354,-0.239354
13780,-0.209434,-0.239354,-0.239354
13781,-0.209434,-0.239354,-0.239354
13782,-0.209434,-0.239354,-0.239354
13783,-0.209434,-0.239354,-0.239354
13784,-0.209434,-0.269273,-0.269273
13785,-0.239354,-0.269273,-0.269273
13786,-0.239354,-0.269273,-0.269273
13787,-0.209434,-0.269273,-0.269273
13788,-0.209434,-0.239354,-0.239354
13789,-0.179515,-0.239354,-0.239354
13790,-0.179515,-0.209434,-0.209434
13791,-0.179515,-0.239354,-0.209434
13792,-0.179515,-0.209434,-0.209434
13793,-0.179515,-0.209434,-0.209434
13794,-0.179515,-0.239354,-0.209434
13795,-0.179515,-0.239354,-0.239354
13796,-0.179515,-0.239354,-0.239354
13797,-0.179515,-0.239354,-0.239354
13798,-0.179515,-0.239354,-0.239354
13799,-0.179515,-0.239354,-0.239354
13800,-0.179515,-0.209434,-0.209434
13801,-0.149596,-0.179515,-0.179515
13802,-0.149596,-0.209434,-0.209434
13803,-0.179515,-0.209434,-0.209434
13804,-0.179515,-0.239354,-0.239354
13805,-0.209434,-0.239354,-0.239354
13806,-0.209434,-0.239354,-0.239354
13807,-0.209434,-0.239354,-0.239354
13808,-0.209434,-0.239354,-0.239354
13809,-0.209434,-0.239354,-0.239354
13810,-0.209434,-0.269273,-0.239354
13811,-0.209434,-0.239354,-0.239354
13812,-0.209434,-0.239354,-0.239354
13813,-0.209434,-0.239354,-0.239354
13814,-0.209434,-0.239354,-0.239354
13815,-0.209434,-0.239354,-0.239354
13816,-0.209434,-0.269273,-0.269273
13817,-0.239354,-0.299192,-0.269273
13818,-0.239354,-0.269273,-0.269273
13819,-0.209434,-0.269273,-0.269273
13820,-0.209434,-0.239354,-0.239354
13821,-0.179515,-0.239354,-0.239354
13822,-0.179515,-0.239354,-0.209434
13823,-0.179515,-0.239354,-0.209434
13824,-0.179515,-0.239354,-0.209434
13825,-0.179515,-0.239354,-0.239354
13826,-0.179515,-0.209434,-0.209434
13827,-0.179515,-0.239354,-0.209434
13828,-0.179515,-0.239354,-0.239354
13829,-0.179515,-0.239354,-0.239354
13830,-0.179515,-0.239354,-0.239354
13831,-0.179515,-0.239354,-0.239354
13832,-0.179515,-0.209434,-0.209434
13833,-0.149596,-0.209434,-0.179515
13834,-0.149596,-0.209434,-0.209434
13835,-0.179515,-0.209434,-0.209434
13836,-0.179515,-0.239354,-0.239354
13837,-0.209434,-0.239354,-0.239354
13838,-0.209434,-0.239354,-0.239354
13839,-0.209434,-0.269273,-0.239354
13840,-0.209434,-0.269273,-0.239354
13841,-0.209434,-0.239354,-0.239354
13842,-0.209434,-0.269273,-0.239354
13843,-0.209434,-0.239354,-0.239354
13844,-0.209434,-0.239354,-0.239354
13845,-0.209434,-0.239354,-0.239354
13846,-0.209434,-0.239354,-0.239354
13847,-0.209434,-0.239354,-0.239354
13848,-0.209434,-0.269273,-0.269273
13849,-0.239354,-0.269273,-0.269273
13850,-0.239354,-0.269273,-0.269273
13851,-0.209434,-0.269273,-0.269273
13852,-0.209434,-0.239354,-0.239354
13853,-0.179515,-0.239354,-0.239354
13854,-0.179515,-0.239354,-0.209434
13855,-0.179515,-0.209434,-0.239354
13856,-0.179515,-0.209434,-0.209434
13857,-0.179515,-0.239354,-0.209434
13858,-0.179515,-0.209434,-0.239354
13859,-0.179515,-0.239354,-0.239354
13860,-0.179515,-0.239354,-0.239354
13861,-0.179515,-0.239354,-0.239354
13862,-0.179515,-0.239354,-0.239354
13863,-0.179515,-0.239354,-0.239354
13864,-0.179515,-0.209434,-0.209434
13865,-0.149596,-0.209434,-0.179515
13866,-0.179515,-0.209434,-0.209434
13867,-0.179515,-0.209434,-0.209434
13868,-0.179515,-0.239354,-0.239354
13869,-0.209434,-0.239354,-0.239354
13870,-0.209434,-0.269273,-0.239354
13871,-0.209434,-0.269273,-0.239354
13872,-0.209434,-0.239354,-0.239354
13873,-0.209434,-0.239354,-0.239354
13874,-0.209434,-0.269273,-0.239354
13875,-0.209434,-0.269273,-0.239354
13876,-0.209434,-0.239354,-0.239354
13877,-0.209434,-0.239354,-0.239354
13878,-0.209434,-0.239354,-0.239354
13879,-0.209434,-0.239354,-0.239354
13880,-0.209434,-0.269273,-0.269273
13881,-0.239354,-0.269273,-0.269273
13882,-0.239354,-0.269273,-0.269273
13883,-0.209434,-0.269273,-0.269273
13884,-0.209434,-0.239354,-0.239354
13885,-0.179515,-0.239354,-0.239354
13886,-0.179515,-0.209434,-0.239354
13887,-0.179515,-0.209434,-0.209434
13888,-0.179515,-0.239354,-0.209434
13889,-0.179515,-0.239354,-0.209434
13890,-0.179515,-0.209434,-0.209434
13891,-0.179515,-0.239354,-0.209434
13892,-0.179515,-0.239354,-0.239354
13893,-0.179515,-0.239354,-0.239354
13894,-0.179515,-0.239354,-0.239354
13895,-0.179515,-0.239354,-0.239354
13896,-0.179515,-0.209434,-0.209434
13897,-0.149596,-0.179515,-0.179515
13898,-0.149596,-0.209434,-0.209434
13899,-0.179515,-0.209434,-0.209434
13900,-0.179515,-0.239354,-0.239354
13901,-0.209434,-0.239354,-0.239354
13902,-0.209434,-0.269273,-0.239354
13903,-0.209434,-0.269273,-0.239354
13904,-0.209434,-0.239354,-0.239354
13905,-0.209434,-0.239354,-0.239354
13906,-0.209434,-0.269273,-0.239354
13907,-0.209434,-0.239354,-0.239354
13908,-0.209434,-0.239354,-0.239354
13909,-0.209434,-0.239354,-0.239354
13910,-0.209434,-0.239354,-0.239354
13911,-0.209434,-0.239354,-0.239354
13912,-0.209434,-0.269273,-0.269273
13913,-0.239354,-0.299192,-0.269273
13914,-0.239354,-0.269273,-0.269273
13915,-0.239354,-0.269273,-0.269273
13916,-0.209434,-0.239354,-0.239354
13917,-0.179515,-0.239354,-0.239354
13918,-0.179515,-0.239354,-0.209434
13919,-0.179515,-0.209434,-0.209434
13920,-0.179515,-0.209434,-0.209434
13921,-0.179515,-0.239354,-0.239354
13922,-0.179515,-0.239354,-0.209434
13923,-0.179515,-0.209434,-0.209434
13924,-0.179515,-0.239354,-0.209434
13925,-0.179515,-0.239354,-0.239354
13926,-0.179515,-0.239354,-0.239354
13927,-0.179515,-0.239354,-0.239354
13928,-0.149596,-0.209434,-0.209434
13929,-0.149596,-0.179515,-0.179515
13930,-0.149596,-0.209434,-0.209434
13931,-0.179515,-0.209434,-0.209434
13932,-0.179515,-0.239354,-0.239354
13933,-0.209434,-0.269273,-0.239354
13934,-0.209434,-0.269273,-0.239354
13935,-0.209434,-0.269273,-0.239354
13936,-0.209434,-0.239354,-0.239354
13937,-0.209434,-0.239354,-0.239354
13938,-0.209434,-0.239354,-0.239354
13939,-0.209434,-0.239354,-0.239354
13940,-0.209434,-0.239354,-0.239354
13941,-0.209434,-0.239354,-0.239354
13942,-0.209434,-0.239354,-0.239354
13943,-0.209434,-0.239354,-0.239354
13944,-0.239354,-0.269273,-0.269273
13945,-0.239354,-0.269273,-0.269273
13946,-0.239354,-0.269273,-0.269273
13947,-0.209434,-0.269273,-0.269273
13948,-0.209434,-0.239354,-0.239354
13949,-0.179515,-0.239354,-0.239354
13950,-0.179515,-0.239354,-0.239354
13951,-0.179515,-0.209434,-0.209434
13952,-0.179515,-0.239354,-0.209434
13953,-0.179515,-0.239354,-0.239354
13954,-0.179515,-0.209434,-0.209434
13955,-0.179515,-0.239354,-0.239354
13956,-0.179515,-0.239354,-0.239354
13957,-0.179515,-0.239354,-0.239354
13958,-0.179515,-0.239354,-0.239354
13959,-0.179515,-0.239354,-0.239354
13960,-0.179515,-0.209434,-0.209434
13961,-0.149596,-0.179515,-0.179515
13962,-0.149596,-0.209434,-0.209434
13963,-0.179515,-0.209434,-0.209434
13964,-0.179515,-0.239354,-0.239354
13965,-0.209434,-0.239354,-0.239354
13966,-0.209434,-0.239354,-0.239354
13967,-0.209434,-0.239354,-0.239354
13968,-0.209434,-0.269273,-0.239354
13969,-0.209434,-0.269273,-0.239354
13970,-0.209434,-0.269273,-0.239354
13971,-0.209434,-0.239354,-0.239354
13972,-0.209434,-0.239354,-0.239354
13973,-0.209434,-0.239354,-0.239354
13974,-0.209434,-0.239354,-0.239354
13975,-0.179515,-0.239354,-0.239354
13976,-0.209434,-0.269273,-0.269273
13977,-0.239354,-0.269273,-0.269273
13978,-0.239354,-0.269273,-0.269273
13979,-0.209434,-0.269273,-0.269273
13980,-0.209434,-0.239354,-0.239354
13981,-0.179515,-0.239354,-0.239354
13982,-0.179515,-0.239354,-0.239354
13983,-0.179515,-0.239354,-0.209434
13984,-0.179515,-0.239354,-0.209434
13985,-0.179515,-0.239354,-0.209434
13986,-0.179515,-0.239354,-0.209434
13987,-0.179515,-0.239354,-0.239354
13988,-0.179515,-0.239354,-0.239354
13989,-0.179515,-0.239354,-0.239354
13990,-0.179515,-0.239354,-0.239354
13991,-0.179515,-0.239354,-0.239354
13992,-0.149596,-0.209434,-0.209434
13993,-0.149596,-0.209434,-0.179515
13994,-0.149596,-0.209434,-0.209434
13995,-0.179515,-0.209434,-0.209434
13996,-0.179515,-0.239354,-0.239354
13997,-0.209434,-0.239354,-0.269273
13998,-0.209434,-0.269273,-0.239354
13999,-0.209434,-0.239354,-0.239354
14000,-0.209434,-0.239354,-0.239354
14001,-0.209434,-0.269273,-0.239354
14002,-0.209434,-0.239354,-0.239354
14003,-0.209434,-0.239354,-0.239354
14004,-0.209434,-0.239354,-0.239354
14005,-0.209434,-0.239354,-0.239354
14006,-0.209434,-0.239354,-0.239354
14007,-0.209434,-0.239354,-0.239354
14008,-0.209434,-0.269273,-0.269273
14009,-0.239354,-0.269273,-0.269273
14010,-0.239354,-0.269273,-0.269273
14011,-0.209434,-0.269273,-0.269273
14012,-0.209434,-0.239354,-0.239354
14013,-0.179515,-0.239354,-0.239354
14014,-0.179515,-0.209434,-0.209434
14015,-0.179515,-0.239354,-0.209434
14016,-0.179515,-0.209434,-0.209434
14017,-0.179515,-0.239354,-0.209434
14018,-0.179515,-0.239354,-0.209434
14019,-0.179515,-0.239354,-0.239354
14020,-0.179515,-0.239354,-0.239354
14021,-0.179515,-0.239354,-0.239354
14022,-0.179515,-0.239354,-0.239354
14023,-0.179515,-0.239354,-0.239354
14024,-0.179515,-0.209434,-0.209434
14025,-0.149596,-0.179515,-0.179515
14026,-0.179515,-0.209434,-0.209434
14027,-0.179515,-0.209434,-0.209434
14028,-0.179515,-0.239354,-0.239354
14029,-0.209434,-0.239354,-0.239354
14030,-0.209434,-0.269273,-0.239354
14031,-0.209434,-0.269273,-0.239354
14032,-0.209434,-0.269273,-0.239354
14033,-0.209434,-0.239354,-0.239354
14034,-0.209434,-0.269273,-0.269273
14035,-0.209434,-0.239354,-0.239354
14036,-0.209434,-0.239354,-0.239354
14037,-0.209434,-0.239354,-0.239354
14038,-0.209434,-0.239354,-0.239354
14039,-0.209434,-0.239354,-0.239354
14040,-0.239354,-0.269273,-0.269273
14041,-0.239354,-0.269273,-0.269273
14042,-0.239354,-0.269273,-0.269273
14043,-0.209434,-0.269273,-0.269273
14044,-0.209434,-0.239354,-0.239354
14045,-0.179515,-0.239354,-0.239354
14046,-0.179515,-0.239354,-0.209434
14047,-0.179515,-0.209434,-0.209434
14048,-0.179515,-0.239354,-0.209434
14049,-0.179515,-0.209434,-0.239354
14050,-0.179515,-0.209434,-0.209434
14051,-0.179515,-0.239354,-0.209434
14052,-0.179515,-0.239354,-0.239354
14053,-0.179515,-0.239354,-0.239354
14054,-0.179515,-0.239354,-0.239354
14055,-0.179515,-0.239354,-0.239354
14056,-0.179515,-0.209434,-0.209434
14057,-0.149596,-0.209434,-0.179515
14058,-0.149596,-0.209434,-0.209434
14059,-0.179515,-0.209434,-0.209434
14060,-0.179515,-0.239354,-0.239354
14061,-0.209434,-0.239354,-0.239354
14062,-0.209434,-0.239354,-0.269273
14063,-0.209434,-0.239354,-0.239354
14064,-0.209434,-0.239354,-0.239354
14065,-0.209434,-0.269273,-0.239354
14066,-0.209434,-0.269273,-0.239354
14067,-0.209434,-0.269273,-0.239354
14068,-0.209434,-0.239354,-0.239354
14069,-0.209434,-0.239354,-0.239354
14070,-0.209434,-0.239354,-0.239354
14071,-0.209434,-0.239354,-0.239354
14072,-0.239354,-0.269273,-0.269273
14073,-0.239354,-0.299192,-0.269273
14074,-0.239354,-0.269273,-0.269273
14075,-0.209434,-0.269273,-0.269273
14076,-0.209434,-0.239354,-0.239354
14077,-0.179515,-0.239354,-0.239354
14078,-0.179515,-0.239354,-0.209434
14079,-0.179515,-0.239354,-0.209434
14080,-0.179515,-0.239354,-0.209434
14081,-0.179515,-0.239354,-0.239354
14082,-0.179515,-0.209434,-0.209434
14083,-0.179515,-0.239354,-0.239354
14084,-0.179515,-0.239354,-0.239354
14085,-0.179515,-0.239354,-0.239354
14086,-0.179515,-0.239354,-0.239354
14087,-0.179515,-0.239354,-0.239354
14088,-0.149596,-0.209434,-0.209434
14089,-0.149596,-0.179515,-0.179515
14090,-0.149596,-0.209434,-0.209434
14091,-0.179515,-0.209434,-0.209434
14092,-0.179515,-0.239354,-0.239354
14093,-0.209434,-0.239354,-0.239354
14094,-0.209434,-0.269273,-0.239354
14095,-0.209434,-0.269273,-0.239354
14096,-0.209434,-0.239354,-0.239354
14097,-0.209434,-0.239354,-0.239354
14098,-0.209434,-0.239354,-0.239354
14099,-0.209434,-0.239354,-0.239354
14100,-0.209434,-0.239354,-0.239354
14101,-0.209434,-0.239354,-0.239354
14102,-0.209434,-0.239354,-0.239354
14103,-0.209434,-0.239354,-0.239354
14104,-0.239354,-0.269273,-0.269273
14105,-0.239354,-0.269273,-0.269273
14106,-0.239354,-0.269273,-0.269273
14107,-0.209434,-0.269273,-0.269273
14108,-0.209434,-0.239354,-0.239354
14109,-0.179515,-0.239354,-0.239354
14110,-0.179515,-0.239354,-0.209434
14111,-0.179515,-0.209434,-0.209434
14112,-0.179515,-0.239354,-0.239354
14113,-0.179515,-0.239354,-0.239354
14114,-0.179515,-0.209434,-0.209434
14115,-0.179515,-0.239354,-0.239354
14116,-0.179515,-0.239354,-0.239354
14117,-0.179515,-0.239354,-0.239354
14118,-0.179515,-0.239354,-0.239354
14119,-0.179515,-0.239354,-0.239354
14120,-0.149596,-0.209434,-0.209434
14121,-0.149596,-0.179515,-0.179515
14122,-0.149596,-0.209434,-0.209434
14123,-0.179515,-0.209434,-0.209434
14124,-0.179515,-0.239354,-0.239354
14125,-0.209434,-0.239354,-0.239354
14126,-0.209434,-0.239354,-0.239354
14127,-0.209434,-0.269273,-0.239354
14128,-0.209434,-0.269273,-0.239354
14129,-0.209434,-0.239354,-0.239354
14130,-0.209434,-0.239354,-0.239354
14131,-0.209434,-0.239354,-0.239354
14132,-0.209434,-0.239354,-0.239354
14133,-0.209434,-0.239354,-0.239354
14134,-0.209434,-0.239354,-0.239354
14135,-0.209434,-0.239354,-0.239354
14136,-0.239354,-0.269273,-0.269273
14137,-0.239354,-0.299192,-0.269273
14138,-0.209434,-0.269273,-0.269273
14139,-0.209434,-0.269273,-0.269273
14140,-0.209434,-0.239354,-0.239354
14141,-0.179515,-0.239354,-0.239354
14142,-0.179515,-0.209434,-0.209434
14143,-0.179515,-0.239354,-0.209434
14144,-0.179515,-0.239354,-0.209434
14145,-0.179515,-0.239354,-0.209434
14146,-0.179515,-0.209434,-0.209434
14147,-0.179515,-0.239354,-0.239354
14148,-0.179515,-0.239354,-0.239354
14149,-0.179515,-0.239354,-0.239354
14150,-0.179515,-0.239354,-0.239354
14151,-0.179515,-0.239354,-0.239354
14152,-0.149596,-0.209434,-0.209434
14153,-0.149596,-0.179515,-0.179515
14154,-0.149596,-0.209434,-0.209434
14155,-0.179515,-0.209434,-0.209434
14156,-0.179515,-0.239354,-0.239354
14157,-0.209434,-0.239354,-0.239354
14158,-0.209434,-0.269273,-0.239354
14159,-0.209434,-0.269273,-0.239354
14160,-0.209434,-0.239354,-0.239354
14161,-0.209434,-0.239354,-0.239354
14162,-0.209434,-0.269273,-0.239354
14163,-0.209434,-0.239354,-0.239354
14164,-0.209434,-0.239354,-0.239354
14165,-0.209434,-0.239354,-0.239354
14166,-0.209434,-0.239354,-0.239354
14167,-0.209434,-0.239354,-0.239354
14168,-0.239354,-0.269273,-0.269273
14169,-0.239354,-0.299192,-0.269273
14170,-0.239354,-0.269273,-0.269273
14171,-0.209434,-0.269273,-0.269273
14172,-0.209434,-0.239354,-0.239354
14173,-0.179515,-0.239354,-0.239354
14174,-0.179515,-0.239354,-0.239354
14175,-0.179515,-0.209434,-0.209434
14176,-0.179515,-0.239354,-0.209434
14177,-0.179515,-0.209434,-0.239354
14178,-0.179515,-0.209434,-0.209434
14179,-0.179515,-0.239354,-0.239354
14180,-0.179515,-0.239354,-0.209434
14181,-0.179515,-0.239354,-0.239354
14182,-0.179515,-0.239354,-0.239354
14183,-0.179515,-0.239354,-0.239354
14184,-0.149596,-0.209434,-0.209434
14185,-0.149596,-0.179515,-0.179515
14186,-0.149596,-0.209434,-0.209434
14187,-0.179515,-0.209434,-0.209434
14188,-0.179515,-0.239354,-0.239354
14189,-0.209434,-0.239354,-0.239354
14190,-0.209434,-0.269273,-0.239354
14191,-0.209434,-0.269273,-0.239354
14192,-0.209434,-0.239354,-0.269273
14193,-0.209434,-0.239354,-0.239354
14194,-0.209434,-0.269273,-0.239354
14195,-0.209434,-0.239354,-0.239354
14196,-0.209434,-0.239354,-0.239354
14197,-0.209434,-0.239354,-0.239354
14198,-0.209434,-0.239354,-0.239354
14199,-0.209434,-0.239354,-0.239354
14200,-0.239354,-0.269273,-0.269273
14201,-0.239354,-0.269273,-0.299192
14202,-0.239354,-0.269273,-0.269273
14203,-0.209434,-0.269273,-0.269273
14204,-0.209434,-0.239354,-0.239354
14205,-0.179515,-0.239354,-0.239354
14206,-0.179515,-0.239354,-0.209434
14207,-0.179515,-0.239354,-0.209434
14208,-0.179515,-0.239354,-0.209434
14209,-0.179515,-0.239354,-0.209434
14210,-0.179515,-0.239354,-0.209434
14211,-0.179515,-0.239354,-0.239354
14212,-0.179515,-0.239354,-0.239354
14213,-0.179515,-0.239354,-0.239354
14214,-0.179515,-0.239354,-0.239354
14215,-0.179515,-0.239354,-0.239354
14216,-0.149596,-0.209434,-0.209434
14217,-0.149596,-0.179515,-0.179515
14218,-0.149596,-0.209434,-0.209434
14219,-0.179515,-0.209434,-0.209434
14220,-0.179515,-0.239354,-0.239354
14221,-0.209434,-0.269273,-0.239354
14222,-0.209434,-0.269273,-0.239354
14223,-0.209434,-0.239354,-0.239354
14224,-0.209434,-0.239354,-0.239354
14225,-0.209434,-0.239354,-0.239354
14226,-0.209434,-0.269273,-0.239354
14227,-0.209434,-0.269273,-0.239354
14228,-0.209434,-0.239354,-0.239354
14229,-0.209434,-0.239354,-0.239354
14230,-0.209434,-0.239354,-0.239354
14231,-0.209434,-0.239354,-0.239354
14232,-0.239354,-0.269273,-0.269273
14233,-0.239354,-0.299192,-0.269273
14234,-0.239354,-0.269273,-0.269273
14235,-0.209434,-0.269273,-0.269273
14236,-0.209434,-0.239354,-0.239354
14237,-0.179515,-0.239354,-0.239354
14238,-0.179515,-0.239354,-0.239354
14239,-0.179515,-0.239354,-0.209434
14240,-0.179515,-0.239354,-0.209434
14241,-0.179515,-0.239354,-0.209434
14242,-0.179515,-0.239354,-0.209434
14243,-0.179515,-0.239354,-0.239354
14244,-0.179515,-0.239354,-0.239354
14245,-0.179515,-0.239354,-0.239354
14246,-0.179515,-0.239354,-0.239354
14247,-0.179515,-0.239354,-0.239354
14248,-0.149596,-0.209434,-0.209434
14249,-0.149596,-0.209434,-0.179515
14250,-0.179515,-0.209434,-0.209434
14251,-0.179515,-0.209434,-0.209434
14252,-0.179515,-0.239354,-0.239354
14253,-0.209434,-0.239354,-0.239354
14254,-0.209434,-0.239354,-0.269273
14255,-0.209434,-0.269273,-0.269273
14256,-0.209434,-0.239354,-0.239354
14257,-0.209434,-0.239354,-0.239354
14258,-0.209434,-0.269273,-0.239354
14259,-0.209434,-0.239354,-0.239354
14260,-0.209434,-0.239354,-0.239354
14261,-0.209434,-0.239354,-0.239354
14262,-0.209434,-0.239354,-0.239354
14263,-0.209434,-0.239354,-0.239354
14264,-0.239354,-0.269273,-0.269273
14265,-0.239354,-0.269273,-0.269273
14266,-0.239354,-0.269273,-0.269273
14267,-0.209434,-0.269273,-0.269273
14268,-0.209434,-0.239354,-0.239354
14269,-0.179515,-0.239354,-0.209434
14270,-0.179515,-0.209434,-0.239354
14271,-0.179515,-0.209434,-0.209434
14272,-0.179515,-0.209434,-0.209434
14273,-0.179515,-0.239354,-0.209434
14274,-0.179515,-0.209434,-0.209434
14275,-0.179515,-0.239354,-0.239354
14276,-0.179515,-0.239354,-0.239354
14277,-0.179515,-0.239354,-0.239354
14278,-0.179515,-0.239354,-0.239354
14279,-0.179515,-0.239354,-0.239354
14280,-0.149596,-0.209434,-0.209434
14281,-0.149596,-0.179515,-0.179515
14282,-0.179515,-0.209434,-0.209434
14283,-0.179515,-0.209434,-0.209434
14284,-0.209434,-0.239354,-0.239354
14285,-0.209434,-0.269273,-0.239354
14286,-0.209434,-0.269273,-0.239354
14287,-0.209434,-0.239354,-0.239354
14288,-0.209434,-0.239354,-0.239354
14289,-0.209434,-0.239354,-0.239354
14290,-0.209434,-0.269273,-0.239354
14291,-0.209434,-0.239354,-0.239354
14292,-0.209434,-0.239354,-0.239354
14293,-0.209434,-0.239354,-0.239354
14294,-0.209434,-0.239354,-0.239354
14295,-0.209434,-0.239354,-0.239354
14296,-0.239354,-0.269273,-0.269273
14297,-0.239354,-0.299192,-0.269273
14298,-0.209434,-0.269273,-0.269273
14299,-0.209434,-0.269273,-0.269273
14300,-0.209434,-0.239354,-0.239354
14301,-0.179515,-0.239354,-0.239354
14302,-0.179515,-0.239354,-0.209434
14303,-0.179515,-0.239354,-0.209434
14304,-0.179515,-0.239354,-0.209434
14305,-0.179515,-0.239354,-0.209434
14306,-0.179515,-0.209434,-0.209434
14307,-0.179515,-0.239354,-0.239354
14308,-0.179515,-0.239354,-0.239354
14309,-0.179515,-0.239354,-0.239354
14310,-0.179515,-0.239354,-0.239354
14311,-0.179515,-0.239354,-0.239354
14312,-0.149596,-0.209434,-0.209434
14313,-0.149596,-0.179515,-0.179515
14314,-0.179515,-0.209434,-0.209434
14315,-0.179515,-0.239354,-0.209434
14316,-0.179515,-0.239354,-0.239354
14317,-0.209434,-0.239354,-0.239354
14318,-0.209434,-0.269273,-0.239354
14319,-0.209434,-0.269273,-0.239354
14320,-0.209434,-0.239354,-0.239354
14321,-0.209434,-0.239354,-0.239354
14322,-0.209434,-0.269273,-0.239354
14323,-0.209434,-0.239354,-0.239354
14324,-0.209434,-0.239354,-0.239354
14325,-0.209434,-0.239354,-0.239354
14326,-0.209434,-0.239354,-0.239354
14327,-0.209434,-0.239354,-0.239354
14328,-0.239354,-0.269273,-0.269273
14329,-0.239354,-0.269273,-0.269273
14330,-0.239354,-0.269273,-0.269273
14331,-0.209434,-0.269273,-0.269273
14332,-0.209434,-0.239354,-0.239354
14333,-0.179515,-0.239354,-0.239354
14334,-0.179515,-0.239354,-0.239354
14335,-0.179515,-0.239354,-0.209434
14336,-0.179515,-0.239354,-0.209434
14337,-0.179515,-0.239354,-0.209434
14338,-0.179515,-0.239354,-0.209434
14339,-0.179515,-0.239354,-0.239354
14340,-0.179515,-0.239354,-0.239354
14341,-0.179515,-0.239354,-0.239354
14342,-0.179515,-0.239354,-0.239354
14343,-0.179515,-0.239354,-0.239354
14344,-0.149596,-0.209434,-0.209434
14345,-0.149596,-0.179515,-0.179515
14346,-0.179515,-0.209434,-0.209434
14347,-0.179515,-0.239354,-0.209434
14348,-0.179515,-0.239354,-0.239354
14349,-0.209434,-0.239354,-0.239354
14350,-0.209434,-0.239354,-0.269273
14351,-0.209434,-0.269273,-0.239354
14352,-0.209434,-0.239354,-0.239354
14353,-0.209434,-0.239354,-0.239354
14354,-0.209434,-0.239354,-0.239354
14355,-0.209434,-0.239354,-0.239354
14356,-0.209434,-0.239354,-0.239354
14357,-0.209434,-0.239354,-0.239354
14358,-0.209434,-0.239354,-0.239354
14359,-0.209434,-0.239354,-0.239354
14360,-0.239354,-0.269273,-0.269273
14361,-0.239354,-0.269273,-0.269273
14362,-0.239354,-0.269273,-0.269273
14363,-0.209434,-0.269273,-0.269273
14364,-0.209434,-0.239354,-0.239354
14365,-0.179515,-0.239354,-0.209434
14366,-0.179515,-0.209434,-0.209434
14367,-0.179515,-0.209434,-0.209434
14368,-0.179515,-0.239354,-0.209434
14369,-0.179515,-0.239354,-0.209434
14370,-0.179515,-0.239354,-0.209434
14371,-0.179515,-0.239354,-0.239354
14372,-0.179515,-0.239354,-0.239354
14373,-0.179515,-0.239354,-0.239354
14374,-0.179515,-0.239354,-0.239354
14375,-0.179515,-0.239354,-0.239354
14376,-0.149596,-0.209434,-0.209434
14377,-0.149596,-0.209434,-0.209434
14378,-0.179515,-0.209434,-0.209434
14379,-0.179515,-0.209434,-0.209434
14380,-0.179515,-0.239354,-0.239354
14381,-0.209434,-0.239354,-0.239354
14382,-0.209434,-0.239354,-0.269273
14383,-0.209434,-0.239354,-0.269273
14384,-0.209434,-0.269273,-0.239354
14385,-0.209434,-0.269273,-0.239354
14386,-0.209434,-0.269273,-0.239354
14387,-0.209434,-0.239354,-0.239354
14388,-0.209434,-0.239354,-0.239354
14389,-0.209434,-0.239354,-0.239354
14390,-0.209434,-0.239354,-0.239354
14391,-0.209434,-0.239354,-0.239354
14392,-0.239354,-0.269273,-0.269273
14393,-0.239354,-0.269273,-0.269273
14394,-0.239354,-0.269273,-0.269273
14395,-0.209434,-0.269273,-0.269273
14396,-0.209434,-0.239354,-0.239354
14397,-0.179515,-0.239354,-0.209434
14398,-0.179515,-0.239354,-0.209434
14399,-0.179515,-0.239354,-0.239354
14400,-0.179515,-0.209434,-0.209434
14401,-0.179515,-0.209434,-0.209434
14402,-0.179515,-0.239354,-0.209434
14403,-0.179515,-0.239354,-0.239354
14404,-0.179515,-0.239354,-0.239354
14405,-0.179515,-0.239354,-0.239354
14406,-0.179515,-0.239354,-0.239354
14407,-0.179515,-0.239354,-0.239354
14408,-0.149596,-0.209434,-0.209434
14409,-0.149596,-0.179515,-0.179515
14410,-0.179515,-0.209434,-0.209434
14411,-0.179515,-0.239354,-0.209434
14412,-0.179515,-0.239354,-0.239354
14413,-0.209434,-0.269273,-0.239354
14414,-0.209434,-0.239354,-0.239354
14415,-0.209434,-0.239354,-0.239354
14416,-0.209434,-0.269273,-0.239354
14417,-0.209434,-0.269273,-0.239354
14418,-0.209434,-0.239354,-0.239354
14419,-0.209434,-0.239354,-0.239354
14420,-0.209434,-0.239354,-0.239354
14421,-0.209434,-0.239354,-0.239354
14422,-0.209434,-0.239354,-0.239354
14423,-0.209434,-0.239354,-0.239354
14424,-0.239354,-0.269273,-0.269273
14425,-0.239354,-0.269273,-0.269273
14426,-0.239354,-0.269273,-0.269273
14427,-0.209434,-0.269273,-0.269273
14428,-0.179515,-0.239354,-0.239354
14429,-0.179515,-0.239354,-0.209434
14430,-0.179515,-0.239354,-0.209434
14431,-0.179515,-0.239354,-0.239354
14432,-0.179515,-0.209434,-0.239354
14433,-0.179515,-0.239354,-0.209434
14434,-0.179515,-0.239354,-0.209434
14435,-0.179515,-0.239354,-0.239354
14436,-0.179515,-0.239354,-0.239354
14437,-0.179515,-0.239354,-0.239354
14438,-0.179515,-0.239354,-0.239354
14439,-0.179515,-0.239354,-0.239354
14440,-0.149596,-0.209434,-0.209434
14441,-0.149596,-0.209434,-0.179515
14442,-0.149596,-0.209434,-0.209434
14443,-0.179515,-0.239354,-0.209434
14444,-0.209434,-0.239354,-0.239354
14445,-0.209434,-0.269273,-0.239354
14446,-0.209434,-0.239354,-0.239354
14447,-0.209434,-0.239354,-0.239354
14448,-0.209434,-0.269273,-0.239354
14449,-0.209434,-0.269273,-0.239354
14450,-0.209434,-0.239354,-0.239354
14451,-0.209434,-0.239354,-0.239354
14452,-0.209434,-0.239354,-0.239354
14453,-0.209434,-0.239354,-0.239354
14454,-0.209434,-0.239354,-0.239354
14455,-0.209434,-0.239354,-0.239354
14456,-0.239354,-0.269273,-0.269273
14457,-0.239354,-0.269273,-0.269273
14458,-0.239354,-0.269273,-0.269273
14459,-0.209434,-0.269273,-0.239354
14460,-0.179515,-0.239354,-0.239354
14461,-0.179515,-0.239354,-0.239354
14462,-0.179515,-0.239354,-0.209434
14463,-0.179515,-0.239354,-0.209434
14464,-0.179515,-0.239354,-0.239354
14465,-0.179515,-0.239354,-0.239354
14466,-0.179515,-0.239354,-0.209434
14467,-0.179515,-0.239354,-0.209434
14468,-0.179515,-0.239354,-0.239354
14469,-0.179515,-0.239354,-0.239354
14470,-0.179515,-0.239354,-0.239354
14471,-0.179515,-0.239354,-0.239354
14472,-0.149596,-0.209434,-0.209434
14473,-0.149596,-0.209434,-0.179515
14474,-0.179515,-0.209434,-0.209434
14475,-0.179515,-0.209434,-0.209434
14476,-0.209434,-0.239354,-0.239354
14477,-0.209434,-0.239354,-0.239354
14478,-0.209434,-0.239354,-0.239354
14479,-0.209434,-0.269273,-0.239354
14480,-0.209434,-0.239354,-0.239354
14481,-0.209434,-0.269273,-0.239354
14482,-0.209434,-0.269273,-0.239354
14483,-0.209434,-0.239354,-0.239354
14484,-0.209434,-0.239354,-0.239354
14485,-0.209434,-0.239354,-0.239354
14486,-0.209434,-0.239354,-0.239354
14487,-0.209434,-0.239354,-0.239354
14488,-0.239354,-0.269273,-0.269273
14489,-0.239354,-0.269273,-0.269273
14490,-0.209434,-0.269273,-0.269273
14491,-0.209434,-0.269273,-0.269273
14492,-0.209434,-0.239354,-0.239354
14493,-0.179515,-0.209434,-0.209434
14494,-0.179515,-0.209434,-0.209434
14495,-0.179515,-0.239354,-0.209434
14496,-0.179515,-0.239354,-0.209434
14497,-0.179515,-0.239354,-0.209434
14498,-0.179515,-0.239354,-0.209434
14499,-0.179515,-0.239354,-0.239354
14500,-0.179515,-0.239354,-0.239354
14501,-0.179515,-0.239354,-0.239354
14502,-0.179515,-0.239354,-0.239354
14503,-0.179515,-0.239354,-0.239354
14504,-0.149596,-0.209434,-0.209434
14505,-0.149596,-0.209434,-0.209434
14506,-0.179515,-0.209434,-0.209434
14507,-0.179515,-0.209434,-0.209434
14508,-0.209434,-0.239354,-0.239354
14509,-0.209434,-0.269273,-0.239354
14510,-0.209434,-0.269273,-0.239354
14511,-0.209434,-0.239354,-0.239354
14512,-0.209434,-0.239354,-0.239354
14513,-0.209434,-0.239354,-0.239354
14514,-0.209434,-0.239354,-0.239354
14515,-0.209434,-0.239354,-0.239354
14516,-0.209434,-0.239354,-0.239354
14517,-0.209434,-0.239354,-0.239354
14518,-0.209434,-0.239354,-0.239354
14519,-0.209434,-0.269273,-0.239354
14520,-0.239354,-0.269273,-0.269273
14521,-0.239354,-0.269273,-0.269273
14522,-0.239354,-0.269273,-0.269273
14523,-0.209434,-0.269273,-0.269273
14524,-0.179515,-0.239354,-0.239354
14525,-0.179515,-0.239354,-0.209434
14526,-0.179515,-0.239354,-0.239354
14527,-0.179515,-0.239354,-0.209434
14528,-0.179515,-0.239354,-0.209434
14529,-0.179515,-0.239354,-0.209434
14530,-0.179515,-0.209434,-0.209434
14531,-0.179515,-0.239354,-0.239354
14532,-0.179515,-0.239354,-0.239354
14533,-0.179515,-0.239354,-0.239354
14534,-0.179515,-0.239354,-0.239354
14535,-0.179515,-0.239354,-0.239354
14536,-0.149596,-0.209434,-0.209434
14537,-0.149596,-0.209434,-0.179515
14538,-0.179515,-0.209434,-0.209434
14539,-0.179515,-0.239354,-0.209434
14540,-0.209434,-0.239354,-0.239354
14541,-0.209434,-0.269273,-0.239354
14542,-0.209434,-0.269273,-0.239354
14543,-0.209434,-0.269273,-0.239354
14544,-0.209434,-0.269273,-0.239354
14545,-0.209434,-0.269273,-0.239354
14546,-0.209434,-0.269273,-0.239354
14547,-0.209434,-0.269273,-0.239354
14548,-0.209434,-0.239354,-0.239354
14549,-0.209434,-0.239354,-0.239354
14550,-0.209434,-0.239354,-0.239354
14551,-0.209434,-0.239354,-0.239354
14552,-0.239354,-0.269273,-0.269273
14553,-0.239354,-0.269273,-0.269273
14554,-0.209434,-0.269273,-0.269273
14555,-0.209434,-0.269273,-0.269273
14556,-0.209434,-0.239354,-0.239354
14557,-0.179515,-0.239354,-0.209434
14558,-0.179515,-0.239354,-0.239354
14559,-0.179515,-0.209434,-0.209434
14560,-0.179515,-0.239354,-0.209434
14561,-0.179515,-0.239354,-0.239354
14562,-0.179515,-0.239354,-0.239354
14563,-0.179515,-0.239354,-0.239354
14564,-0.179515,-0.239354,-0.239354
14565,-0.179515,-0.239354,-0.239354
14566,-0.179515,-0.239354,-0.239354
14567,-0.179515,-0.239354,-0.239354
14568,-0.149596,-0.209434,-0.209434
14569,-0.149596,-0.209434,-0.209434
14570,-0.179515,-0.209434,-0.209434
14571,-0.179515,-0.239354,-0.209434
14572,-0.209434,-0.239354,-0.239354
14573,-0.209434,-0.239354,-0.239354
14574,-0.209434,-0.269273,-0.239354
14575,-0.209434,-0.269273,-0.239354
14576,-0.209434,-0.239354,-0.239354
14577,-0.209434,-0.269273,-0.239354
14578,-0.209434,-0.269273,-0.239354
14579,-0.209434,-0.239354,-0.239354
14580,-0.209434,-0.239354,-0.239354
14581,-0.209434,-0.239354,-0.239354
14582,-0.209434,-0.239354,-0.239354
14583,-0.209434,-0.239354,-0.239354
14584,-0.239354,-0.269273,-0.269273
14585,-0.239354,-0.269273,-0.269273
14586,-0.239354,-0.269273,-0.269273
14587,-0.209434,-0.269273,-0.239354
14588,-0.179515,-0.239354,-0.239354
14589,-0.179515,-0.239354,-0.209434
14590,-0.179515,-0.239354,-0.239354
14591,-0.179515,-0.239354,-0.209434
14592,-0.179515,-0.239354,-0.209434
14593,-0.179515,-0.239354,-0.209434
14594,-0.179515,-0.239354,-0.209434
14595,-0.179515,-0.239354,-0.239354
14596,-0.179515,-0.239354,-0.239354
14597,-0.179515,-0.239354,-0.239354
14598,-0.179515,-0.239354,-0.239354
14599,-0.179515,-0.239354,-0.209434
14600,-0.149596,-0.209434,-0.179515
14601,-0.149596,-0.209434,-0.179515
14602,-0.179515,-0.209434,-0.209434
14603,-0.179515,-0.209434,-0.209434
14604,-0.209434,-0.239354,-0.239354
14605,-0.209434,-0.239354,-0.239354
14606,-0.209434,-0.269273,-0.239354
14607,-0.209434,-0.269273,-0.239354
14608,-0.209434,-0.239354,-0.239354
14609,-0.209434,-0.239354,-0.239354
14610,-0.209434,-0.239354,-0.239354
14611,-0.209434,-0.239354,-0.239354
14612,-0.209434,-0.239354,-0.239354
14613,-0.209434,-0.239354,-0.239354
14614,-0.209434,-0.239354,-0.239354
14615,-0.209434,-0.269273,-0.239354
14616,-0.239354,-0.269273,-0.269273
14617,-0.239354,-0.269273,-0.269273
14618,-0.239354,-0.269273,-0.269273
14619,-0.209434,-0.269273,-0.269273
14620,-0.179515,-0.239354,-0.239354
14621,-0.179515,-0.239354,-0.239354
14622,-0.179515,-0.209434,-0.209434
14623,-0.179515,-0.209434,-0.209434
14624,-0.179515,-0.239354,-0.239354
14625,-0.179515,-0.239354,-0.209434
14626,-0.179515,-0.239354,-0.209434
14627,-0.179515,-0.239354,-0.239354
14628,-0.179515,-0.239354,-0.239354
14629,-0.179515,-0.239354,-0.239354
14630,-0.179515,-0.239354,-0.239354
14631,-0.179515,-0.239354,-0.239354
14632,-0.149596,-0.209434,-0.209434
14633,-0.149596,-0.209434,-0.209434
14634,-0.179515,-0.209434,-0.209434
14635,-0.179515,-0.239354,-0.209434
14636,-0.209434,-0.239354,-0.239354
14637,-0.209434,-0.239354,-0.239354
14638,-0.209434,-0.239354,-0.239354
14639,-0.209434,-0.269273,-0.239354
14640,-0.209434,-0.269273,-0.239354
14641,-0.209434,-0.269273,-0.269273
14642,-0.209434,-0.269273,-0.239354
14643,-0.209434,-0.239354,-0.239354
14644,-0.209434,-0.239354,-0.239354
14645,-0.209434,-0.239354,-0.239354
14646,-0.209434,-0.239354,-0.239354
14647,-0.209434,-0.239354,-0.239354
14648,-0.239354,-0.269273,-0.269273
14649,-0.239354,-0.269273,-0.269273
14650,-0.209434,-0.269273,-0.269273
14651,-0.209434,-0.269273,-0.269273
14652,-0.179515,-0.239354,-0.239354
14653,-0.179515,-0.239354,-0.209434
14654,-0.179515,-0.239354,-0.209434
14655,-0.179515,-0.239354,-0.209434
14656,-0.179515,-0.209434,-0.239354
14657,-0.179515,-0.239354,-0.209434
14658,-0.179515,-0.239354,-0.239354
14659,-0.179515,-0.239354,-0.239354
14660,-0.179515,-0.239354,-0.239354
14661,-0.179515,-0.239354,-0.239354
14662,-0.179515,-0.239354,-0.239354
14663,-0.179515,-0.239354,-0.209434
14664,-0.149596,-0.209434,-0.209434
14665,-0.149596,-0.209434,-0.209434
14666,-0.179515,-0.209434,-0.209434
14667,-0.179515,-0.239354,-0.209434
14668,-0.209434,-0.239354,-0.239354
14669,-0.209434,-0.239354,-0.239354
14670,-0.209434,-0.269273,-0.239354
14671,-0.209434,-0.269273,-0.239354
14672,-0.209434,-0.239354,-0.239354
14673,-0.209434,-0.269273,-0.269273
14674,-0.209434,-0.269273,-0.239354
14675,-0.209434,-0.239354,-0.239354
14676,-0.209434,-0.239354,-0.239354
14677,-0.209434,-0.239354,-0.239354
14678,-0.209434,-0.239354,-0.239354
14679,-0.209434,-0.239354,-0.239354
14680,-0.239354,-0.299192,-0.269273
14681,-0.239354,-0.299192,-0.269273
14682,-0.209434,-0.269273,-0.269273
14683,-0.209434,-0.269273,-0.239354
14684,-0.179515,-0.239354,-0.239354
14685,-0.179515,-0.239354,-0.209434
14686,-0.179515,-0.239354,-0.209434
14687,-0.179515,-0.239354,-0.239354
14688,-0.179515,-0.239354,-0.239354
14689,-0.179515,-0.239354,-0.209434
14690,-0.179515,-0.239354,-0.239354
14691,-0.179515,-0.239354,-0.239354
14692,-0.179515,-0.239354,-0.239354
14693,-0.179515,-0.239354,-0.239354
14694,-0.179515,-0.239354,-0.239354
14695,-0.179515,-0.239354,-0.239354
14696,-0.149596,-0.209434,-0.209434
14697,-0.149596,-0.209434,-0.209434
14698,-0.179515,-0.209434,-0.209434
14699,-0.179515,-0.239354,-0.209434
14700,-0.179515,-0.239354,-0.239354
14701,-0.209434,-0.269273,-0.239354
14702,-0.209434,-0.269273,-0.239354
14703,-0.209434,-0.269273,-0.239354
14704,-0.209434,-0.269273,-0.239354
14705,-0.209434,-0.269273,-0.239354
14706,-0.209434,-0.239354,-0.239354
14707,-0.209434,-0.239354,-0.239354
14708,-0.209434,-0.239354,-0.239354
14709,-0.209434,-0.239354,-0.239354
14710,-0.209434,-0.239354,-0.239354
14711,-0.209434,-0.269273,-0.269273
14712,-0.239354,-0.269273,-0.269273
14713,-0.239354,-0.269273,-0.269273
14714,-0.209434,-0.269273,-0.269273
14715,-0.209434,-0.269273,-0.239354
14716,-0.179515,-0.239354,-0.239354
14717,-0.179515,-0.239354,-0.239354
14718,-0.179515,-0.239354,-0.239354
14719,-0.179515,-0.239354,-0.239354
14720,-0.179515,-0.239354,-0.239354
14721,-0.179515,-0.209434,-0.209434
14722,-0.179515,-0.239354,-0.239354
14723,-0.179515,-0.239354,-0.239354
14724,-0.179515,-0.239354,-0.239354
14725,-0.179515,-0.239354,-0.239354
14726,-0.179515,-0.239354,-0.239354
14727,-0.179515,-0.239354,-0.239354
14728,-0.149596,-0.209434,-0.209434
14729,-0.149596,-0.209434,-0.209434
14730,-0.179515,-0.209434,-0.209434
14731,-0.179515,-0.209434,-0.209434
14732,-0.209434,-0.239354,-0.239354
14733,-0.209434,-0.269273,-0.239354
14734,-0.209434,-0.269273,-0.239354
14735,-0.209434,-0.269273,-0.239354
14736,-0.209434,-0.239354,-0.239354
14737,-0.209434,-0.239354,-0.239354
14738,-0.209434,-0.269273,-0.239354
14739,-0.209434,-0.239354,-0.239354
14740,-0.209434,-0.239354,-0.239354
14741,-0.179515,-0.239354,-0.239354
14742,-0.209434,-0.239354,-0.239354
14743,-0.209434,-0.269273,-0.269273
14744,-0.239354,-0.269273,-0.269273
14745,-0.239354,-0.269273,-0.269273
14746,-0.209434,-0.269273,-0.269273
14747,-0.209434,-0.269273,-0.269273
14748,-0.179515,-0.239354,-0.239354
14749,-0.179515,-0.209434,-0.209434
14750,-0.179515,-0.209434,-0.239354
14751,-0.179515,-0.239354,-0.239354
14752,-0.179515,-0.239354,-0.239354
14753,-0.179515,-0.239354,-0.239354
14754,-0.179515,-0.239354,-0.239354
14755,-0.209434,-0.239354,-0.239354
14756,-0.179515,-0.239354,-0.239354
14757,-0.209434,-0.239354,-0.239354
14758,-0.209434,-0.239354,-0.239354
14759,-0.179515,-0.239354,-0.239354
14760,-0.179515,-0.209434,-0.209434
14761,-0.179515,-0.209434,-0.209434
14762,-0.179515,-0.239354,-0.209434
14763,-0.179515,-0.239354,-0.239354
14764,-0.209434,-0.269273,-0.269273
14765,-0.239354,-0.269273,-0.269273
14766,-0.209434,-0.269273,-0.269273
14767,-0.209434,-0.239354,-0.239354
14768,-0.209434,-0.269273,-0.239354
14769,-0.209434,-0.269273,-0.239354
14770,-0.209434,-0.239354,-0.239354
14771,-0.209434,-0.239354,-0.239354
14772,-0.179515,-0.239354,-0.239354
14773,-0.179515,-0.239354,-0.239354
14774,-0.179515,-0.239354,-0.239354
14775,-0.209434,-0.239354,-0.239354
14776,-0.239354,-0.269273,-0.269273
14777,-0.239354,-0.269273,-0.269273
14778,-0.209434,-0.269273,-0.269273
14779,-0.209434,-0.239354,-0.239354
14780,-0.209434,-0.239354,-0.239354
14781,-0.209434,-0.239354,-0.239354
14782,-0.179515,-0.239354,-0.239354
14783,-0.179515,-0.209434,-0.209434
14784,-0.179515,-0.239354,-0.239354
14785,-0.209434,-0.239354,-0.239354
14786,-0.179515,-0.239354,-0.239354
14787,-0.179515,-0.239354,-0.239354
14788,-0.209434,-0.239354,-0.239354
14789,-0.209434,-0.239354,-0.239354
14790,-0.209434,-0.239354,-0.239354
14791,-0.179515,-0.239354,-0.239354
14792,-0.149596,-0.209434,-0.209434
14793,-0.149596,-0.209434,-0.209434
14794,-0.179515,-0.239354,-0.209434
14795,-0.179515,-0.239354,-0.239354
14796,-0.209434,-0.239354,-0.239354
14797,-0.209434,-0.269273,-0.269273
14798,-0.209434,-0.269273,-0.269273
14799,-0.209434,-0.269273,-0.269273
14800,-0.209434,-0.269273,-0.239354
14801,-0.209434,-0.269273,-0.239354
14802,-0.209434,-0.269273,-0.239354
14803,-0.209434,-0.269273,-0.239354
14804,-0.209434,-0.239354,-0.239354
14805,-0.209434,-0.239354,-0.239354
14806,-0.209434,-0.239354,-0.239354
14807,-0.209434,-0.269273,-0.269273
14808,-0.239354,-0.299192,-0.299192
14809,-0.239354,-0.299192,-0.269273
14810,-0.239354,-0.269273,-0.269273
14811,-0.209434,-0.269273,-0.269273
14812,-0.209434,-0.239354,-0.239354
14813,-0.179515,-0.239354,-0.239354
14814,-0.179515,-0.239354,-0.239354
14815,-0.179515,-0.239354,-0.239354
14816,-0.179515,-0.239354,-0.239354
14817,-0.179515,-0.239354,-0.239354
14818,-0.179515,-0.239354,-0.239354
14819,-0.209434,-0.239354,-0.239354
14820,-0.179515,-0.239354,-0.239354
14821,-0.179515,-0.239354,-0.239354
14822,-0.209434,-0.239354,-0.239354
14823,-0.179515,-0.239354,-0.239354
14824,-0.149596,-0.209434,-0.209434
14825,-0.149596,-0.209434,-0.209434
14826,-0.179515,-0.209434,-0.209434
14827,-0.179515,-0.239354,-0.239354
14828,-0.209434,-0.239354,-0.239354
14829,-0.209434,-0.269273,-0.239354
14830,-0.209434,-0.269273,-0.269273
14831,-0.209434,-0.269273,-0.269273
14832,-0.209434,-0.269273,-0.269273
14833,-0.209434,-0.269273,-0.269273
14834,-0.209434,-0.269273,-0.239354
14835,-0.209434,-0.239354,-0.239354
14836,-0.209434,-0.239354,-0.239354
14837,-0.209434,-0.239354,-0.239354
14838,-0.209434,-0.239354,-0.239354
14839,-0.239354,-0.269273,-0.269273
14840,-0.239354,-0.299192,-0.299192
14841,-0.239354,-0.269273,-0.269273
14842,-0.239354,-0.269273,-0.269273
14843,-0.209434,-0.269273,-0.269273
14844,-0.209434,-0.239354,-0.239354
14845,-0.179515,-0.239354,-0.239354
14846,-0.179515,-0.239354,-0.239354
14847,-0.179515,-0.209434,-0.209434
14848,-0.179515,-0.239354,-0.209434
14849,-0.179515,-0.239354,-0.239354
14850,-0.179515,-0.239354,-0.239354
14851,-0.179515,-0.239354,-0.239354
14852,-0.179515,-0.239354,-0.239354
14853,-0.179515,-0.239354,-0.239354
14854,-0.209434,-0.239354,-0.239354
14855,-0.179515,-0.239354,-0.209434
14856,-0.149596,-0.209434,-0.179515
14857,-0.149596,-0.209434,-0.209434
14858,-0.179515,-0.209434,-0.209434
14859,-0.179515,-0.239354,-0.239354
14860,-0.209434,-0.239354,-0.239354
14861,-0.209434,-0.269273,-0.269273
14862,-0.209434,-0.269273,-0.269273
14863,-0.209434,-0.239354,-0.269273
14864,-0.209434,-0.269273,-0.269273
14865,-0.209434,-0.269273,-0.269273
14866,-0.209434,-0.269273,-0.239354
14867,-0.209434,-0.269273,-0.239354
14868,-0.209434,-0.239354,-0.239354
14869,-0.209434,-0.239354,-0.239354
14870,-0.209434,-0.239354,-0.239354
14871,-0.209434,-0.269273,-0.269273
14872,-0.239354,-0.299192,-0.269273
14873,-0.239354,-0.269273,-0.269273
14874,-0.239354,-0.269273,-0.269273
14875,-0.209434,-0.269273,-0.269273
14876,-0.179515,-0.239354,-0.239354
14877,-0.179515,-0.239354,-0.239354
14878,-0.179515,-0.239354,-0.239354
14879,-0.179515,-0.239354,-0.209434
14880,-0.179515,-0.239354,-0.239354
14881,-0.179515,-0.239354,-0.239354
14882,-0.179515,-0.239354,-0.239354
14883,-0.179515,-0.239354,-0.239354
14884,-0.179515,-0.239354,-0.239354
14885,-0.179515,-0.239354,-0.239354
14886,-0.179515,-0.239354,-0.239354
14887,-0.179515,-0.239354,-0.209434
14888,-0.149596,-0.209434,-0.209434
14889,-0.149596,-0.209434,-0.209434
14890,-0.179515,-0.239354,-0.209434
14891,-0.179515,-0.239354,-0.239354
14892,-0.209434,-0.239354,-0.239354
14893,-0.209434,-0.269273,-0.269273
14894,-0.209434,-0.269273,-0.269273
14895,-0.209434,-0.269273,-0.269273
14896,-0.209434,-0.269273,-0.239354
14897,-0.209434,-0.269273,-0.239354
14898,-0.209434,-0.269273,-0.239354
14899,-0.209434,-0.239354,-0.239354
14900,-0.209434,-0.239354,-0.239354
14901,-0.209434,-0.239354,-0.239354
14902,-0.209434,-0.239354,-0.239354
14903,-0.209434,-0.269273,-0.269273
14904,-0.239354,-0.299192,-0.269273
14905,-0.239354,-0.269273,-0.269273
14906,-0.239354,-0.269273,-0.269273
14907,-0.209434,-0.269273,-0.239354
14908,-0.209434,-0.239354,-0.239354
14909,-0.179515,-0.239354,-0.239354
14910,-0.179515,-0.209434,-0.239354
14911,-0.179515,-0.209434,-0.209434
14912,-0.179515,-0.239354,-0.239354
14913,-0.179515,-0.239354,-0.209434
14914,-0.179515,-0.239354,-0.209434
14915,-0.179515,-0.239354,-0.239354
14916,-0.179515,-0.239354,-0.239354
14917,-0.179515,-0.239354,-0.239354
14918,-0.209434,-0.239354,-0.239354
14919,-0.179515,-0.239354,-0.209434
14920,-0.149596,-0.179515,-0.209434
14921,-0.149596,-0.209434,-0.209434
14922,-0.179515,-0.209434,-0.209434
14923,-0.179515,-0.239354,-0.209434
14924,-0.209434,-0.239354,-0.239354
14925,-0.209434,-0.269273,-0.269273
14926,-0.209434,-0.269273,-0.269273
14927,-0.209434,-0.239354,-0.269273
14928,-0.209434,-0.269273,-0.269273
14929,-0.209434,-0.269273,-0.269273
14930,-0.209434,-0.269273,-0.239354
14931,-0.209434,-0.239354,-0.239354
14932,-0.209434,-0.239354,-0.239354
14933,-0.209434,-0.239354,-0.239354
14934,-0.209434,-0.239354,-0.239354
14935,-0.209434,-0.269273,-0.269273
14936,-0.239354,-0.299192,-0.299192
14937,-0.239354,-0.269273,-0.269273
14938,-0.239354,-0.269273,-0.269273
14939,-0.209434,-0.269273,-0.269273
14940,-0.179515,-0.239354,-0.239354
14941,-0.179515,-0.239354,-0.239354
14942,-0.179515,-0.239354,-0.239354
14943,-0.179515,-0.239354,-0.239354
14944,-0.179515,-0.239354,-0.239354
14945,-0.179515,-0.239354,-0.239354
14946,-0.179515,-0.239354,-0.239354
14947,-0.179515,-0.239354,-0.239354
14948,-0.179515,-0.239354,-0.239354
14949,-0.179515,-0.239354,-0.239354
14950,-0.179515,-0.239354,-0.239354
14951,-0.179515,-0.209434,-0.209434
14952,-0.149596,-0.209434,-0.209434
14953,-0.149596,-0.209434,-0.209434
14954,-0.179515,-0.209434,-0.209434
14955,-0.179515,-0.239354,-0.239354
14956,-0.209434,-0.239354,-0.239354
14957,-0.209434,-0.269273,-0.269273
14958,-0.209434,-0.269273,-0.269273
14959,-0.209434,-0.269273,-0.239354
14960,-0.209434,-0.269273,-0.239354
14961,-0.209434,-0.269273,-0.269273
14962,-0.209434,-0.239354,-0.269273
14963,-0.209434,-0.239354,-0.239354
14964,-0.209434,-0.239354,-0.239354
14965,-0.209434,-0.239354,-0.239354
14966,-0.209434,-0.239354,-0.239354
14967,-0.209434,-0.269273,-0.269273
14968,-0.239354,-0.299192,-0.299192
14969,-0.239354,-0.269273,-0.269273
14970,-0.209434,-0.269273,-0.269273
14971,-0.209434,-0.269273,-0.269273
14972,-0.209434,-0.239354,-0.239354
14973,-0.179515,-0.239354,-0.239354
14974,-0.179515,-0.209434,-0.239354
14975,-0.179515,-0.239354,-0.239354
14976,-0.179515,-0.239354,-0.239354
14977,-0.179515,-0.239354,-0.239354
14978,-0.179515,-0.239354,-0.239354
14979,-0.179515,-0.239354,-0.239354
14980,-0.179515,-0.239354,-0.239354
14981,-0.209434,-0.239354,-0.239354
14982,-0.209434,-0.239354,-0.239354
14983,-0.179515,-0.209434,-0.209434
14984,-0.149596,-0.209434,-0.179515
14985,-0.149596,-0.209434,-0.209434
14986,-0.179515,-0.209434,-0.209434
14987,-0.179515,-0.239354,-0.239354
14988,-0.209434,-0.239354,-0.239354
14989,-0.209434,-0.269273,-0.239354
14990,-0.209434,-0.269273,-0.239354
14991,-0.209434,-0.269273,-0.239354
14992,-0.209434,-0.239354,-0.269273
14993,-0.209434,-0.269273,-0.269273
14994,-0.209434,-0.239354,-0.239354
14995,-0.209434,-0.239354,-0.239354
14996,-0.209434,-0.239354,-0.239354
14997,-0.209434,-0.239354,-0.239354
14998,-0.209434,-0.239354,-0.239354
14999,-0.209434,-0.269273,-0.269273
15000,-0.239354,-0.299192,-0.299192
15001,-0.239354,-0.269273,-0.269273
15002,-0.209434,-0.269273,-0.269273
15003,-0.209434,-0.269273,-0.239354
15004,-0.179515,-0.239354,-0.239354
15005,-0.179515,-0.239354,-0.239354
15006,-0.179515,-0.239354,-0.209434
15007,-0.179515,-0.239354,-0.209434
15008,-0.179515,-0.239354,-0.239354
15009,-0.179515,-0.239354,-0.209434
15010,-0.179515,-0.239354,-0.209434
15011,-0.179515,-0.239354,-0.239354
15012,-0.179515,-0.239354,-0.239354
15013,-0.179515,-0.239354,-0.239354
15014,-0.179515,-0.239354,-0.239354
15015,-0.179515,-0.209434,-0.209434
15016,-0.149596,-0.179515,-0.179515
15017,-0.149596,-0.209434,-0.209434
15018,-0.179515,-0.209434,-0.209434
15019,-0.179515,-0.239354,-0.239354
15020,-0.209434,-0.239354,-0.239354
15021,-0.209434,-0.269273,-0.269273
15022,-0.209434,-0.269273,-0.269273
15023,-0.209434,-0.269273,-0.269273
15024,-0.209434,-0.239354,-0.239354
15025,-0.209434,-0.269273,-0.239354
15026,-0.209434,-0.269273,-0.239354
15027,-0.209434,-0.239354,-0.239354
15028,-0.209434,-0.239354,-0.239354
15029,-0.209434,-0.239354,-0.239354
15030,-0.209434,-0.239354,-0.239354
15031,-0.209434,-0.269273,-0.269273
15032,-0.239354,-0.269273,-0.299192
15033,-0.239354,-0.269273,-0.269273
15034,-0.209434,-0.269273,-0.269273
15035,-0.209434,-0.269273,-0.239354
15036,-0.179515,-0.239354,-0.239354
15037,-0.179515,-0.239354,-0.209434
15038,-0.179515,-0.239354,-0.209434
15039,-0.179515,-0.239354,-0.209434
15040,-0.179515,-0.239354,-0.209434
15041,-0.179515,-0.239354,-0.239354
15042,-0.179515,-0.239354,-0.239354
15043,-0.179515,-0.239354,-0.239354
15044,-0.179515,-0.239354,-0.239354
15045,-0.209434,-0.239354,-0.239354
15046,-0.179515,-0.239354,-0.239354
15047,-0.179515,-0.209434,-0.209434
15048,-0.149596,-0.179515,-0.179515
15049,-0.149596,-0.209434,-0.209434
15050,-0.179515,-0.209434,-0.209434
15051,-0.179515,-0.239354,-0.239354
15052,-0.209434,-0.239354,-0.239354
15053,-0.209434,-0.269273,-0.269273
15054,-0.209434,-0.269273,-0.239354
15055,-0.209434,-0.269273,-0.239354
15056,-0.209434,-0.269273,-0.239354
15057,-0.209434,-0.269273,-0.269273
15058,-0.209434,-0.239354,-0.239354
15059,-0.209434,-0.239354,-0.239354
15060,-0.209434,-0.239354,-0.239354
15061,-0.209434,-0.239354,-0.239354
15062,-0.209434,-0.239354,-0.239354
15063,-0.209434,-0.269273,-0.269273
15064,-0.239354,-0.299192,-0.299192
15065,-0.239354,-0.269273,-0.269273
15066,-0.209434,-0.269273,-0.269273
15067,-0.209434,-0.269273,-0.239354
15068,-0.179515,-0.239354,-0.239354
15069,-0.179515,-0.239354,-0.239354
15070,-0.179515,-0.239354,-0.209434
15071,-0.179515,-0.209434,-0.209434
15072,-0.179515,-0.239354,-0.239354
15073,-0.179515,-0.239354,-0.209434
15074,-0.179515,-0.239354,-0.239354
15075,-0.179515,-0.239354,-0.239354
15076,-0.179515,-0.239354,-0.239354
15077,-0.179515,-0.239354,-0.239354
15078,-0.179515,-0.239354,-0.239354
15079,-0.179515,-0.239354,-0.209434
15080,-0.149596,-0.209434,-0.179515
15081,-0.149596,-0.209434,-0.209434
15082,-0.179515,-0.209434,-0.209434
15083,-0.179515,-0.239354,-0.239354
15084,-0.209434,-0.239354,-0.239354
15085,-0.209434,-0.239354,-0.239354
15086,-0.209434,-0.269273,-0.239354
15087,-0.209434,-0.269273,-0.239354
15088,-0.209434,-0.239354,-0.239354
15089,-0.209434,-0.269273,-0.269273
15090,-0.209434,-0.269273,-0.269273
15091,-0.209434,-0.239354,-0.239354
15092,-0.209434,-0.239354,-0.239354
15093,-0.209434,-0.239354,-0.239354
15094,-0.209434,-0.239354,-0.239354
15095,-0.209434,-0.269273,-0.269273
15096,-0.239354,-0.299192,-0.299192
15097,-0.239354,-0.269273,-0.269273
15098,-0.209434,-0.269273,-0.269273
15099,-0.209434,-0.239354,-0.239354
15100,-0.179515,-0.239354,-0.239354
15101,-0.179515,-0.239354,-0.239354
15102,-0.179515,-0.239354,-0.209434
15103,-0.179515,-0.209434,-0.209434
15104,-0.179515,-0.239354,-0.239354
15105,-0.179515,-0.239354,-0.239354
15106,-0.179515,-0.239354,-0.239354
15107,-0.179515,-0.239354,-0.239354
15108,-0.179515,-0.239354,-0.239354
15109,-0.179515,-0.239354,-0.239354
15110,-0.179515,-0.239354,-0.239354
15111,-0.179515,-0.209434,-0.209434
15112,-0.149596,-0.179515,-0.179515
15113,-0.149596,-0.209434,-0.209434
15114,-0.179515,-0.209434,-0.209434
15115,-0.179515,-0.239354,-0.239354
15116,-0.209434,-0.239354,-0.239354
15117,-0.209434,-0.269273,-0.269273
15118,-0.209434,-0.269273,-0.269273
15119,-0.209434,-0.269273,-0.239354
15120,-0.209434,-0.269273,-0.239354
15121,-0.209434,-0.269273,-0.239354
15122,-0.209434,-0.239354,-0.239354
15123,-0.209434,-0.239354,-0.239354
15124,-0.209434,-0.239354,-0.239354
15125,-0.209434,-0.239354,-0.239354
15126,-0.209434,-0.239354,-0.239354
15127,-0.209434,-0.269273,-0.269273
15128,-0.239354,-0.299192,-0.299192
15129,-0.239354,-0.269273,-0.269273
15130,-0.209434,-0.269273,-0.269273
15131,-0.209434,-0.239354,-0.239354
15132,-0.179515,-0.239354,-0.239354
15133,-0.179515,-0.239354,-0.209434
15134,-0.179515,-0.209434,-0.209434
15135,-0.179515,-0.239354,-0.209434
15136,-0.179515,-0.239354,-0.239354
15137,-0.179515,-0.239354,-0.239354
15138,-0.179515,-0.239354,-0.209434
15139,-0.179515,-0.239354,-0.239354
15140,-0.179515,-0.239354,-0.239354
15141,-0.179515,-0.239354,-0.239354
15142,-0.179515,-0.239354,-0.239354
15143,-0.179515,-0.209434,-0.209434
15144,-0.149596,-0.209434,-0.179515
15145,-0.149596,-0.209434,-0.209434
15146,-0.179515,-0.209434,-0.209434
15147,-0.179515,-0.239354,-0.239354
15148,-0.209434,-0.239354,-0.239354
15149,-0.209434,-0.269273,-0.239354
15150,-0.209434,-0.269273,-0.269273
15151,-0.209434,-0.239354,-0.269273
15152,-0.209434,-0.239354,-0.239354
15153,-0.209434,-0.269273,-0.239354
15154,-0.209434,-0.269273,-0.239354
15155,-0.209434,-0.239354,-0.239354
15156,-0.209434,-0.239354,-0.239354
15157,-0.209434,-0.239354,-0.239354
15158,-0.209434,-0.239354,-0.239354
15159,-0.209434,-0.269273,-0.269273
15160,-0.239354,-0.269273,-0.269273
15161,-0.239354,-0.269273,-0.269273
15162,-0.209434,-0.269273,-0.269273
15163,-0.209434,-0.239354,-0.239354
15164,-0.179515,-0.239354,-0.209434
15165,-0.179515,-0.239354,-0.209434
15166,-0.179515,-0.239354,-0.239354
15167,-0.179515,-0.239354,-0.239354
15168,-0.179515,-0.239354,-0.209434
15169,-0.179515,-0.239354,-0.209434
15170,-0.179515,-0.239354,-0.239354
15171,-0.179515,-0.239354,-0.239354
15172,-0.179515,-0.239354,-0.239354
15173,-0.179515,-0.239354,-0.239354
15174,-0.179515,-0.239354,-0.239354
15175,-0.179515,-0.209434,-0.209434
15176,-0.149596,-0.179515,-0.179515
15177,-0.149596,-0.209434,-0.209434
15178,-0.179515,-0.209434,-0.209434
15179,-0.179515,-0.239354,-0.239354
15180,-0.209434,-0.239354,-0.239354
15181,-0.209434,-0.269273,-0.239354
15182,-0.209434,-0.269273,-0.239354
15183,-0.209434,-0.239354,-0.239354
15184,-0.209434,-0.239354,-0.239354
15185,-0.209434,-0.269273,-0.269273
15186,-0.209434,-0.269273,-0.239354
15187,-0.209434,-0.239354,-0.239354
15188,-0.209434,-0.239354,-0.239354
15189,-0.209434,-0.239354,-0.239354
15190,-0.209434,-0.239354,-0.239354
15191,-0.209434,-0.269273,-0.269273
15192,-0.239354,-0.299192,-0.269273
15193,-0.239354,-0.269273,-0.269273
15194,-0.209434,-0.269273,-0.269273
15195,-0.209434,-0.239354,-0.239354
15196,-0.179515,-0.239354,-0.239354
15197,-0.179515,-0.239354,-0.239354
15198,-0.179515,-0.239354,-0.209434
15199,-0.179515,-0.239354,-0.209434
15200,-0.179515,-0.239354,-0.239354
15201,-0.179515,-0.239354,-0.239354
15202,-0.179515,-0.239354,-0.209434
15203,-0.179515,-0.239354,-0.239354
15204,-0.179515,-0.239354,-0.239354
15205,-0.179515,-0.239354,-0.239354
15206,-0.179515,-0.239354,-0.239354
15207,-0.179515,-0.209434,-0.209434
15208,-0.149596,-0.179515,-0.179515
15209,-0.149596,-0.209434,-0.209434
15210,-0.179515,-0.209434,-0.209434
15211,-0.179515,-0.239354,-0.239354
15212,-0.209434,-0.239354,-0.239354
15213,-0.209434,-0.269273,-0.239354
15214,-0.209434,-0.269273,-0.269273
15215,-0.209434,-0.269273,-0.239354
15216,-0.209434,-0.239354,-0.239354
15217,-0.209434,-0.269273,-0.239354
15218,-0.209434,-0.239354,-0.239354
15219,-0.209434,-0.239354,-0.239354
15220,-0.209434,-0.239354,-0.239354
15221,-0.209434,-0.239354,-0.239354
15222,-0.209434,-0.239354,-0.239354
15223,-0.209434,-0.269273,-0.269273
15224,-0.239354,-0.299192,-0.269273
15225,-0.239354,-0.269273,-0.269273
15226,-0.209434,-0.269273,-0.269273
15227,-0.209434,-0.239354,-0.239354
15228,-0.179515,-0.239354,-0.239354
15229,-0.179515,-0.239354,-0.239354
15230,-0.179515,-0.239354,-0.209434
15231,-0.179515,-0.239354,-0.209434
15232,-0.179515,-0.239354,-0.239354
15233,-0.179515,-0.209434,-0.209434
15234,-0.179515,-0.239354,-0.239354
15235,-0.179515,-0.239354,-0.239354
15236,-0.209434,-0.239354,-0.239354
15237,-0.179515,-0.239354,-0.239354
15238,-0.179515,-0.239354,-0.239354
15239,-0.179515,-0.209434,-0.209434
15240,-0.149596,-0.179515,-0.179515
15241,-0.149596,-0.209434,-0.209434
15242,-0.179515,-0.209434,-0.209434
15243,-0.179515,-0.239354,-0.239354
15244,-0.209434,-0.239354,-0.239354
15245,-0.209434,-0.269273,-0.269273
15246,-0.209434,-0.269273,-0.239354
15247,-0.209434,-0.239354,-0.239354
15248,-0.209434,-0.269273,-0.239354
15249,-0.209434,-0.269273,-0.239354
15250,-0.209434,-0.269273,-0.239354
15251,-0.209434,-0.239354,-0.239354
15252,-0.209434,-0.239354,-0.239354
15253,-0.209434,-0.239354,-0.239354
15254,-0.209434,-0.239354,-0.239354
15255,-0.209434,-0.269273,-0.269273
15256,-0.239354,-0.269273,-0.299192
15257,-0.239354,-0.269273,-0.269273
15258,-0.209434,-0.269273,-0.269273
15259,-0.209434,-0.239354,-0.239354
15260,-0.179515,-0.239354,-0.239354
15261,-0.179515,-0.239354,-0.239354
15262,-0.179515,-0.209434,-0.209434
15263,-0.179515,-0.209434,-0.209434
15264,-0.179515,-0.239354,-0.209434
15265,-0.179515,-0.209434,-0.239354
15266,-0.179515,-0.239354,-0.239354
15267,-0.179515,-0.239354,-0.239354
15268,-0.179515,-0.239354,-0.239354
15269,-0.179515,-0.239354,-0.239354
15270,-0.179515,-0.239354,-0.239354
15271,-0.179515,-0.209434,-0.209434
15272,-0.149596,-0.179515,-0.179515
15273,-0.149596,-0.209434,-0.209434
15274,-0.179515,-0.209434,-0.209434
15275,-0.179515,-0.239354,-0.239354
15276,-0.209434,-0.239354,-0.239354
15277,-0.209434,-0.269273,-0.269273
15278,-0.209434,-0.269273,-0.269273
15279,-0.209434,-0.269273,-0.239354
15280,-0.209434,-0.239354,-0.239354
15281,-0.209434,-0.269273,-0.239354
15282,-0.209434,-0.269273,-0.239354
15283,-0.209434,-0.239354,-0.239354
15284,-0.209434,-0.239354,-0.239354
15285,-0.209434,-0.239354,-0.239354
15286,-0.209434,-0.239354,-0.239354
15287,-0.209434,-0.269273,-0.269273
15288,-0.239354,-0.299192,-0.269273
15289,-0.239354,-0.269273,-0.269273
15290,-0.209434,-0.269273,-0.269273
15291,-0.209434,-0.239354,-0.239354
15292,-0.179515,-0.239354,-0.239354
15293,-0.179515,-0.239354,-0.239354
15294,-0.179515,-0.239354,-0.209434
15295,-0.179515,-0.239354,-0.209434
15296,-0.179515,-0.239354,-0.209434
15297,-0.179515,-0.239354,-0.209434
15298,-0.179515,-0.239354,-0.209434
15299,-0.179515,-0.239354,-0.239354
15300,-0.179515,-0.239354,-0.239354
15301,-0.179515,-0.239354,-0.239354
15302,-0.179515,-0.239354,-0.239354
15303,-0.179515,-0.209434,-0.209434
15304,-0.149596,-0.209434,-0.179515
15305,-0.149596,-0.209434,-0.209434
15306,-0.179515,-0.209434,-0.209434
15307,-0.179515,-0.239354,-0.239354
15308,-0.209434,-0.239354,-0.239354
15309,-0.209434,-0.269273,-0.269273
15310,-0.209434,-0.269273,-0.239354
15311,-0.209434,-0.269273,-0.239354
15312,-0.209434,-0.269273,-0.239354
15313,-0.209434,-0.239354,-0.239354
15314,-0.209434,-0.269273,-0.239354
15315,-0.209434,-0.239354,-0.239354
15316,-0.209434,-0.239354,-0.239354
15317,-0.209434,-0.239354,-0.239354
15318,-0.209434,-0.239354,-0.239354
15319,-0.209434,-0.269273,-0.269273
15320,-0.239354,-0.269273,-0.269273
15321,-0.239354,-0.269273,-0.269273
15322,-0.209434,-0.269273,-0.269273
15323,-0.209434,-0.239354,-0.239354
15324,-0.179515,-0.239354,-0.239354
15325,-0.179515,-0.239354,-0.239354
15326,-0.179515,-0.239354,-0.209434
15327,-0.179515,-0.239354,-0.209434
15328,-0.179515,-0.239354,-0.239354
15329,-0.179515,-0.239354,-0.239354
15330,-0.179515,-0.239354,-0.239354
15331,-0.179515,-0.239354,-0.239354
15332,-0.179515,-0.239354,-0.239354
15333,-0.179515,-0.239354,-0.239354
15334,-0.179515,-0.239354,-0.239354
15335,-0.179515,-0.209434,-0.209434
15336,-0.149596,-0.209434,-0.179515
15337,-0.149596,-0.209434,-0.209434
15338,-0.179515,-0.209434,-0.209434
15339,-0.179515,-0.239354,-0.239354
15340,-0.209434,-0.239354,-0.239354
15341,-0.209434,-0.269273,-0.269273
15342,-0.209434,-0.269273,-0.239354
15343,-0.209434,-0.269273,-0.269273
15344,-0.209434,-0.239354,-0.269273
15345,-0.209434,-0.269273,-0.239354
15346,-0.209434,-0.269273,-0.239354
15347,-0.209434,-0.239354,-0.239354
15348,-0.209434,-0.239354,-0.239354
15349,-0.209434,-0.239354,-0.239354
15350,-0.209434,-0.239354,-0.239354
15351,-0.209434,-0.269273,-0.269273
15352,-0.239354,-0.269273,-0.269273
15353,-0.239354,-0.269273,-0.269273
15354,-0.209434,-0.269273,-0.269273
15355,-0.209434,-0.239354,-0.239354
15356,-0.179515,-0.239354,-0.239354
15357,-0.179515,-0.239354,-0.239354
15358,-0.179515,-0.239354,-0.209434
15359,-0.179515,-0.209434,-0.209434
15360,-0.179515,-0.239354,-0.239354
15361,-0.179515,-0.239354,-0.209434
15362,-0.179515,-0.239354,-0.239354
15363,-0.179515,-0.239354,-0.239354
15364,-0.179515,-0.239354,-0.239354
15365,-0.179515,-0.239354,-0.239354
15366,-0.179515,-0.239354,-0.239354
15367,-0.179515,-0.209434,-0.209434
15368,-0.149596,-0.209434,-0.179515
15369,-0.149596,-0.209434,-0.209434
15370,-0.179515,-0.209434,-0.209434
15371,-0.179515,-0.239354,-0.239354
15372,-0.209434,-0.239354,-0.239354
15373,-0.209434,-0.269273,-0.239354
15374,-0.209434,-0.269273,-0.269273
15375,-0.209434,-0.269273,-0.239354
15376,-0.209434,-0.269273,-0.239354
15377,-0.209434,-0.269273,-0.239354
15378,-0.209434,-0.239354,-0.239354
15379,-0.209434,-0.239354,-0.239354
15380,-0.209434,-0.239354,-0.239354
15381,-0.209434,-0.239354,-0.239354
15382,-0.209434,-0.239354,-0.239354
15383,-0.239354,-0.269273,-0.269273
15384,-0.239354,-0.269273,-0.269273
15385,-0.239354,-0.269273,-0.269273
15386,-0.209434,-0.269273,-0.269273
15387,-0.209434,-0.239354,-0.239354
15388,-0.179515,-0.239354,-0.239354
15389,-0.179515,-0.239354,-0.239354
15390,-0.179515,-0.239354,-0.239354
15391,-0.179515,-0.209434,-0.209434
15392,-0.179515,-0.239354,-0.239354
15393,-0.179515,-0.239354,-0.209434
15394,-0.179515,-0.239354,-0.209434
15395,-0.179515,-0.239354,-0.239354
15396,-0.179515,-0.239354,-0.239354
15397,-0.179515,-0.239354,-0.239354
15398,-0.179515,-0.239354,-0.239354
15399,-0.179515,-0.209434,-0.209434
15400,-0.149596,-0.179515,-0.179515
15401,-0.179515,-0.209434,-0.209434
15402,-0.179515,-0.209434,-0.209434
15403,-0.179515,-0.239354,-0.239354
15404,-0.209434,-0.239354,-0.269273
15405,-0.209434,-0.269273,-0.239354
15406,-0.209434,-0.239354,-0.239354
15407,-0.209434,-0.269273,-0.269273
15408,-0.209434,-0.269273,-0.239354
15409,-0.209434,-0.269273,-0.239354
15410,-0.209434,-0.239354,-0.239354
15411,-0.209434,-0.239354,-0.239354
15412,-0.209434,-0.239354,-0.239354
15413,-0.209434,-0.239354,-0.239354
15414,-0.209434,-0.239354,-0.239354
15415,-0.209434,-0.269273,-0.269273
15416,-0.239354,-0.299192,-0.269273
15417,-0.239354,-0.269273,-0.269273
15418,-0.209434,-0.269273,-0.269273
15419,-0.209434,-0.239354,-0.239354
15420,-0.179515,-0.239354,-0.239354
15421,-0.179515,-0.239354,-0.239354
15422,-0.179515,-0.239354,-0.209434
15423,-0.179515,-0.239354,-0.209434
15424,-0.179515,-0.209434,-0.209434
15425,-0.179515,-0.239354,-0.209434
15426,-0.179515,-0.239354,-0.209434
15427,-0.179515,-0.239354,-0.239354
15428,-0.179515,-0.239354,-0.239354
15429,-0.179515,-0.239354,-0.239354
15430,-0.179515,-0.239354,-0.239354
15431,-0.149596,-0.209434,-0.209434
15432,-0.149596,-0.179515,-0.179515
15433,-0.149596,-0.209434,-0.209434
15434,-0.179515,-0.209434,-0.209434
15435,-0.179515,-0.239354,-0.239354
15436,-0.209434,-0.239354,-0.239354
15437,-0.209434,-0.269273,-0.239354
15438,-0.209434,-0.269273,-0.239354
15439,-0.209434,-0.269273,-0.239354
15440,-0.209434,-0.239354,-0.239354
15441,-0.209434,-0.269273,-0.239354
15442,-0.209434,-0.239354,-0.239354
15443,-0.209434,-0.239354,-0.239354
15444,-0.209434,-0.239354,-0.239354
15445,-0.209434,-0.239354,-0.239354
15446,-0.209434,-0.239354,-0.239354
15447,-0.209434,-0.269273,-0.269273
15448,-0.239354,-0.269273,-0.269273
15449,-0.239354,-0.269273,-0.269273
15450,-0.209434,-0.269273,-0.269273
15451,-0.209434,-0.239354,-0.239354
15452,-0.179515,-0.209434,-0.239354
15453,-0.179515,-0.239354,-0.209434
15454,-0.179515,-0.239354,-0.209434
15455,-0.179515,-0.209434,-0.209434
15456,-0.179515,-0.239354,-0.209434
15457,-0.179515,-0.239354,-0.209434
15458,-0.179515,-0.239354,-0.239354
15459,-0.179515,-0.239354,-0.239354
15460,-0.179515,-0.239354,-0.239354
15461,-0.179515,-0.239354,-0.239354
15462,-0.179515,-0.239354,-0.239354
15463,-0.149596,-0.209434,-0.209434
15464,-0.149596,-0.209434,-0.179515
15465,-0.149596,-0.209434,-0.209434
15466,-0.179515,-0.209434,-0.209434
15467,-0.179515,-0.239354,-0.239354
15468,-0.209434,-0.239354,-0.239354
15469,-0.209434,-0.269273,-0.269273
15470,-0.209434,-0.269273,-0.269273
15471,-0.209434,-0.239354,-0.239354
15472,-0.209434,-0.269273,-0.239354
15473,-0.209434,-0.269273,-0.239354
15474,-0.209434,-0.239354,-0.239354
15475,-0.209434,-0.239354,-0.239354
15476,-0.209434,-0.239354,-0.239354
15477,-0.209434,-0.239354,-0.239354
15478,-0.209434,-0.239354,-0.239354
15479,-0.209434,-0.269273,-0.269273
15480,-0.239354,-0.299192,-0.269273
15481,-0.239354,-0.269273,-0.269273
15482,-0.209434,-0.269273,-0.269273
15483,-0.209434,-0.239354,-0.239354
15484,-0.179515,-0.239354,-0.239354
15485,-0.179515,-0.239354,-0.209434
15486,-0.179515,-0.239354,-0.209434
15487,-0.179515,-0.209434,-0.209434
15488,-0.179515,-0.239354,-0.239354
15489,-0.179515,-0.239354,-0.209434
15490,-0.179515,-0.239354,-0.239354
15491,-0.179515,-0.239354,-0.239354
15492,-0.179515,-0.239354,-0.239354
15493,-0.179515,-0.239354,-0.239354
15494,-0.179515,-0.239354,-0.239354
15495,-0.179515,-0.209434,-0.209434
15496,-0.149596,-0.179515,-0.179515
15497,-0.149596,-0.209434,-0.209434
15498,-0.179515,-0.209434,-0.209434
15499,-0.179515,-0.239354,-0.239354
15500,-0.209434,-0.269273,-0.239354
15501,-0.209434,-0.269273,-0.239354
15502,-0.209434,-0.239354,-0.239354
15503,-0.209434,-0.239354,-0.239354
15504,-0.209434,-0.239354,-0.239354
15505,-0.209434,-0.269273,-0.269273
15506,-0.209434,-0.269273,-0.239354
15507,-0.209434,-0.239354,-0.239354
15508,-0.209434,-0.239354,-0.239354
15509,-0.209434,-0.239354,-0.239354
15510,-0.209434,-0.239354,-0.239354
15511,-0.239354,-0.269273,-0.269273
15512,-0.239354,-0.299192,-0.269273
15513,-0.209434,-0.269273,-0.269273
15514,-0.209434,-0.269273,-0.269273
15515,-0.209434,-0.239354,-0.239354
15516,-0.179515,-0.239354,-0.209434
15517,-0.179515,-0.239354,-0.209434
15518,-0.179515,-0.239354,-0.209434
15519,-0.179515,-0.239354,-0.209434
15520,-0.179515,-0.239354,-0.209434
15521,-0.179515,-0.209434,-0.209434
15522,-0.179515,-0.239354,-0.239354
15523,-0.179515,-0.239354,-0.239354
15524,-0.179515,-0.239354,-0.239354
15525,-0.179515,-0.239354,-0.239354
15526,-0.179515,-0.239354,-0.239354
15527,-0.149596,-0.209434,-0.209434
15528,-0.149596,-0.209434,-0.179515
15529,-0.149596,-0.209434,-0.209434
15530,-0.179515,-0.209434,-0.209434
15531,-0.179515,-0.239354,-0.239354
15532,-0.209434,-0.239354,-0.239354
15533,-0.209434,-0.269273,-0.269273
15534,-0.209434,-0.239354,-0.269273
15535,-0.209434,-0.239354,-0.239354
15536,-0.209434,-0.269273,-0.239354
15537,-0.209434,-0.269273,-0.239354
15538,-0.209434,-0.239354,-0.239354
15539,-0.209434,-0.239354,-0.239354
15540,-0.209434,-0.239354,-0.239354
15541,-0.209434,-0.239354,-0.239354
15542,-0.209434,-0.239354,-0.239354
15543,-0.239354,-0.269273,-0.269273
15544,-0.239354,-0.299192,-0.269273
15545,-0.239354,-0.269273,-0.269273
15546,-0.209434,-0.269273,-0.269273
15547,-0.209434,-0.239354,-0.239354
15548,-0.179515,-0.239354,-0.239354
15549,-0.179515,-0.239354,-0.209434
15550,-0.179515,-0.209434,-0.209434
15551,-0.179515,-0.209434,-0.209434
15552,-0.179515,-0.239354,-0.239354
15553,-0.179515,-0.239354,-0.209434
15554,-0.179515,-0.239354,-0.209434
15555,-0.179515,-0.239354,-0.239354
15556,-0.179515,-0.239354,-0.239354
15557,-0.179515,-0.239354,-0.239354
15558,-0.179515,-0.239354,-0.239354
15559,-0.149596,-0.209434,-0.209434
15560,-0.149596,-0.209434,-0.179515
15561,-0.179515,-0.209434,-0.209434
15562,-0.179515,-0.209434,-0.209434
15563,-0.179515,-0.239354,-0.239354
15564,-0.209434,-0.239354,-0.239354
15565,-0.209434,-0.269273,-0.239354
15566,-0.209434,-0.239354,-0.239354
15567,-0.209434,-0.239354,-0.269273
15568,-0.209434,-0.239354,-0.239354
15569,-0.209434,-0.239354,-0.269273
15570,-0.209434,-0.269273,-0.239354
15571,-0.209434,-0.239354,-0.239354
15572,-0.209434,-0.239354,-0.239354
15573,-0.209434,-0.239354,-0.239354
15574,-0.209434,-0.239354,-0.239354
15575,-0.239354,-0.269273,-0.269273
15576,-0.239354,-0.269273,-0.269273
15577,-0.209434,-0.269273,-0.269273
15578,-0.209434,-0.269273,-0.269273
15579,-0.209434,-0.239354,-0.239354
15580,-0.179515,-0.239354,-0.239354
15581,-0.179515,-0.239354,-0.239354
15582,-0.179515,-0.209434,-0.209434
15583,-0.179515,-0.239354,-0.209434
15584,-0.179515,-0.239354,-0.209434
15585,-0.179515,-0.209434,-0.209434
15586,-0.179515,-0.239354,-0.239354
15587,-0.179515,-0.239354,-0.239354
15588,-0.179515,-0.239354,-0.239354
15589,-0.179515,-0.239354,-0.239354
15590,-0.179515,-0.239354,-0.209434
15591,-0.149596,-0.209434,-0.209434
15592,-0.149596,-0.209434,-0.209434
15593,-0.149596,-0.209434,-0.209434
15594,-0.179515,-0.209434,-0.209434
15595,-0.179515,-0.239354,-0.239354
15596,-0.209434,-0.269273,-0.239354
15597,-0.209434,-0.239354,-0.239354
15598,-0.209434,-0.269273,-0.239354
15599,-0.209434,-0.239354,-0.239354
15600,-0.209434,-0.269273,-0.239354
15601,-0.209434,-0.269273,-0.239354
15602,-0.209434,-0.239354,-0.239354
15603,-0.209434,-0.239354,-0.239354
15604,-0.209434,-0.239354,-0.239354
15605,-0.209434,-0.239354,-0.239354
15606,-0.209434,-0.239354,-0.239354
15607,-0.209434,-0.269273,-0.269273
15608,-0.239354,-0.299192,-0.269273
15609,-0.239354,-0.269273,-0.269273
15610,-0.209434,-0.269273,-0.269273
15611,-0.209434,-0.239354,-0.239354
15612,-0.179515,-0.239354,-0.239354
15613,-0.179515,-0.239354,-0.239354
15614,-0.179515,-0.239354,-0.209434
15615,-0.179515,-0.209434,-0.239354
15616,-0.179515,-0.209434,-0.239354
15617,-0.179515,-0.209434,-0.209434
15618,-0.179515,-0.209434,-0.239354
15619,-0.179515,-0.239354,-0.239354
15620,-0.179515,-0.239354,-0.239354
15621,-0.179515,-0.239354,-0.239354
15622,-0.179515,-0.239354,-0.239354
15623,-0.149596,-0.209434,-0.209434
15624,-0.149596,-0.179515,-0.179515
15625,-0.149596,-0.209434,-0.209434
15626,-0.179515,-0.209434,-0.209434
15627,-0.209434,-0.239354,-0.239354
15628,-0.209434,-0.239354,-0.239354
15629,-0.209434,-0.239354,-0.269273
15630,-0.209434,-0.239354,-0.239354
15631,-0.209434,-0.239354,-0.239354
15632,-0.209434,-0.239354,-0.239354
15633,-0.209434,-0.269273,-0.269273
15634,-0.209434,-0.239354,-0.239354
15635,-0.209434,-0.239354,-0.239354
15636,-0.209434,-0.239354,-0.239354
15637,-0.209434,-0.239354,-0.239354
15638,-0.209434,-0.239354,-0.239354
15639,-0.239354,-0.269273,-0.269273
15640,-0.239354,-0.269273,-0.269273
15641,-0.239354,-0.269273,-0.269273
15642,-0.209434,-0.269273,-0.269273
15643,-0.209434,-0.239354,-0.239354
15644,-0.179515,-0.239354,-0.239354
15645,-0.179515,-0.239354,-0.209434
15646,-0.179515,-0.239354,-0.209434
15647,-0.179515,-0.209434,-0.209434
15648,-0.179515,-0.209434,-0.209434
15649,-0.179515,-0.209434,-0.209434
15650,-0.179515,-0.239354,-0.239354
15651,-0.179515,-0.239354,-0.239354
15652,-0.179515,-0.239354,-0.209434
15653,-0.179515,-0.239354,-0.239354
15654,-0.179515,-0.239354,-0.239354
15655,-0.149596,-0.209434,-0.209434
15656,-0.149596,-0.209434,-0.179515
15657,-0.149596,-0.209434,-0.209434
15658,-0.179515,-0.209434,-0.209434
15659,-0.179515,-0.239354,-0.239354
15660,-0.209434,-0.239354,-0.269273
15661,-0.209434,-0.269273,-0.269273
15662,-0.209434,-0.239354,-0.239354
15663,-0.209434,-0.239354,-0.239354
15664,-0.209434,-0.269273,-0.239354
15665,-0.209434,-0.239354,-0.239354
15666,-0.209434,-0.239354,-0.239354
15667,-0.209434,-0.239354,-0.239354
15668,-0.209434,-0.239354,-0.239354
15669,-0.209434,-0.239354,-0.239354
15670,-0.209434,-0.239354,-0.239354
15671,-0.239354,-0.269273,-0.269273
15672,-0.239354,-0.269273,-0.269273
15673,-0.209434,-0.269273,-0.269273
15674,-0.209434,-0.269273,-0.269273
15675,-0.209434,-0.239354,-0.239354
15676,-0.179515,-0.239354,-0.239354
15677,-0.179515,-0.239354,-0.209434
15678,-0.179515,-0.239354,-0.239354
15679,-0.179515,-0.239354,-0.239354
15680,-0.179515,-0.209434,-0.209434
15681,-0.179515,-0.209434,-0.209434
15682,-0.179515,-0.239354,-0.239354
15683,-0.179515,-0.239354,-0.239354
15684,-0.179515,-0.239354,-0.239354
15685,-0.179515,-0.239354,-0.239354
15686,-0.179515,-0.239354,-0.239354
15687,-0.149596,-0.209434,-0.209434
15688,-0.149596,-0.179515,-0.179515
15689,-0.179515,-0.209434,-0.209434
15690,-0.179515,-0.209434,-0.209434
15691,-0.179515,-0.239354,-0.239354
15692,-0.209434,-0.269273,-0.239354
15693,-0.209434,-0.269273,-0.239354
15694,-0.209434,-0.239354,-0.239354
15695,-0.209434,-0.239354,-0.239354
15696,-0.209434,-0.239354,-0.239354
15697,-0.209434,-0.269273,-0.269273
15698,-0.209434,-0.239354,-0.239354
15699,-0.209434,-0.239354,-0.239354
15700,-0.209434,-0.239354,-0.239354
15701,-0.209434,-0.239354,-0.239354
15702,-0.209434,-0.239354,-0.239354
15703,-0.239354,-0.269273,-0.269273
15704,-0.239354,-0.269273,-0.269273
15705,-0.239354,-0.269273,-0.269273
15706,-0.209434,-0.269273,-0.269273
15707,-0.209434,-0.239354,-0.239354
15708,-0.179515,-0.239354,-0.239354
15709,-0.179515,-0.239354,-0.209434
15710,-0.179515,-0.209434,-0.209434
15711,-0.179515,-0.239354,-0.239354
15712,-0.179515,-0.209434,-0.239354
15713,-0.179515,-0.209434,-0.209434
15714,-0.179515,-0.239354,-0.239354
15715,-0.179515,-0.239354,-0.239354
15716,-0.179515,-0.239354,-0.239354
15717,-0.179515,-0.239354,-0.239354
15718,-0.179515,-0.239354,-0.239354
15719,-0.149596,-0.209434,-0.209434
15720,-0.149596,-0.209434,-0.179515
15721,-0.149596,-0.209434,-0.209434
15722,-0.179515,-0.209434,-0.209434
15723,-0.209434,-0.239354,-0.239354
15724,-0.209434,-0.239354,-0.239354
15725,-0.209434,-0.239354,-0.239354
15726,-0.209434,-0.269273,-0.239354
15727,-0.209434,-0.269273,-0.269273
15728,-0.209434,-0.239354,-0.239354
15729,-0.209434,-0.269273,-0.239354
15730,-0.209434,-0.269273,-0.239354
15731,-0.209434,-0.239354,-0.239354
15732,-0.209434,-0.239354,-0.239354
15733,-0.209434,-0.239354,-0.239354
15734,-0.209434,-0.239354,-0.239354
15735,-0.239354,-0.269273,-0.269273
15736,-0.239354,-0.269273,-0.269273
15737,-0.239354,-0.269273,-0.269273
15738,-0.209434,-0.269273,-0.269273
15739,-0.209434,-0.239354,-0.239354
15740,-0.179515,-0.239354,-0.239354
15741,-0.179515,-0.239354,-0.209434
15742,-0.179515,-0.239354,-0.209434
15743,-0.179515,-0.239354,-0.209434
15744,-0.179515,-0.239354,-0.239354
15745,-0.179515,-0.239354,-0.239354
15746,-0.179515,-0.239354,-0.239354
15747,-0.179515,-0.239354,-0.239354
15748,-0.179515,-0.239354,-0.239354
15749,-0.179515,-0.239354,-0.239354
15750,-0.179515,-0.239354,-0.239354
15751,-0.149596,-0.209434,-0.209434
15752,-0.149596,-0.179515,-0.179515
15753,-0.179515,-0.209434,-0.209434
15754,-0.179515,-0.209434,-0.209434
15755,-0.209434,-0.239354,-0.239354
15756,-0.209434,-0.239354,-0.239354
15757,-0.209434,-0.269273,-0.239354
15758,-0.209434,-0.269273,-0.239354
15759,-0.209434,-0.239354,-0.239354
15760,-0.209434,-0.269273,-0.269273
15761,-0.209434,-0.239354,-0.239354
15762,-0.209434,-0.239354,-0.239354
15763,-0.209434,-0.239354,-0.239354
15764,-0.209434,-0.239354,-0.239354
15765,-0.209434,-0.239354,-0.239354
15766,-0.209434,-0.239354,-0.239354
15767,-0.239354,-0.269273,-0.269273
15768,-0.239354,-0.269273,-0.269273
15769,-0.209434,-0.269273,-0.269273
15770,-0.209434,-0.269273,-0.269273
15771,-0.209434,-0.239354,-0.239354
15772,-0.179515,-0.239354,-0.239354
15773,-0.179515,-0.209434,-0.209434
15774,-0.179515,-0.209434,-0.209434
15775,-0.179515,-0.239354,-0.209434
15776,-0.179515,-0.239354,-0.209434
15777,-0.179515,-0.239354,-0.209434
15778,-0.179515,-0.239354,-0.209434
15779,-0.179515,-0.239354,-0.239354
15780,-0.179515,-0.239354,-0.239354
15781,-0.179515,-0.239354,-0.239354
15782,-0.179515,-0.239354,-0.239354
15783,-0.149596,-0.209434,-0.209434
15784,-0.149596,-0.209434,-0.179515
15785,-0.179515,-0.209434,-0.209434
15786,-0.179515,-0.209434,-0.209434
15787,-0.209434,-0.239354,-0.239354
15788,-0.209434,-0.239354,-0.239354
15789,-0.209434,-0.269273,-0.269273
15790,-0.209434,-0.239354,-0.239354
15791,-0.209434,-0.239354,-0.239354
15792,-0.209434,-0.239354,-0.239354
15793,-0.209434,-0.269273,-0.239354
15794,-0.209434,-0.239354,-0.239354
15795,-0.209434,-0.239354,-0.239354
15796,-0.209434,-0.239354,-0.239354
15797,-0.209434,-0.239354,-0.239354
15798,-0.209434,-0.239354,-0.239354
15799,-0.239354,-0.269273,-0.269273
15800,-0.239354,-0.299192,-0.269273
15801,-0.209434,-0.269273,-0.269273
15802,-0.209434,-0.269273,-0.269273
15803,-0.209434,-0.239354,-0.239354
15804,-0.179515,-0.209434,-0.239354
15805,-0.179515,-0.239354,-0.209434
15806,-0.179515,-0.239354,-0.209434
15807,-0.179515,-0.239354,-0.239354
15808,-0.179515,-0.239354,-0.209434
15809,-0.179515,-0.239354,-0.209434
15810,-0.179515,-0.239354,-0.239354
15811,-0.179515,-0.239354,-0.239354
15812,-0.179515,-0.239354,-0.239354
15813,-0.179515,-0.239354,-0.239354
15814,-0.179515,-0.239354,-0.239354
15815,-0.149596,-0.209434,-0.209434
15816,-0.149596,-0.209434,-0.209434
15817,-0.179515,-0.209434,-0.209434
15818,-0.179515,-0.209434,-0.209434
15819,-0.179515,-0.239354,-0.239354
15820,-0.209434,-0.239354,-0.239354
15821,-0.209434,-0.239354,-0.239354
15822,-0.209434,-0.269273,-0.239354
15823,-0.209434,-0.239354,-0.239354
15824,-0.209434,-0.269273,-0.239354
15825,-0.209434,-0.269273,-0.239354
15826,-0.209434,-0.239354,-0.239354
15827,-0.209434,-0.239354,-0.239354
15828,-0.209434,-0.239354,-0.239354
15829,-0.209434,-0.239354,-0.239354
15830,-0.209434,-0.239354,-0.239354
15831,-0.239354,-0.269273,-0.269273
15832,-0.239354,-0.269273,-0.269273
15833,-0.209434,-0.269273,-0.269273
15834,-0.209434,-0.269273,-0.269273
15835,-0.209434,-0.239354,-0.239354
15836,-0.179515,-0.239354,-0.239354
15837,-0.179515,-0.239354,-0.209434
15838,-0.179515,-0.209434,-0.209434
15839,-0.179515,-0.239354,-0.239354
15840,-0.179515,-0.239354,-0.209434
15841,-0.179515,-0.239354,-0.209434
15842,-0.179515,-0.239354,-0.239354
15843,-0.179515,-0.239354,-0.239354
15844,-0.179515,-0.239354,-0.239354
15845,-0.179515,-0.239354,-0.239354
15846,-0.179515,-0.239354,-0.239354
15847,-0.149596,-0.209434,-0.209434
15848,-0.149596,-0.209434,-0.209434
15849,-0.179515,-0.209434,-0.209434
15850,-0.179515,-0.239354,-0.209434
15851,-0.209434,-0.239354,-0.239354
15852,-0.209434,-0.239354,-0.239354
15853,-0.209434,-0.269273,-0.239354
15854,-0.209434,-0.269273,-0.239354
15855,-0.209434,-0.239354,-0.239354
15856,-0.209434,-0.269273,-0.239354
15857,-0.209434,-0.269273,-0.239354
15858,-0.209434,-0.239354,-0.239354
15859,-0.209434,-0.239354,-0.239354
15860,-0.209434,-0.239354,-0.239354
15861,-0.209434,-0.239354,-0.239354
15862,-0.209434,-0.239354,-0.239354
15863,-0.239354,-0.269273,-0.269273
15864,-0.239354,-0.269273,-0.269273
15865,-0.209434,-0.269273,-0.269273
15866,-0.209434,-0.269273,-0.269273
15867,-0.209434,-0.239354,-0.239354
15868,-0.179515,-0.239354,-0.209434
15869,-0.179515,-0.239354,-0.209434
15870,-0.179515,-0.209434,-0.209434
15871,-0.179515,-0.239354,-0.209434
15872,-0.179515,-0.239354,-0.239354
15873,-0.179515,-0.239354,-0.209434
15874,-0.179515,-0.239354,-0.239354
15875,-0.179515,-0.239354,-0.239354
15876,-0.179515,-0.239354,-0.239354
15877,-0.209434,-0.239354,-0.239354
15878,-0.179515,-0.239354,-0.239354
15879,-0.149596,-0.209434,-0.209434
15880,-0.149596,-0.209434,-0.209434
15881,-0.179515,-0.209434,-0.209434
15882,-0.179515,-0.239354,-0.209434
15883,-0.209434,-0.239354,-0.239354
15884,-0.209434,-0.239354,-0.239354
15885,-0.209434,-0.269273,-0.239354
15886,-0.209434,-0.269273,-0.239354
15887,-0.209434,-0.239354,-0.239354
15888,-0.209434,-0.269273,-0.239354
15889,-0.209434,-0.269273,-0.239354
15890,-0.209434,-0.239354,-0.239354
15891,-0.209434,-0.239354,-0.239354
15892,-0.209434,-0.239354,-0.239354
15893,-0.209434,-0.239354,-0.239354
15894,-0.209434,-0.239354,-0.239354
15895,-0.239354,-0.269273,-0.269273
15896,-0.239354,-0.269273,-0.269273
15897,-0.209434,-0.269273,-0.269273
15898,-0.209434,-0.269273,-0.269273
15899,-0.209434,-0.239354,-0.239354
15900,-0.179515,-0.239354,-0.239354
15901,-0.179515,-0.209434,-0.209434
15902,-0.179515,-0.239354,-0.209434
15903,-0.179515,-0.239354,-0.209434
15904,-0.179515,-0.239354,-0.209434
15905,-0.179515,-0.239354,-0.239354
15906,-0.179515,-0.239354,-0.239354
15907,-0.179515,-0.239354,-0.239354
15908,-0.179515,-0.239354,-0.239354
15909,-0.179515,-0.239354,-0.239354
15910,-0.179515,-0.239354,-0.239354
15911,-0.149596,-0.209434,-0.209434
15912,-0.149596,-0.209434,-0.209434
15913,-0.149596,-0.209434,-0.209434
15914,-0.179515,-0.209434,-0.209434
15915,-0.179515,-0.239354,-0.239354
15916,-0.209434,-0.239354,-0.239354
15917,-0.209434,-0.239354,-0.239354
15918,-0.209434,-0.239354,-0.239354
15919,-0.209434,-0.269273,-0.239354
15920,-0.209434,-0.239354,-0.239354
15921,-0.209434,-0.239354,-0.239354
15922,-0.209434,-0.239354,-0.239354
15923,-0.209434,-0.239354,-0.239354
15924,-0.209434,-0.239354,-0.239354
15925,-0.209434,-0.239354,-0.239354
15926,-0.209434,-0.239354,-0.239354
15927,-0.239354,-0.269273,-0.269273
15928,-0.239354,-0.269273,-0.269273
15929,-0.209434,-0.269273,-0.269273
15930,-0.209434,-0.269273,-0.269273
15931,-0.209434,-0.239354,-0.239354
15932,-0.179515,-0.239354,-0.209434
15933,-0.179515,-0.239354,-0.239354
15934,-0.179515,-0.209434,-0.239354
15935,-0.179515,-0.239354,-0.209434
15936,-0.179515,-0.209434,-0.209434
15937,-0.179515,-0.239354,-0.239354
15938,-0.179515,-0.239354,-0.239354
15939,-0.179515,-0.239354,-0.239354
15940,-0.179515,-0.239354,-0.239354
15941,-0.179515,-0.239354,-0.239354
15942,-0.179515,-0.239354,-0.239354
15943,-0.149596,-0.179515,-0.209434
15944,-0.149596,-0.209434,-0.209434
15945,-0.179515,-0.209434,-0.209434
15946,-0.179515,-0.209434,-0.209434
15947,-0.209434,-0.239354,-0.239354
15948,-0.209434,-0.239354,-0.239354
15949,-0.209434,-0.269273,-0.239354
15950,-0.209434,-0.269273,-0.239354
15951,-0.209434,-0.239354,-0.239354
15952,-0.209434,-0.239354,-0.239354
15953,-0.209434,-0.269273,-0.239354
15954,-0.209434,-0.239354,-0.239354
15955,-0.209434,-0.239354,-0.239354
15956,-0.209434,-0.239354,-0.239354
15957,-0.209434,-0.239354,-0.239354
15958,-0.209434,-0.239354,-0.239354
15959,-0.239354,-0.269273,-0.269273
15960,-0.239354,-0.269273,-0.269273
15961,-0.209434,-0.269273,-0.269273
15962,-0.209434,-0.269273,-0.239354
15963,-0.209434,-0.239354,-0.239354
15964,-0.179515,-0.239354,-0.209434
15965,-0.179515,-0.209434,-0.209434
15966,-0.179515,-0.239354,-0.209434
15967,-0.179515,-0.239354,-0.209434
15968,-0.179515,-0.239354,-0.209434
15969,-0.179515,-0.239354,-0.209434
15970,-0.179515,-0.239354,-0.239354
15971,-0.179515,-0.239354,-0.239354
15972,-0.179515,-0.239354,-0.239354
15973,-0.179515,-0.239354,-0.239354
15974,-0.179515,-0.239354,-0.239354
15975,-0.149596,-0.209434,-0.209434
15976,-0.149596,-0.209434,-0.179515
15977,-0.149596,-0.209434,-0.209434
15978,-0.179515,-0.239354,-0.209434
15979,-0.209434,-0.239354,-0.239354
15980,-0.209434,-0.269273,-0.239354
15981,-0.209434,-0.269273,-0.239354
15982,-0.209434,-0.269273,-0.239354
15983,-0.209434,-0.239354,-0.239354
15984,-0.209434,-0.239354,-0.269273
15985,-0.209434,-0.269273,-0.239354
15986,-0.209434,-0.239354,-0.239354
15987,-0.209434,-0.239354,-0.239354
15988,-0.209434,-0.239354,-0.239354
15989,-0.209434,-0.239354,-0.239354
15990,-0.209434,-0.239354,-0.239354
15991,-0.239354,-0.269273,-0.269273
15992,-0.239354,-0.269273,-0.269273
15993,-0.209434,-0.269273,-0.269273
15994,-0.209434,-0.269273,-0.269273
15995,-0.179515,-0.239354,-0.239354
15996,-0.179515,-0.239354,-0.239354
15997,-0.179515,-0.209434,-0.209434
15998,-0.179515,-0.209434,-0.209434
15999,-0.179515,-0.239354,-0.209434
16000,-0.179515,-0.209434,-0.239354
16001,-0.179515,-0.209434,-0.209434
16002,-0.179515,-0.239354,-0.239354
16003,-0.179515,-0.239354,-0.239354
16004,-0.179515,-0.239354,-0.239354
16005,-0.179515,-0.239354,-0.239354
16006,-0.179515,-0.239354,-0.239354
16007,-0.149596,-0.209434,-0.209434
16008,-0.149596,-0.209434,-0.209434
16009,-0.179515,-0.209434,-0.209434
16010,-0.179515,-0.209434,-0.209434
16011,-0.209434,-0.239354,-0.239354
16012,-0.209434,-0.269273,-0.239354
16013,-0.209434,-0.269273,-0.239354
16014,-0.209434,-0.239354,-0.269273
16015,-0.209434,-0.269273,-0.239354
16016,-0.209434,-0.269273,-0.239354
16017,-0.209434,-0.239354,-0.239354
16018,-0.209434,-0.239354,-0.239354
16019,-0.209434,-0.239354,-0.239354
16020,-0.209434,-0.239354,-0.239354
16021,-0.209434,-0.239354,-0.239354
16022,-0.209434,-0.239354,-0.239354
16023,-0.239354,-0.269273,-0.269273
16024,-0.239354,-0.269273,-0.269273
16025,-0.209434,-0.269273,-0.269273
16026,-0.209434,-0.269273,-0.269273
16027,-0.209434,-0.239354,-0.239354
16028,-0.179515,-0.239354,-0.209434
16029,-0.179515,-0.239354,-0.239354
16030,-0.179515,-0.209434,-0.209434
16031,-0.179515,-0.239354,-0.209434
16032,-0.179515,-0.209434,-0.239354
16033,-0.179515,-0.209434,-0.209434
16034,-0.179515,-0.239354,-0.239354
16035,-0.179515,-0.239354,-0.239354
16036,-0.179515,-0.239354,-0.239354
16037,-0.179515,-0.239354,-0.239354
16038,-0.179515,-0.239354,-0.239354
16039,-0.149596,-0.209434,-0.209434
16040,-0.149596,-0.209434,-0.209434
16041,-0.179515,-0.209434,-0.209434
16042,-0.179515,-0.209434,-0.209434
16043,-0.209434,-0.239354,-0.239354
16044,-0.209434,-0.239354,-0.239354
16045,-0.209434,-0.269273,-0.239354
16046,-0.209434,-0.239354,-0.239354
16047,-0.209434,-0.239354,-0.239354
16048,-0.209434,-0.269273,-0.239354
16049,-0.209434,-0.269273,-0.239354
16050,-0.209434,-0.239354,-0.239354
16051,-0.209434,-0.239354,-0.239354
16052,-0.209434,-0.239354,-0.239354
16053,-0.209434,-0.239354,-0.239354
16054,-0.209434,-0.239354,-0.239354
16055,-0.239354,-0.269273,-0.269273
16056,-0.239354,-0.269273,-0.269273
16057,-0.209434,-0.269273,-0.269273
16058,-0.209434,-0.269273,-0.239354
16059,-0.179515,-0.239354,-0.239354
16060,-0.179515,-0.239354,-0.239354
16061,-0.179515,-0.239354,-0.209434
16062,-0.179515,-0.239354,-0.209434
16063,-0.179515,-0.239354,-0.239354
16064,-0.179515,-0.239354,-0.209434
16065,-0.179515,-0.239354,-0.209434
16066,-0.179515,-0.239354,-0.239354
16067,-0.179515,-0.239354,-0.239354
16068,-0.179515,-0.239354,-0.239354
16069,-0.179515,-0.239354,-0.239354
16070,-0.179515,-0.239354,-0.209434
16071,-0.149596,-0.209434,-0.179515
16072,-0.149596,-0.209434,-0.179515
16073,-0.179515,-0.239354,-0.209434
16074,-0.179515,-0.239354,-0.239354
16075,-0.209434,-0.239354,-0.239354
16076,-0.209434,-0.269273,-0.239354
16077,-0.209434,-0.269273,-0.239354
16078,-0.209434,-0.269273,-0.269273
16079,-0.209434,-0.269273,-0.269273
16080,-0.209434,-0.269273,-0.239354
16081,-0.209434,-0.269273,-0.239354
16082,-0.209434,-0.269273,-0.239354
16083,-0.209434,-0.269273,-0.269273
16084,-0.209434,-0.269273,-0.269273
16085,-0.209434,-0.239354,-0.239354
16086,-0.209434,-0.239354,-0.239354
16087,-0.239354,-0.269273,-0.269273
16088,-0.239354,-0.299192,-0.269273
16089,-0.209434,-0.269273,-0.269273
16090,-0.209434,-0.239354,-0.239354
16091,-0.179515,-0.239354,-0.239354
16092,-0.179515,-0.239354,-0.209434
16093,-0.179515,-0.209434,-0.209434
16094,-0.179515,-0.209434,-0.209434
16095,-0.179515,-0.209434,-0.209434
16096,-0.179515,-0.209434,-0.209434
16097,-0.179515,-0.209434,-0.209434
16098,-0.179515,-0.239354,-0.239354
16099,-0.179515,-0.239354,-0.239354
16100,-0.209434,-0.239354,-0.239354
16101,-0.209434,-0.239354,-0.239354
16102,-0.179515,-0.239354,-0.209434
16103,-0.149596,-0.209434,-0.179515
16104,-0.149596,-0.209434,-0.209434
16105,-0.179515,-0.209434,-0.209434
16106,-0.179515,-0.239354,-0.239354
16107,-0.209434,-0.269273,-0.239354
16108,-0.209434,-0.269273,-0.269273
16109,-0.209434,-0.269273,-0.239354
16110,-0.209434,-0.269273,-0.239354
16111,-0.209434,-0.269273,-0.239354
16112,-0.209434,-0.269273,-0.269273
16113,-0.209434,-0.239354,-0.239354
16114,-0.209434,-0.239354,-0.239354
16115,-0.209434,-0.239354,-0.239354
16116,-0.209434,-0.239354,-0.239354
16117,-0.209434,-0.239354,-0.239354
16118,-0.209434,-0.239354,-0.239354
16119,-0.239354,-0.269273,-0.269273
16120,-0.239354,-0.269273,-0.269273
16121,-0.209434,-0.269273,-0.269273
16122,-0.209434,-0.269273,-0.239354
16123,-0.209434,-0.239354,-0.239354
16124,-0.179515,-0.209434,-0.209434
16125,-0.179515,-0.209434,-0.209434
16126,-0.179515,-0.239354,-0.209434
16127,-0.179515,-0.239354,-0.209434
16128,-0.179515,-0.239354,-0.209434
16129,-0.179515,-0.239354,-0.239354
16130,-0.179515,-0.239354,-0.239354
16131,-0.179515,-0.239354,-0.239354
16132,-0.179515,-0.239354,-0.239354
16133,-0.179515,-0.239354,-0.239354
16134,-0.179515,-0.239354,-0.239354
16135,-0.149596,-0.209434,-0.209434
16136,-0.149596,-0.209434,-0.209434
16137,-0.179515,-0.209434,-0.209434
16138,-0.179515,-0.239354,-0.209434
16139,-0.209434,-0.239354,-0.239354
16140,-0.209434,-0.269273,-0.239354
16141,-0.209434,-0.269273,-0.269273
16142,-0.239354,-0.269273,-0.269273
16143,-0.209434,-0.269273,-0.239354
16144,-0.209434,-0.269273,-0.239354
16145,-0.209434,-0.239354,-0.239354
16146,-0.209434,-0.239354,-0.239354
16147,-0.209434,-0.239354,-0.239354
16148,-0.209434,-0.239354,-0.239354
16149,-0.179515,-0.239354,-0.239354
16150,-0.209434,-0.239354,-0.239354
16151,-0.239354,-0.269273,-0.269273
16152,-0.239354,-0.269273,-0.269273
16153,-0.209434,-0.269273,-0.269273
16154,-0.209434,-0.269273,-0.239354
16155,-0.179515,-0.239354,-0.239354
16156,-0.179515,-0.239354,-0.209434
16157,-0.179515,-0.209434,-0.209434
16158,-0.179515,-0.209434,-0.209434
16159,-0.179515,-0.239354,-0.239354
16160,-0.179515,-0.239354,-0.209434
16161,-0.179515,-0.209434,-0.209434
16162,-0.179515,-0.239354,-0.239354
16163,-0.179515,-0.239354,-0.239354
16164,-0.179515,-0.239354,-0.239354
16165,-0.179515,-0.239354,-0.239354
16166,-0.179515,-0.239354,-0.209434
16167,-0.149596,-0.209434,-0.179515
16168,-0.149596,-0.209434,-0.209434
16169,-0.179515,-0.209434,-0.209434
16170,-0.179515,-0.239354,-0.209434
16171,-0.209434,-0.239354,-0.239354
16172,-0.209434,-0.239354,-0.239354
16173,-0.209434,-0.239354,-0.239354
16174,-0.209434,-0.269273,-0.239354
16175,-0.209434,-0.239354,-0.239354
16176,-0.209434,-0.269273,-0.239354
16177,-0.209434,-0.269273,-0.239354
16178,-0.209434,-0.239354,-0.239354
16179,-0.209434,-0.239354,-0.239354
16180,-0.209434,-0.239354,-0.239354
16181,-0.209434,-0.239354,-0.239354
16182,-0.209434,-0.269273,-0.239354
16183,-0.239354,-0.269273,-0.269273
16184,-0.239354,-0.269273,-0.269273
16185,-0.209434,-0.269273,-0.269273
16186,-0.209434,-0.239354,-0.239354
16187,-0.179515,-0.239354,-0.239354
16188,-0.179515,-0.239354,-0.239354
16189,-0.179515,-0.239354,-0.209434
16190,-0.179515,-0.239354,-0.209434
16191,-0.179515,-0.239354,-0.209434
16192,-0.179515,-0.209434,-0.209434
16193,-0.179515,-0.239354,-0.209434
16194,-0.179515,-0.239354,-0.239354
16195,-0.179515,-0.239354,-0.239354
16196,-0.179515,-0.239354,-0.239354
16197,-0.179515,-0.239354,-0.239354
16198,-0.179515,-0.239354,-0.209434
16199,-0.149596,-0.209434,-0.179515
16200,-0.149596,-0.209434,-0.209434
16201,-0.179515,-0.209434,-0.209434
16202,-0.179515,-0.239354,-0.209434
16203,-0.209434,-0.239354,-0.239354
16204,-0.209434,-0.269273,-0.239354
16205,-0.209434,-0.239354,-0.239354
16206,-0.209434,-0.269273,-0.239354
16207,-0.209434,-0.239354,-0.269273
16208,-0.209434,-0.269273,-0.239354
16209,-0.209434,-0.269273,-0.239354
16210,-0.209434,-0.239354,-0.239354
16211,-0.209434,-0.239354,-0.239354
16212,-0.209434,-0.239354,-0.239354
16213,-0.209434,-0.239354,-0.239354
16214,-0.209434,-0.269273,-0.239354
16215,-0.239354,-0.269273,-0.269273
16216,-0.239354,-0.269273,-0.269273
16217,-0.209434,-0.269273,-0.269273
16218,-0.209434,-0.269273,-0.269273
16219,-0.179515,-0.239354,-0.239354
16220,-0.179515,-0.239354,-0.209434
16221,-0.179515,-0.209434,-0.209434
16222,-0.179515,-0.209434,-0.209434
16223,-0.179515,-0.239354,-0.239354
16224,-0.179515,-0.239354,-0.239354
16225,-0.179515,-0.209434,-0.209434
16226,-0.179515,-0.239354,-0.209434
16227,-0.179515,-0.239354,-0.239354
16228,-0.179515,-0.239354,-0.239354
16229,-0.179515,-0.239354,-0.239354
16230,-0.179515,-0.239354,-0.209434
16231,-0.149596,-0.179515,-0.179515
16232,-0.149596,-0.209434,-0.179515
16233,-0.179515,-0.209434,-0.209434
16234,-0.179515,-0.239354,-0.209434
16235,-0.209434,-0.239354,-0.239354
16236,-0.209434,-0.239354,-0.269273
16237,-0.209434,-0.269273,-0.239354
16238,-0.209434,-0.269273,-0.239354
16239,-0.209434,-0.269273,-0.239354
16240,-0.209434,-0.269273,-0.239354
16241,-0.209434,-0.239354,-0.239354
16242,-0.209434,-0.239354,-0.239354
16243,-0.209434,-0.239354,-0.239354
16244,-0.209434,-0.239354,-0.239354
16245,-0.209434,-0.239354,-0.239354
16246,-0.209434,-0.239354,-0.239354
16247,-0.239354,-0.299192,-0.269273
16248,-0.239354,-0.269273,-0.269273
16249,-0.209434,-0.269273,-0.269273
16250,-0.209434,-0.269273,-0.239354
16251,-0.179515,-0.239354,-0.239354
16252,-0.179515,-0.239354,-0.239354
16253,-0.179515,-0.239354,-0.209434
16254,-0.179515,-0.239354,-0.209434
16255,-0.179515,-0.239354,-0.239354
16256,-0.179515,-0.239354,-0.209434
16257,-0.179515,-0.239354,-0.209434
16258,-0.179515,-0.239354,-0.239354
16259,-0.179515,-0.239354,-0.239354
16260,-0.179515,-0.239354,-0.239354
16261,-0.179515,-0.239354,-0.239354
16262,-0.179515,-0.209434,-0.209434
16263,-0.149596,-0.179515,-0.209434
16264,-0.149596,-0.209434,-0.209434
16265,-0.179515,-0.209434,-0.209434
16266,-0.179515,-0.239354,-0.209434
16267,-0.209434,-0.239354,-0.239354
16268,-0.209434,-0.269273,-0.239354
16269,-0.209434,-0.239354,-0.239354
16270,-0.209434,-0.269273,-0.239354
16271,-0.209434,-0.269273,-0.239354
16272,-0.209434,-0.269273,-0.239354
16273,-0.209434,-0.239354,-0.239354
16274,-0.209434,-0.239354,-0.239354
16275,-0.209434,-0.239354,-0.239354
16276,-0.209434,-0.239354,-0.239354
16277,-0.209434,-0.239354,-0.239354
16278,-0.209434,-0.269273,-0.269273
16279,-0.239354,-0.269273,-0.269273
16280,-0.239354,-0.269273,-0.269273
16281,-0.209434,-0.269273,-0.269273
16282,-0.209434,-0.239354,-0.269273
16283,-0.179515,-0.239354,-0.239354
16284,-0.179515,-0.239354,-0.209434
16285,-0.179515,-0.239354,-0.239354
16286,-0.179515,-0.239354,-0.209434
16287,-0.179515,-0.239354,-0.209434
16288,-0.179515,-0.239354,-0.239354
16289,-0.179515,-0.239354,-0.239354
16290,-0.179515,-0.239354,-0.239354
16291,-0.179515,-0.239354,-0.239354
16292,-0.179515,-0.239354,-0.239354
16293,-0.179515,-0.239354,-0.239354
16294,-0.179515,-0.239354,-0.209434
16295,-0.149596,-0.179515,-0.179515
16296,-0.149596,-0.209434,-0.179515
16297,-0.179515,-0.209434,-0.209434
16298,-0.179515,-0.239354,-0.239354
16299,-0.209434,-0.239354,-0.239354
16300,-0.209434,-0.269273,-0.269273
16301,-0.209434,-0.269273,-0.269273
16302,-0.209434,-0.269273,-0.239354
16303,-0.209434,-0.269273,-0.269273
16304,-0.209434,-0.269273,-0.239354
16305,-0.209434,-0.239354,-0.239354
16306,-0.209434,-0.239354,-0.239354
16307,-0.209434,-0.239354,-0.239354
16308,-0.209434,-0.239354,-0.239354
16309,-0.209434,-0.239354,-0.239354
16310,-0.209434,-0.269273,-0.269273
16311,-0.239354,-0.299192,-0.299192
16312,-0.239354,-0.269273,-0.269273
16313,-0.209434,-0.269273,-0.269273
16314,-0.209434,-0.269273,-0.269273
16315,-0.179515,-0.239354,-0.239354
16316,-0.179515,-0.239354,-0.239354
16317,-0.179515,-0.239354,-0.209434
16318,-0.179515,-0.239354,-0.209434
16319,-0.179515,-0.239354,-0.239354
16320,-0.179515,-0.239354,-0.209434
16321,-0.179515,-0.239354,-0.209434
16322,-0.179515,-0.239354,-0.239354
16323,-0.209434,-0.239354,-0.239354
16324,-0.179515,-0.239354,-0.239354
16325,-0.179515,-0.239354,-0.239354
16326,-0.179515,-0.209434,-0.209434
16327,-0.149596,-0.209434,-0.179515
16328,-0.149596,-0.209434,-0.209434
16329,-0.179515,-0.209434,-0.209434
16330,-0.179515,-0.239354,-0.239354
16331,-0.209434,-0.239354,-0.239354
16332,-0.209434,-0.239354,-0.239354
16333,-0.209434,-0.269273,-0.269273
16334,-0.209434,-0.269273,-0.239354
16335,-0.209434,-0.269273,-0.239354
16336,-0.209434,-0.269273,-0.239354
16337,-0.209434,-0.239354,-0.269273
16338,-0.209434,-0.239354,-0.239354
16339,-0.209434,-0.239354,-0.239354
16340,-0.209434,-0.239354,-0.239354
16341,-0.209434,-0.239354,-0.239354
16342,-0.209434,-0.269273,-0.269273
16343,-0.239354,-0.269273,-0.269273
16344,-0.239354,-0.269273,-0.269273
16345,-0.209434,-0.269273,-0.269273
16346,-0.209434,-0.269273,-0.239354
16347,-0.179515,-0.239354,-0.239354
16348,-0.179515,-0.239354,-0.239354
16349,-0.179515,-0.239354,-0.209434
16350,-0.179515,-0.239354,-0.209434
16351,-0.179515,-0.239354,-0.239354
16352,-0.179515,-0.239354,-0.239354
16353,-0.179515,-0.239354,-0.209434
16354,-0.179515,-0.239354,-0.239354
16355,-0.179515,-0.239354,-0.239354
16356,-0.179515,-0.239354,-0.239354
16357,-0.179515,-0.239354,-0.239354
16358,-0.179515,-0.209434,-0.209434
16359,-0.149596,-0.179515,-0.179515
16360,-0.149596,-0.209434,-0.209434
16361,-0.179515,-0.209434,-0.209434
16362,-0.179515,-0.239354,-0.239354
16363,-0.209434,-0.239354,-0.239354
16364,-0.209434,-0.239354,-0.239354
16365,-0.209434,-0.269273,-0.269273
16366,-0.209434,-0.269273,-0.239354
16367,-0.209434,-0.269273,-0.239354
16368,-0.209434,-0.269273,-0.239354
16369,-0.209434,-0.239354,-0.239354
16370,-0.209434,-0.239354,-0.239354
16371,-0.209434,-0.239354,-0.239354
16372,-0.209434,-0.239354,-0.239354
16373,-0.209434,-0.239354,-0.239354
16374,-0.209434,-0.269273,-0.269273
16375,-0.239354,-0.269273,-0.269273
16376,-0.239354,-0.269273,-0.269273
16377,-0.209434,-0.269273,-0.269273
16378,-0.209434,-0.269273,-0.239354
16379,-0.179515,-0.239354,-0.239354
16380,-0.179515,-0.239354,-0.239354
16381,-0.179515,-0.209434,-0.239354
16382,-0.179515,-0.239354,-0.209434
16383,-0.179515,-0.209434,-0.239354
16384,-0.179515,-0.239354,-0.209434
16385,-0.179515,-0.239354,-0.209434
16386,-0.179515,-0.239354,-0.239354
16387,-0.179515,-0.239354,-0.239354
16388,-0.179515,-0.239354,-0.239354
16389,-0.179515,-0.239354,-0.239354
16390,-0.179515,-0.209434,-0.209434
16391,-0.149596,-0.179515,-0.179515
16392,-0.149596,-0.209434,-0.209434
16393,-0.179515,-0.209434,-0.209434
16394,-0.179515,-0.239354,-0.209434
16395,-0.209434,-0.239354,-0.239354
16396,-0.209434,-0.239354,-0.239354
16397,-0.209434,-0.269273,-0.239354
16398,-0.209434,-0.269273,-0.239354
16399,-0.209434,-0.239354,-0.239354
16400,-0.209434,-0.239354,-0.239354
16401,-0.209434,-0.239354,-0.239354
16402,-0.209434,-0.239354,-0.239354
16403,-0.209434,-0.239354,-0.239354
16404,-0.209434,-0.239354,-0.239354
16405,-0.209434,-0.239354,-0.239354
16406,-0.209434,-0.269273,-0.269273
16407,-0.239354,-0.299192,-0.269273
16408,-0.239354,-0.269273,-0.269273
16409,-0.209434,-0.269273,-0.269273
16410,-0.209434,-0.269273,-0.239354
16411,-0.179515,-0.239354,-0.239354
16412,-0.179515,-0.239354,-0.239354
16413,-0.179515,-0.209434,-0.209434
16414,-0.179515,-0.239354,-0.239354
16415,-0.179515,-0.239354,-0.239354
16416,-0.179515,-0.209434,-0.209434
16417,-0.179515,-0.239354,-0.239354
16418,-0.179515,-0.239354,-0.239354
16419,-0.179515,-0.239354,-0.239354
16420,-0.179515,-0.239354,-0.239354
16421,-0.179515,-0.239354,-0.239354
16422,-0.179515,-0.209434,-0.209434
16423,-0.149596,-0.179515,-0.179515
16424,-0.149596,-0.209434,-0.209434
16425,-0.179515,-0.209434,-0.209434
16426,-0.179515,-0.239354,-0.239354
16427,-0.209434,-0.239354,-0.239354
16428,-0.209434,-0.269273,-0.239354
16429,-0.209434,-0.269273,-0.239354
16430,-0.209434,-0.269273,-0.239354
16431,-0.209434,-0.269273,-0.269273
16432,-0.209434,-0.269273,-0.239354
16433,-0.209434,-0.239354,-0.239354
16434,-0.209434,-0.239354,-0.239354
16435,-0.209434,-0.239354,-0.239354
16436,-0.209434,-0.239354,-0.239354
16437,-0.209434,-0.239354,-0.239354
16438,-0.209434,-0.269273,-0.269273
16439,-0.239354,-0.299192,-0.269273
16440,-0.239354,-0.269273,-0.269273
16441,-0.209434,-0.269273,-0.269273
16442,-0.209434,-0.269273,-0.239354
16443,-0.179515,-0.239354,-0.239354
16444,-0.179515,-0.209434,-0.239354
16445,-0.179515,-0.239354,-0.209434
16446,-0.179515,-0.209434,-0.209434
16447,-0.179515,-0.209434,-0.209434
16448,-0.179515,-0.239354,-0.209434
16449,-0.179515,-0.239354,-0.209434
16450,-0.179515,-0.239354,-0.209434
16451,-0.179515,-0.239354,-0.239354
16452,-0.179515,-0.239354,-0.239354
16453,-0.179515,-0.239354,-0.239354
16454,-0.179515,-0.209434,-0.209434
16455,-0.149596,-0.209434,-0.179515
16456,-0.149596,-0.209434,-0.209434
16457,-0.179515,-0.209434,-0.209434
16458,-0.179515,-0.239354,-0.239354
16459,-0.209434,-0.239354,-0.239354
16460,-0.209434,-0.269273,-0.239354
16461,-0.209434,-0.269273,-0.269273
16462,-0.209434,-0.239354,-0.239354
16463,-0.209434,-0.239354,-0.239354
16464,-0.209434,-0.269273,-0.269273
16465,-0.209434,-0.239354,-0.239354
16466,-0.209434,-0.239354,-0.239354
16467,-0.209434,-0.239354,-0.239354
16468,-0.209434,-0.239354,-0.239354
16469,-0.209434,-0.239354,-0.239354
16470,-0.209434,-0.269273,-0.269273
16471,-0.239354,-0.269273,-0.269273
16472,-0.239354,-0.269273,-0.269273
16473,-0.209434,-0.269273,-0.269273
16474,-0.209434,-0.269273,-0.239354
16475,-0.179515,-0.239354,-0.239354
16476,-0.179515,-0.209434,-0.209434
16477,-0.179515,-0.209434,-0.209434
16478,-0.179515,-0.239354,-0.209434
16479,-0.179515,-0.239354,-0.239354
16480,-0.179515,-0.209434,-0.239354
16481,-0.179515,-0.239354,-0.239354
16482,-0.179515,-0.239354,-0.239354
16483,-0.179515,-0.239354,-0.239354
16484,-0.179515,-0.239354,-0.239354
16485,-0.179515,-0.239354,-0.239354
16486,-0.179515,-0.209434,-0.209434
16487,-0.149596,-0.179515,-0.179515
16488,-0.149596,-0.209434,-0.209434
16489,-0.149596,-0.209434,-0.209434
16490,-0.179515,-0.239354,-0.239354
16491,-0.209434,-0.239354,-0.239354
16492,-0.209434,-0.269273,-0.239354
16493,-0.209434,-0.269273,-0.239354
16494,-0.209434,-0.269273,-0.239354
16495,-0.209434,-0.239354,-0.239354
16496,-0.209434,-0.239354,-0.269273
16497,-0.209434,-0.239354,-0.239354
16498,-0.209434,-0.239354,-0.239354
16499,-0.209434,-0.239354,-0.239354
16500,-0.209434,-0.239354,-0.239354
16501,-0.209434,-0.239354,-0.239354
16502,-0.209434,-0.269273,-0.269273
16503,-0.239354,-0.299192,-0.269273
16504,-0.239354,-0.269273,-0.269273
16505,-0.209434,-0.269273,-0.269273
16506,-0.209434,-0.239354,-0.239354
16507,-0.179515,-0.239354,-0.239354
16508,-0.179515,-0.239354,-0.209434
16509,-0.179515,-0.209434,-0.209434
16510,-0.179515,-0.209434,-0.209434
16511,-0.179515,-0.239354,-0.239354
16512,-0.179515,-0.239354,-0.239354
16513,-0.179515,-0.239354,-0.239354
16514,-0.179515,-0.239354,-0.239354
16515,-0.179515,-0.239354,-0.209434
16516,-0.179515,-0.239354,-0.239354
16517,-0.179515,-0.239354,-0.239354
16518,-0.179515,-0.209434,-0.209434
16519,-0.149596,-0.179515,-0.179515
16520,-0.149596,-0.209434,-0.209434
16521,-0.179515,-0.209434,-0.209434
16522,-0.179515,-0.239354,-0.239354
16523,-0.209434,-0.239354,-0.239354
16524,-0.209434,-0.269273,-0.239354
16525,-0.209434,-0.269273,-0.239354
16526,-0.209434,-0.239354,-0.239354
16527,-0.209434,-0.269273,-0.239354
16528,-0.209434,-0.269273,-0.239354
16529,-0.209434,-0.239354,-0.239354
16530,-0.209434,-0.239354,-0.239354
16531,-0.209434,-0.239354,-0.239354
16532,-0.209434,-0.239354,-0.239354
16533,-0.209434,-0.239354,-0.239354
16534,-0.209434,-0.269273,-0.269273
16535,-0.239354,-0.269273,-0.299192
16536,-0.239354,-0.269273,-0.269273
16537,-0.209434,-0.269273,-0.269273
16538,-0.209434,-0.269273,-0.239354
16539,-0.179515,-0.239354,-0.239354
16540,-0.179515,-0.209434,-0.209434
16541,-0.179515,-0.209434,-0.209434
16542,-0.179515,-0.239354,-0.209434
16543,-0.179515,-0.239354,-0.239354
16544,-0.179515,-0.239354,-0.239354
16545,-0.179515,-0.239354,-0.239354
16546,-0.179515,-0.239354,-0.239354
16547,-0.179515,-0.239354,-0.239354
16548,-0.179515,-0.239354,-0.239354
16549,-0.179515,-0.239354,-0.239354
16550,-0.179515,-0.209434,-0.209434
16551,-0.149596,-0.179515,-0.179515
16552,-0.149596,-0.209434,-0.209434
16553,-0.179515,-0.209434,-0.209434
16554,-0.179515,-0.239354,-0.239354
16555,-0.209434,-0.239354,-0.239354
16556,-0.209434,-0.269273,-0.269273
16557,-0.209434,-0.269273,-0.239354
16558,-0.209434,-0.269273,-0.239354
16559,-0.209434,-0.239354,-0.239354
16560,-0.209434,-0.269273,-0.269273
16561,-0.209434,-0.269273,-0.239354
16562,-0.209434,-0.239354,-0.239354
16563,-0.209434,-0.239354,-0.239354
16564,-0.209434,-0.239354,-0.239354
16565,-0.209434,-0.239354,-0.239354
16566,-0.209434,-0.269273,-0.269273
16567,-0.239354,-0.299192,-0.269273
16568,-0.239354,-0.269273,-0.269273
16569,-0.209434,-0.269273,-0.269273
16570,-0.209434,-0.239354,-0.239354
16571,-0.179515,-0.239354,-0.239354
16572,-0.179515,-0.239354,-0.209434
16573,-0.179515,-0.209434,-0.239354
16574,-0.179515,-0.239354,-0.239354
16575,-0.179515,-0.239354,-0.239354
16576,-0.179515,-0.209434,-0.239354
16577,-0.179515,-0.239354,-0.239354
16578,-0.179515,-0.239354,-0.239354
16579,-0.179515,-0.239354,-0.239354
16580,-0.179515,-0.239354,-0.239354
16581,-0.179515,-0.239354,-0.239354
16582,-0.179515,-0.209434,-0.209434
16583,-0.149596,-0.179515,-0.179515
16584,-0.149596,-0.209434,-0.209434
16585,-0.179515,-0.209434,-0.209434
16586,-0.179515,-0.239354,-0.239354
16587,-0.209434,-0.269273,-0.239354
16588,-0.209434,-0.269273,-0.239354
16589,-0.209434,-0.269273,-0.239354
16590,-0.209434,-0.269273,-0.239354
16591,-0.209434,-0.269273,-0.239354
16592,-0.209434,-0.269273,-0.239354
16593,-0.209434,-0.239354,-0.239354
16594,-0.209434,-0.239354,-0.239354
16595,-0.209434,-0.239354,-0.239354
16596,-0.209434,-0.239354,-0.239354
16597,-0.179515,-0.239354,-0.239354
16598,-0.209434,-0.269273,-0.269273
16599,-0.239354,-0.299192,-0.299192
16600,-0.239354,-0.269273,-0.269273
16601,-0.209434,-0.269273,-0.269273
16602,-0.209434,-0.239354,-0.239354
16603,-0.179515,-0.239354,-0.239354
16604,-0.179515,-0.239354,-0.209434
16605,-0.179515,-0.239354,-0.209434
16606,-0.179515,-0.209434,-0.239354
16607,-0.179515,-0.239354,-0.239354
16608,-0.179515,-0.239354,-0.209434
16609,-0.179515,-0.239354,-0.239354
16610,-0.179515,-0.239354,-0.239354
16611,-0.179515,-0.239354,-0.239354
16612,-0.179515,-0.239354,-0.239354
16613,-0.179515,-0.239354,-0.239354
16614,-0.149596,-0.209434,-0.209434
16615,-0.149596,-0.209434,-0.209434
16616,-0.149596,-0.209434,-0.209434
16617,-0.179515,-0.209434,-0.209434
16618,-0.179515,-0.239354,-0.239354
16619,-0.209434,-0.269273,-0.239354
16620,-0.209434,-0.269273,-0.239354
16621,-0.209434,-0.269273,-0.269273
16622,-0.209434,-0.269273,-0.239354
16623,-0.209434,-0.239354,-0.239354
16624,-0.209434,-0.269273,-0.239354
16625,-0.209434,-0.239354,-0.239354
16626,-0.209434,-0.239354,-0.239354
16627,-0.209434,-0.239354,-0.239354
16628,-0.209434,-0.239354,-0.239354
16629,-0.209434,-0.239354,-0.239354
16630,-0.209434,-0.269273,-0.269273
16631,-0.239354,-0.299192,-0.269273
16632,-0.239354,-0.269273,-0.269273
16633,-0.209434,-0.269273,-0.269273
16634,-0.209434,-0.269273,-0.239354
16635,-0.179515,-0.239354,-0.239354
16636,-0.179515,-0.209434,-0.209434
16637,-0.179515,-0.239354,-0.209434
16638,-0.179515,-0.239354,-0.209434
16639,-0.179515,-0.239354,-0.209434
16640,-0.179515,-0.239354,-0.209434
16641,-0.179515,-0.239354,-0.239354
16642,-0.179515,-0.239354,-0.239354
16643,-0.179515,-0.239354,-0.239354
16644,-0.179515,-0.239354,-0.239354
16645,-0.179515,-0.239354,-0.239354
16646,-0.179515,-0.209434,-0.209434
16647,-0.149596,-0.179515,-0.179515
16648,-0.149596,-0.209434,-0.209434
16649,-0.179515,-0.209434,-0.209434
16650,-0.179515,-0.239354,-0.239354
16651,-0.209434,-0.239354,-0.239354
16652,-0.209434,-0.269273,-0.269273
16653,-0.209434,-0.239354,-0.269273
16654,-0.209434,-0.239354,-0.239354
16655,-0.209434,-0.239354,-0.239354
16656,-0.209434,-0.239354,-0.239354
16657,-0.209434,-0.239354,-0.239354
16658,-0.209434,-0.239354,-0.239354
16659,-0.209434,-0.239354,-0.239354
16660,-0.209434,-0.239354,-0.239354
16661,-0.209434,-0.239354,-0.239354
16662,-0.239354,-0.269273,-0.269273
16663,-0.239354,-0.269273,-0.269273
16664,-0.239354,-0.269273,-0.269273
16665,-0.209434,-0.269273,-0.269273
16666,-0.209434,-0.239354,-0.239354
16667,-0.179515,-0.239354,-0.239354
16668,-0.179515,-0.209434,-0.239354
16669,-0.179515,-0.209434,-0.239354
16670,-0.179515,-0.239354,-0.209434
16671,-0.179515,-0.209434,-0.209434
16672,-0.179515,-0.209434,-0.239354
16673,-0.179515,-0.239354,-0.239354
16674,-0.179515,-0.239354,-0.239354
16675,-0.179515,-0.239354,-0.239354
16676,-0.179515,-0.239354,-0.239354
16677,-0.179515,-0.239354,-0.239354
16678,-0.179515,-0.209434,-0.209434
16679,-0.149596,-0.209434,-0.179515
16680,-0.149596,-0.209434,-0.209434
16681,-0.179515,-0.209434,-0.209434
16682,-0.179515,-0.239354,-0.239354
16683,-0.209434,-0.239354,-0.239354
16684,-0.209434,-0.269273,-0.239354
16685,-0.209434,-0.239354,-0.239354
16686,-0.209434,-0.239354,-0.239354
16687,-0.209434,-0.239354,-0.239354
16688,-0.209434,-0.269273,-0.239354
16689,-0.209434,-0.239354,-0.239354
16690,-0.209434,-0.239354,-0.239354
16691,-0.209434,-0.239354,-0.239354
16692,-0.209434,-0.239354,-0.239354
16693,-0.209434,-0.239354,-0.239354
16694,-0.209434,-0.269273,-0.269273
16695,-0.239354,-0.269273,-0.269273
16696,-0.209434,-0.269273,-0.269273
16697,-0.209434,-0.269273,-0.269273
16698,-0.209434,-0.239354,-0.239354
16699,-0.179515,-0.239354,-0.239354
16700,-0.179515,-0.239354,-0.209434
16701,-0.179515,-0.209434,-0.209434
16702,-0.179515,-0.209434,-0.239354
16703,-0.179515,-0.239354,-0.239354
16704,-0.179515,-0.239354,-0.209434
16705,-0.179515,-0.239354,-0.239354
16706,-0.179515,-0.239354,-0.239354
16707,-0.179515,-0.239354,-0.239354
16708,-0.179515,-0.239354,-0.239354
16709,-0.179515,-0.239354,-0.239354
16710,-0.179515,-0.209434,-0.209434
16711,-0.149596,-0.179515,-0.179515
16712,-0.149596,-0.209434,-0.209434
16713,-0.179515,-0.209434,-0.209434
16714,-0.179515,-0.239354,-0.239354
16715,-0.209434,-0.269273,-0.239354
16716,-0.209434,-0.269273,-0.239354
16717,-0.209434,-0.269273,-0.239354
16718,-0.209434,-0.239354,-0.239354
16719,-0.209434,-0.269273,-0.239354
16720,-0.209434,-0.269273,-0.239354
16721,-0.209434,-0.239354,-0.239354
16722,-0.209434,-0.239354,-0.239354
16723,-0.209434,-0.239354,-0.239354
16724,-0.209434,-0.239354,-0.239354
16725,-0.209434,-0.239354,-0.239354
16726,-0.239354,-0.269273,-0.269273
16727,-0.239354,-0.299192,-0.269273
16728,-0.239354,-0.269273,-0.269273
16729,-0.209434,-0.269273,-0.269273
16730,-0.209434,-0.239354,-0.239354
16731,-0.179515,-0.239354,-0.239354
16732,-0.179515,-0.239354,-0.209434
16733,-0.179515,-0.239354,-0.209434
16734,-0.179515,-0.239354,-0.209434
16735,-0.179515,-0.239354,-0.239354
16736,-0.179515,-0.239354,-0.209434
16737,-0.179515,-0.239354,-0.239354
16738,-0.179515,-0.239354,-0.239354
16739,-0.179515,-0.239354,-0.239354
16740,-0.179515,-0.239354,-0.239354
16741,-0.179515,-0.239354,-0.239354
16742,-0.149596,-0.209434,-0.209434
16743,-0.149596,-0.209434,-0.179515
16744,-0.149596,-0.209434,-0.209434
16745,-0.179515,-0.209434,-0.209434
16746,-0.179515,-0.239354,-0.239354
16747,-0.209434,-0.239354,-0.239354
16748,-0.209434,-0.269273,-0.239354
16749,-0.209434,-0.269273,-0.239354
16750,-0.209434,-0.239354,-0.239354
16751,-0.209434,-0.239354,-0.239354
16752,-0.209434,-0.269273,-0.239354
16753,-0.209434,-0.239354,-0.239354
16754,-0.209434,-0.239354,-0.239354
16755,-0.209434,-0.239354,-0.239354
16756,-0.209434,-0.239354,-0.239354
16757,-0.209434,-0.239354,-0.239354
16758,-0.209434,-0.269273,-0.269273
16759,-0.239354,-0.299192,-0.269273
16760,-0.209434,-0.269273,-0.269273
16761,-0.209434,-0.269273,-0.269273
16762,-0.209434,-0.239354,-0.239354
16763,-0.179515,-0.239354,-0.209434
16764,-0.179515,-0.239354,-0.209434
16765,-0.179515,-0.239354,-0.209434
16766,-0.179515,-0.209434,-0.209434
16767,-0.179515,-0.239354,-0.209434
16768,-0.179515,-0.239354,-0.209434
16769,-0.179515,-0.239354,-0.239354
16770,-0.179515,-0.239354,-0.239354
16771,-0.179515,-0.239354,-0.239354
16772,-0.179515,-0.239354,-0.239354
16773,-0.179515,-0.239354,-0.239354
16774,-0.149596,-0.209434,-0.209434
16775,-0.149596,-0.209434,-0.179515
16776,-0.149596,-0.209434,-0.209434
16777,-0.179515,-0.209434,-0.209434
16778,-0.179515,-0.239354,-0.239354
16779,-0.209434,-0.239354,-0.239354
16780,-0.209434,-0.239354,-0.239354
16781,-0.209434,-0.239354,-0.239354
16782,-0.209434,-0.239354,-0.239354
16783,-0.209434,-0.269273,-0.239354
16784,-0.209434,-0.269273,-0.239354
16785,-0.209434,-0.239354,-0.239354
16786,-0.209434,-0.239354,-0.239354
16787,-0.209434,-0.239354,-0.239354
16788,-0.209434,-0.239354,-0.239354
16789,-0.209434,-0.239354,-0.239354
16790,-0.209434,-0.269273,-0.269273
16791,-0.239354,-0.299192,-0.269273
16792,-0.239354,-0.269273,-0.269273
16793,-0.209434,-0.269273,-0.269273
16794,-0.209434,-0.239354,-0.239354
16795,-0.179515,-0.239354,-0.239354
16796,-0.179515,-0.239354,-0.209434
16797,-0.179515,-0.209434,-0.209434
16798,-0.179515,-0.239354,-0.209434
16799,-0.179515,-0.239354,-0.239354
16800,-0.179515,-0.209434,-0.239354
16801,-0.179515,-0.239354,-0.239354
16802,-0.179515,-0.239354,-0.239354
16803,-0.179515,-0.239354,-0.239354
16804,-0.179515,-0.239354,-0.239354
16805,-0.179515,-0.239354,-0.239354
16806,-0.149596,-0.209434,-0.209434
16807,-0.149596,-0.209434,-0.209434
16808,-0.149596,-0.209434,-0.209434
16809,-0.179515,-0.209434,-0.209434
16810,-0.179515,-0.239354,-0.239354
16811,-0.209434,-0.269273,-0.239354
16812,-0.209434,-0.239354,-0.269273
16813,-0.209434,-0.239354,-0.239354
16814,-0.209434,-0.239354,-0.239354
16815,-0.209434,-0.239354,-0.239354
16816,-0.209434,-0.269273,-0.239354
16817,-0.209434,-0.239354,-0.239354
16818,-0.209434,-0.239354,-0.239354
16819,-0.209434,-0.239354,-0.239354
16820,-0.209434,-0.239354,-0.239354
16821,-0.209434,-0.239354,-0.239354
16822,-0.209434,-0.269273,-0.269273
16823,-0.239354,-0.269273,-0.269273
16824,-0.239354,-0.269273,-0.269273
16825,-0.209434,-0.269273,-0.269273
16826,-0.209434,-0.239354,-0.239354
16827,-0.179515,-0.239354,-0.209434
16828,-0.179515,-0.239354,-0.209434
16829,-0.179515,-0.209434,-0.209434
16830,-0.179515,-0.239354,-0.209434
16831,-0.179515,-0.239354,-0.209434
16832,-0.179515,-0.209434,-0.209434
16833,-0.179515,-0.239354,-0.239354
16834,-0.179515,-0.239354,-0.239354
16835,-0.179515,-0.239354,-0.239354
16836,-0.179515,-0.239354,-0.239354
16837,-0.179515,-0.239354,-0.239354
16838,-0.149596,-0.209434,-0.209434
16839,-0.149596,-0.179515,-0.179515
16840,-0.149596,-0.209434,-0.209434
16841,-0.179515,-0.209434,-0.209434
16842,-0.179515,-0.239354,-0.239354
16843,-0.209434,-0.239354,-0.239354
16844,-0.209434,-0.239354,-0.239354
16845,-0.209434,-0.269273,-0.239354
16846,-0.209434,-0.239354,-0.239354
16847,-0.209434,-0.239354,-0.239354
16848,-0.209434,-0.269273,-0.239354
16849,-0.209434,-0.239354,-0.239354
16850,-0.209434,-0.239354,-0.239354
16851,-0.209434,-0.239354,-0.239354
16852,-0.209434,-0.239354,-0.239354
16853,-0.209434,-0.239354,-0.239354
16854,-0.239354,-0.269273,-0.269273
16855,-0.239354,-0.299192,-0.269273
16856,-0.239354,-0.269273,-0.269273
16857,-0.209434,-0.269273,-0.269273
16858,-0.209434,-0.239354,-0.239354
16859,-0.179515,-0.239354,-0.239354
16860,-0.179515,-0.239354,-0.239354
16861,-0.179515,-0.209434,-0.209434
16862,-0.179515,-0.239354,-0.209434
16863,-0.179515,-0.239354,-0.209434
16864,-0.179515,-0.209434,-0.209434
16865,-0.179515,-0.239354,-0.239354
16866,-0.179515,-0.239354,-0.239354
16867,-0.179515,-0.239354,-0.239354
16868,-0.179515,-0.239354,-0.239354
16869,-0.179515,-0.239354,-0.239354
16870,-0.149596,-0.209434,-0.209434
16871,-0.149596,-0.179515,-0.179515
16872,-0.149596,-0.209434,-0.209434
16873,-0.179515,-0.209434,-0.209434
16874,-0.179515,-0.239354,-0.239354
16875,-0.209434,-0.239354,-0.239354
16876,-0.209434,-0.269273,-0.239354
16877,-0.209434,-0.239354,-0.239354
16878,-0.209434,-0.239354,-0.239354
16879,-0.209434,-0.239354,-0.239354
16880,-0.209434,-0.269273,-0.239354
16881,-0.209434,-0.239354,-0.239354
16882,-0.209434,-0.239354,-0.239354
16883,-0.209434,-0.239354,-0.239354
16884,-0.209434,-0.239354,-0.239354
16885,-0.209434,-0.239354,-0.239354
16886,-0.239354,-0.269273,-0.269273
16887,-0.239354,-0.269273,-0.269273
16888,-0.239354,-0.269273,-0.269273
16889,-0.209434,-0.269273,-0.269273
16890,-0.209434,-0.239354,-0.239354
16891,-0.179515,-0.239354,-0.239354
16892,-0.179515,-0.239354,-0.239354
16893,-0.179515,-0.209434,-0.209434
16894,-0.179515,-0.239354,-0.209434
16895,-0.179515,-0.239354,-0.239354
16896,-0.179515,-0.209434,-0.209434
16897,-0.179515,-0.239354,-0.209434
16898,-0.179515,-0.239354,-0.239354
16899,-0.179515,-0.239354,-0.239354
16900,-0.179515,-0.239354,-0.239354
16901,-0.179515,-0.239354,-0.239354
16902,-0.149596,-0.209434,-0.209434
16903,-0.149596,-0.209434,-0.179515
16904,-0.149596,-0.209434,-0.209434
16905,-0.179515,-0.209434,-0.209434
16906,-0.179515,-0.239354,-0.239354
16907,-0.209434,-0.239354,-0.239354
16908,-0.209434,-0.269273,-0.239354
16909,-0.209434,-0.239354,-0.239354
16910,-0.209434,-0.239354,-0.239354
16911,-0.209434,-0.269273,-0.239354
16912,-0.209434,-0.269273,-0.269273
16913,-0.209434,-0.239354,-0.239354
16914,-0.209434,-0.239354,-0.239354
16915,-0.209434,-0.239354,-0.239354
16916,-0.209434,-0.239354,-0.239354
16917,-0.209434,-0.239354,-0.239354
16918,-0.239354,-0.269273,-0.269273
16919,-0.239354,-0.299192,-0.269273
16920,-0.239354,-0.269273,-0.269273
16921,-0.209434,-0.269273,-0.269273
16922,-0.209434,-0.239354,-0.239354
16923,-0.179515,-0.239354,-0.239354
16924,-0.179515,-0.209434,-0.209434
16925,-0.179515,-0.239354,-0.209434
16926,-0.179515,-0.209434,-0.209434
16927,-0.179515,-0.209434,-0.239354
16928,-0.179515,-0.209434,-0.239354
16929,-0.179515,-0.239354,-0.239354
16930,-0.179515,-0.239354,-0.239354
16931,-0.179515,-0.239354,-0.239354
16932,-0.179515,-0.239354,-0.239354
16933,-0.179515,-0.239354,-0.239354
16934,-0.149596,-0.209434,-0.209434
16935,-0.149596,-0.209434,-0.179515
16936,-0.149596,-0.209434,-0.209434
16937,-0.179515,-0.209434,-0.209434
16938,-0.179515,-0.239354,-0.239354
16939,-0.209434,-0.239354,-0.239354
16940,-0.209434,-0.269273,-0.239354
16941,-0.209434,-0.239354,-0.239354
16942,-0.209434,-0.239354,-0.239354
16943,-0.209434,-0.269273,-0.239354
16944,-0.209434,-0.269273,-0.269273
16945,-0.209434,-0.269273,-0.239354
16946,-0.209434,-0.239354,-0.239354
16947,-0.209434,-0.239354,-0.239354
16948,-0.209434,-0.239354,-0.239354
16949,-0.209434,-0.239354,-0.239354
16950,-0.239354,-0.269273,-0.269273
16951,-0.239354,-0.299192,-0.269273
16952,-0.209434,-0.269273,-0.269273
16953,-0.209434,-0.269273,-0.269273
16954,-0.209434,-0.239354,-0.239354
16955,-0.179515,-0.239354,-0.239354
16956,-0.179515,-0.239354,-0.209434
16957,-0.179515,-0.239354,-0.209434
16958,-0.179515,-0.239354,-0.209434
16959,-0.179515,-0.239354,-0.209434
16960,-0.179515,-0.209434,-0.209434
16961,-0.179515,-0.239354,-0.239354
16962,-0.179515,-0.239354,-0.239354
16963,-0.179515,-0.239354,-0.239354
16964,-0.179515,-0.239354,-0.239354
16965,-0.179515,-0.239354,-0.239354
16966,-0.149596,-0.209434,-0.209434
16967,-0.149596,-0.179515,-0.179515
16968,-0.149596,-0.209434,-0.209434
16969,-0.179515,-0.209434,-0.209434
16970,-0.179515,-0.239354,-0.239354
16971,-0.209434,-0.239354,-0.239354
16972,-0.209434,-0.239354,-0.239354
16973,-0.209434,-0.239354,-0.239354
16974,-0.209434,-0.239354,-0.239354
16975,-0.209434,-0.239354,-0.239354
16976,-0.209434,-0.239354,-0.269273
16977,-0.209434,-0.239354,-0.239354
16978,-0.209434,-0.239354,-0.239354
16979,-0.209434,-0.239354,-0.239354
16980,-0.179515,-0.239354,-0.239354
16981,-0.209434,-0.239354,-0.239354
16982,-0.239354,-0.269273,-0.269273
16983,-0.239354,-0.269273,-0.269273
16984,-0.239354,-0.269273,-0.269273
16985,-0.209434,-0.269273,-0.239354
16986,-0.209434,-0.239354,-0.239354
16987,-0.179515,-0.239354,-0.239354
16988,-0.179515,-0.239354,-0.239354
16989,-0.179515,-0.239354,-0.239354
16990,-0.179515,-0.239354,-0.209434
16991,-0.179515,-0.209434,-0.239354
16992,-0.179515,-0.239354,-0.209434
16993,-0.179515,-0.239354,-0.239354
16994,-0.179515,-0.239354,-0.239354
16995,-0.179515,-0.239354,-0.239354
16996,-0.179515,-0.239354,-0.239354
16997,-0.179515,-0.239354,-0.239354
16998,-0.149596,-0.209434,-0.209434
16999,-0.149596,-0.209434,-0.179515
17000,-0.149596,-0.209434,-0.209434
17001,-0.179515,-0.209434,-0.209434
17002,-0.209434,-0.239354,-0.239354
17003,-0.209434,-0.239354,-0.239354
17004,-0.209434,-0.239354,-0.239354
17005,-0.209434,-0.239354,-0.239354
17006,-0.209434,-0.239354,-0.239354
17007,-0.209434,-0.239354,-0.239354
17008,-0.209434,-0.269273,-0.239354
17009,-0.209434,-0.239354,-0.239354
17010,-0.209434,-0.239354,-0.239354
17011,-0.209434,-0.239354,-0.239354
17012,-0.209434,-0.239354,-0.239354
17013,-0.209434,-0.239354,-0.239354
17014,-0.239354,-0.269273,-0.269273
17015,-0.239354,-0.269273,-0.269273
17016,-0.239354,-0.269273,-0.269273
17017,-0.209434,-0.269273,-0.269273
17018,-0.209434,-0.239354,-0.239354
17019,-0.179515,-0.239354,-0.209434
17020,-0.179515,-0.239354,-0.209434
17021,-0.179515,-0.239354,-0.209434
17022,-0.179515,-0.239354,-0.209434
17023,-0.179515,-0.239354,-0.239354
17024,-0.179515,-0.239354,-0.209434
17025,-0.179515,-0.239354,-0.209434
17026,-0.179515,-0.239354,-0.239354
17027,-0.179515,-0.239354,-0.239354
17028,-0.179515,-0.239354,-0.239354
17029,-0.179515,-0.239354,-0.239354
17030,-0.149596,-0.209434,-0.209434
17031,-0.149596,-0.209434,-0.179515
17032,-0.179515,-0.209434,-0.209434
17033,-0.179515,-0.209434,-0.209434
17034,-0.179515,-0.239354,-0.239354
17035,-0.209434,-0.239354,-0.239354
17036,-0.209434,-0.269273,-0.269273
17037,-0.209434,-0.239354,-0.239354
17038,-0.209434,-0.239354,-0.239354
17039,-0.209434,-0.269273,-0.239354
17040,-0.209434,-0.269273,-0.239354
17041,-0.209434,-0.239354,-0.239354
17042,-0.209434,-0.239354,-0.239354
17043,-0.209434,-0.239354,-0.239354
17044,-0.209434,-0.239354,-0.239354
17045,-0.209434,-0.239354,-0.239354
17046,-0.239354,-0.269273,-0.269273
17047,-0.239354,-0.269273,-0.269273
17048,-0.209434,-0.269273,-0.269273
17049,-0.209434,-0.269273,-0.269273
17050,-0.209434,-0.239354,-0.239354
17051,-0.179515,-0.239354,-0.239354
17052,-0.179515,-0.239354,-0.239354
17053,-0.179515,-0.239354,-0.209434
17054,-0.179515,-0.239354,-0.209434
17055,-0.179515,-0.239354,-0.209434
17056,-0.179515,-0.209434,-0.209434
17057,-0.179515,-0.239354,-0.239354
17058,-0.179515,-0.239354,-0.239354
17059,-0.179515,-0.239354,-0.239354
17060,-0.179515,-0.239354,-0.239354
17061,-0.179515,-0.239354,-0.239354
17062,-0.149596,-0.209434,-0.209434
17063,-0.149596,-0.209434,-0.179515
17064,-0.179515,-0.209434,-0.209434
17065,-0.179515,-0.209434,-0.209434
17066,-0.179515,-0.239354,-0.239354
17067,-0.209434,-0.269273,-0.239354
17068,-0.209434,-0.269273,-0.239354
17069,-0.209434,-0.269273,-0.239354
17070,-0.209434,-0.239354,-0.239354
17071,-0.209434,-0.269273,-0.239354
17072,-0.209434,-0.239354,-0.239354
17073,-0.209434,-0.239354,-0.239354
17074,-0.209434,-0.239354,-0.239354
17075,-0.209434,-0.239354,-0.239354
17076,-0.209434,-0.239354,-0.239354
17077,-0.209434,-0.239354,-0.239354
17078,-0.239354,-0.269273,-0.269273
17079,-0.239354,-0.299192,-0.269273
17080,-0.239354,-0.269273,-0.269273
17081,-0.209434,-0.269273,-0.269273
17082,-0.209434,-0.239354,-0.239354
17083,-0.179515,-0.239354,-0.239354
17084,-0.179515,-0.239354,-0.209434
17085,-0.179515,-0.239354,-0.209434
17086,-0.179515,-0.209434,-0.209434
17087,-0.179515,-0.239354,-0.239354
17088,-0.179515,-0.239354,-0.239354
17089,-0.179515,-0.239354,-0.239354
17090,-0.179515,-0.239354,-0.239354
17091,-0.179515,-0.239354,-0.239354
17092,-0.179515,-0.239354,-0.239354
17093,-0.179515,-0.239354,-0.239354
17094,-0.149596,-0.209434,-0.209434
17095,-0.149596,-0.209434,-0.179515
17096,-0.179515,-0.209434,-0.209434
17097,-0.179515,-0.209434,-0.209434
17098,-0.209434,-0.239354,-0.239354
17099,-0.209434,-0.239354,-0.239354
17100,-0.209434,-0.269273,-0.239354
17101,-0.209434,-0.239354,-0.239354
17102,-0.209434,-0.239354,-0.239354
17103,-0.209434,-0.239354,-0.239354
17104,-0.209434,-0.269273,-0.239354
17105,-0.209434,-0.269273,-0.239354
17106,-0.209434,-0.239354,-0.239354
17107,-0.209434,-0.239354,-0.239354
17108,-0.209434,-0.239354,-0.239354
17109,-0.209434,-0.239354,-0.239354
17110,-0.239354,-0.269273,-0.269273
17111,-0.239354,-0.299192,-0.269273
17112,-0.239354,-0.269273,-0.269273
17113,-0.209434,-0.269273,-0.269273
17114,-0.209434,-0.239354,-0.239354
17115,-0.179515,-0.239354,-0.239354
17116,-0.179515,-0.239354,-0.209434
17117,-0.179515,-0.239354,-0.209434
17118,-0.179515,-0.209434,-0.209434
17119,-0.179515,-0.209434,-0.209434
17120,-0.179515,-0.239354,-0.209434
17121,-0.179515,-0.239354,-0.239354
17122,-0.179515,-0.239354,-0.239354
17123,-0.179515,-0.239354,-0.239354
17124,-0.179515,-0.239354,-0.239354
17125,-0.179515,-0.239354,-0.239354
17126,-0.149596,-0.209434,-0.209434
17127,-0.149596,-0.209434,-0.179515
17128,-0.179515,-0.209434,-0.209434
17129,-0.179515,-0.209434,-0.209434
17130,-0.179515,-0.239354,-0.239354
17131,-0.209434,-0.239354,-0.239354
17132,-0.209434,-0.269273,-0.269273
17133,-0.209434,-0.239354,-0.239354
17134,-0.209434,-0.269273,-0.239354
17135,-0.209434,-0.239354,-0.239354
17136,-0.209434,-0.239354,-0.239354
17137,-0.209434,-0.239354,-0.239354
17138,-0.209434,-0.239354,-0.239354
17139,-0.209434,-0.239354,-0.239354
17140,-0.209434,-0.239354,-0.239354
17141,-0.209434,-0.239354,-0.239354
17142,-0.239354,-0.269273,-0.269273
17143,-0.239354,-0.269273,-0.269273
17144,-0.239354,-0.269273,-0.269273
17145,-0.209434,-0.269273,-0.239354
17146,-0.179515,-0.239354,-0.239354
17147,-0.179515,-0.239354,-0.239354
17148,-0.179515,-0.239354,-0.209434
17149,-0.179515,-0.239354,-0.209434
17150,-0.179515,-0.239354,-0.239354
17151,-0.179515,-0.239354,-0.209434
17152,-0.179515,-0.239354,-0.209434
17153,-0.179515,-0.239354,-0.239354
17154,-0.179515,-0.239354,-0.239354
17155,-0.179515,-0.239354,-0.239354
17156,-0.179515,-0.239354,-0.239354
17157,-0.179515,-0.239354,-0.239354
17158,-0.149596,-0.209434,-0.209434
17159,-0.149596,-0.209434,-0.179515
17160,-0.149596,-0.209434,-0.209434
17161,-0.179515,-0.209434,-0.209434
17162,-0.209434,-0.239354,-0.239354
17163,-0.209434,-0.269273,-0.239354
17164,-0.209434,-0.269273,-0.239354
17165,-0.209434,-0.269273,-0.239354
17166,-0.209434,-0.269273,-0.239354
17167,-0.209434,-0.239354,-0.239354
17168,-0.209434,-0.269273,-0.239354
17169,-0.209434,-0.239354,-0.239354
17170,-0.209434,-0.239354,-0.239354
17171,-0.209434,-0.239354,-0.239354
17172,-0.209434,-0.239354,-0.239354
17173,-0.209434,-0.239354,-0.239354
17174,-0.239354,-0.269273,-0.269273
17175,-0.239354,-0.269273,-0.269273
17176,-0.209434,-0.269273,-0.269273
17177,-0.209434,-0.269273,-0.239354
17178,-0.209434,-0.239354,-0.239354
17179,-0.179515,-0.239354,-0.239354
17180,-0.179515,-0.239354,-0.209434
17181,-0.179515,-0.239354,-0.209434
17182,-0.179515,-0.239354,-0.239354
17183,-0.179515,-0.239354,-0.209434
17184,-0.179515,-0.239354,-0.209434
17185,-0.179515,-0.239354,-0.239354
17186,-0.179515,-0.239354,-0.239354
17187,-0.179515,-0.239354,-0.239354
17188,-0.179515,-0.239354,-0.239354
17189,-0.179515,-0.239354,-0.239354
17190,-0.149596,-0.209434,-0.209434
17191,-0.149596,-0.209434,-0.179515
17192,-0.149596,-0.209434,-0.209434
17193,-0.179515,-0.209434,-0.209434
17194,-0.209434,-0.239354,-0.239354
17195,-0.209434,-0.269273,-0.239354
17196,-0.209434,-0.269273,-0.239354
17197,-0.209434,-0.269273,-0.239354
17198,-0.209434,-0.239354,-0.239354
17199,-0.209434,-0.269273,-0.239354
17200,-0.209434,-0.269273,-0.239354
17201,-0.209434,-0.239354,-0.239354
17202,-0.179515,-0.239354,-0.239354
17203,-0.209434,-0.239354,-0.239354
17204,-0.209434,-0.239354,-0.239354
17205,-0.209434,-0.239354,-0.239354
17206,-0.239354,-0.269273,-0.269273
17207,-0.239354,-0.269273,-0.269273
17208,-0.209434,-0.269273,-0.269273
17209,-0.209434,-0.269273,-0.269273
17210,-0.179515,-0.239354,-0.239354
17211,-0.179515,-0.239354,-0.239354
17212,-0.179515,-0.239354,-0.209434
17213,-0.179515,-0.209434,-0.209434
17214,-0.179515,-0.239354,-0.209434
17215,-0.179515,-0.209434,-0.209434
17216,-0.179515,-0.239354,-0.209434
17217,-0.179515,-0.239354,-0.239354
17218,-0.179515,-0.239354,-0.209434
17219,-0.179515,-0.239354,-0.239354
17220,-0.179515,-0.239354,-0.239354
17221,-0.179515,-0.239354,-0.239354
17222,-0.149596,-0.209434,-0.209434
17223,-0.149596,-0.209434,-0.179515
17224,-0.179515,-0.209434,-0.209434
17225,-0.179515,-0.209434,-0.209434
17226,-0.209434,-0.239354,-0.239354
17227,-0.209434,-0.239354,-0.239354
17228,-0.209434,-0.269273,-0.239354
17229,-0.209434,-0.269273,-0.239354
17230,-0.209434,-0.239354,-0.239354
17231,-0.209434,-0.269273,-0.239354
17232,-0.209434,-0.269273,-0.239354
17233,-0.209434,-0.239354,-0.239354
17234,-0.209434,-0.239354,-0.239354
17235,-0.209434,-0.239354,-0.239354
17236,-0.209434,-0.239354,-0.239354
17237,-0.209434,-0.239354,-0.239354
17238,-0.239354,-0.269273,-0.269273
17239,-0.239354,-0.269273,-0.269273
17240,-0.239354,-0.269273,-0.269273
17241,-0.209434,-0.269273,-0.239354
17242,-0.179515,-0.239354,-0.239354
17243,-0.179515,-0.239354,-0.209434
17244,-0.179515,-0.209434,-0.209434
17245,-0.179515,-0.239354,-0.209434
17246,-0.179515,-0.239354,-0.209434
17247,-0.179515,-0.239354,-0.209434
17248,-0.179515,-0.239354,-0.209434
17249,-0.179515,-0.239354,-0.239354
17250,-0.179515,-0.239354,-0.209434
17251,-0.179515,-0.239354,-0.239354
17252,-0.179515,-0.239354,-0.239354
17253,-0.179515,-0.239354,-0.239354
17254,-0.149596,-0.209434,-0.209434
17255,-0.149596,-0.209434,-0.179515
17256,-0.149596,-0.209434,-0.209434
17257,-0.179515,-0.209434,-0.209434
17258,-0.179515,-0.239354,-0.239354
17259,-0.209434,-0.239354,-0.239354
17260,-0.209434,-0.239354,-0.269273
17261,-0.209434,-0.269273,-0.239354
17262,-0.209434,-0.269273,-0.239354
17263,-0.209434,-0.269273,-0.239354
17264,-0.209434,-0.269273,-0.239354
17265,-0.209434,-0.239354,-0.239354
17266,-0.209434,-0.239354,-0.239354
17267,-0.209434,-0.239354,-0.239354
17268,-0.209434,-0.239354,-0.239354
17269,-0.209434,-0.239354,-0.239354
17270,-0.239354,-0.269273,-0.269273
17271,-0.239354,-0.269273,-0.269273
17272,-0.239354,-0.269273,-0.269273
17273,-0.209434,-0.269273,-0.269273
17274,-0.209434,-0.239354,-0.239354
17275,-0.179515,-0.239354,-0.239354
17276,-0.179515,-0.239354,-0.239354
17277,-0.179515,-0.239354,-0.239354
17278,-0.179515,-0.239354,-0.209434
17279,-0.179515,-0.239354,-0.239354
17280,-0.179515,-0.239354,-0.209434
17281,-0.179515,-0.239354,-0.239354
17282,-0.179515,-0.239354,-0.239354
17283,-0.179515,-0.239354,-0.239354
17284,-0.179515,-0.239354,-0.239354
17285,-0.179515,-0.239354,-0.239354
17286,-0.149596,-0.209434,-0.179515
17287,-0.149596,-0.209434,-0.179515
17288,-0.149596,-0.209434,-0.209434
17289,-0.179515,-0.239354,-0.209434
17290,-0.209434,-0.239354,-0.239354
17291,-0.209434,-0.269273,-0.269273
17292,-0.209434,-0.269273,-0.239354
17293,-0.209434,-0.269273,-0.239354
17294,-0.209434,-0.269273,-0.239354
17295,-0.209434,-0.269273,-0.239354
17296,-0.209434,-0.269273,-0.269273
17297,-0.209434,-0.239354,-0.239354
17298,-0.209434,-0.239354,-0.239354
17299,-0.209434,-0.239354,-0.239354
17300,-0.209434,-0.239354,-0.239354
17301,-0.209434,-0.239354,-0.239354
17302,-0.239354,-0.269273,-0.269273
17303,-0.239354,-0.269273,-0.269273
17304,-0.239354,-0.269273,-0.269273
17305,-0.209434,-0.269273,-0.269273
17306,-0.179515,-0.239354,-0.239354
17307,-0.179515,-0.239354,-0.209434
17308,-0.179515,-0.209434,-0.209434
17309,-0.179515,-0.209434,-0.209434
17310,-0.179515,-0.239354,-0.209434
17311,-0.179515,-0.239354,-0.239354
17312,-0.179515,-0.239354,-0.239354
17313,-0.179515,-0.239354,-0.239354
17314,-0.179515,-0.239354,-0.239354
17315,-0.179515,-0.239354,-0.239354
17316,-0.179515,-0.239354,-0.239354
17317,-0.179515,-0.239354,-0.239354
17318,-0.149596,-0.209434,-0.209434
17319,-0.149596,-0.209434,-0.209434
17320,-0.179515,-0.209434,-0.209434
17321,-0.179515,-0.239354,-0.209434
17322,-0.209434,-0.239354,-0.239354
17323,-0.209434,-0.269273,-0.239354
17324,-0.209434,-0.239354,-0.239354
17325,-0.209434,-0.239354,-0.239354
17326,-0.209434,-0.269273,-0.239354
17327,-0.209434,-0.269273,-0.239354
17328,-0.209434,-0.239354,-0.239354
17329,-0.209434,-0.239354,-0.239354
17330,-0.209434,-0.239354,-0.239354
17331,-0.209434,-0.239354,-0.239354
17332,-0.209434,-0.239354,-0.239354
17333,-0.209434,-0.239354,-0.239354
17334,-0.239354,-0.269273,-0.269273
17335,-0.239354,-0.269273,-0.269273
17336,-0.239354,-0.269273,-0.269273
17337,-0.209434,-0.269273,-0.269273
17338,-0.179515,-0.239354,-0.239354
17339,-0.179515,-0.239354,-0.239354
17340,-0.179515,-0.239354,-0.209434
17341,-0.179515,-0.239354,-0.209434
17342,-0.179515,-0.239354,-0.239354
17343,-0.179515,-0.239354,-0.209434
17344,-0.179515,-0.239354,-0.209434
17345,-0.179515,-0.239354,-0.239354
17346,-0.179515,-0.239354,-0.239354
17347,-0.179515,-0.239354,-0.239354
17348,-0.179515,-0.239354,-0.239354
17349,-0.179515,-0.239354,-0.209434
17350,-0.149596,-0.209434,-0.179515
17351,-0.149596,-0.209434,-0.179515
17352,-0.179515,-0.209434,-0.209434
17353,-0.179515,-0.239354,-0.209434
17354,-0.209434,-0.239354,-0.239354
17355,-0.209434,-0.239354,-0.239354
17356,-0.209434,-0.269273,-0.269273
17357,-0.209434,-0.239354,-0.239354
17358,-0.209434,-0.239354,-0.239354
17359,-0.209434,-0.269273,-0.239354
17360,-0.209434,-0.239354,-0.239354
17361,-0.209434,-0.239354,-0.239354
17362,-0.209434,-0.239354,-0.239354
17363,-0.209434,-0.239354,-0.239354
17364,-0.209434,-0.239354,-0.239354
17365,-0.209434,-0.239354,-0.239354
17366,-0.239354,-0.269273,-0.269273
17367,-0.239354,-0.299192,-0.269273
17368,-0.209434,-0.269273,-0.269273
17369,-0.209434,-0.269273,-0.269273
17370,-0.179515,-0.239354,-0.239354
17371,-0.179515,-0.239354,-0.239354
17372,-0.179515,-0.239354,-0.209434
17373,-0.179515,-0.239354,-0.209434
17374,-0.179515,-0.209434,-0.209434
17375,-0.179515,-0.239354,-0.209434
17376,-0.179515,-0.239354,-0.239354
17377,-0.179515,-0.239354,-0.239354
17378,-0.179515,-0.239354,-0.239354
17379,-0.179515,-0.239354,-0.239354
17380,-0.209434,-0.239354,-0.239354
17381,-0.179515,-0.239354,-0.239354
17382,-0.149596,-0.209434,-0.209434
17383,-0.149596,-0.209434,-0.179515
17384,-0.179515,-0.209434,-0.209434
17385,-0.179515,-0.209434,-0.209434
17386,-0.209434,-0.239354,-0.239354
17387,-0.209434,-0.269273,-0.239354
17388,-0.209434,-0.269273,-0.239354
17389,-0.209434,-0.239354,-0.239354
17390,-0.209434,-0.239354,-0.239354
17391,-0.209434,-0.269273,-0.239354
17392,-0.209434,-0.239354,-0.239354
17393,-0.209434,-0.239354,-0.239354
17394,-0.209434,-0.239354,-0.239354
17395,-0.209434,-0.239354,-0.239354
17396,-0.209434,-0.239354,-0.239354
17397,-0.209434,-0.239354,-0.239354
17398,-0.239354,-0.299192,-0.269273
17399,-0.239354,-0.299192,-0.269273
17400,-0.209434,-0.269273,-0.269273
17401,-0.209434,-0.269273,-0.269273
17402,-0.179515,-0.239354,-0.239354
17403,-0.179515,-0.239354,-0.209434
17404,-0.179515,-0.239354,-0.209434
17405,-0.179515,-0.209434,-0.209434
17406,-0.179515,-0.239354,-0.209434
17407,-0.179515,-0.239354,-0.239354
17408,-0.179515,-0.239354,-0.209434
17409,-0.179515,-0.239354,-0.239354
17410,-0.179515,-0.239354,-0.239354
17411,-0.179515,-0.239354,-0.239354
17412,-0.179515,-0.239354,-0.239354
17413,-0.179515,-0.239354,-0.239354
17414,-0.149596,-0.209434,-0.209434
17415,-0.149596,-0.209434,-0.209434
17416,-0.179515,-0.209434,-0.209434
17417,-0.179515,-0.239354,-0.209434
17418,-0.209434,-0.239354,-0.239354
17419,-0.209434,-0.269273,-0.239354
17420,-0.209434,-0.239354,-0.269273
17421,-0.209434,-0.239354,-0.239354
17422,-0.209434,-0.239354,-0.239354
17423,-0.209434,-0.269273,-0.239354
17424,-0.209434,-0.269273,-0.239354
17425,-0.209434,-0.239354,-0.239354
17426,-0.209434,-0.239354,-0.239354
17427,-0.209434,-0.239354,-0.239354
17428,-0.209434,-0.239354,-0.239354
17429,-0.209434,-0.269273,-0.239354
17430,-0.239354,-0.269273,-0.269273
17431,-0.239354,-0.269273,-0.269273
17432,-0.239354,-0.269273,-0.269273
17433,-0.209434,-0.269273,-0.239354
17434,-0.179515,-0.239354,-0.239354
17435,-0.179515,-0.239354,-0.209434
17436,-0.179515,-0.239354,-0.209434
17437,-0.179515,-0.239354,-0.209434
17438,-0.179515,-0.239354,-0.209434
17439,-0.179515,-0.239354,-0.239354
17440,-0.179515,-0.209434,-0.239354
17441,-0.179515,-0.239354,-0.209434
17442,-0.179515,-0.239354,-0.239354
17443,-0.179515,-0.239354,-0.239354
17444,-0.179515,-0.239354,-0.239354
17445,-0.179515,-0.239354,-0.209434
17446,-0.149596,-0.209434,-0.209434
17447,-0.149596,-0.209434,-0.209434
17448,-0.149596,-0.209434,-0.209434
17449,-0.179515,-0.239354,-0.209434
17450,-0.209434,-0.239354,-0.239354
17451,-0.209434,-0.269273,-0.269273
17452,-0.209434,-0.269273,-0.239354
17453,-0.209434,-0.269273,-0.239354
17454,-0.209434,-0.269273,-0.239354
17455,-0.209434,-0.269273,-0.239354
17456,-0.209434,-0.269273,-0.239354
17457,-0.209434,-0.239354,-0.239354
17458,-0.209434,-0.239354,-0.239354
17459,-0.209434,-0.239354,-0.239354
17460,-0.209434,-0.239354,-0.239354
17461,-0.209434,-0.269273,-0.239354
17462,-0.239354,-0.269273,-0.269273
17463,-0.239354,-0.269273,-0.269273
17464,-0.209434,-0.269273,-0.269273
17465,-0.209434,-0.269273,-0.239354
17466,-0.209434,-0.239354,-0.239354
17467,-0.179515,-0.239354,-0.239354
17468,-0.179515,-0.239354,-0.239354
17469,-0.179515,-0.239354,-0.209434
17470,-0.179515,-0.239354,-0.209434
17471,-0.179515,-0.239354,-0.209434
17472,-0.179515,-0.239354,-0.209434
17473,-0.179515,-0.239354,-0.239354
17474,-0.179515,-0.239354,-0.239354
17475,-0.179515,-0.239354,-0.239354
17476,-0.179515,-0.239354,-0.239354
17477,-0.179515,-0.239354,-0.239354
17478,-0.149596,-0.209434,-0.179515
17479,-0.149596,-0.209434,-0.209434
17480,-0.179515,-0.209434,-0.209434
17481,-0.179515,-0.239354,-0.239354
17482,-0.209434,-0.239354,-0.239354
17483,-0.209434,-0.269273,-0.239354
17484,-0.209434,-0.269273,-0.239354
17485,-0.209434,-0.269273,-0.239354
17486,-0.209434,-0.269273,-0.239354
17487,-0.209434,-0.269273,-0.239354
17488,-0.209434,-0.269273,-0.239354
17489,-0.209434,-0.239354,-0.239354
17490,-0.209434,-0.239354,-0.239354
17491,-0.209434,-0.239354,-0.239354
17492,-0.209434,-0.239354,-0.239354
17493,-0.209434,-0.269273,-0.269273
17494,-0.239354,-0.299192,-0.269273
17495,-0.239354,-0.269273,-0.269273
17496,-0.209434,-0.269273,-0.269273
17497,-0.209434,-0.269273,-0.269273
17498,-0.179515,-0.239354,-0.239354
17499,-0.179515,-0.239354,-0.209434
17500,-0.179515,-0.239354,-0.209434
17501,-0.179515,-0.209434,-0.239354
17502,-0.179515,-0.239354,-0.239354
17503,-0.179515,-0.239354,-0.209434
17504,-0.179515,-0.239354,-0.239354
17505,-0.179515,-0.239354,-0.209434
17506,-0.179515,-0.239354,-0.209434
17507,-0.179515,-0.239354,-0.239354
17508,-0.179515,-0.239354,-0.239354
17509,-0.179515,-0.239354,-0.209434
17510,-0.149596,-0.209434,-0.179515
17511,-0.149596,-0.209434,-0.209434
17512,-0.179515,-0.209434,-0.209434
17513,-0.179515,-0.209434,-0.239354
17514,-0.209434,-0.239354,-0.239354
17515,-0.209434,-0.269273,-0.239354
17516,-0.209434,-0.269273,-0.239354
17517,-0.209434,-0.269273,-0.269273
17518,-0.209434,-0.239354,-0.239354
17519,-0.209434,-0.239354,-0.239354
17520,-0.209434,-0.239354,-0.239354
17521,-0.209434,-0.239354,-0.239354
17522,-0.209434,-0.239354,-0.239354
17523,-0.209434,-0.239354,-0.239354
17524,-0.209434,-0.239354,-0.239354
17525,-0.209434,-0.269273,-0.239354
17526,-0.239354,-0.269273,-0.269273
17527,-0.239354,-0.269273,-0.269273
17528,-0.239354,-0.269273,-0.269273
17529,-0.209434,-0.239354,-0.269273
17530,-0.179515,-0.239354,-0.239354
17531,-0.179515,-0.239354,-0.209434
17532,-0.179515,-0.239354,-0.209434
17533,-0.179515,-0.209434,-0.209434
17534,-0.179515,-0.239354,-0.209434
17535,-0.179515,-0.239354,-0.239354
17536,-0.179515,-0.209434,-0.239354
17537,-0.179515,-0.239354,-0.239354
17538,-0.179515,-0.239354,-0.239354
17539,-0.179515,-0.239354,-0.239354
17540,-0.179515,-0.239354,-0.239354
17541,-0.179515,-0.239354,-0.209434
17542,-0.149596,-0.179515,-0.179515
17543,-0.149596,-0.209434,-0.209434
17544,-0.179515,-0.209434,-0.209434
17545,-0.179515,-0.209434,-0.239354
17546,-0.209434,-0.239354,-0.239354
17547,-0.209434,-0.269273,-0.239354
17548,-0.209434,-0.269273,-0.239354
17549,-0.209434,-0.239354,-0.239354
17550,-0.209434,-0.239354,-0.239354
17551,-0.209434,-0.269273,-0.239354
17552,-0.209434,-0.239354,-0.239354
17553,-0.209434,-0.239354,-0.239354
17554,-0.209434,-0.239354,-0.239354
17555,-0.209434,-0.239354,-0.239354
17556,-0.209434,-0.239354,-0.239354
17557,-0.209434,-0.269273,-0.239354
17558,-0.239354,-0.269273,-0.269273
17559,-0.239354,-0.269273,-0.269273
17560,-0.209434,-0.269273,-0.269273
17561,-0.209434,-0.269273,-0.269273
17562,-0.179515,-0.239354,-0.239354
17563,-0.179515,-0.239354,-0.239354
17564,-0.179515,-0.239354,-0.239354
17565,-0.179515,-0.239354,-0.209434
17566,-0.179515,-0.239354,-0.209434
17567,-0.179515,-0.239354,-0.239354
17568,-0.179515,-0.239354,-0.209434
17569,-0.179515,-0.239354,-0.239354
17570,-0.179515,-0.239354,-0.239354
17571,-0.179515,-0.239354,-0.239354
17572,-0.179515,-0.239354,-0.239354
17573,-0.179515,-0.209434,-0.209434
17574,-0.149596,-0.209434,-0.179515
17575,-0.149596,-0.209434,-0.209434
17576,-0.179515,-0.209434,-0.209434
17577,-0.179515,-0.239354,-0.239354
17578,-0.209434,-0.239354,-0.239354
17579,-0.209434,-0.269273,-0.269273
17580,-0.209434,-0.239354,-0.269273
17581,-0.209434,-0.239354,-0.239354
17582,-0.209434,-0.269273,-0.239354
17583,-0.209434,-0.269273,-0.239354
17584,-0.209434,-0.269273,-0.239354
17585,-0.209434,-0.269273,-0.239354
17586,-0.209434,-0.239354,-0.239354
17587,-0.209434,-0.239354,-0.239354
17588,-0.209434,-0.239354,-0.239354
17589,-0.209434,-0.269273,-0.239354
17590,-0.239354,-0.269273,-0.269273
17591,-0.239354,-0.269273,-0.269273
17592,-0.209434,-0.269273,-0.269273
17593,-0.209434,-0.269273,-0.239354
17594,-0.179515,-0.239354,-0.239354
17595,-0.179515,-0.209434,-0.209434
17596,-0.179515,-0.239354,-0.209434
17597,-0.179515,-0.239354,-0.209434
17598,-0.179515,-0.239354,-0.239354
17599,-0.179515,-0.209434,-0.209434
17600,-0.179515,-0.239354,-0.239354
17601,-0.179515,-0.239354,-0.239354
17602,-0.179515,-0.239354,-0.239354
17603,-0.179515,-0.239354,-0.239354
17604,-0.179515,-0.239354,-0.239354
17605,-0.179515,-0.209434,-0.209434
17606,-0.149596,-0.179515,-0.179515
17607,-0.149596,-0.209434,-0.179515
17608,-0.149596,-0.209434,-0.209434
17609,-0.179515,-0.239354,-0.209434
17610,-0.209434,-0.239354,-0.239354
17611,-0.209434,-0.239354,-0.239354
17612,-0.209434,-0.239354,-0.269273
17613,-0.209434,-0.239354,-0.239354
17614,-0.209434,-0.269273,-0.239354
17615,-0.209434,-0.269273,-0.239354
17616,-0.209434,-0.239354,-0.239354
17617,-0.209434,-0.239354,-0.239354
17618,-0.209434,-0.239354,-0.239354
17619,-0.209434,-0.239354,-0.239354
17620,-0.209434,-0.239354,-0.239354
17621,-0.209434,-0.269273,-0.269273
17622,-0.239354,-0.269273,-0.269273
17623,-0.239354,-0.269273,-0.269273
17624,-0.209434,-0.269273,-0.269273
17625,-0.209434,-0.269273,-0.239354
17626,-0.179515,-0.239354,-0.239354
17627,-0.179515,-0.239354,-0.239354
17628,-0.179515,-0.239354,-0.209434
17629,-0.179515,-0.239354,-0.209434
17630,-0.179515,-0.239354,-0.209434
17631,-0.179515,-0.209434,-0.209434
17632,-0.179515,-0.239354,-0.209434
17633,-0.179515,-0.239354,-0.239354
17634,-0.179515,-0.239354,-0.239354
17635,-0.179515,-0.239354,-0.239354
17636,-0.179515,-0.239354,-0.239354
17637,-0.179515,-0.209434,-0.209434
17638,-0.149596,-0.209434,-0.209434
17639,-0.149596,-0.209434,-0.209434
17640,-0.149596,-0.209434,-0.209434
17641,-0.179515,-0.239354,-0.209434
17642,-0.209434,-0.239354,-0.239354
17643,-0.209434,-0.269273,-0.239354
17644,-0.209434,-0.269273,-0.239354
17645,-0.209434,-0.269273,-0.239354
17646,-0.209434,-0.239354,-0.239354
17647,-0.209434,-0.269273,-0.239354
17648,-0.209434,-0.239354,-0.239354
17649,-0.209434,-0.239354,-0.239354
17650,-0.209434,-0.269273,-0.239354
17651,-0.179515,-0.239354,-0.239354
17652,-0.209434,-0.239354,-0.239354
17653,-0.209434,-0.269273,-0.239354
17654,-0.239354,-0.269273,-0.269273
17655,-0.239354,-0.269273,-0.269273
17656,-0.209434,-0.269273,-0.269273
17657,-0.209434,-0.239354,-0.269273
17658,-0.179515,-0.239354,-0.239354
17659,-0.179515,-0.239354,-0.239354
17660,-0.179515,-0.239354,-0.239354
17661,-0.179515,-0.239354,-0.209434
17662,-0.179515,-0.239354,-0.209434
17663,-0.179515,-0.239354,-0.239354
17664,-0.179515,-0.239354,-0.239354
17665,-0.179515,-0.239354,-0.239354
17666,-0.179515,-0.239354,-0.239354
17667,-0.179515,-0.239354,-0.239354
17668,-0.209434,-0.239354,-0.239354
17669,-0.179515,-0.239354,-0.239354
17670,-0.149596,-0.209434,-0.209434
17671,-0.149596,-0.209434,-0.209434
17672,-0.179515,-0.209434,-0.209434
17673,-0.179515,-0.239354,-0.239354
17674,-0.209434,-0.269273,-0.239354
17675,-0.209434,-0.269273,-0.239354
17676,-0.209434,-0.269273,-0.269273
17677,-0.209434,-0.269273,-0.239354
17678,-0.209434,-0.269273,-0.269273
17679,-0.209434,-0.269273,-0.269273
17680,-0.209434,-0.239354,-0.239354
17681,-0.209434,-0.239354,-0.239354
17682,-0.209434,-0.239354,-0.239354
17683,-0.209434,-0.239354,-0.239354
17684,-0.209434,-0.239354,-0.239354
17685,-0.209434,-0.269273,-0.239354
17686,-0.239354,-0.269273,-0.269273
17687,-0.239354,-0.269273,-0.269273
17688,-0.239354,-0.269273,-0.269273
17689,-0.209434,-0.269273,-0.269273
17690,-0.179515,-0.239354,-0.239354
17691,-0.179515,-0.239354,-0.239354
17692,-0.179515,-0.239354,-0.239354
17693,-0.179515,-0.239354,-0.239354
17694,-0.179515,-0.239354,-0.239354
17695,-0.179515,-0.239354,-0.209434
17696,-0.179515,-0.239354,-0.239354
17697,-0.179515,-0.239354,-0.239354
17698,-0.179515,-0.239354,-0.239354
17699,-0.179515,-0.239354,-0.239354
17700,-0.179515,-0.239354,-0.239354
17701,-0.179515,-0.209434,-0.209434
17702,-0.149596,-0.209434,-0.179515
17703,-0.149596,-0.209434,-0.209434
17704,-0.179515,-0.209434,-0.209434
17705,-0.179515,-0.239354,-0.239354
17706,-0.209434,-0.269273,-0.239354
17707,-0.209434,-0.269273,-0.269273
17708,-0.209434,-0.269273,-0.269273
17709,-0.209434,-0.269273,-0.269273
17710,-0.209434,-0.269273,-0.239354
17711,-0.209434,-0.269273,-0.269273
17712,-0.209434,-0.269273,-0.239354
17713,-0.209434,-0.239354,-0.239354
17714,-0.209434,-0.239354,-0.239354
17715,-0.209434,-0.239354,-0.239354
17716,-0.209434,-0.239354,-0.239354
17717,-0.209434,-0.269273,-0.269273
17718,-0.239354,-0.299192,-0.299192
17719,-0.239354,-0.269273,-0.269273
17720,-0.209434,-0.269273,-0.269273
17721,-0.209434,-0.269273,-0.269273
17722,-0.179515,-0.239354,-0.239354
17723,-0.179515,-0.239354,-0.239354
17724,-0.179515,-0.239354,-0.239354
17725,-0.179515,-0.239354,-0.239354
17726,-0.179515,-0.239354,-0.239354
17727,-0.179515,-0.239354,-0.239354
17728,-0.179515,-0.239354,-0.239354
17729,-0.179515,-0.239354,-0.239354
17730,-0.209434,-0.239354,-0.239354
17731,-0.209434,-0.239354,-0.239354
17732,-0.209434,-0.239354,-0.239354
17733,-0.179515,-0.209434,-0.209434
17734,-0.149596,-0.209434,-0.179515
17735,-0.149596,-0.209434,-0.209434
17736,-0.179515,-0.209434,-0.209434
17737,-0.179515,-0.239354,-0.209434
17738,-0.209434,-0.269273,-0.239354
17739,-0.209434,-0.269273,-0.239354
17740,-0.209434,-0.269273,-0.239354
17741,-0.209434,-0.269273,-0.239354
17742,-0.209434,-0.269273,-0.239354
17743,-0.209434,-0.269273,-0.269273
17744,-0.209434,-0.269273,-0.239354
17745,-0.209434,-0.239354,-0.239354
17746,-0.209434,-0.239354,-0.239354
17747,-0.209434,-0.239354,-0.239354
17748,-0.209434,-0.239354,-0.239354
17749,-0.209434,-0.269273,-0.269273
17750,-0.239354,-0.299192,-0.299192
17751,-0.239354,-0.269273,-0.269273
17752,-0.239354,-0.269273,-0.269273
17753,-0.209434,-0.269273,-0.239354
17754,-0.179515,-0.239354,-0.239354
17755,-0.179515,-0.239354,-0.239354
17756,-0.179515,-0.239354,-0.239354
17757,-0.179515,-0.239354,-0.209434
17758,-0.179515,-0.239354,-0.239354
17759,-0.179515,-0.239354,-0.209434
17760,-0.179515,-0.239354,-0.239354
17761,-0.179515,-0.239354,-0.239354
17762,-0.179515,-0.239354,-0.239354
17763,-0.179515,-0.239354,-0.239354
17764,-0.179515,-0.239354,-0.239354
17765,-0.179515,-0.209434,-0.209434
17766,-0.149596,-0.179515,-0.179515
17767,-0.149596,-0.209434,-0.209434
17768,-0.179515,-0.209434,-0.209434
17769,-0.179515,-0.239354,-0.239354
17770,-0.209434,-0.269273,-0.239354
17771,-0.209434,-0.239354,-0.269273
17772,-0.209434,-0.239354,-0.239354
17773,-0.209434,-0.269273,-0.269273
17774,-0.209434,-0.269273,-0.239354
17775,-0.209434,-0.239354,-0.269273
17776,-0.209434,-0.269273,-0.239354
17777,-0.209434,-0.239354,-0.239354
17778,-0.209434,-0.239354,-0.239354
17779,-0.209434,-0.239354,-0.239354
17780,-0.209434,-0.239354,-0.239354
17781,-0.209434,-0.269273,-0.269273
17782,-0.239354,-0.299192,-0.269273
17783,-0.239354,-0.269273,-0.269273
17784,-0.239354,-0.269273,-0.269273
17785,-0.209434,-0.269273,-0.269273
17786,-0.179515,-0.239354,-0.239354
17787,-0.179515,-0.239354,-0.239354
17788,-0.179515,-0.239354,-0.209434
17789,-0.179515,-0.239354,-0.209434
17790,-0.179515,-0.239354,-0.239354
17791,-0.179515,-0.239354,-0.209434
17792,-0.179515,-0.239354,-0.239354
17793,-0.179515,-0.239354,-0.239354
17794,-0.179515,-0.239354,-0.239354
17795,-0.179515,-0.239354,-0.239354
17796,-0.179515,-0.239354,-0.239354
17797,-0.179515,-0.209434,-0.209434
17798,-0.149596,-0.209434,-0.179515
17799,-0.149596,-0.209434,-0.209434
17800,-0.179515,-0.209434,-0.209434
17801,-0.179515,-0.239354,-0.239354
17802,-0.209434,-0.269273,-0.239354
17803,-0.209434,-0.269273,-0.269273
17804,-0.209434,-0.269273,-0.269273
17805,-0.209434,-0.269273,-0.239354
17806,-0.209434,-0.269273,-0.239354
17807,-0.209434,-0.269273,-0.269273
17808,-0.209434,-0.239354,-0.239354
17809,-0.209434,-0.239354,-0.239354
17810,-0.209434,-0.239354,-0.239354
17811,-0.209434,-0.239354,-0.239354
17812,-0.209434,-0.239354,-0.239354
17813,-0.209434,-0.269273,-0.269273
17814,-0.239354,-0.299192,-0.269273
17815,-0.239354,-0.269273,-0.269273
17816,-0.209434,-0.269273,-0.269273
17817,-0.209434,-0.239354,-0.239354
17818,-0.179515,-0.239354,-0.239354
17819,-0.179515,-0.239354,-0.239354
17820,-0.179515,-0.239354,-0.239354
17821,-0.179515,-0.239354,-0.209434
17822,-0.179515,-0.239354,-0.239354
17823,-0.179515,-0.209434,-0.239354
17824,-0.179515,-0.239354,-0.239354
17825,-0.179515,-0.239354,-0.239354
17826,-0.179515,-0.239354,-0.239354
17827,-0.179515,-0.239354,-0.239354
17828,-0.179515,-0.239354,-0.239354
17829,-0.179515,-0.209434,-0.209434
17830,-0.149596,-0.209434,-0.179515
17831,-0.149596,-0.209434,-0.209434
17832,-0.179515,-0.209434,-0.209434
17833,-0.179515,-0.239354,-0.239354
17834,-0.209434,-0.239354,-0.239354
17835,-0.209434,-0.269273,-0.239354
17836,-0.209434,-0.239354,-0.269273
17837,-0.209434,-0.269273,-0.269273
17838,-0.209434,-0.269273,-0.239354
17839,-0.209434,-0.269273,-0.239354
17840,-0.209434,-0.239354,-0.239354
17841,-0.209434,-0.239354,-0.239354
17842,-0.209434,-0.239354,-0.239354
17843,-0.209434,-0.239354,-0.239354
17844,-0.209434,-0.239354,-0.239354
17845,-0.209434,-0.269273,-0.269273
17846,-0.239354,-0.299192,-0.269273
17847,-0.239354,-0.269273,-0.269273
17848,-0.209434,-0.269273,-0.269273
17849,-0.209434,-0.239354,-0.239354
17850,-0.179515,-0.239354,-0.239354
17851,-0.179515,-0.239354,-0.209434
17852,-0.179515,-0.209434,-0.209434
17853,-0.179515,-0.209434,-0.209434
17854,-0.179515,-0.209434,-0.209434
17855,-0.179515,-0.209434,-0.209434
17856,-0.179515,-0.239354,-0.239354
17857,-0.179515,-0.239354,-0.239354
17858,-0.179515,-0.239354,-0.239354
17859,-0.179515,-0.239354,-0.239354
17860,-0.179515,-0.239354,-0.239354
17861,-0.179515,-0.209434,-0.209434
17862,-0.149596,-0.179515,-0.179515
17863,-0.149596,-0.209434,-0.209434
17864,-0.179515,-0.209434,-0.209434
17865,-0.179515,-0.239354,-0.209434
17866,-0.209434,-0.239354,-0.239354
17867,-0.209434,-0.269273,-0.269273
17868,-0.209434,-0.269273,-0.239354
17869,-0.209434,-0.269273,-0.239354
17870,-0.209434,-0.239354,-0.239354
17871,-0.209434,-0.269273,-0.239354
17872,-0.209434,-0.239354,-0.239354
17873,-0.209434,-0.239354,-0.239354
17874,-0.209434,-0.239354,-0.239354
17875,-0.209434,-0.239354,-0.239354
17876,-0.179515,-0.239354,-0.239354
17877,-0.209434,-0.269273,-0.269273
17878,-0.239354,-0.299192,-0.269273
17879,-0.239354,-0.269273,-0.269273
17880,-0.209434,-0.269273,-0.269273
17881,-0.209434,-0.269273,-0.239354
17882,-0.179515,-0.239354,-0.239354
17883,-0.179515,-0.209434,-0.209434
17884,-0.179515,-0.209434,-0.209434
17885,-0.179515,-0.239354,-0.209434
17886,-0.179515,-0.239354,-0.209434
17887,-0.179515,-0.239354,-0.209434
17888,-0.179515,-0.239354,-0.209434
17889,-0.179515,-0.239354,-0.239354
17890,-0.179515,-0.239354,-0.239354
17891,-0.179515,-0.239354,-0.239354
17892,-0.179515,-0.239354,-0.239354
17893,-0.179515,-0.209434,-0.209434
17894,-0.149596,-0.179515,-0.179515
17895,-0.149596,-0.209434,-0.209434
17896,-0.179515,-0.209434,-0.209434
17897,-0.179515,-0.239354,-0.239354
17898,-0.209434,-0.239354,-0.239354
17899,-0.209434,-0.239354,-0.239354
17900,-0.209434,-0.239354,-0.239354
17901,-0.209434,-0.269273,-0.239354
17902,-0.209434,-0.239354,-0.239354
17903,-0.209434,-0.269273,-0.239354
17904,-0.209434,-0.239354,-0.239354
17905,-0.209434,-0.239354,-0.239354
17906,-0.209434,-0.239354,-0.239354
17907,-0.179515,-0.239354,-0.239354
17908,-0.179515,-0.239354,-0.239354
17909,-0.209434,-0.269273,-0.269273
17910,-0.239354,-0.299192,-0.269273
17911,-0.239354,-0.269273,-0.269273
17912,-0.209434,-0.269273,-0.269273
17913,-0.209434,-0.239354,-0.239354
17914,-0.179515,-0.239354,-0.239354
17915,-0.179515,-0.209434,-0.209434
17916,-0.179515,-0.239354,-0.209434
17917,-0.179515,-0.209434,-0.209434
17918,-0.179515,-0.239354,-0.209434
17919,-0.179515,-0.239354,-0.209434
17920,-0.179515,-0.239354,-0.209434
17921,-0.179515,-0.239354,-0.209434
17922,-0.179515,-0.239354,-0.239354
17923,-0.179515,-0.239354,-0.239354
17924,-0.179515,-0.239354,-0.239354
17925,-0.179515,-0.209434,-0.209434
17926,-0.149596,-0.179515,-0.179515
17927,-0.149596,-0.209434,-0.209434
17928,-0.179515,-0.209434,-0.209434
17929,-0.179515,-0.239354,-0.239354
17930,-0.209434,-0.239354,-0.239354
17931,-0.209434,-0.269273,-0.239354
17932,-0.209434,-0.239354,-0.239354
17933,-0.209434,-0.269273,-0.239354
17934,-0.209434,-0.269273,-0.239354
17935,-0.209434,-0.269273,-0.239354
17936,-0.209434,-0.239354,-0.239354
17937,-0.209434,-0.239354,-0.239354
17938,-0.209434,-0.239354,-0.239354
17939,-0.209434,-0.239354,-0.239354
17940,-0.209434,-0.239354,-0.239354
17941,-0.209434,-0.269273,-0.269273
17942,-0.239354,-0.269273,-0.299192
17943,-0.239354,-0.269273,-0.269273
17944,-0.209434,-0.269273,-0.269273
17945,-0.209434,-0.239354,-0.239354
17946,-0.179515,-0.239354,-0.239354
17947,-0.179515,-0.209434,-0.209434
17948,-0.179515,-0.209434,-0.209434
17949,-0.179515,-0.209434,-0.209434
17950,-0.179515,-0.209434,-0.239354
17951,-0.179515,-0.239354,-0.209434
17952,-0.179515,-0.239354,-0.209434
17953,-0.179515,-0.239354,-0.239354
17954,-0.179515,-0.239354,-0.239354
17955,-0.179515,-0.239354,-0.239354
17956,-0.179515,-0.239354,-0.239354
17957,-0.149596,-0.209434,-0.209434
17958,-0.149596,-0.179515,-0.179515
17959,-0.149596,-0.209434,-0.209434
17960,-0.179515,-0.209434,-0.209434
17961,-0.179515,-0.239354,-0.239354
17962,-0.209434,-0.269273,-0.239354
17963,-0.209434,-0.269273,-0.239354
17964,-0.209434,-0.269273,-0.239354
17965,-0.209434,-0.269273,-0.239354
17966,-0.209434,-0.239354,-0.239354
17967,-0.209434,-0.269273,-0.269273
17968,-0.209434,-0.239354,-0.239354
17969,-0.209434,-0.239354,-0.239354
17970,-0.209434,-0.239354,-0.239354
17971,-0.209434,-0.239354,-0.239354
17972,-0.209434,-0.239354,-0.239354
17973,-0.209434,-0.269273,-0.269273
17974,-0.239354,-0.269273,-0.269273
17975,-0.239354,-0.269273,-0.269273
17976,-0.209434,-0.269273,-0.269273
17977,-0.209434,-0.239354,-0.239354
17978,-0.179515,-0.239354,-0.239354
17979,-0.179515,-0.239354,-0.239354
17980,-0.179515,-0.209434,-0.209434
17981,-0.179515,-0.239354,-0.209434
17982,-0.179515,-0.239354,-0.239354
17983,-0.179515,-0.209434,-0.209434
17984,-0.179515,-0.239354,-0.239354
17985,-0.179515,-0.239354,-0.239354
17986,-0.179515,-0.239354,-0.239354
17987,-0.179515,-0.239354,-0.239354
17988,-0.179515,-0.239354,-0.239354
17989,-0.179515,-0.209434,-0.209434
17990,-0.149596,-0.179515,-0.179515
17991,-0.149596,-0.209434,-0.209434
17992,-0.179515,-0.209434,-0.209434
17993,-0.179515,-0.239354,-0.209434
17994,-0.209434,-0.239354,-0.239354
17995,-0.209434,-0.269273,-0.239354
17996,-0.209434,-0.239354,-0.239354
17997,-0.209434,-0.239354,-0.239354
17998,-0.209434,-0.269273,-0.239354
17999,-0.209434,-0.269273,-0.239354
18000,-0.209434,-0.239354,-0.239354
18001,-0.209434,-0.239354,-0.239354
18002,-0.209434,-0.239354,-0.239354
18003,-0.209434,-0.239354,-0.239354
18004,-0.209434,-0.239354,-0.239354
18005,-0.209434,-0.269273,-0.269273
18006,-0.239354,-0.269273,-0.269273
18007,-0.239354,-0.269273,-0.269273
18008,-0.209434,-0.269273,-0.269273
18009,-0.209434,-0.239354,-0.239354
18010,-0.179515,-0.239354,-0.239354
18011,-0.179515,-0.239354,-0.239354
18012,-0.179515,-0.239354,-0.209434
18013,-0.179515,-0.239354,-0.209434
18014,-0.179515,-0.239354,-0.209434
18015,-0.179515,-0.239354,-0.239354
18016,-0.179515,-0.239354,-0.239354
18017,-0.179515,-0.239354,-0.239354
18018,-0.179515,-0.239354,-0.239354
18019,-0.179515,-0.239354,-0.239354
18020,-0.179515,-0.239354,-0.239354
18021,-0.149596,-0.209434,-0.209434
18022,-0.149596,-0.179515,-0.179515
18023,-0.149596,-0.209434,-0.209434
18024,-0.179515,-0.209434,-0.209434
18025,-0.179515,-0.239354,-0.239354
18026,-0.209434,-0.239354,-0.239354
18027,-0.209434,-0.269273,-0.239354
18028,-0.209434,-0.239354,-0.269273
18029,-0.209434,-0.239354,-0.239354
18030,-0.209434,-0.269273,-0.239354
18031,-0.209434,-0.269273,-0.269273
18032,-0.209434,-0.239354,-0.239354
18033,-0.209434,-0.239354,-0.239354
18034,-0.209434,-0.239354,-0.239354
18035,-0.179515,-0.239354,-0.239354
18036,-0.209434,-0.239354,-0.239354
18037,-0.209434,-0.269273,-0.269273
18038,-0.239354,-0.269273,-0.269273
18039,-0.239354,-0.269273,-0.269273
18040,-0.209434,-0.269273,-0.269273
18041,-0.209434,-0.239354,-0.239354
18042,-0.179515,-0.239354,-0.239354
18043,-0.179515,-0.239354,-0.209434
18044,-0.179515,-0.209434,-0.209434
18045,-0.179515,-0.209434,-0.209434
18046,-0.179515,-0.209434,-0.239354
18047,-0.179515,-0.209434,-0.209434
18048,-0.179515,-0.239354,-0.239354
18049,-0.179515,-0.239354,-0.239354
18050,-0.179515,-0.239354,-0.239354
18051,-0.179515,-0.239354,-0.239354
18052,-0.179515,-0.239354,-0.239354
18053,-0.149596,-0.209434,-0.209434
18054,-0.149596,-0.179515,-0.179515
18055,-0.149596,-0.209434,-0.209434
18056,-0.179515,-0.209434,-0.209434
18057,-0.179515,-0.239354,-0.239354
18058,-0.209434,-0.239354,-0.239354
18059,-0.209434,-0.269273,-0.239354
18060,-0.209434,-0.269273,-0.239354
18061,-0.209434,-0.239354,-0.239354
18062,-0.209434,-0.239354,-0.239354
18063,-0.209434,-0.269273,-0.269273
18064,-0.209434,-0.239354,-0.239354
18065,-0.209434,-0.239354,-0.239354
18066,-0.209434,-0.239354,-0.239354
18067,-0.209434,-0.239354,-0.239354
18068,-0.209434,-0.239354,-0.239354
18069,-0.209434,-0.269273,-0.269273
18070,-0.239354,-0.299192,-0.269273
18071,-0.239354,-0.269273,-0.269273
18072,-0.209434,-0.269273,-0.269273
18073,-0.209434,-0.239354,-0.239354
18074,-0.179515,-0.239354,-0.239354
18075,-0.179515,-0.239354,-0.209434
18076,-0.179515,-0.239354,-0.209434
18077,-0.179515,-0.239354,-0.209434
18078,-0.179515,-0.239354,-0.209434
18079,-0.179515,-0.239354,-0.209434
18080,-0.179515,-0.239354,-0.239354
18081,-0.179515,-0.239354,-0.239354
18082,-0.179515,-0.239354,-0.239354
18083,-0.179515,-0.239354,-0.239354
18084,-0.179515,-0.239354,-0.239354
18085,-0.149596,-0.209434,-0.209434
18086,-0.149596,-0.179515,-0.179515
18087,-0.149596,-0.209434,-0.209434
18088,-0.179515,-0.209434,-0.209434
18089,-0.179515,-0.239354,-0.239354
18090,-0.209434,-0.269273,-0.239354
18091,-0.209434,-0.269273,-0.239354
18092,-0.209434,-0.239354,-0.239354
18093,-0.209434,-0.239354,-0.239354
18094,-0.209434,-0.269273,-0.239354
18095,-0.209434,-0.269273,-0.269273
18096,-0.209434,-0.239354,-0.239354
18097,-0.209434,-0.239354,-0.239354
18098,-0.209434,-0.239354,-0.239354
18099,-0.209434,-0.239354,-0.239354
18100,-0.209434,-0.239354,-0.239354
18101,-0.209434,-0.269273,-0.269273
18102,-0.239354,-0.269273,-0.269273
18103,-0.239354,-0.269273,-0.269273
18104,-0.209434,-0.269273,-0.269273
18105,-0.209434,-0.239354,-0.239354
18106,-0.179515,-0.239354,-0.239354
18107,-0.179515,-0.209434,-0.209434
18108,-0.179515,-0.239354,-0.209434
18109,-0.179515,-0.239354,-0.239354
18110,-0.179515,-0.239354,-0.209434
18111,-0.179515,-0.209434,-0.209434
18112,-0.179515,-0.239354,-0.209434
18113,-0.179515,-0.239354,-0.239354
18114,-0.179515,-0.239354,-0.239354
18115,-0.179515,-0.239354,-0.239354
18116,-0.179515,-0.239354,-0.239354
18117,-0.179515,-0.209434,-0.209434
18118,-0.149596,-0.209434,-0.179515
18119,-0.149596,-0.209434,-0.209434
18120,-0.179515,-0.209434,-0.209434
18121,-0.179515,-0.239354,-0.239354
18122,-0.209434,-0.239354,-0.239354
18123,-0.209434,-0.239354,-0.239354
18124,-0.209434,-0.239354,-0.239354
18125,-0.209434,-0.239354,-0.239354
18126,-0.209434,-0.239354,-0.239354
18127,-0.209434,-0.269273,-0.269273
18128,-0.209434,-0.239354,-0.239354
18129,-0.209434,-0.239354,-0.239354
18130,-0.209434,-0.239354,-0.239354
18131,-0.209434,-0.239354,-0.239354
18132,-0.209434,-0.239354,-0.239354
18133,-0.239354,-0.269273,-0.269273
18134,-0.239354,-0.269273,-0.269273
18135,-0.239354,-0.269273,-0.269273
18136,-0.209434,-0.269273,-0.269273
18137,-0.209434,-0.239354,-0.239354
18138,-0.179515,-0.239354,-0.239354
18139,-0.179515,-0.239354,-0.209434
18140,-0.179515,-0.239354,-0.209434
18141,-0.179515,-0.239354,-0.209434
18142,-0.179515,-0.239354,-0.209434
18143,-0.179515,-0.209434,-0.209434
18144,-0.179515,-0.239354,-0.239354
18145,-0.179515,-0.239354,-0.239354
18146,-0.179515,-0.239354,-0.239354
18147,-0.179515,-0.239354,-0.239354
18148,-0.179515,-0.239354,-0.239354
18149,-0.149596,-0.209434,-0.209434
18150,-0.149596,-0.179515,-0.179515
18151,-0.149596,-0.209434,-0.209434
18152,-0.179515,-0.209434,-0.209434
18153,-0.179515,-0.239354,-0.239354
18154,-0.209434,-0.239354,-0.239354
18155,-0.209434,-0.239354,-0.239354
18156,-0.209434,-0.269273,-0.239354
18157,-0.209434,-0.269273,-0.239354
18158,-0.209434,-0.239354,-0.239354
18159,-0.209434,-0.239354,-0.269273
18160,-0.209434,-0.239354,-0.239354
18161,-0.209434,-0.239354,-0.239354
18162,-0.209434,-0.239354,-0.239354
18163,-0.209434,-0.239354,-0.239354
18164,-0.209434,-0.239354,-0.239354
18165,-0.239354,-0.269273,-0.269273
18166,-0.239354,-0.299192,-0.269273
18167,-0.239354,-0.269273,-0.269273
18168,-0.209434,-0.269273,-0.269273
18169,-0.209434,-0.239354,-0.239354
18170,-0.179515,-0.239354,-0.239354
18171,-0.179515,-0.239354,-0.239354
18172,-0.179515,-0.209434,-0.209434
18173,-0.179515,-0.209434,-0.209434
18174,-0.179515,-0.239354,-0.209434
18175,-0.179515,-0.209434,-0.209434
18176,-0.179515,-0.209434,-0.239354
18177,-0.179515,-0.239354,-0.239354
18178,-0.179515,-0.239354,-0.239354
18179,-0.179515,-0.239354,-0.239354
18180,-0.179515,-0.239354,-0.239354
18181,-0.149596,-0.209434,-0.209434
18182,-0.149596,-0.209434,-0.179515
18183,-0.149596,-0.209434,-0.209434
18184,-0.179515,-0.209434,-0.209434
18185,-0.179515,-0.239354,-0.239354
18186,-0.209434,-0.269273,-0.239354
18187,-0.209434,-0.269273,-0.269273
18188,-0.209434,-0.269273,-0.239354
18189,-0.209434,-0.239354,-0.239354
18190,-0.209434,-0.269273,-0.239354
18191,-0.209434,-0.239354,-0.239354
18192,-0.209434,-0.239354,-0.239354
18193,-0.209434,-0.239354,-0.239354
18194,-0.209434,-0.239354,-0.239354
18195,-0.209434,-0.239354,-0.239354
18196,-0.209434,-0.239354,-0.239354
18197,-0.239354,-0.269273,-0.269273
18198,-0.239354,-0.269273,-0.269273
18199,-0.239354,-0.269273,-0.269273
18200,-0.209434,-0.269273,-0.269273
18201,-0.209434,-0.239354,-0.239354
18202,-0.179515,-0.239354,-0.209434
18203,-0.179515,-0.209434,-0.209434
18204,-0.179515,-0.209434,-0.209434
18205,-0.179515,-0.209434,-0.209434
18206,-0.179515,-0.239354,-0.209434
18207,-0.179515,-0.239354,-0.209434
18208,-0.179515,-0.239354,-0.239354
18209,-0.179515,-0.239354,-0.239354
18210,-0.179515,-0.239354,-0.239354
18211,-0.179515,-0.239354,-0.239354
18212,-0.179515,-0.239354,-0.239354
18213,-0.149596,-0.209434,-0.209434
18214,-0.149596,-0.179515,-0.179515
18215,-0.149596,-0.209434,-0.209434
18216,-0.179515,-0.209434,-0.209434
18217,-0.179515,-0.239354,-0.239354
18218,-0.209434,-0.239354,-0.239354
18219,-0.209434,-0.269273,-0.239354
18220,-0.209434,-0.239354,-0.239354
18221,-0.209434,-0.239354,-0.239354
18222,-0.209434,-0.239354,-0.239354
18223,-0.209434,-0.269273,-0.239354
18224,-0.209434,-0.239354,-0.239354
18225,-0.209434,-0.239354,-0.239354
18226,-0.209434,-0.239354,-0.239354
18227,-0.209434,-0.239354,-0.239354
18228,-0.209434,-0.239354,-0.239354
18229,-0.239354,-0.269273,-0.269273
18230,-0.239354,-0.299192,-0.269273
18231,-0.209434,-0.269273,-0.269273
18232,-0.209434,-0.269273,-0.269273
18233,-0.209434,-0.239354,-0.239354
18234,-0.179515,-0.239354,-0.209434
18235,-0.179515,-0.239354,-0.209434
18236,-0.179515,-0.209434,-0.209434
18237,-0.179515,-0.209434,-0.209434
18238,-0.179515,-0.209434,-0.209434
18239,-0.179515,-0.239354,-0.209434
18240,-0.179515,-0.239354,-0.209434
18241,-0.179515,-0.239354,-0.239354
18242,-0.179515,-0.239354,-0.239354
18243,-0.179515,-0.239354,-0.239354
18244,-0.179515,-0.239354,-0.239354
18245,-0.149596,-0.209434,-0.209434
18246,-0.149596,-0.179515,-0.179515
18247,-0.149596,-0.209434,-0.209434
18248,-0.179515,-0.209434,-0.209434
18249,-0.179515,-0.239354,-0.239354
18250,-0.209434,-0.269273,-0.239354
18251,-0.209434,-0.269273,-0.239354
18252,-0.209434,-0.269273,-0.239354
18253,-0.209434,-0.269273,-0.239354
18254,-0.209434,-0.239354,-0.239354
18255,-0.209434,-0.239354,-0.239354
18256,-0.209434,-0.239354,-0.239354
18257,-0.209434,-0.239354,-0.239354
18258,-0.209434,-0.239354,-0.239354
18259,-0.209434,-0.239354,-0.239354
18260,-0.209434,-0.239354,-0.239354
18261,-0.239354,-0.269273,-0.269273
18262,-0.239354,-0.269273,-0.269273
18263,-0.209434,-0.269273,-0.269273
18264,-0.209434,-0.269273,-0.269273
18265,-0.209434,-0.239354,-0.239354
18266,-0.179515,-0.239354,-0.209434
18267,-0.179515,-0.239354,-0.239354
18268,-0.179515,-0.239354,-0.209434
18269,-0.179515,-0.209434,-0.209434
18270,-0.179515,-0.209434,-0.209434
18271,-0.179515,-0.239354,-0.209434
18272,-0.179515,-0.239354,-0.239354
18273,-0.179515,-0.239354,-0.239354
18274,-0.179515,-0.239354,-0.239354
18275,-0.179515,-0.239354,-0.239354
18276,-0.179515,-0.239354,-0.239354
18277,-0.149596,-0.209434,-0.209434
18278,-0.149596,-0.179515,-0.179515
18279,-0.149596,-0.209434,-0.209434
18280,-0.179515,-0.209434,-0.209434
18281,-0.179515,-0.239354,-0.239354
18282,-0.209434,-0.239354,-0.239354
18283,-0.209434,-0.239354,-0.239354
18284,-0.209434,-0.269273,-0.239354
18285,-0.209434,-0.239354,-0.239354
18286,-0.209434,-0.239354,-0.239354
18287,-0.209434,-0.269273,-0.239354
18288,-0.209434,-0.239354,-0.239354
18289,-0.209434,-0.239354,-0.239354
18290,-0.209434,-0.239354,-0.239354
18291,-0.209434,-0.239354,-0.239354
18292,-0.209434,-0.239354,-0.239354
18293,-0.239354,-0.269273,-0.269273
18294,-0.239354,-0.299192,-0.269273
18295,-0.209434,-0.269273,-0.269273
18296,-0.209434,-0.269273,-0.269273
18297,-0.209434,-0.239354,-0.239354
18298,-0.179515,-0.239354,-0.209434
18299,-0.179515,-0.209434,-0.209434
18300,-0.179515,-0.209434,-0.209434
18301,-0.179515,-0.239354,-0.209434
18302,-0.179515,-0.239354,-0.239354
18303,-0.179515,-0.239354,-0.209434
18304,-0.179515,-0.239354,-0.239354
18305,-0.179515,-0.239354,-0.239354
18306,-0.179515,-0.239354,-0.239354
18307,-0.179515,-0.239354,-0.239354
18308,-0.179515,-0.239354,-0.239354
18309,-0.149596,-0.209434,-0.209434
18310,-0.149596,-0.179515,-0.179515
18311,-0.149596,-0.209434,-0.209434
18312,-0.179515,-0.209434,-0.209434
18313,-0.179515,-0.239354,-0.239354
18314,-0.209434,-0.239354,-0.239354
18315,-0.209434,-0.269273,-0.239354
18316,-0.209434,-0.269273,-0.239354
18317,-0.209434,-0.269273,-0.239354
18318,-0.209434,-0.239354,-0.239354
18319,-0.209434,-0.239354,-0.239354
18320,-0.209434,-0.239354,-0.239354
18321,-0.209434,-0.239354,-0.239354
18322,-0.209434,-0.239354,-0.239354
18323,-0.209434,-0.239354,-0.239354
18324,-0.209434,-0.239354,-0.239354
18325,-0.239354,-0.269273,-0.269273
18326,-0.239354,-0.299192,-0.269273
18327,-0.209434,-0.269273,-0.269273
18328,-0.209434,-0.269273,-0.269273
18329,-0.209434,-0.239354,-0.239354
18330,-0.179515,-0.239354,-0.239354
18331,-0.179515,-0.239354,-0.239354
18332,-0.179515,-0.239354,-0.239354
18333,-0.179515,-0.209434,-0.239354
18334,-0.179515,-0.239354,-0.239354
18335,-0.179515,-0.239354,-0.239354
18336,-0.179515,-0.239354,-0.239354
18337,-0.179515,-0.239354,-0.239354
18338,-0.179515,-0.239354,-0.239354
18339,-0.179515,-0.239354,-0.239354
18340,-0.179515,-0.239354,-0.239354
18341,-0.149596,-0.209434,-0.209434
18342,-0.149596,-0.179515,-0.179515
18343,-0.149596,-0.209434,-0.209434
18344,-0.179515,-0.209434,-0.209434
18345,-0.179515,-0.239354,-0.239354
18346,-0.209434,-0.239354,-0.239354
18347,-0.209434,-0.239354,-0.239354
18348,-0.209434,-0.239354,-0.239354
18349,-0.209434,-0.239354,-0.239354
18350,-0.209434,-0.239354,-0.239354
18351,-0.209434,-0.239354,-0.239354
18352,-0.209434,-0.239354,-0.239354
18353,-0.209434,-0.239354,-0.239354
18354,-0.209434,-0.239354,-0.239354
18355,-0.209434,-0.239354,-0.239354
18356,-0.209434,-0.239354,-0.239354
18357,-0.239354,-0.269273,-0.269273
18358,-0.239354,-0.269273,-0.269273
18359,-0.209434,-0.269273,-0.269273
18360,-0.209434,-0.269273,-0.269273
18361,-0.209434,-0.239354,-0.239354
18362,-0.179515,-0.239354,-0.239354
18363,-0.179515,-0.209434,-0.209434
18364,-0.179515,-0.239354,-0.209434
18365,-0.179515,-0.239354,-0.209434
18366,-0.179515,-0.239354,-0.209434
18367,-0.179515,-0.209434,-0.209434
18368,-0.179515,-0.239354,-0.239354
18369,-0.179515,-0.239354,-0.239354
18370,-0.179515,-0.239354,-0.239354
18371,-0.179515,-0.239354,-0.239354
18372,-0.179515,-0.239354,-0.239354
18373,-0.149596,-0.209434,-0.209434
18374,-0.149596,-0.179515,-0.179515
18375,-0.149596,-0.209434,-0.209434
18376,-0.179515,-0.239354,-0.209434
18377,-0.209434,-0.239354,-0.239354
18378,-0.209434,-0.269273,-0.239354
18379,-0.209434,-0.239354,-0.239354
18380,-0.209434,-0.269273,-0.269273
18381,-0.209434,-0.269273,-0.239354
18382,-0.209434,-0.239354,-0.239354
18383,-0.209434,-0.239354,-0.239354
18384,-0.209434,-0.239354,-0.239354
18385,-0.209434,-0.239354,-0.239354
18386,-0.209434,-0.239354,-0.239354
18387,-0.209434,-0.239354,-0.239354
18388,-0.209434,-0.239354,-0.239354
18389,-0.239354,-0.269273,-0.269273
18390,-0.239354,-0.269273,-0.269273
18391,-0.209434,-0.269273,-0.269273
18392,-0.209434,-0.269273,-0.239354
18393,-0.179515,-0.239354,-0.239354
18394,-0.179515,-0.239354,-0.239354
18395,-0.179515,-0.239354,-0.209434
18396,-0.179515,-0.239354,-0.209434
18397,-0.179515,-0.209434,-0.239354
18398,-0.179515,-0.239354,-0.209434
18399,-0.179515,-0.239354,-0.209434
18400,-0.179515,-0.239354,-0.239354
18401,-0.179515,-0.239354,-0.239354
18402,-0.179515,-0.239354,-0.239354
18403,-0.179515,-0.239354,-0.239354
18404,-0.179515,-0.239354,-0.239354
18405,-0.149596,-0.209434,-0.209434
18406,-0.149596,-0.179515,-0.179515
18407,-0.149596,-0.209434,-0.209434
18408,-0.179515,-0.209434,-0.209434
18409,-0.179515,-0.239354,-0.239354
18410,-0.209434,-0.239354,-0.239354
18411,-0.209434,-0.239354,-0.239354
18412,-0.209434,-0.239354,-0.239354
18413,-0.209434,-0.239354,-0.239354
18414,-0.209434,-0.239354,-0.239354
18415,-0.209434,-0.269273,-0.239354
18416,-0.209434,-0.239354,-0.239354
18417,-0.209434,-0.239354,-0.239354
18418,-0.179515,-0.239354,-0.239354
18419,-0.209434,-0.239354,-0.239354
18420,-0.209434,-0.239354,-0.239354
18421,-0.239354,-0.269273,-0.269273
18422,-0.239354,-0.269273,-0.269273
18423,-0.209434,-0.269273,-0.269273
18424,-0.209434,-0.269273,-0.269273
18425,-0.179515,-0.239354,-0.239354
18426,-0.179515,-0.239354,-0.209434
18427,-0.179515,-0.239354,-0.209434
18428,-0.179515,-0.239354,-0.209434
18429,-0.179515,-0.239354,-0.209434
18430,-0.179515,-0.209434,-0.209434
18431,-0.179515,-0.239354,-0.209434
18432,-0.179515,-0.239354,-0.239354
18433,-0.179515,-0.239354,-0.239354
18434,-0.179515,-0.239354,-0.239354
18435,-0.179515,-0.239354,-0.239354
18436,-0.179515,-0.239354,-0.239354
18437,-0.149596,-0.209434,-0.209434
18438,-0.149596,-0.179515,-0.179515
18439,-0.149596,-0.209434,-0.209434
18440,-0.179515,-0.209434,-0.209434
18441,-0.179515,-0.239354,-0.239354
18442,-0.209434,-0.239354,-0.239354
18443,-0.209434,-0.269273,-0.239354
18444,-0.209434,-0.239354,-0.239354
18445,-0.209434,-0.239354,-0.269273
18446,-0.209434,-0.239354,-0.239354
18447,-0.209434,-0.269273,-0.239354
18448,-0.209434,-0.239354,-0.239354
18449,-0.209434,-0.239354,-0.239354
18450,-0.209434,-0.239354,-0.239354
18451,-0.209434,-0.239354,-0.239354
18452,-0.209434,-0.239354,-0.239354
18453,-0.239354,-0.269273,-0.269273
18454,-0.239354,-0.269273,-0.269273
18455,-0.239354,-0.269273,-0.269273
18456,-0.209434,-0.269273,-0.269273
18457,-0.209434,-0.239354,-0.239354
18458,-0.179515,-0.239354,-0.239354
18459,-0.179515,-0.239354,-0.239354
18460,-0.179515,-0.209434,-0.209434
18461,-0.179515,-0.239354,-0.209434
18462,-0.179515,-0.209434,-0.209434
18463,-0.179515,-0.209434,-0.209434
18464,-0.179515,-0.239354,-0.209434
18465,-0.179515,-0.239354,-0.239354
18466,-0.179515,-0.239354,-0.239354
18467,-0.179515,-0.239354,-0.239354
18468,-0.179515,-0.239354,-0.239354
18469,-0.149596,-0.209434,-0.209434
18470,-0.149596,-0.209434,-0.179515
18471,-0.149596,-0.209434,-0.209434
18472,-0.179515,-0.209434,-0.209434
18473,-0.179515,-0.239354,-0.239354
18474,-0.209434,-0.239354,-0.239354
18475,-0.209434,-0.239354,-0.239354
18476,-0.209434,-0.269273,-0.239354
18477,-0.209434,-0.239354,-0.239354
18478,-0.209434,-0.239354,-0.239354
18479,-0.209434,-0.269273,-0.269273
18480,-0.209434,-0.239354,-0.239354
18481,-0.209434,-0.239354,-0.239354
18482,-0.209434,-0.239354,-0.239354
18483,-0.209434,-0.239354,-0.239354
18484,-0.209434,-0.239354,-0.239354
18485,-0.239354,-0.269273,-0.269273
18486,-0.239354,-0.269273,-0.269273
18487,-0.239354,-0.269273,-0.269273
18488,-0.209434,-0.269273,-0.269273
18489,-0.209434,-0.239354,-0.239354
18490,-0.179515,-0.239354,-0.239354
18491,-0.179515,-0.239354,-0.209434
18492,-0.179515,-0.239354,-0.209434
18493,-0.179515,-0.209434,-0.209434
18494,-0.179515,-0.239354,-0.209434
18495,-0.179515,-0.209434,-0.209434
18496,-0.179515,-0.239354,-0.239354
18497,-0.179515,-0.239354,-0.239354
18498,-0.179515,-0.239354,-0.239354
18499,-0.179515,-0.239354,-0.239354
18500,-0.179515,-0.239354,-0.239354
18501,-0.149596,-0.209434,-0.209434
18502,-0.149596,-0.209434,-0.179515
18503,-0.149596,-0.209434,-0.209434
18504,-0.179515,-0.209434,-0.209434
18505,-0.179515,-0.239354,-0.239354
18506,-0.209434,-0.239354,-0.239354
18507,-0.209434,-0.269273,-0.269273
18508,-0.209434,-0.269273,-0.269273
18509,-0.209434,-0.239354,-0.239354
18510,-0.209434,-0.239354,-0.239354
18511,-0.209434,-0.269273,-0.239354
18512,-0.209434,-0.239354,-0.239354
18513,-0.209434,-0.239354,-0.239354
18514,-0.209434,-0.239354,-0.239354
18515,-0.209434,-0.239354,-0.239354
18516,-0.209434,-0.239354,-0.239354
18517,-0.239354,-0.269273,-0.269273
18518,-0.239354,-0.269273,-0.269273
18519,-0.209434,-0.269273,-0.269273
18520,-0.209434,-0.269273,-0.269273
18521,-0.179515,-0.239354,-0.239354
18522,-0.179515,-0.239354,-0.239354
18523,-0.179515,-0.239354,-0.209434
18524,-0.179515,-0.239354,-0.209434
18525,-0.179515,-0.239354,-0.209434
18526,-0.179515,-0.239354,-0.209434
18527,-0.179515,-0.209434,-0.209434
18528,-0.179515,-0.239354,-0.239354
18529,-0.179515,-0.239354,-0.239354
18530,-0.179515,-0.239354,-0.239354
18531,-0.179515,-0.239354,-0.239354
18532,-0.179515,-0.239354,-0.239354
18533,-0.149596,-0.209434,-0.209434
18534,-0.149596,-0.209434,-0.209434
18535,-0.179515,-0.209434,-0.209434
18536,-0.179515,-0.209434,-0.209434
18537,-0.179515,-0.239354,-0.239354
18538,-0.209434,-0.269273,-0.239354
18539,-0.209434,-0.239354,-0.269273
18540,-0.209434,-0.239354,-0.239354
18541,-0.209434,-0.239354,-0.239354
18542,-0.209434,-0.239354,-0.239354
18543,-0.209434,-0.239354,-0.239354
18544,-0.209434,-0.239354,-0.239354
18545,-0.209434,-0.239354,-0.239354
18546,-0.209434,-0.239354,-0.239354
18547,-0.209434,-0.239354,-0.239354
18548,-0.209434,-0.239354,-0.239354
18549,-0.239354,-0.269273,-0.269273
18550,-0.239354,-0.299192,-0.269273
18551,-0.239354,-0.269273,-0.269273
18552,-0.209434,-0.269273,-0.269273
18553,-0.179515,-0.239354,-0.239354
18554,-0.179515,-0.239354,-0.209434
18555,-0.179515,-0.239354,-0.209434
18556,-0.179515,-0.209434,-0.209434
18557,-0.179515,-0.239354,-0.209434
18558,-0.179515,-0.239354,-0.209434
18559,-0.179515,-0.239354,-0.209434
18560,-0.179515,-0.239354,-0.239354
18561,-0.179515,-0.239354,-0.239354
18562,-0.179515,-0.239354,-0.239354
18563,-0.179515,-0.239354,-0.239354
18564,-0.179515,-0.239354,-0.239354
18565,-0.149596,-0.209434,-0.209434
18566,-0.149596,-0.179515,-0.179515
18567,-0.179515,-0.209434,-0.209434
18568,-0.179515,-0.209434,-0.209434
18569,-0.179515,-0.239354,-0.239354
18570,-0.209434,-0.239354,-0.239354
18571,-0.209434,-0.239354,-0.239354
18572,-0.209434,-0.239354,-0.269273
18573,-0.209434,-0.239354,-0.239354
18574,-0.209434,-0.269273,-0.239354
18575,-0.209434,-0.269273,-0.239354
18576,-0.209434,-0.239354,-0.239354
18577,-0.209434,-0.239354,-0.239354
18578,-0.209434,-0.239354,-0.239354
18579,-0.209434,-0.239354,-0.239354
18580,-0.209434,-0.269273,-0.239354
18581,-0.239354,-0.299192,-0.269273
18582,-0.239354,-0.269273,-0.269273
18583,-0.209434,-0.269273,-0.269273
18584,-0.209434,-0.269273,-0.269273
18585,-0.209434,-0.239354,-0.239354
18586,-0.179515,-0.239354,-0.239354
18587,-0.179515,-0.209434,-0.209434
18588,-0.179515,-0.209434,-0.209434
18589,-0.179515,-0.209434,-0.239354
18590,-0.179515,-0.209434,-0.239354
18591,-0.179515,-0.239354,-0.209434
18592,-0.179515,-0.239354,-0.239354
18593,-0.179515,-0.239354,-0.239354
18594,-0.179515,-0.239354,-0.239354
18595,-0.179515,-0.239354,-0.239354
18596,-0.179515,-0.239354,-0.239354
18597,-0.149596,-0.209434,-0.179515
18598,-0.149596,-0.209434,-0.179515
18599,-0.179515,-0.209434,-0.209434
18600,-0.179515,-0.209434,-0.209434
18601,-0.179515,-0.239354,-0.239354
18602,-0.209434,-0.269273,-0.239354
18603,-0.209434,-0.269273,-0.239354
18604,-0.209434,-0.269273,-0.269273
18605,-0.209434,-0.239354,-0.239354
18606,-0.209434,-0.269273,-0.239354
18607,-0.209434,-0.269273,-0.239354
18608,-0.209434,-0.239354,-0.239354
18609,-0.209434,-0.239354,-0.239354
18610,-0.209434,-0.239354,-0.239354
18611,-0.179515,-0.239354,-0.239354
18612,-0.209434,-0.239354,-0.239354
18613,-0.239354,-0.269273,-0.269273
18614,-0.239354,-0.269273,-0.269273
18615,-0.209434,-0.269273,-0.269273
18616,-0.209434,-0.269273,-0.269273
18617,-0.179515,-0.239354,-0.239354
18618,-0.179515,-0.239354,-0.239354
18619,-0.179515,-0.239354,-0.209434
18620,-0.179515,-0.239354,-0.239354
18621,-0.179515,-0.239354,-0.239354
18622,-0.179515,-0.209434,-0.239354
18623,-0.179515,-0.209434,-0.209434
18624,-0.179515,-0.239354,-0.239354
18625,-0.179515,-0.239354,-0.239354
18626,-0.179515,-0.239354,-0.239354
18627,-0.179515,-0.239354,-0.239354
18628,-0.179515,-0.239354,-0.239354
18629,-0.149596,-0.209434,-0.179515
18630,-0.149596,-0.209434,-0.179515
18631,-0.179515,-0.209434,-0.209434
18632,-0.179515,-0.209434,-0.209434
18633,-0.209434,-0.239354,-0.239354
18634,-0.209434,-0.269273,-0.239354
18635,-0.209434,-0.269273,-0.269273
18636,-0.209434,-0.239354,-0.269273
18637,-0.209434,-0.239354,-0.269273
18638,-0.209434,-0.269273,-0.269273
18639,-0.209434,-0.239354,-0.239354
18640,-0.209434,-0.239354,-0.239354
18641,-0.209434,-0.239354,-0.239354
18642,-0.209434,-0.239354,-0.239354
18643,-0.209434,-0.239354,-0.239354
18644,-0.209434,-0.239354,-0.239354
18645,-0.239354,-0.269273,-0.269273
18646,-0.239354,-0.269273,-0.269273
18647,-0.209434,-0.269273,-0.269273
18648,-0.209434,-0.269273,-0.239354
18649,-0.209434,-0.239354,-0.239354
18650,-0.179515,-0.209434,-0.239354
18651,-0.179515,-0.209434,-0.239354
18652,-0.179515,-0.239354,-0.239354
18653,-0.179515,-0.239354,-0.239354
18654,-0.179515,-0.239354,-0.209434
18655,-0.179515,-0.239354,-0.209434
18656,-0.179515,-0.239354,-0.239354
18657,-0.179515,-0.239354,-0.239354
18658,-0.179515,-0.239354,-0.239354
18659,-0.179515,-0.239354,-0.239354
18660,-0.179515,-0.239354,-0.239354
18661,-0.149596,-0.209434,-0.209434
18662,-0.149596,-0.209434,-0.179515
18663,-0.179515,-0.209434,-0.209434
18664,-0.179515,-0.209434,-0.209434
18665,-0.209434,-0.239354,-0.239354
18666,-0.209434,-0.239354,-0.239354
18667,-0.209434,-0.269273,-0.239354
18668,-0.209434,-0.239354,-0.239354
18669,-0.209434,-0.239354,-0.239354
18670,-0.209434,-0.269273,-0.239354
18671,-0.209434,-0.269273,-0.239354
18672,-0.209434,-0.239354,-0.239354
18673,-0.209434,-0.239354,-0.239354
18674,-0.209434,-0.239354,-0.239354
18675,-0.209434,-0.239354,-0.239354
18676,-0.209434,-0.269273,-0.239354
18677,-0.239354,-0.299192,-0.269273
18678,-0.239354,-0.269273,-0.269273
18679,-0.239354,-0.269273,-0.269273
18680,-0.209434,-0.269273,-0.269273
18681,-0.179515,-0.239354,-0.239354
18682,-0.179515,-0.239354,-0.209434
18683,-0.179515,-0.239354,-0.239354
18684,-0.179515,-0.209434,-0.209434
18685,-0.179515,-0.239354,-0.209434
18686,-0.179515,-0.239354,-0.209434
18687,-0.179515,-0.239354,-0.209434
18688,-0.179515,-0.239354,-0.239354
18689,-0.179515,-0.239354,-0.239354
18690,-0.179515,-0.239354,-0.239354
18691,-0.179515,-0.239354,-0.239354
18692,-0.179515,-0.209434,-0.239354
18693,-0.149596,-0.209434,-0.209434
18694,-0.149596,-0.209434,-0.179515
18695,-0.149596,-0.209434,-0.209434
18696,-0.179515,-0.239354,-0.209434
18697,-0.209434,-0.239354,-0.239354
18698,-0.209434,-0.269273,-0.239354
18699,-0.209434,-0.269273,-0.239354
18700,-0.209434,-0.239354,-0.239354
18701,-0.209434,-0.239354,-0.239354
18702,-0.209434,-0.269273,-0.239354
18703,-0.209434,-0.239354,-0.239354
18704,-0.209434,-0.239354,-0.239354
18705,-0.209434,-0.239354,-0.239354
18706,-0.179515,-0.239354,-0.239354
18707,-0.209434,-0.239354,-0.239354
18708,-0.209434,-0.239354,-0.239354
18709,-0.239354,-0.299192,-0.269273
18710,-0.239354,-0.269273,-0.269273
18711,-0.239354,-0.269273,-0.269273
18712,-0.209434,-0.269273,-0.269273
18713,-0.179515,-0.239354,-0.239354
18714,-0.179515,-0.239354,-0.239354
18715,-0.179515,-0.239354,-0.209434
18716,-0.179515,-0.239354,-0.239354
18717,-0.179515,-0.209434,-0.209434
18718,-0.179515,-0.209434,-0.239354
18719,-0.179515,-0.209434,-0.239354
18720,-0.179515,-0.239354,-0.239354
18721,-0.179515,-0.239354,-0.239354
18722,-0.179515,-0.239354,-0.239354
18723,-0.179515,-0.239354,-0.239354
18724,-0.179515,-0.239354,-0.239354
18725,-0.149596,-0.209434,-0.179515
18726,-0.149596,-0.209434,-0.209434
18727,-0.149596,-0.209434,-0.209434
18728,-0.179515,-0.239354,-0.209434
18729,-0.209434,-0.239354,-0.239354
18730,-0.209434,-0.239354,-0.239354
18731,-0.209434,-0.269273,-0.269273
18732,-0.209434,-0.269273,-0.269273
18733,-0.209434,-0.269273,-0.239354
18734,-0.209434,-0.269273,-0.239354
18735,-0.209434,-0.269273,-0.239354
18736,-0.209434,-0.239354,-0.239354
18737,-0.209434,-0.239354,-0.239354
18738,-0.209434,-0.239354,-0.239354
18739,-0.209434,-0.239354,-0.239354
18740,-0.209434,-0.239354,-0.269273
18741,-0.239354,-0.269273,-0.269273
18742,-0.239354,-0.269273,-0.269273
18743,-0.209434,-0.269273,-0.269273
18744,-0.209434,-0.269273,-0.269273
18745,-0.209434,-0.239354,-0.239354
18746,-0.179515,-0.239354,-0.239354
18747,-0.179515,-0.239354,-0.239354
18748,-0.179515,-0.239354,-0.209434
18749,-0.179515,-0.239354,-0.239354
18750,-0.179515,-0.239354,-0.209434
18751,-0.179515,-0.209434,-0.209434
18752,-0.179515,-0.239354,-0.239354
18753,-0.179515,-0.239354,-0.239354
18754,-0.179515,-0.239354,-0.239354
18755,-0.179515,-0.239354,-0.239354
18756,-0.179515,-0.209434,-0.209434
18757,-0.149596,-0.209434,-0.209434
18758,-0.149596,-0.209434,-0.209434
18759,-0.179515,-0.209434,-0.209434
18760,-0.179515,-0.239354,-0.239354
18761,-0.209434,-0.239354,-0.239354
18762,-0.209434,-0.269273,-0.239354
18763,-0.209434,-0.269273,-0.239354
18764,-0.209434,-0.269273,-0.239354
18765,-0.209434,-0.239354,-0.239354
18766,-0.209434,-0.269273,-0.239354
18767,-0.209434,-0.239354,-0.239354
18768,-0.209434,-0.239354,-0.239354
18769,-0.209434,-0.239354,-0.239354
18770,-0.209434,-0.239354,-0.239354
18771,-0.209434,-0.239354,-0.239354
18772,-0.209434,-0.239354,-0.239354
18773,-0.239354,-0.269273,-0.269273
18774,-0.239354,-0.269273,-0.269273
18775,-0.209434,-0.269273,-0.269273
18776,-0.209434,-0.269273,-0.269273
18777,-0.179515,-0.239354,-0.239354
18778,-0.179515,-0.239354,-0.239354
18779,-0.179515,-0.239354,-0.209434
18780,-0.179515,-0.239354,-0.209434
18781,-0.179515,-0.239354,-0.239354
18782,-0.179515,-0.239354,-0.239354
18783,-0.179515,-0.239354,-0.209434
18784,-0.179515,-0.239354,-0.209434
18785,-0.179515,-0.239354,-0.239354
18786,-0.179515,-0.239354,-0.239354
18787,-0.179515,-0.239354,-0.239354
18788,-0.179515,-0.239354,-0.209434
18789,-0.149596,-0.209434,-0.179515
18790,-0.149596,-0.209434,-0.179515
18791,-0.179515,-0.209434,-0.209434
18792,-0.179515,-0.239354,-0.209434
18793,-0.179515,-0.239354,-0.239354
18794,-0.209434,-0.239354,-0.239354
18795,-0.209434,-0.269273,-0.239354
18796,-0.209434,-0.269273,-0.239354
18797,-0.209434,-0.239354,-0.239354
18798,-0.209434,-0.239354,-0.239354
18799,-0.209434,-0.239354,-0.239354
18800,-0.209434,-0.239354,-0.239354
18801,-0.209434,-0.239354,-0.239354
18802,-0.209434,-0.239354,-0.239354
18803,-0.179515,-0.239354,-0.239354
18804,-0.209434,-0.269273,-0.239354
18805,-0.239354,-0.269273,-0.269273
18806,-0.239354,-0.269273,-0.269273
18807,-0.209434,-0.269273,-0.269273
18808,-0.209434,-0.269273,-0.239354
18809,-0.179515,-0.239354,-0.239354
18810,-0.179515,-0.239354,-0.239354
18811,-0.179515,-0.239354,-0.209434
18812,-0.179515,-0.209434,-0.209434
18813,-0.179515,-0.209434,-0.239354
18814,-0.179515,-0.209434,-0.239354
18815,-0.179515,-0.239354,-0.209434
18816,-0.179515,-0.239354,-0.239354
18817,-0.179515,-0.239354,-0.239354
18818,-0.179515,-0.239354,-0.239354
18819,-0.179515,-0.239354,-0.239354
18820,-0.179515,-0.239354,-0.209434
18821,-0.149596,-0.209434,-0.179515
18822,-0.149596,-0.179515,-0.209434
18823,-0.179515,-0.209434,-0.209434
18824,-0.179515,-0.239354,-0.209434
18825,-0.209434,-0.239354,-0.239354
18826,-0.209434,-0.269273,-0.239354
18827,-0.209434,-0.269273,-0.239354
18828,-0.209434,-0.269273,-0.239354
18829,-0.209434,-0.269273,-0.239354
18830,-0.209434,-0.269273,-0.239354
18831,-0.209434,-0.269273,-0.239354
18832,-0.209434,-0.269273,-0.239354
18833,-0.209434,-0.239354,-0.239354
18834,-0.209434,-0.239354,-0.239354
18835,-0.209434,-0.239354,-0.239354
18836,-0.209434,-0.269273,-0.269273
18837,-0.239354,-0.299192,-0.269273
18838,-0.239354,-0.269273,-0.269273
18839,-0.209434,-0.269273,-0.269273
18840,-0.209434,-0.239354,-0.269273
18841,-0.179515,-0.239354,-0.239354
18842,-0.179515,-0.239354,-0.239354
18843,-0.179515,-0.239354,-0.209434
18844,-0.179515,-0.239354,-0.209434
18845,-0.179515,-0.239354,-0.209434
18846,-0.179515,-0.239354,-0.209434
18847,-0.179515,-0.239354,-0.239354
18848,-0.179515,-0.239354,-0.239354
18849,-0.179515,-0.239354,-0.239354
18850,-0.179515,-0.239354,-0.239354
18851,-0.179515,-0.239354,-0.239354
18852,-0.179515,-0.239354,-0.209434
18853,-0.149596,-0.179515,-0.179515
18854,-0.149596,-0.209434,-0.179515
18855,-0.179515,-0.209434,-0.209434
18856,-0.179515,-0.239354,-0.209434
18857,-0.209434,-0.239354,-0.239354
18858,-0.209434,-0.239354,-0.239354
18859,-0.209434,-0.239354,-0.239354
18860,-0.209434,-0.239354,-0.239354
18861,-0.209434,-0.239354,-0.239354
18862,-0.209434,-0.239354,-0.239354
18863,-0.209434,-0.269273,-0.269273
18864,-0.209434,-0.239354,-0.239354
18865,-0.209434,-0.239354,-0.239354
18866,-0.209434,-0.239354,-0.239354
18867,-0.209434,-0.239354,-0.239354
18868,-0.209434,-0.269273,-0.269273
18869,-0.239354,-0.269273,-0.269273
18870,-0.239354,-0.269273,-0.269273
18871,-0.209434,-0.269273,-0.269273
18872,-0.209434,-0.269273,-0.269273
18873,-0.179515,-0.239354,-0.239354
18874,-0.179515,-0.239354,-0.209434
18875,-0.179515,-0.239354,-0.209434
18876,-0.179515,-0.239354,-0.209434
18877,-0.179515,-0.239354,-0.239354
18878,-0.179515,-0.239354,-0.239354
18879,-0.179515,-0.239354,-0.239354
18880,-0.179515,-0.239354,-0.239354
18881,-0.179515,-0.239354,-0.239354
18882,-0.179515,-0.239354,-0.239354
18883,-0.179515,-0.239354,-0.239354
18884,-0.179515,-0.209434,-0.239354
18885,-0.149596,-0.209434,-0.179515
18886,-0.149596,-0.209434,-0.179515
18887,-0.179515,-0.209434,-0.209434
18888,-0.179515,-0.239354,-0.209434
18889,-0.209434,-0.239354,-0.239354
18890,-0.209434,-0.269273,-0.239354
18891,-0.209434,-0.269273,-0.239354
18892,-0.209434,-0.269273,-0.239354
18893,-0.209434,-0.239354,-0.239354
18894,-0.209434,-0.269273,-0.239354
18895,-0.209434,-0.269273,-0.239354
18896,-0.209434,-0.239354,-0.239354
18897,-0.209434,-0.239354,-0.239354
18898,-0.209434,-0.239354,-0.239354
18899,-0.209434,-0.239354,-0.239354
18900,-0.209434,-0.269273,-0.269273
18901,-0.239354,-0.299192,-0.269273
18902,-0.239354,-0.269273,-0.269273
18903,-0.209434,-0.269273,-0.269273
18904,-0.209434,-0.269273,-0.239354
18905,-0.179515,-0.239354,-0.239354
18906,-0.179515,-0.239354,-0.209434
18907,-0.179515,-0.239354,-0.209434
18908,-0.179515,-0.239354,-0.209434
18909,-0.179515,-0.239354,-0.239354
18910,-0.179515,-0.239354,-0.239354
18911,-0.179515,-0.239354,-0.209434
18912,-0.179515,-0.239354,-0.209434
18913,-0.179515,-0.239354,-0.239354
18914,-0.179515,-0.239354,-0.239354
18915,-0.179515,-0.239354,-0.239354
18916,-0.179515,-0.209434,-0.209434
18917,-0.149596,-0.209434,-0.179515
18918,-0.149596,-0.209434,-0.209434
18919,-0.179515,-0.209434,-0.209434
18920,-0.179515,-0.239354,-0.209434
18921,-0.209434,-0.239354,-0.239354
18922,-0.209434,-0.269273,-0.269273
18923,-0.209434,-0.239354,-0.269273
18924,-0.209434,-0.269273,-0.239354
18925,-0.209434,-0.269273,-0.239354
18926,-0.209434,-0.269273,-0.269273
18927,-0.209434,-0.239354,-0.239354
18928,-0.209434,-0.239354,-0.239354
18929,-0.209434,-0.239354,-0.239354
18930,-0.209434,-0.239354,-0.239354
18931,-0.209434,-0.239354,-0.239354
18932,-0.209434,-0.269273,-0.269273
18933,-0.239354,-0.299192,-0.299192
18934,-0.239354,-0.269273,-0.269273
18935,-0.209434,-0.269273,-0.269273
18936,-0.209434,-0.269273,-0.239354
18937,-0.179515,-0.239354,-0.239354
18938,-0.179515,-0.239354,-0.239354
18939,-0.179515,-0.239354,-0.209434
18940,-0.179515,-0.239354,-0.209434
18941,-0.179515,-0.209434,-0.209434
18942,-0.179515,-0.239354,-0.209434
18943,-0.179515,-0.239354,-0.239354
18944,-0.179515,-0.239354,-0.239354
18945,-0.179515,-0.239354,-0.239354
18946,-0.179515,-0.239354,-0.239354
18947,-0.179515,-0.239354,-0.239354
18948,-0.179515,-0.209434,-0.209434
18949,-0.149596,-0.179515,-0.179515
18950,-0.149596,-0.209434,-0.209434
18951,-0.179515,-0.209434,-0.209434
18952,-0.179515,-0.239354,-0.209434
18953,-0.209434,-0.239354,-0.239354
18954,-0.209434,-0.269273,-0.269273
18955,-0.209434,-0.269273,-0.239354
18956,-0.209434,-0.239354,-0.239354
18957,-0.209434,-0.239354,-0.239354
18958,-0.209434,-0.269273,-0.239354
18959,-0.209434,-0.239354,-0.239354
18960,-0.209434,-0.239354,-0.239354
18961,-0.209434,-0.239354,-0.239354
18962,-0.209434,-0.239354,-0.239354
18963,-0.179515,-0.239354,-0.239354
18964,-0.209434,-0.269273,-0.269273
18965,-0.239354,-0.299192,-0.269273
18966,-0.239354,-0.269273,-0.269273
18967,-0.209434,-0.269273,-0.269273
18968,-0.209434,-0.269273,-0.269273
18969,-0.179515,-0.239354,-0.239354
18970,-0.179515,-0.239354,-0.239354
18971,-0.179515,-0.209434,-0.239354
18972,-0.179515,-0.239354,-0.209434
18973,-0.179515,-0.239354,-0.209434
18974,-0.179515,-0.239354,-0.239354
18975,-0.179515,-0.239354,-0.239354
18976,-0.179515,-0.239354,-0.239354
18977,-0.179515,-0.239354,-0.239354
18978,-0.179515,-0.239354,-0.239354
18979,-0.179515,-0.239354,-0.239354
18980,-0.179515,-0.209434,-0.209434
18981,-0.149596,-0.179515,-0.179515
18982,-0.149596,-0.209434,-0.209434
18983,-0.179515,-0.209434,-0.209434
18984,-0.179515,-0.239354,-0.209434
18985,-0.209434,-0.239354,-0.239354
18986,-0.209434,-0.239354,-0.269273
18987,-0.209434,-0.269273,-0.269273
18988,-0.209434,-0.269273,-0.269273
18989,-0.209434,-0.239354,-0.239354
18990,-0.209434,-0.269273,-0.239354
18991,-0.209434,-0.269273,-0.239354
18992,-0.209434,-0.239354,-0.239354
18993,-0.209434,-0.239354,-0.239354
18994,-0.209434,-0.239354,-0.239354
18995,-0.209434,-0.239354,-0.239354
18996,-0.209434,-0.269273,-0.269273
18997,-0.239354,-0.269273,-0.269273
18998,-0.239354,-0.269273,-0.269273
18999,-0.209434,-0.269273,-0.269273
19000,-0.209434,-0.269273,-0.239354
19001,-0.179515,-0.239354,-0.239354
19002,-0.179515,-0.239354,-0.239354
19003,-0.179515,-0.239354,-0.209434
19004,-0.179515,-0.239354,-0.209434
19005,-0.179515,-0.239354,-0.209434
19006,-0.179515,-0.239354,-0.239354
19007,-0.179515,-0.239354,-0.239354
19008,-0.179515,-0.239354,-0.209434
19009,-0.179515,-0.239354,-0.239354
19010,-0.179515,-0.239354,-0.239354
19011,-0.179515,-0.239354,-0.239354
19012,-0.179515,-0.209434,-0.209434
19013,-0.149596,-0.179515,-0.179515
19014,-0.149596,-0.209434,-0.209434
19015,-0.179515,-0.209434,-0.209434
19016,-0.179515,-0.239354,-0.239354
19017,-0.209434,-0.239354,-0.239354
19018,-0.209434,-0.239354,-0.239354
19019,-0.209434,-0.269273,-0.239354
19020,-0.209434,-0.269273,-0.269273
19021,-0.209434,-0.239354,-0.239354
19022,-0.209434,-0.269273,-0.239354
19023,-0.209434,-0.269273,-0.269273
19024,-0.209434,-0.239354,-0.239354
19025,-0.209434,-0.239354,-0.239354
19026,-0.179515,-0.239354,-0.239354
19027,-0.209434,-0.239354,-0.239354
19028,-0.209434,-0.269273,-0.269273
19029,-0.239354,-0.299192,-0.269273
19030,-0.239354,-0.269273,-0.269273
19031,-0.209434,-0.269273,-0.269273
19032,-0.209434,-0.269273,-0.239354
19033,-0.179515,-0.239354,-0.239354
19034,-0.179515,-0.239354,-0.239354
19035,-0.179515,-0.239354,-0.209434
19036,-0.179515,-0.209434,-0.209434
19037,-0.179515,-0.239354,-0.209434
19038,-0.179515,-0.239354,-0.209434
19039,-0.179515,-0.239354,-0.239354
19040,-0.179515,-0.239354,-0.239354
19041,-0.179515,-0.239354,-0.239354
19042,-0.179515,-0.239354,-0.239354
19043,-0.179515,-0.239354,-0.239354
19044,-0.179515,-0.239354,-0.209434
19045,-0.149596,-0.209434,-0.179515
19046,-0.149596,-0.209434,-0.209434
19047,-0.179515,-0.209434,-0.209434
19048,-0.179515,-0.239354,-0.209434
19049,-0.209434,-0.239354,-0.239354
19050,-0.209434,-0.269273,-0.239354
19051,-0.209434,-0.269273,-0.269273
19052,-0.209434,-0.269273,-0.239354
19053,-0.209434,-0.239354,-0.239354
19054,-0.209434,-0.239354,-0.239354
19055,-0.209434,-0.269273,-0.239354
19056,-0.209434,-0.239354,-0.239354
19057,-0.209434,-0.239354,-0.239354
19058,-0.209434,-0.239354,-0.239354
19059,-0.209434,-0.239354,-0.239354
19060,-0.209434,-0.269273,-0.269273
19061,-0.239354,-0.269273,-0.299192
19062,-0.239354,-0.269273,-0.269273
19063,-0.209434,-0.269273,-0.269273
19064,-0.209434,-0.269273,-0.239354
19065,-0.179515,-0.239354,-0.239354
19066,-0.179515,-0.239354,-0.239354
19067,-0.179515,-0.239354,-0.209434
19068,-0.179515,-0.209434,-0.209434
19069,-0.179515,-0.239354,-0.209434
19070,-0.179515,-0.239354,-0.209434
19071,-0.179515,-0.239354,-0.209434
19072,-0.179515,-0.239354,-0.239354
19073,-0.179515,-0.239354,-0.239354
19074,-0.179515,-0.239354,-0.239354
19075,-0.179515,-0.239354,-0.239354
19076,-0.179515,-0.209434,-0.209434
19077,-0.149596,-0.209434,-0.179515
19078,-0.149596,-0.209434,-0.209434
19079,-0.179515,-0.209434,-0.209434
19080,-0.179515,-0.239354,-0.239354
19081,-0.209434,-0.239354,-0.239354
19082,-0.209434,-0.269273,-0.239354
19083,-0.209434,-0.239354,-0.239354
19084,-0.209434,-0.269273,-0.239354
19085,-0.209434,-0.239354,-0.239354
19086,-0.209434,-0.269273,-0.239354
19087,-0.209434,-0.269273,-0.239354
19088,-0.209434,-0.239354,-0.239354
19089,-0.209434,-0.269273,-0.239354
19090,-0.209434,-0.269273,-0.269273
19091,-0.209434,-0.239354,-0.239354
19092,-0.209434,-0.269273,-0.269273
19093,-0.239354,-0.299192,-0.299192
19094,-0.239354,-0.299192,-0.299192
19095,-0.239354,-0.269273,-0.269273
19096,-0.239354,-0.269273,-0.269273
19097,-0.179515,-0.239354,-0.239354
19098,-0.179515,-0.239354,-0.239354
19099,-0.179515,-0.239354,-0.239354
19100,-0.179515,-0.239354,-0.209434
19101,-0.179515,-0.239354,-0.209434
19102,-0.179515,-0.239354,-0.209434
19103,-0.179515,-0.239354,-0.239354
19104,-0.179515,-0.239354,-0.239354
19105,-0.179515,-0.239354,-0.239354
19106,-0.179515,-0.239354,-0.239354
19107,-0.179515,-0.239354,-0.239354
19108,-0.179515,-0.209434,-0.209434
19109,-0.149596,-0.179515,-0.179515
19110,-0.149596,-0.209434,-0.209434
19111,-0.179515,-0.209434,-0.209434
19112,-0.179515,-0.239354,-0.239354
19113,-0.209434,-0.269273,-0.239354
19114,-0.209434,-0.269273,-0.239354
19115,-0.209434,-0.239354,-0.239354
19116,-0.209434,-0.239354,-0.239354
19117,-0.209434,-0.269273,-0.239354
19118,-0.209434,-0.269273,-0.269273
19119,-0.209434,-0.239354,-0.239354
19120,-0.209434,-0.239354,-0.239354
19121,-0.209434,-0.239354,-0.239354
19122,-0.209434,-0.239354,-0.239354
19123,-0.209434,-0.269273,-0.239354
19124,-0.209434,-0.269273,-0.269273
19125,-0.239354,-0.299192,-0.299192
19126,-0.239354,-0.269273,-0.269273
19127,-0.209434,-0.269273,-0.269273
19128,-0.209434,-0.269273,-0.239354
19129,-0.179515,-0.239354,-0.239354
19130,-0.179515,-0.239354,-0.209434
19131,-0.179515,-0.239354,-0.209434
19132,-0.179515,-0.239354,-0.209434
19133,-0.179515,-0.239354,-0.239354
19134,-0.179515,-0.209434,-0.239354
19135,-0.179515,-0.239354,-0.239354
19136,-0.179515,-0.239354,-0.239354
19137,-0.179515,-0.239354,-0.239354
19138,-0.179515,-0.239354,-0.239354
19139,-0.209434,-0.239354,-0.239354
19140,-0.179515,-0.209434,-0.209434
19141,-0.149596,-0.179515,-0.179515
19142,-0.149596,-0.209434,-0.209434
19143,-0.179515,-0.209434,-0.209434
19144,-0.179515,-0.239354,-0.239354
19145,-0.209434,-0.239354,-0.239354
19146,-0.209434,-0.269273,-0.239354
19147,-0.209434,-0.269273,-0.269273
19148,-0.209434,-0.269273,-0.269273
19149,-0.209434,-0.269273,-0.269273
19150,-0.209434,-0.269273,-0.269273
19151,-0.209434,-0.269273,-0.239354
19152,-0.209434,-0.269273,-0.239354
19153,-0.209434,-0.239354,-0.239354
19154,-0.209434,-0.239354,-0.239354
19155,-0.209434,-0.239354,-0.239354
19156,-0.209434,-0.269273,-0.269273
19157,-0.239354,-0.269273,-0.269273
19158,-0.239354,-0.269273,-0.269273
19159,-0.209434,-0.269273,-0.269273
19160,-0.209434,-0.269273,-0.239354
19161,-0.179515,-0.239354,-0.239354
19162,-0.179515,-0.239354,-0.209434
19163,-0.179515,-0.239354,-0.209434
19164,-0.179515,-0.239354,-0.209434
19165,-0.179515,-0.239354,-0.209434
19166,-0.179515,-0.239354,-0.209434
19167,-0.179515,-0.239354,-0.209434
19168,-0.179515,-0.239354,-0.239354
19169,-0.179515,-0.239354,-0.239354
19170,-0.179515,-0.239354,-0.239354
19171,-0.179515,-0.239354,-0.239354
19172,-0.179515,-0.209434,-0.209434
19173,-0.149596,-0.209434,-0.179515
19174,-0.149596,-0.209434,-0.209434
19175,-0.179515,-0.209434,-0.209434
19176,-0.179515,-0.239354,-0.239354
19177,-0.209434,-0.239354,-0.239354
19178,-0.209434,-0.269273,-0.269273
19179,-0.209434,-0.269273,-0.239354
19180,-0.209434,-0.269273,-0.239354
19181,-0.209434,-0.239354,-0.239354
19182,-0.209434,-0.269273,-0.269273
19183,-0.209434,-0.269273,-0.239354
19184,-0.209434,-0.269273,-0.239354
19185,-0.209434,-0.239354,-0.239354
19186,-0.209434,-0.239354,-0.239354
19187,-0.209434,-0.239354,-0.239354
19188,-0.209434,-0.269273,-0.269273
19189,-0.239354,-0.299192,-0.269273
19190,-0.239354,-0.269273,-0.269273
19191,-0.239354,-0.269273,-0.269273
19192,-0.209434,-0.269273,-0.239354
19193,-0.179515,-0.239354,-0.239354
19194,-0.179515,-0.239354,-0.239354
19195,-0.179515,-0.239354,-0.239354
19196,-0.179515,-0.239354,-0.209434
19197,-0.179515,-0.239354,-0.239354
19198,-0.179515,-0.239354,-0.239354
19199,-0.179515,-0.239354,-0.239354
19200,-0.179515,-0.239354,-0.239354
19201,-0.209434,-0.239354,-0.239354
19202,-0.179515,-0.239354,-0.239354
19203,-0.179515,-0.239354,-0.239354
19204,-0.179515,-0.209434,-0.209434
19205,-0.149596,-0.209434,-0.179515
19206,-0.149596,-0.209434,-0.209434
19207,-0.179515,-0.209434,-0.209434
19208,-0.179515,-0.239354,-0.239354
19209,-0.209434,-0.239354,-0.239354
19210,-0.209434,-0.269273,-0.269273
19211,-0.209434,-0.269273,-0.239354
19212,-0.209434,-0.269273,-0.269273
19213,-0.209434,-0.269273,-0.269273
19214,-0.209434,-0.269273,-0.269273
19215,-0.209434,-0.239354,-0.239354
19216,-0.209434,-0.239354,-0.239354
19217,-0.209434,-0.239354,-0.239354
19218,-0.209434,-0.239354,-0.239354
19219,-0.209434,-0.239354,-0.239354
19220,-0.209434,-0.269273,-0.269273
19221,-0.239354,-0.299192,-0.299192
19222,-0.239354,-0.269273,-0.269273
19223,-0.209434,-0.269273,-0.269273
19224,-0.209434,-0.239354,-0.239354
19225,-0.179515,-0.239354,-0.239354
19226,-0.179515,-0.239354,-0.209434
19227,-0.179515,-0.239354,-0.209434
19228,-0.179515,-0.239354,-0.209434
19229,-0.179515,-0.239354,-0.239354
19230,-0.179515,-0.239354,-0.209434
19231,-0.179515,-0.239354,-0.239354
19232,-0.179515,-0.239354,-0.239354
19233,-0.179515,-0.239354,-0.239354
19234,-0.179515,-0.239354,-0.239354
19235,-0.179515,-0.239354,-0.239354
19236,-0.179515,-0.209434,-0.209434
19237,-0.149596,-0.209434,-0.179515
19238,-0.149596,-0.209434,-0.209434
19239,-0.179515,-0.209434,-0.209434
19240,-0.179515,-0.239354,-0.239354
19241,-0.209434,-0.239354,-0.239354
19242,-0.209434,-0.269273,-0.239354
19243,-0.209434,-0.269273,-0.269273
19244,-0.209434,-0.269273,-0.239354
19245,-0.209434,-0.239354,-0.239354
19246,-0.209434,-0.269273,-0.239354
19247,-0.209434,-0.269273,-0.239354
19248,-0.209434,-0.239354,-0.239354
19249,-0.209434,-0.239354,-0.239354
19250,-0.179515,-0.239354,-0.239354
19251,-0.209434,-0.239354,-0.239354
19252,-0.209434,-0.269273,-0.269273
19253,-0.239354,-0.299192,-0.299192
19254,-0.209434,-0.269273,-0.269273
19255,-0.209434,-0.269273,-0.269273
19256,-0.209434,-0.239354,-0.239354
19257,-0.179515,-0.239354,-0.239354
19258,-0.179515,-0.209434,-0.239354
19259,-0.179515,-0.209434,-0.209434
19260,-0.179515,-0.209434,-0.209434
19261,-0.179515,-0.209434,-0.239354
19262,-0.179515,-0.209434,-0.209434
19263,-0.179515,-0.209434,-0.209434
19264,-0.179515,-0.239354,-0.239354
19265,-0.179515,-0.239354,-0.239354
19266,-0.179515,-0.239354,-0.239354
19267,-0.179515,-0.239354,-0.239354
19268,-0.149596,-0.209434,-0.209434
19269,-0.149596,-0.179515,-0.179515
19270,-0.149596,-0.209434,-0.209434
19271,-0.179515,-0.209434,-0.209434
19272,-0.179515,-0.239354,-0.239354
19273,-0.209434,-0.239354,-0.239354
19274,-0.209434,-0.239354,-0.239354
19275,-0.209434,-0.269273,-0.239354
19276,-0.209434,-0.239354,-0.239354
19277,-0.209434,-0.239354,-0.239354
19278,-0.209434,-0.239354,-0.239354
19279,-0.209434,-0.239354,-0.239354
19280,-0.209434,-0.239354,-0.239354
19281,-0.209434,-0.239354,-0.239354
19282,-0.179515,-0.239354,-0.239354
19283,-0.179515,-0.239354,-0.239354
19284,-0.209434,-0.269273,-0.269273
19285,-0.239354,-0.299192,-0.269273
19286,-0.239354,-0.269273,-0.269273
19287,-0.209434,-0.269273,-0.269273
19288,-0.209434,-0.239354,-0.239354
19289,-0.179515,-0.239354,-0.209434
19290,-0.179515,-0.209434,-0.209434
19291,-0.179515,-0.209434,-0.209434
19292,-0.179515,-0.209434,-0.209434
19293,-0.179515,-0.239354,-0.209434
19294,-0.179515,-0.209434,-0.209434
19295,-0.179515,-0.239354,-0.209434
19296,-0.179515,-0.239354,-0.209434
19297,-0.179515,-0.239354,-0.239354
19298,-0.179515,-0.239354,-0.239354
19299,-0.179515,-0.239354,-0.239354
19300,-0.179515,-0.209434,-0.209434
19301,-0.149596,-0.179515,-0.179515
19302,-0.149596,-0.209434,-0.209434
19303,-0.179515,-0.209434,-0.209434
19304,-0.179515,-0.239354,-0.239354
19305,-0.209434,-0.239354,-0.239354
19306,-0.209434,-0.239354,-0.239354
19307,-0.209434,-0.269273,-0.239354
19308,-0.209434,-0.269273,-0.239354
19309,-0.209434,-0.269273,-0.239354
19310,-0.209434,-0.239354,-0.239354
19311,-0.209434,-0.239354,-0.239354
19312,-0.209434,-0.239354,-0.239354
19313,-0.209434,-0.239354,-0.239354
19314,-0.209434,-0.239354,-0.239354
19315,-0.179515,-0.239354,-0.239354
19316,-0.209434,-0.269273,-0.269273
19317,-0.239354,-0.299192,-0.269273
19318,-0.239354,-0.269273,-0.269273
19319,-0.209434,-0.269273,-0.269273
19320,-0.209434,-0.239354,-0.239354
19321,-0.179515,-0.239354,-0.209434
19322,-0.179515,-0.239354,-0.209434
19323,-0.179515,-0.209434,-0.209434
19324,-0.179515,-0.209434,-0.209434
19325,-0.179515,-0.209434,-0.209434
19326,-0.179515,-0.209434,-0.209434
19327,-0.179515,-0.239354,-0.239354
19328,-0.179515,-0.239354,-0.239354
19329,-0.179515,-0.239354,-0.239354
19330,-0.179515,-0.239354,-0.239354
19331,-0.179515,-0.239354,-0.239354
19332,-0.149596,-0.209434,-0.209434
19333,-0.149596,-0.179515,-0.179515
19334,-0.149596,-0.209434,-0.209434
19335,-0.179515,-0.209434,-0.209434
19336,-0.179515,-0.239354,-0.239354
19337,-0.209434,-0.269273,-0.239354
19338,-0.209434,-0.239354,-0.239354
19339,-0.209434,-0.269273,-0.239354
19340,-0.209434,-0.269273,-0.239354
19341,-0.209434,-0.239354,-0.239354
19342,-0.209434,-0.239354,-0.239354
19343,-0.209434,-0.239354,-0.239354
19344,-0.209434,-0.239354,-0.239354
19345,-0.179515,-0.239354,-0.239354
19346,-0.209434,-0.239354,-0.239354
19347,-0.209434,-0.239354,-0.239354
19348,-0.209434,-0.269273,-0.269273
19349,-0.239354,-0.269273,-0.269273
19350,-0.239354,-0.269273,-0.269273
19351,-0.209434,-0.269273,-0.269273
19352,-0.209434,-0.239354,-0.239354
19353,-0.179515,-0.239354,-0.239354
19354,-0.179515,-0.209434,-0.239354
19355,-0.179515,-0.209434,-0.209434
19356,-0.179515,-0.209434,-0.209434
19357,-0.179515,-0.209434,-0.209434
19358,-0.179515,-0.209434,-0.209434
19359,-0.179515,-0.239354,-0.209434
19360,-0.179515,-0.239354,-0.239354
19361,-0.179515,-0.239354,-0.239354
19362,-0.179515,-0.239354,-0.239354
19363,-0.179515,-0.239354,-0.239354
19364,-0.149596,-0.209434,-0.209434
19365,-0.149596,-0.179515,-0.179515
19366,-0.149596,-0.209434,-0.209434
19367,-0.179515,-0.209434,-0.209434
19368,-0.179515,-0.239354,-0.239354
19369,-0.209434,-0.239354,-0.239354
19370,-0.209434,-0.269273,-0.239354
19371,-0.209434,-0.239354,-0.239354
19372,-0.209434,-0.239354,-0.239354
19373,-0.209434,-0.239354,-0.239354
19374,-0.209434,-0.269273,-0.239354
19375,-0.209434,-0.239354,-0.239354
19376,-0.209434,-0.239354,-0.239354
19377,-0.209434,-0.239354,-0.239354
19378,-0.209434,-0.239354,-0.239354
19379,-0.209434,-0.239354,-0.239354
19380,-0.209434,-0.269273,-0.269273
19381,-0.239354,-0.299192,-0.269273
19382,-0.209434,-0.269273,-0.269273
19383,-0.209434,-0.269273,-0.269273
19384,-0.209434,-0.239354,-0.239354
19385,-0.179515,-0.239354,-0.239354
19386,-0.179515,-0.239354,-0.239354
19387,-0.179515,-0.239354,-0.209434
19388,-0.179515,-0.239354,-0.209434
19389,-0.179515,-0.239354,-0.209434
19390,-0.179515,-0.209434,-0.209434
19391,-0.179515,-0.239354,-0.209434
19392,-0.179515,-0.239354,-0.239354
19393,-0.179515,-0.239354,-0.239354
19394,-0.179515,-0.239354,-0.239354
19395,-0.179515,-0.239354,-0.239354
19396,-0.149596,-0.209434,-0.209434
19397,-0.149596,-0.179515,-0.179515
19398,-0.149596,-0.209434,-0.209434
19399,-0.179515,-0.209434,-0.209434
19400,-0.179515,-0.239354,-0.239354
19401,-0.209434,-0.269273,-0.239354
19402,-0.209434,-0.269273,-0.239354
19403,-0.209434,-0.269273,-0.239354
19404,-0.209434,-0.269273,-0.239354
19405,-0.209434,-0.269273,-0.239354
19406,-0.209434,-0.269273,-0.239354
19407,-0.209434,-0.239354,-0.239354
19408,-0.209434,-0.239354,-0.239354
19409,-0.209434,-0.239354,-0.239354
19410,-0.209434,-0.239354,-0.239354
19411,-0.209434,-0.239354,-0.239354
19412,-0.239354,-0.269273,-0.269273
19413,-0.239354,-0.269273,-0.299192
19414,-0.239354,-0.269273,-0.269273
19415,-0.209434,-0.269273,-0.269273
19416,-0.209434,-0.239354,-0.239354
19417,-0.179515,-0.239354,-0.239354
19418,-0.179515,-0.209434,-0.209434
19419,-0.179515,-0.209434,-0.209434
19420,-0.179515,-0.239354,-0.239354
19421,-0.179515,-0.239354,-0.209434
19422,-0.179515,-0.209434,-0.209434
19423,-0.179515,-0.239354,-0.209434
19424,-0.179515,-0.239354,-0.239354
19425,-0.179515,-0.239354,-0.239354
19426,-0.179515,-0.239354,-0.239354
19427,-0.179515,-0.239354,-0.239354
19428,-0.149596,-0.209434,-0.209434
19429,-0.149596,-0.179515,-0.179515
19430,-0.149596,-0.209434,-0.209434
19431,-0.179515,-0.209434,-0.209434
19432,-0.179515,-0.239354,-0.239354
19433,-0.209434,-0.239354,-0.239354
19434,-0.209434,-0.269273,-0.239354
19435,-0.209434,-0.239354,-0.269273
19436,-0.209434,-0.239354,-0.239354
19437,-0.209434,-0.269273,-0.239354
19438,-0.209434,-0.269273,-0.239354
19439,-0.209434,-0.239354,-0.239354
19440,-0.209434,-0.239354,-0.239354
19441,-0.209434,-0.239354,-0.239354
19442,-0.209434,-0.239354,-0.239354
19443,-0.209434,-0.239354,-0.239354
19444,-0.239354,-0.269273,-0.269273
19445,-0.239354,-0.299192,-0.269273
19446,-0.239354,-0.269273,-0.269273
19447,-0.209434,-0.269273,-0.269273
19448,-0.209434,-0.239354,-0.239354
19449,-0.179515,-0.239354,-0.239354
19450,-0.179515,-0.239354,-0.239354
19451,-0.179515,-0.209434,-0.209434
19452,-0.179515,-0.239354,-0.209434
19453,-0.179515,-0.239354,-0.239354
19454,-0.179515,-0.239354,-0.209434
19455,-0.179515,-0.239354,-0.239354
19456,-0.179515,-0.239354,-0.239354
19457,-0.179515,-0.239354,-0.239354
19458,-0.179515,-0.239354,-0.239354
19459,-0.179515,-0.239354,-0.239354
19460,-0.149596,-0.209434,-0.209434
19461,-0.149596,-0.179515,-0.179515
19462,-0.149596,-0.209434,-0.209434
19463,-0.179515,-0.209434,-0.209434
19464,-0.179515,-0.239354,-0.239354
19465,-0.209434,-0.269273,-0.239354
19466,-0.209434,-0.269273,-0.239354
19467,-0.209434,-0.269273,-0.239354
19468,-0.209434,-0.269273,-0.239354
19469,-0.209434,-0.269273,-0.239354
19470,-0.209434,-0.269273,-0.239354
19471,-0.209434,-0.239354,-0.239354
19472,-0.209434,-0.239354,-0.239354
19473,-0.209434,-0.239354,-0.239354
19474,-0.209434,-0.239354,-0.239354
19475,-0.179515,-0.239354,-0.239354
19476,-0.239354,-0.269273,-0.269273
19477,-0.239354,-0.299192,-0.269273
19478,-0.239354,-0.269273,-0.269273
19479,-0.209434,-0.269273,-0.269273
19480,-0.209434,-0.239354,-0.239354
19481,-0.179515,-0.239354,-0.239354
19482,-0.179515,-0.239354,-0.239354
19483,-0.179515,-0.239354,-0.209434
19484,-0.179515,-0.239354,-0.209434
19485,-0.179515,-0.239354,-0.209434
19486,-0.179515,-0.239354,-0.239354
19487,-0.179515,-0.239354,-0.239354
19488,-0.179515,-0.239354,-0.239354
19489,-0.179515,-0.239354,-0.239354
19490,-0.179515,-0.239354,-0.239354
19491,-0.179515,-0.239354,-0.239354
19492,-0.149596,-0.209434,-0.209434
19493,-0.149596,-0.179515,-0.179515
19494,-0.149596,-0.209434,-0.209434
19495,-0.179515,-0.209434,-0.209434
19496,-0.179515,-0.239354,-0.239354
19497,-0.209434,-0.269273,-0.239354
19498,-0.209434,-0.269273,-0.239354
19499,-0.209434,-0.239354,-0.239354
19500,-0.209434,-0.239354,-0.239354
19501,-0.209434,-0.269273,-0.239354
19502,-0.209434,-0.269273,-0.239354
19503,-0.209434,-0.239354,-0.239354
19504,-0.209434,-0.239354,-0.239354
19505,-0.209434,-0.239354,-0.239354
19506,-0.209434,-0.239354,-0.239354
19507,-0.209434,-0.239354,-0.239354
19508,-0.239354,-0.269273,-0.269273
19509,-0.239354,-0.269273,-0.269273
19510,-0.209434,-0.269273,-0.269273
19511,-0.209434,-0.269273,-0.269273
19512,-0.209434,-0.239354,-0.239354
19513,-0.179515,-0.239354,-0.209434
19514,-0.179515,-0.239354,-0.209434
19515,-0.179515,-0.239354,-0.209434
19516,-0.179515,-0.239354,-0.209434
19517,-0.179515,-0.209434,-0.239354
19518,-0.179515,-0.239354,-0.209434
19519,-0.179515,-0.239354,-0.209434
19520,-0.179515,-0.239354,-0.239354
19521,-0.179515,-0.239354,-0.239354
19522,-0.179515,-0.239354,-0.239354
19523,-0.179515,-0.239354,-0.239354
19524,-0.149596,-0.209434,-0.209434
19525,-0.149596,-0.179515,-0.179515
19526,-0.149596,-0.209434,-0.209434
19527,-0.179515,-0.209434,-0.209434
19528,-0.179515,-0.239354,-0.239354
19529,-0.209434,-0.269273,-0.239354
19530,-0.209434,-0.269273,-0.239354
19531,-0.209434,-0.269273,-0.239354
19532,-0.209434,-0.239354,-0.239354
19533,-0.209434,-0.239354,-0.239354
19534,-0.209434,-0.269273,-0.239354
19535,-0.209434,-0.269273,-0.239354
19536,-0.209434,-0.269273,-0.239354
19537,-0.209434,-0.239354,-0.239354
19538,-0.179515,-0.239354,-0.239354
19539,-0.179515,-0.239354,-0.239354
19540,-0.239354,-0.269273,-0.269273
19541,-0.239354,-0.269273,-0.269273
19542,-0.209434,-0.269273,-0.269273
19543,-0.209434,-0.269273,-0.269273
19544,-0.209434,-0.239354,-0.239354
19545,-0.179515,-0.239354,-0.239354
19546,-0.179515,-0.209434,-0.239354
19547,-0.179515,-0.209434,-0.209434
19548,-0.179515,-0.239354,-0.209434
19549,-0.179515,-0.239354,-0.209434
19550,-0.179515,-0.209434,-0.209434
19551,-0.179515,-0.239354,-0.239354
19552,-0.179515,-0.239354,-0.239354
19553,-0.179515,-0.239354,-0.239354
19554,-0.179515,-0.239354,-0.239354
19555,-0.179515,-0.239354,-0.239354
19556,-0.149596,-0.209434,-0.209434
19557,-0.149596,-0.179515,-0.179515
19558,-0.149596,-0.209434,-0.209434
19559,-0.179515,-0.209434,-0.209434
19560,-0.179515,-0.239354,-0.239354
19561,-0.209434,-0.239354,-0.239354
19562,-0.209434,-0.239354,-0.239354
19563,-0.209434,-0.269273,-0.239354
19564,-0.209434,-0.269273,-0.239354
19565,-0.209434,-0.239354,-0.239354
19566,-0.209434,-0.269273,-0.239354
19567,-0.209434,-0.239354,-0.239354
19568,-0.209434,-0.239354,-0.239354
19569,-0.209434,-0.239354,-0.239354
19570,-0.209434,-0.239354,-0.239354
19571,-0.209434,-0.239354,-0.239354
19572,-0.209434,-0.269273,-0.269273
19573,-0.239354,-0.269273,-0.269273
19574,-0.209434,-0.269273,-0.269273
19575,-0.209434,-0.269273,-0.269273
19576,-0.209434,-0.239354,-0.239354
19577,-0.179515,-0.239354,-0.239354
19578,-0.179515,-0.239354,-0.209434
19579,-0.179515,-0.239354,-0.209434
19580,-0.179515,-0.209434,-0.209434
19581,-0.179515,-0.239354,-0.209434
19582,-0.179515,-0.239354,-0.209434
19583,-0.179515,-0.239354,-0.239354
19584,-0.179515,-0.239354,-0.239354
19585,-0.179515,-0.239354,-0.239354
19586,-0.179515,-0.239354,-0.239354
19587,-0.179515,-0.239354,-0.239354
19588,-0.149596,-0.209434,-0.209434
19589,-0.149596,-0.179515,-0.179515
19590,-0.149596,-0.209434,-0.209434
19591,-0.179515,-0.209434,-0.209434
19592,-0.179515,-0.239354,-0.239354
19593,-0.209434,-0.269273,-0.239354
19594,-0.209434,-0.269273,-0.239354
19595,-0.209434,-0.269273,-0.239354
19596,-0.209434,-0.239354,-0.239354
19597,-0.209434,-0.269273,-0.239354
19598,-0.209434,-0.239354,-0.239354
19599,-0.209434,-0.239354,-0.239354
19600,-0.209434,-0.239354,-0.239354
19601,-0.179515,-0.239354,-0.239354
19602,-0.209434,-0.239354,-0.239354
19603,-0.209434,-0.239354,-0.239354
19604,-0.239354,-0.269273,-0.269273
19605,-0.239354,-0.269273,-0.269273
19606,-0.239354,-0.269273,-0.269273
19607,-0.209434,-0.269273,-0.269273
19608,-0.209434,-0.239354,-0.239354
19609,-0.179515,-0.239354,-0.209434
19610,-0.179515,-0.209434,-0.209434
19611,-0.179515,-0.209434,-0.209434
19612,-0.179515,-0.209434,-0.239354
19613,-0.179515,-0.209434,-0.239354
19614,-0.179515,-0.209434,-0.209434
19615,-0.179515,-0.239354,-0.239354
19616,-0.179515,-0.239354,-0.239354
19617,-0.179515,-0.239354,-0.239354
19618,-0.179515,-0.239354,-0.239354
19619,-0.179515,-0.239354,-0.239354
19620,-0.149596,-0.209434,-0.209434
19621,-0.149596,-0.209434,-0.179515
19622,-0.149596,-0.209434,-0.209434
19623,-0.179515,-0.209434,-0.209434
19624,-0.179515,-0.239354,-0.239354
19625,-0.209434,-0.239354,-0.239354
19626,-0.209434,-0.269273,-0.239354
19627,-0.209434,-0.269273,-0.239354
19628,-0.209434,-0.269273,-0.239354
19629,-0.209434,-0.239354,-0.269273
19630,-0.209434,-0.269273,-0.239354
19631,-0.209434,-0.239354,-0.239354
19632,-0.209434,-0.239354,-0.239354
19633,-0.209434,-0.239354,-0.239354
19634,-0.209434,-0.239354,-0.239354
19635,-0.209434,-0.239354,-0.239354
19636,-0.239354,-0.269273,-0.269273
19637,-0.239354,-0.299192,-0.269273
19638,-0.209434,-0.269273,-0.269273
19639,-0.209434,-0.269273,-0.269273
19640,-0.209434,-0.239354,-0.239354
19641,-0.179515,-0.239354,-0.239354
19642,-0.179515,-0.239354,-0.239354
19643,-0.179515,-0.209434,-0.209434
19644,-0.179515,-0.239354,-0.209434
19645,-0.179515,-0.239354,-0.239354
19646,-0.179515,-0.239354,-0.209434
19647,-0.179515,-0.239354,-0.239354
19648,-0.179515,-0.239354,-0.239354
19649,-0.179515,-0.239354,-0.239354
19650,-0.179515,-0.239354,-0.239354
19651,-0.179515,-0.239354,-0.239354
19652,-0.149596,-0.209434,-0.209434
19653,-0.149596,-0.179515,-0.179515
19654,-0.179515,-0.209434,-0.209434
19655,-0.179515,-0.209434,-0.209434
19656,-0.179515,-0.239354,-0.239354
19657,-0.209434,-0.239354,-0.239354
19658,-0.209434,-0.239354,-0.269273
19659,-0.209434,-0.269273,-0.239354
19660,-0.209434,-0.269273,-0.239354
19661,-0.209434,-0.269273,-0.239354
19662,-0.209434,-0.269273,-0.239354
19663,-0.209434,-0.239354,-0.239354
19664,-0.209434,-0.239354,-0.239354
19665,-0.209434,-0.239354,-0.239354
19666,-0.209434,-0.239354,-0.239354
19667,-0.209434,-0.239354,-0.239354
19668,-0.239354,-0.269273,-0.269273
19669,-0.239354,-0.299192,-0.299192
19670,-0.209434,-0.269273,-0.269273
19671,-0.209434,-0.269273,-0.269273
19672,-0.179515,-0.239354,-0.239354
19673,-0.179515,-0.239354,-0.239354
19674,-0.179515,-0.239354,-0.209434
19675,-0.179515,-0.209434,-0.209434
19676,-0.179515,-0.209434,-0.209434
19677,-0.179515,-0.239354,-0.239354
19678,-0.179515,-0.239354,-0.209434
19679,-0.179515,-0.239354,-0.239354
19680,-0.179515,-0.239354,-0.239354
19681,-0.179515,-0.239354,-0.239354
19682,-0.179515,-0.239354,-0.239354
19683,-0.179515,-0.239354,-0.239354
19684,-0.149596,-0.209434,-0.209434
19685,-0.149596,-0.209434,-0.179515
19686,-0.149596,-0.209434,-0.209434
19687,-0.179515,-0.209434,-0.209434
19688,-0.179515,-0.239354,-0.239354
19689,-0.209434,-0.239354,-0.239354
19690,-0.209434,-0.239354,-0.239354
19691,-0.209434,-0.239354,-0.239354
19692,-0.209434,-0.269273,-0.239354
19693,-0.209434,-0.269273,-0.239354
19694,-0.209434,-0.239354,-0.269273
19695,-0.209434,-0.239354,-0.239354
19696,-0.209434,-0.239354,-0.239354
19697,-0.209434,-0.239354,-0.239354
19698,-0.209434,-0.239354,-0.239354
19699,-0.209434,-0.239354,-0.239354
19700,-0.239354,-0.269273,-0.269273
19701,-0.239354,-0.299192,-0.269273
19702,-0.239354,-0.269273,-0.269273
19703,-0.209434,-0.269273,-0.269273
19704,-0.209434,-0.239354,-0.239354
19705,-0.179515,-0.239354,-0.239354
19706,-0.179515,-0.209434,-0.239354
19707,-0.179515,-0.209434,-0.209434
19708,-0.179515,-0.239354,-0.209434
19709,-0.179515,-0.239354,-0.209434
19710,-0.179515,-0.209434,-0.209434
19711,-0.179515,-0.239354,-0.239354
19712,-0.179515,-0.239354,-0.239354
19713,-0.179515,-0.239354,-0.239354
19714,-0.179515,-0.239354,-0.239354
19715,-0.179515,-0.239354,-0.239354
19716,-0.149596,-0.209434,-0.209434
19717,-0.149596,-0.209434,-0.179515
19718,-0.149596,-0.209434,-0.209434
19719,-0.179515,-0.209434,-0.209434
19720,-0.179515,-0.239354,-0.239354
19721,-0.209434,-0.239354,-0.239354
19722,-0.209434,-0.269273,-0.239354
19723,-0.209434,-0.239354,-0.239354
19724,-0.209434,-0.239354,-0.239354
19725,-0.209434,-0.239354,-0.239354
19726,-0.209434,-0.269273,-0.239354
19727,-0.209434,-0.239354,-0.239354
19728,-0.209434,-0.239354,-0.239354
19729,-0.209434,-0.239354,-0.239354
19730,-0.209434,-0.239354,-0.239354
19731,-0.209434,-0.239354,-0.239354
19732,-0.239354,-0.269273,-0.269273
19733,-0.239354,-0.269273,-0.269273
19734,-0.209434,-0.269273,-0.269273
19735,-0.209434,-0.269273,-0.269273
19736,-0.179515,-0.239354,-0.239354
19737,-0.179515,-0.239354,-0.239354
19738,-0.179515,-0.239354,-0.209434
19739,-0.179515,-0.209434,-0.209434
19740,-0.179515,-0.239354,-0.209434
19741,-0.179515,-0.239354,-0.209434
19742,-0.179515,-0.239354,-0.209434
19743,-0.179515,-0.239354,-0.239354
19744,-0.179515,-0.239354,-0.239354
19745,-0.179515,-0.239354,-0.239354
19746,-0.179515,-0.239354,-0.239354
19747,-0.179515,-0.239354,-0.239354
19748,-0.149596,-0.209434,-0.209434
19749,-0.149596,-0.179515,-0.179515
19750,-0.149596,-0.209434,-0.209434
19751,-0.179515,-0.209434,-0.209434
19752,-0.209434,-0.239354,-0.239354
19753,-0.209434,-0.239354,-0.239354
19754,-0.209434,-0.269273,-0.269273
19755,-0.209434,-0.269273,-0.239354
19756,-0.209434,-0.269273,-0.239354
19757,-0.209434,-0.269273,-0.239354
19758,-0.209434,-0.269273,-0.239354
19759,-0.209434,-0.239354,-0.239354
19760,-0.209434,-0.239354,-0.239354
19761,-0.209434,-0.239354,-0.239354
19762,-0.209434,-0.239354,-0.239354
19763,-0.209434,-0.239354,-0.239354
19764,-0.239354,-0.269273,-0.269273
19765,-0.239354,-0.299192,-0.269273
19766,-0.209434,-0.269273,-0.269273
19767,-0.209434,-0.269273,-0.269273
19768,-0.179515,-0.239354,-0.239354
19769,-0.179515,-0.239354,-0.209434
19770,-0.179515,-0.239354,-0.209434
19771,-0.179515,-0.239354,-0.209434
19772,-0.179515,-0.239354,-0.209434
19773,-0.179515,-0.239354,-0.239354
19774,-0.179515,-0.209434,-0.209434
19775,-0.179515,-0.239354,-0.239354
19776,-0.179515,-0.239354,-0.239354
19777,-0.179515,-0.239354,-0.239354
19778,-0.179515,-0.239354,-0.239354
19779,-0.179515,-0.239354,-0.239354
19780,-0.149596,-0.209434,-0.209434
19781,-0.149596,-0.209434,-0.179515
19782,-0.179515,-0.209434,-0.209434
19783,-0.179515,-0.209434,-0.209434
19784,-0.179515,-0.239354,-0.239354
19785,-0.209434,-0.269273,-0.239354
19786,-0.209434,-0.239354,-0.239354
19787,-0.209434,-0.269273,-0.269273
19788,-0.209434,-0.269273,-0.239354
19789,-0.209434,-0.269273,-0.239354
19790,-0.209434,-0.269273,-0.239354
19791,-0.209434,-0.239354,-0.239354
19792,-0.209434,-0.239354,-0.239354
19793,-0.179515,-0.239354,-0.239354
19794,-0.209434,-0.239354,-0.239354
19795,-0.209434,-0.239354,-0.239354
19796,-0.239354,-0.269273,-0.269273
19797,-0.239354,-0.269273,-0.269273
19798,-0.209434,-0.269273,-0.269273
19799,-0.209434,-0.269273,-0.269273
19800,-0.179515,-0.239354,-0.239354
19801,-0.179515,-0.209434,-0.239354
19802,-0.179515,-0.209434,-0.239354
19803,-0.179515,-0.239354,-0.209434
19804,-0.179515,-0.239354,-0.209434
19805,-0.179515,-0.239354,-0.209434
19806,-0.179515,-0.239354,-0.209434
19807,-0.179515,-0.239354,-0.239354
19808,-0.179515,-0.239354,-0.239354
19809,-0.179515,-0.239354,-0.239354
19810,-0.179515,-0.239354,-0.239354
19811,-0.179515,-0.239354,-0.239354
19812,-0.149596,-0.209434,-0.209434
19813,-0.149596,-0.209434,-0.179515
19814,-0.149596,-0.209434,-0.209434
19815,-0.179515,-0.209434,-0.209434
19816,-0.179515,-0.239354,-0.239354
19817,-0.209434,-0.269273,-0.269273
19818,-0.209434,-0.269273,-0.269273
19819,-0.209434,-0.269273,-0.239354
19820,-0.209434,-0.239354,-0.239354
19821,-0.209434,-0.269273,-0.239354
19822,-0.209434,-0.269273,-0.239354
19823,-0.209434,-0.239354,-0.239354
19824,-0.209434,-0.239354,-0.239354
19825,-0.209434,-0.239354,-0.239354
19826,-0.209434,-0.239354,-0.239354
19827,-0.209434,-0.239354,-0.239354
19828,-0.239354,-0.269273,-0.269273
19829,-0.239354,-0.269273,-0.269273
19830,-0.209434,-0.269273,-0.269273
19831,-0.209434,-0.269273,-0.269273
19832,-0.179515,-0.239354,-0.239354
19833,-0.179515,-0.239354,-0.239354
19834,-0.179515,-0.239354,-0.209434
19835,-0.179515,-0.209434,-0.209434
19836,-0.179515,-0.239354,-0.239354
19837,-0.179515,-0.239354,-0.239354
19838,-0.179515,-0.239354,-0.209434
19839,-0.179515,-0.239354,-0.239354
19840,-0.179515,-0.239354,-0.239354
19841,-0.179515,-0.239354,-0.239354
19842,-0.179515,-0.239354,-0.239354
19843,-0.179515,-0.239354,-0.239354
19844,-0.149596,-0.209434,-0.209434
19845,-0.149596,-0.179515,-0.179515
19846,-0.149596,-0.209434,-0.209434
19847,-0.179515,-0.209434,-0.209434
19848,-0.179515,-0.239354,-0.239354
19849,-0.209434,-0.269273,-0.239354
19850,-0.209434,-0.269273,-0.239354
19851,-0.209434,-0.239354,-0.239354
19852,-0.209434,-0.239354,-0.239354
19853,-0.209434,-0.239354,-0.239354
19854,-0.209434,-0.239354,-0.239354
19855,-0.209434,-0.239354,-0.239354
19856,-0.209434,-0.239354,-0.239354
19857,-0.209434,-0.239354,-0.239354
19858,-0.209434,-0.239354,-0.239354
19859,-0.209434,-0.239354,-0.239354
19860,-0.239354,-0.269273,-0.269273
19861,-0.239354,-0.269273,-0.269273
19862,-0.209434,-0.269273,-0.269273
19863,-0.209434,-0.269273,-0.269273
19864,-0.179515,-0.239354,-0.239354
19865,-0.179515,-0.239354,-0.239354
19866,-0.179515,-0.209434,-0.239354
19867,-0.179515,-0.209434,-0.209434
19868,-0.179515,-0.239354,-0.209434
19869,-0.179515,-0.239354,-0.209434
19870,-0.179515,-0.239354,-0.209434
19871,-0.179515,-0.239354,-0.239354
19872,-0.179515,-0.239354,-0.239354
19873,-0.179515,-0.239354,-0.239354
19874,-0.179515,-0.239354,-0.239354
19875,-0.179515,-0.239354,-0.239354
19876,-0.149596,-0.209434,-0.209434
19877,-0.149596,-0.179515,-0.179515
19878,-0.149596,-0.209434,-0.209434
19879,-0.179515,-0.209434,-0.209434
19880,-0.209434,-0.239354,-0.239354
19881,-0.209434,-0.239354,-0.239354
19882,-0.209434,-0.269273,-0.239354
19883,-0.209434,-0.269273,-0.239354
19884,-0.209434,-0.239354,-0.239354
19885,-0.209434,-0.239354,-0.239354
19886,-0.209434,-0.239354,-0.239354
19887,-0.209434,-0.239354,-0.239354
19888,-0.209434,-0.239354,-0.239354
19889,-0.209434,-0.239354,-0.239354
19890,-0.209434,-0.239354,-0.239354
19891,-0.209434,-0.239354,-0.239354
19892,-0.239354,-0.269273,-0.269273
19893,-0.239354,-0.269273,-0.269273
19894,-0.209434,-0.269273,-0.269273
19895,-0.209434,-0.269273,-0.269273
19896,-0.179515,-0.239354,-0.239354
19897,-0.179515,-0.239354,-0.209434
19898,-0.179515,-0.239354,-0.239354
19899,-0.179515,-0.239354,-0.209434
19900,-0.179515,-0.239354,-0.209434
19901,-0.179515,-0.239354,-0.209434
19902,-0.179515,-0.239354,-0.209434
19903,-0.179515,-0.239354,-0.239354
19904,-0.179515,-0.239354,-0.239354
19905,-0.179515,-0.239354,-0.239354
19906,-0.179515,-0.239354,-0.239354
19907,-0.179515,-0.239354,-0.239354
19908,-0.149596,-0.209434,-0.209434
19909,-0.149596,-0.179515,-0.209434
19910,-0.179515,-0.209434,-0.209434
19911,-0.179515,-0.239354,-0.209434
19912,-0.209434,-0.239354,-0.239354
19913,-0.209434,-0.239354,-0.239354
19914,-0.209434,-0.239354,-0.239354
19915,-0.209434,-0.269273,-0.239354
19916,-0.209434,-0.269273,-0.239354
19917,-0.209434,-0.269273,-0.239354
19918,-0.209434,-0.269273,-0.239354
19919,-0.209434,-0.239354,-0.239354
19920,-0.209434,-0.239354,-0.239354
19921,-0.179515,-0.239354,-0.239354
19922,-0.179515,-0.239354,-0.239354
19923,-0.209434,-0.239354,-0.269273
19924,-0.239354,-0.269273,-0.269273
19925,-0.239354,-0.269273,-0.269273
19926,-0.209434,-0.269273,-0.269273
19927,-0.209434,-0.269273,-0.269273
19928,-0.179515,-0.239354,-0.239354
19929,-0.179515,-0.239354,-0.239354
19930,-0.179515,-0.239354,-0.209434
19931,-0.179515,-0.239354,-0.209434
19932,-0.179515,-0.239354,-0.209434
19933,-0.179515,-0.209434,-0.209434
19934,-0.179515,-0.209434,-0.209434
19935,-0.179515,-0.239354,-0.239354
19936,-0.179515,-0.239354,-0.239354
19937,-0.179515,-0.239354,-0.239354
19938,-0.179515,-0.239354,-0.239354
19939,-0.179515,-0.239354,-0.239354
19940,-0.149596,-0.209434,-0.179515
19941,-0.149596,-0.209434,-0.179515
19942,-0.149596,-0.209434,-0.209434
19943,-0.179515,-0.239354,-0.209434
19944,-0.179515,-0.239354,-0.239354
19945,-0.209434,-0.239354,-0.239354
19946,-0.209434,-0.239354,-0.239354
19947,-0.209434,-0.239354,-0.269273
19948,-0.209434,-0.269273,-0.239354
19949,-0.209434,-0.239354,-0.239354
19950,-0.209434,-0.239354,-0.239354
19951,-0.209434,-0.239354,-0.239354
19952,-0.209434,-0.239354,-0.239354
19953,-0.209434,-0.239354,-0.239354
19954,-0.209434,-0.239354,-0.239354
19955,-0.209434,-0.239354,-0.239354
19956,-0.239354,-0.299192,-0.269273
19957,-0.239354,-0.269273,-0.269273
19958,-0.209434,-0.269273,-0.269273
19959,-0.209434,-0.269273,-0.239354
19960,-0.179515,-0.239354,-0.239354
19961,-0.179515,-0.239354,-0.239354
19962,-0.179515,-0.209434,-0.209434
19963,-0.179515,-0.239354,-0.209434
19964,-0.179515,-0.239354,-0.239354
19965,-0.179515,-0.239354,-0.209434
19966,-0.179515,-0.209434,-0.209434
19967,-0.179515,-0.239354,-0.239354
19968,-0.179515,-0.239354,-0.239354
19969,-0.179515,-0.239354,-0.239354
19970,-0.179515,-0.239354,-0.239354
19971,-0.179515,-0.239354,-0.239354
19972,-0.149596,-0.209434,-0.209434
19973,-0.149596,-0.209434,-0.179515
19974,-0.149596,-0.209434,-0.209434
19975,-0.179515,-0.239354,-0.239354
19976,-0.209434,-0.239354,-0.239354
19977,-0.209434,-0.269273,-0.239354
19978,-0.209434,-0.239354,-0.269273
19979,-0.209434,-0.239354,-0.239354
19980,-0.209434,-0.239354,-0.239354
19981,-0.209434,-0.269273,-0.239354
19982,-0.209434,-0.269273,-0.239354
19983,-0.209434,-0.239354,-0.239354
19984,-0.209434,-0.239354,-0.239354
19985,-0.209434,-0.239354,-0.239354
19986,-0.209434,-0.239354,-0.239354
19987,-0.209434,-0.239354,-0.239354
19988,-0.239354,-0.269273,-0.269273
19989,-0.239354,-0.269273,-0.269273
19990,-0.239354,-0.269273,-0.269273
19991,-0.209434,-0.269273,-0.269273
19992,-0.179515,-0.239354,-0.239354
19993,-0.179515,-0.239354,-0.239354
19994,-0.179515,-0.209434,-0.209434
19995,-0.179515,-0.239354,-0.209434
19996,-0.179515,-0.239354,-0.209434
19997,-0.179515,-0.239354,-0.209434
19998,-0.179515,-0.239354,-0.239354
19999,-0.179515,-0.239354,-0.239354
20000,-0.179515,-0.239354,-0.239354
20001,-0.179515,-0.239354,-0.239354
20002,-0.179515,-0.239354,-0.239354
20003,-0.179515,-0.239354,-0.239354
20004,-0.149596,-0.209434,-0.209434
20005,-0.149596,-0.209434,-0.209434
20006,-0.149596,-0.209434,-0.209434
20007,-0.179515,-0.209434,-0.209434
20008,-0.209434,-0.239354,-0.239354
20009,-0.209434,-0.269273,-0.239354
20010,-0.209434,-0.269273,-0.269273
20011,-0.209434,-0.239354,-0.239354
20012,-0.209434,-0.269273,-0.239354
20013,-0.209434,-0.269273,-0.239354
20014,-0.209434,-0.269273,-0.239354
20015,-0.209434,-0.239354,-0.239354
20016,-0.209434,-0.239354,-0.239354
20017,-0.209434,-0.239354,-0.239354
20018,-0.209434,-0.239354,-0.239354
20019,-0.209434,-0.239354,-0.239354
20020,-0.239354,-0.269273,-0.269273
20021,-0.239354,-0.269273,-0.269273
20022,-0.209434,-0.269273,-0.269273
20023,-0.209434,-0.269273,-0.269273
20024,-0.179515,-0.239354,-0.239354
20025,-0.179515,-0.239354,-0.239354
20026,-0.179515,-0.239354,-0.239354
20027,-0.179515,-0.239354,-0.209434
20028,-0.179515,-0.239354,-0.209434
20029,-0.179515,-0.239354,-0.209434
20030,-0.179515,-0.239354,-0.209434
20031,-0.179515,-0.239354,-0.239354
20032,-0.179515,-0.239354,-0.239354
20033,-0.179515,-0.239354,-0.239354
20034,-0.179515,-0.239354,-0.239354
20035,-0.179515,-0.239354,-0.209434
20036,-0.149596,-0.209434,-0.179515
20037,-0.149596,-0.209434,-0.209434
20038,-0.179515,-0.209434,-0.209434
20039,-0.179515,-0.239354,-0.239354
20040,-0.209434,-0.239354,-0.239354
20041,-0.209434,-0.239354,-0.239354
20042,-0.209434,-0.269273,-0.239354
20043,-0.209434,-0.239354,-0.239354
20044,-0.209434,-0.239354,-0.239354
20045,-0.209434,-0.239354,-0.239354
20046,-0.209434,-0.269273,-0.269273
20047,-0.209434,-0.239354,-0.239354
20048,-0.209434,-0.239354,-0.239354
20049,-0.209434,-0.239354,-0.239354
20050,-0.209434,-0.239354,-0.239354
20051,-0.209434,-0.239354,-0.239354
20052,-0.239354,-0.269273,-0.269273
20053,-0.239354,-0.269273,-0.269273
20054,-0.209434,-0.269273,-0.269273
20055,-0.209434,-0.269273,-0.239354
20056,-0.179515,-0.239354,-0.239354
20057,-0.179515,-0.239354,-0.209434
20058,-0.179515,-0.239354,-0.239354
20059,-0.179515,-0.209434,-0.209434
20060,-0.179515,-0.239354,-0.209434
20061,-0.179515,-0.239354,-0.209434
20062,-0.179515,-0.239354,-0.209434
20063,-0.179515,-0.239354,-0.239354
20064,-0.179515,-0.239354,-0.239354
20065,-0.179515,-0.239354,-0.239354
20066,-0.179515,-0.239354,-0.239354
20067,-0.179515,-0.239354,-0.239354
20068,-0.149596,-0.209434,-0.179515
20069,-0.149596,-0.209434,-0.209434
20070,-0.179515,-0.209434,-0.209434
20071,-0.179515,-0.239354,-0.209434
20072,-0.209434,-0.239354,-0.239354
20073,-0.209434,-0.269273,-0.239354
20074,-0.209434,-0.239354,-0.239354
20075,-0.209434,-0.239354,-0.239354
20076,-0.209434,-0.269273,-0.239354
20077,-0.209434,-0.269273,-0.269273
20078,-0.209434,-0.269273,-0.239354
20079,-0.209434,-0.239354,-0.239354
20080,-0.209434,-0.239354,-0.239354
20081,-0.209434,-0.239354,-0.239354
20082,-0.209434,-0.239354,-0.239354
20083,-0.209434,-0.269273,-0.239354
20084,-0.239354,-0.269273,-0.269273
20085,-0.239354,-0.269273,-0.269273
20086,-0.209434,-0.269273,-0.269273
20087,-0.209434,-0.269273,-0.269273
20088,-0.179515,-0.239354,-0.239354
20089,-0.179515,-0.239354,-0.209434
20090,-0.179515,-0.239354,-0.239354
20091,-0.179515,-0.209434,-0.209434
20092,-0.179515,-0.209434,-0.209434
20093,-0.179515,-0.239354,-0.239354
20094,-0.179515,-0.239354,-0.239354
20095,-0.179515,-0.239354,-0.209434
20096,-0.179515,-0.239354,-0.239354
20097,-0.179515,-0.239354,-0.239354
20098,-0.179515,-0.239354,-0.239354
20099,-0.179515,-0.239354,-0.239354
20100,-0.149596,-0.179515,-0.179515
20101,-0.149596,-0.179515,-0.179515
20102,-0.179515,-0.209434,-0.209434
20103,-0.179515,-0.239354,-0.209434
20104,-0.209434,-0.239354,-0.239354
20105,-0.209434,-0.269273,-0.239354
20106,-0.209434,-0.239354,-0.239354
20107,-0.209434,-0.239354,-0.239354
20108,-0.209434,-0.269273,-0.239354
20109,-0.209434,-0.239354,-0.239354
20110,-0.209434,-0.239354,-0.239354
20111,-0.209434,-0.239354,-0.239354
20112,-0.209434,-0.239354,-0.239354
20113,-0.209434,-0.239354,-0.239354
20114,-0.209434,-0.239354,-0.239354
20115,-0.209434,-0.269273,-0.239354
20116,-0.239354,-0.269273,-0.269273
20117,-0.239354,-0.269273,-0.269273
20118,-0.209434,-0.269273,-0.269273
20119,-0.209434,-0.269273,-0.269273
20120,-0.179515,-0.239354,-0.239354
20121,-0.179515,-0.239354,-0.209434
20122,-0.179515,-0.209434,-0.209434
20123,-0.179515,-0.239354,-0.209434
20124,-0.179515,-0.239354,-0.209434
20125,-0.179515,-0.239354,-0.209434
20126,-0.179515,-0.239354,-0.209434
20127,-0.179515,-0.239354,-0.239354
20128,-0.179515,-0.239354,-0.239354
20129,-0.179515,-0.239354,-0.239354
20130,-0.179515,-0.239354,-0.239354
20131,-0.179515,-0.209434,-0.239354
20132,-0.149596,-0.179515,-0.179515
20133,-0.149596,-0.209434,-0.209434
20134,-0.179515,-0.209434,-0.209434
20135,-0.179515,-0.239354,-0.209434
20136,-0.209434,-0.239354,-0.239354
20137,-0.209434,-0.269273,-0.239354
20138,-0.209434,-0.239354,-0.239354
20139,-0.209434,-0.239354,-0.239354
20140,-0.209434,-0.239354,-0.239354
20141,-0.209434,-0.239354,-0.239354
20142,-0.209434,-0.239354,-0.239354
20143,-0.209434,-0.239354,-0.239354
20144,-0.209434,-0.239354,-0.239354
20145,-0.209434,-0.239354,-0.239354
20146,-0.209434,-0.239354,-0.239354
20147,-0.209434,-0.269273,-0.239354
20148,-0.239354,-0.269273,-0.269273
20149,-0.239354,-0.269273,-0.269273
20150,-0.209434,-0.269273,-0.269273
20151,-0.209434,-0.269273,-0.239354
20152,-0.179515,-0.239354,-0.239354
20153,-0.179515,-0.239354,-0.209434
20154,-0.179515,-0.239354,-0.209434
20155,-0.179515,-0.239354,-0.209434
20156,-0.179515,-0.239354,-0.239354
20157,-0.179515,-0.239354,-0.209434
20158,-0.179515,-0.239354,-0.239354
20159,-0.179515,-0.239354,-0.209434
20160,-0.179515,-0.239354,-0.239354
20161,-0.179515,-0.239354,-0.239354
20162,-0.179515,-0.239354,-0.239354
20163,-0.179515,-0.209434,-0.209434
20164,-0.149596,-0.209434,-0.179515
20165,-0.149596,-0.209434,-0.179515
20166,-0.149596,-0.209434,-0.209434
20167,-0.179515,-0.239354,-0.209434
20168,-0.209434,-0.239354,-0.239354
20169,-0.209434,-0.269273,-0.239354
20170,-0.209434,-0.269273,-0.239354
20171,-0.209434,-0.239354,-0.239354
20172,-0.209434,-0.239354,-0.239354
20173,-0.209434,-0.269273,-0.239354
20174,-0.209434,-0.269273,-0.239354
20175,-0.209434,-0.239354,-0.239354
20176,-0.209434,-0.239354,-0.239354
20177,-0.209434,-0.239354,-0.239354
20178,-0.179515,-0.239354,-0.239354
20179,-0.209434,-0.239354,-0.239354
20180,-0.239354,-0.299192,-0.269273
20181,-0.239354,-0.269273,-0.269273
20182,-0.209434,-0.269273,-0.269273
20183,-0.209434,-0.269273,-0.269273
20184,-0.179515,-0.239354,-0.239354
20185,-0.179515,-0.239354,-0.209434
20186,-0.179515,-0.239354,-0.239354
20187,-0.179515,-0.239354,-0.209434
20188,-0.179515,-0.239354,-0.209434
20189,-0.179515,-0.239354,-0.209434
20190,-0.179515,-0.239354,-0.209434
20191,-0.179515,-0.239354,-0.239354
20192,-0.179515,-0.239354,-0.239354
20193,-0.179515,-0.239354,-0.239354
20194,-0.179515,-0.239354,-0.239354
20195,-0.179515,-0.239354,-0.209434
20196,-0.149596,-0.209434,-0.179515
20197,-0.149596,-0.209434,-0.209434
20198,-0.149596,-0.209434,-0.209434
20199,-0.179515,-0.239354,-0.209434
20200,-0.209434,-0.239354,-0.239354
20201,-0.209434,-0.269273,-0.239354
20202,-0.209434,-0.239354,-0.239354
20203,-0.209434,-0.239354,-0.239354
20204,-0.209434,-0.239354,-0.239354
20205,-0.209434,-0.269273,-0.239354
20206,-0.209434,-0.269273,-0.239354
20207,-0.209434,-0.269273,-0.239354
20208,-0.209434,-0.239354,-0.239354
20209,-0.209434,-0.239354,-0.239354
20210,-0.179515,-0.239354,-0.239354
20211,-0.209434,-0.269273,-0.269273
20212,-0.239354,-0.299192,-0.269273
20213,-0.239354,-0.269273,-0.269273
20214,-0.209434,-0.269273,-0.269273
20215,-0.209434,-0.269273,-0.239354
20216,-0.179515,-0.239354,-0.239354
20217,-0.179515,-0.239354,-0.239354
20218,-0.179515,-0.239354,-0.239354
20219,-0.179515,-0.239354,-0.209434
20220,-0.179515,-0.239354,-0.209434
20221,-0.179515,-0.239354,-0.239354
20222,-0.179515,-0.239354,-0.209434
20223,-0.179515,-0.239354,-0.239354
20224,-0.179515,-0.239354,-0.239354
20225,-0.179515,-0.239354,-0.239354
20226,-0.179515,-0.239354,-0.239354
20227,-0.179515,-0.209434,-0.209434
20228,-0.149596,-0.209434,-0.179515
20229,-0.149596,-0.209434,-0.209434
20230,-0.179515,-0.209434,-0.209434
20231,-0.179515,-0.239354,-0.209434
20232,-0.209434,-0.239354,-0.239354
20233,-0.209434,-0.269273,-0.239354
20234,-0.209434,-0.269273,-0.239354
20235,-0.209434,-0.269273,-0.239354
20236,-0.209434,-0.269273,-0.239354
20237,-0.209434,-0.269273,-0.239354
20238,-0.209434,-0.269273,-0.239354
20239,-0.209434,-0.239354,-0.239354
20240,-0.209434,-0.239354,-0.239354
20241,-0.209434,-0.239354,-0.239354
20242,-0.179515,-0.239354,-0.239354
20243,-0.209434,-0.269273,-0.239354
20244,-0.239354,-0.299192,-0.269273
20245,-0.239354,-0.269273,-0.269273
20246,-0.209434,-0.269273,-0.269273
20247,-0.209434,-0.269273,-0.239354
20248,-0.179515,-0.239354,-0.239354
20249,-0.179515,-0.239354,-0.239354
20250,-0.179515,-0.239354,-0.239354
20251,-0.179515,-0.239354,-0.239354
20252,-0.179515,-0.239354,-0.239354
20253,-0.179515,-0.239354,-0.209434
20254,-0.179515,-0.239354,-0.209434
20255,-0.179515,-0.239354,-0.239354
20256,-0.179515,-0.239354,-0.239354
20257,-0.179515,-0.239354,-0.239354
20258,-0.179515,-0.239354,-0.239354
20259,-0.179515,-0.209434,-0.209434
20260,-0.149596,-0.179515,-0.179515
20261,-0.149596,-0.209434,-0.209434
20262,-0.179515,-0.209434,-0.209434
20263,-0.179515,-0.239354,-0.239354
20264,-0.209434,-0.239354,-0.239354
20265,-0.209434,-0.269273,-0.269273
20266,-0.209434,-0.239354,-0.269273
20267,-0.209434,-0.269273,-0.239354
20268,-0.209434,-0.239354,-0.239354
20269,-0.209434,-0.269273,-0.269273
20270,-0.209434,-0.269273,-0.239354
20271,-0.209434,-0.239354,-0.239354
20272,-0.209434,-0.239354,-0.239354
20273,-0.209434,-0.239354,-0.239354
20274,-0.179515,-0.239354,-0.239354
20275,-0.209434,-0.269273,-0.239354
20276,-0.239354,-0.269273,-0.299192
20277,-0.239354,-0.269273,-0.269273
20278,-0.209434,-0.269273,-0.269273
20279,-0.209434,-0.269273,-0.239354
20280,-0.179515,-0.239354,-0.239354
20281,-0.179515,-0.239354,-0.239354
20282,-0.179515,-0.209434,-0.209434
20283,-0.179515,-0.209434,-0.209434
20284,-0.179515,-0.209434,-0.209434
20285,-0.179515,-0.239354,-0.209434
20286,-0.179515,-0.239354,-0.209434
20287,-0.179515,-0.239354,-0.239354
20288,-0.179515,-0.239354,-0.239354
20289,-0.179515,-0.239354,-0.239354
20290,-0.179515,-0.239354,-0.239354
20291,-0.179515,-0.209434,-0.209434
20292,-0.149596,-0.209434,-0.179515
20293,-0.149596,-0.209434,-0.209434
20294,-0.149596,-0.209434,-0.209434
20295,-0.179515,-0.239354,-0.239354
20296,-0.209434,-0.239354,-0.239354
20297,-0.209434,-0.269273,-0.239354
20298,-0.209434,-0.269273,-0.239354
20299,-0.209434,-0.239354,-0.239354
20300,-0.209434,-0.269273,-0.239354
20301,-0.209434,-0.269273,-0.269273
20302,-0.209434,-0.239354,-0.239354
20303,-0.209434,-0.239354,-0.239354
20304,-0.209434,-0.239354,-0.239354
20305,-0.209434,-0.239354,-0.239354
20306,-0.209434,-0.239354,-0.239354
20307,-0.209434,-0.269273,-0.269273
20308,-0.239354,-0.299192,-0.299192
20309,-0.239354,-0.269273,-0.269273
20310,-0.209434,-0.269273,-0.269273
20311,-0.209434,-0.269273,-0.239354
20312,-0.179515,-0.239354,-0.239354
20313,-0.179515,-0.239354,-0.239354
20314,-0.179515,-0.239354,-0.239354
20315,-0.179515,-0.209434,-0.209434
20316,-0.179515,-0.239354,-0.239354
20317,-0.179515,-0.239354,-0.209434
20318,-0.179515,-0.239354,-0.209434
20319,-0.179515,-0.239354,-0.239354
20320,-0.179515,-0.239354,-0.239354
20321,-0.179515,-0.239354,-0.239354
20322,-0.179515,-0.239354,-0.239354
20323,-0.179515,-0.209434,-0.209434
20324,-0.149596,-0.179515,-0.179515
20325,-0.149596,-0.209434,-0.209434
20326,-0.179515,-0.209434,-0.209434
20327,-0.179515,-0.239354,-0.209434
20328,-0.209434,-0.239354,-0.239354
20329,-0.209434,-0.269273,-0.269273
20330,-0.209434,-0.269273,-0.239354
20331,-0.209434,-0.269273,-0.239354
20332,-0.209434,-0.239354,-0.239354
20333,-0.209434,-0.269273,-0.269273
20334,-0.209434,-0.269273,-0.269273
20335,-0.209434,-0.239354,-0.239354
20336,-0.209434,-0.239354,-0.239354
20337,-0.209434,-0.239354,-0.239354
20338,-0.209434,-0.239354,-0.239354
20339,-0.209434,-0.269273,-0.269273
20340,-0.239354,-0.299192,-0.299192
20341,-0.239354,-0.269273,-0.269273
20342,-0.209434,-0.269273,-0.269273
20343,-0.209434,-0.269273,-0.239354
20344,-0.179515,-0.239354,-0.239354
20345,-0.179515,-0.239354,-0.239354
20346,-0.179515,-0.239354,-0.209434
20347,-0.179515,-0.239354,-0.209434
20348,-0.179515,-0.239354,-0.209434
20349,-0.179515,-0.239354,-0.209434
20350,-0.179515,-0.239354,-0.239354
20351,-0.179515,-0.239354,-0.239354
20352,-0.179515,-0.239354,-0.239354
20353,-0.179515,-0.239354,-0.239354
20354,-0.179515,-0.239354,-0.239354
20355,-0.179515,-0.209434,-0.209434
20356,-0.149596,-0.179515,-0.179515
20357,-0.149596,-0.209434,-0.209434
20358,-0.179515,-0.209434,-0.209434
20359,-0.179515,-0.239354,-0.239354
20360,-0.209434,-0.239354,-0.239354
20361,-0.209434,-0.269273,-0.239354
20362,-0.209434,-0.239354,-0.269273
20363,-0.209434,-0.239354,-0.239354
20364,-0.209434,-0.239354,-0.239354
20365,-0.209434,-0.269273,-0.239354
20366,-0.209434,-0.239354,-0.239354
20367,-0.209434,-0.239354,-0.239354
20368,-0.209434,-0.239354,-0.239354
20369,-0.209434,-0.239354,-0.239354
20370,-0.209434,-0.239354,-0.239354
20371,-0.209434,-0.269273,-0.269273
20372,-0.239354,-0.299192,-0.269273
20373,-0.239354,-0.269273,-0.269273
20374,-0.209434,-0.269273,-0.269273
20375,-0.209434,-0.269273,-0.239354
20376,-0.179515,-0.239354,-0.239354
20377,-0.179515,-0.239354,-0.209434
20378,-0.179515,-0.209434,-0.209434
20379,-0.179515,-0.239354,-0.209434
20380,-0.179515,-0.239354,-0.209434
20381,-0.179515,-0.239354,-0.209434
20382,-0.179515,-0.239354,-0.209434
20383,-0.179515,-0.239354,-0.239354
20384,-0.179515,-0.239354,-0.239354
20385,-0.179515,-0.239354,-0.239354
20386,-0.179515,-0.239354,-0.239354
20387,-0.179515,-0.209434,-0.209434
20388,-0.149596,-0.179515,-0.179515
20389,-0.149596,-0.209434,-0.209434
20390,-0.179515,-0.209434,-0.209434
20391,-0.179515,-0.239354,-0.239354
20392,-0.209434,-0.239354,-0.239354
20393,-0.209434,-0.269273,-0.239354
20394,-0.209434,-0.269273,-0.239354
20395,-0.209434,-0.239354,-0.269273
20396,-0.209434,-0.239354,-0.269273
20397,-0.209434,-0.269273,-0.269273
20398,-0.209434,-0.239354,-0.239354
20399,-0.209434,-0.239354,-0.239354
20400,-0.209434,-0.239354,-0.239354
20401,-0.209434,-0.239354,-0.239354
20402,-0.209434,-0.239354,-0.239354
20403,-0.209434,-0.269273,-0.269273
20404,-0.239354,-0.269273,-0.269273
20405,-0.239354,-0.269273,-0.269273
20406,-0.209434,-0.269273,-0.269273
20407,-0.209434,-0.269273,-0.239354
20408,-0.179515,-0.239354,-0.239354
20409,-0.179515,-0.209434,-0.239354
20410,-0.179515,-0.239354,-0.239354
20411,-0.179515,-0.239354,-0.239354
20412,-0.179515,-0.209434,-0.209434
20413,-0.179515,-0.209434,-0.209434
20414,-0.179515,-0.239354,-0.209434
20415,-0.179515,-0.239354,-0.239354
20416,-0.179515,-0.239354,-0.239354
20417,-0.179515,-0.239354,-0.239354
20418,-0.179515,-0.239354,-0.239354
20419,-0.179515,-0.209434,-0.209434
20420,-0.149596,-0.179515,-0.179515
20421,-0.149596,-0.209434,-0.209434
20422,-0.179515,-0.209434,-0.209434
20423,-0.179515,-0.239354,-0.239354
20424,-0.209434,-0.239354,-0.239354
20425,-0.209434,-0.269273,-0.239354
20426,-0.209434,-0.269273,-0.239354
20427,-0.209434,-0.239354,-0.269273
20428,-0.209434,-0.269273,-0.239354
20429,-0.209434,-0.269273,-0.269273
20430,-0.209434,-0.269273,-0.269273
20431,-0.209434,-0.239354,-0.239354
20432,-0.209434,-0.239354,-0.239354
20433,-0.209434,-0.239354,-0.239354
20434,-0.209434,-0.239354,-0.239354
20435,-0.209434,-0.269273,-0.269273
20436,-0.239354,-0.299192,-0.269273
20437,-0.239354,-0.269273,-0.269273
20438,-0.209434,-0.269273,-0.269273
20439,-0.209434,-0.239354,-0.239354
20440,-0.179515,-0.239354,-0.239354
20441,-0.179515,-0.239354,-0.209434
20442,-0.179515,-0.239354,-0.239354
20443,-0.179515,-0.239354,-0.209434
20444,-0.179515,-0.239354,-0.239354
20445,-0.179515,-0.239354,-0.209434
20446,-0.179515,-0.239354,-0.209434
20447,-0.179515,-0.239354,-0.239354
20448,-0.179515,-0.239354,-0.239354
20449,-0.179515,-0.239354,-0.239354
20450,-0.179515,-0.239354,-0.239354
20451,-0.179515,-0.209434,-0.209434
20452,-0.149596,-0.179515,-0.179515
20453,-0.149596,-0.209434,-0.209434
20454,-0.179515,-0.209434,-0.209434
20455,-0.179515,-0.239354,-0.239354
20456,-0.209434,-0.239354,-0.239354
20457,-0.209434,-0.239354,-0.239354
20458,-0.209434,-0.239354,-0.239354
20459,-0.209434,-0.239354,-0.239354
20460,-0.209434,-0.269273,-0.239354
20461,-0.209434,-0.269273,-0.269273
20462,-0.209434,-0.239354,-0.239354
20463,-0.209434,-0.239354,-0.239354
20464,-0.209434,-0.239354,-0.239354
20465,-0.209434,-0.239354,-0.239354
20466,-0.209434,-0.239354,-0.239354
20467,-0.209434,-0.269273,-0.269273
20468,-0.239354,-0.299192,-0.269273
20469,-0.239354,-0.269273,-0.269273
20470,-0.209434,-0.269273,-0.269273
20471,-0.209434,-0.239354,-0.239354
20472,-0.179515,-0.239354,-0.239354
20473,-0.179515,-0.239354,-0.209434
20474,-0.179515,-0.239354,-0.209434
20475,-0.179515,-0.209434,-0.209434
20476,-0.179515,-0.209434,-0.209434
20477,-0.179515,-0.209434,-0.209434
20478,-0.179515,-0.209434,-0.209434
20479,-0.179515,-0.239354,-0.239354
20480,-0.179515,-0.239354,-0.239354
20481,-0.179515,-0.239354,-0.239354
20482,-0.179515,-0.239354,-0.239354
20483,-0.179515,-0.209434,-0.209434
20484,-0.149596,-0.179515,-0.179515
20485,-0.149596,-0.209434,-0.209434
20486,-0.149596,-0.209434,-0.209434
20487,-0.179515,-0.239354,-0.239354
20488,-0.209434,-0.239354,-0.239354
20489,-0.209434,-0.239354,-0.239354
20490,-0.209434,-0.269273,-0.239354
20491,-0.209434,-0.239354,-0.239354
20492,-0.209434,-0.239354,-0.239354
20493,-0.209434,-0.269273,-0.269273
20494,-0.209434,-0.239354,-0.239354
20495,-0.209434,-0.239354,-0.239354
20496,-0.209434,-0.239354,-0.239354
20497,-0.209434,-0.239354,-0.239354
20498,-0.209434,-0.239354,-0.239354
20499,-0.209434,-0.269273,-0.269273
20500,-0.239354,-0.299192,-0.269273
20501,-0.239354,-0.269273,-0.269273
20502,-0.209434,-0.269273,-0.269273
20503,-0.209434,-0.239354,-0.239354
20504,-0.179515,-0.239354,-0.239354
20505,-0.179515,-0.239354,-0.239354
20506,-0.179515,-0.239354,-0.209434
20507,-0.179515,-0.209434,-0.209434
20508,-0.179515,-0.239354,-0.239354
20509,-0.179515,-0.209434,-0.239354
20510,-0.179515,-0.239354,-0.239354
20511,-0.179515,-0.239354,-0.239354
20512,-0.179515,-0.239354,-0.239354
20513,-0.179515,-0.239354,-0.239354
20514,-0.179515,-0.239354,-0.239354
20515,-0.149596,-0.209434,-0.209434
20516,-0.149596,-0.179515,-0.179515
20517,-0.149596,-0.209434,-0.209434
20518,-0.179515,-0.209434,-0.209434
20519,-0.179515,-0.239354,-0.209434
20520,-0.209434,-0.239354,-0.239354
20521,-0.209434,-0.269273,-0.239354
20522,-0.209434,-0.269273,-0.269273
20523,-0.209434,-0.269273,-0.239354
20524,-0.209434,-0.269273,-0.239354
20525,-0.209434,-0.269273,-0.239354
20526,-0.209434,-0.239354,-0.239354
20527,-0.209434,-0.239354,-0.239354
20528,-0.209434,-0.239354,-0.239354
20529,-0.209434,-0.239354,-0.239354
20530,-0.209434,-0.239354,-0.239354
20531,-0.209434,-0.269273,-0.269273
20532,-0.239354,-0.269273,-0.269273
20533,-0.239354,-0.269273,-0.269273
20534,-0.209434,-0.269273,-0.269273
20535,-0.209434,-0.269273,-0.239354
20536,-0.179515,-0.239354,-0.239354
20537,-0.179515,-0.239354,-0.239354
20538,-0.179515,-0.239354,-0.239354
20539,-0.179515,-0.239354,-0.209434
20540,-0.179515,-0.239354,-0.239354
20541,-0.179515,-0.239354,-0.209434
20542,-0.179515,-0.239354,-0.239354
20543,-0.179515,-0.239354,-0.239354
20544,-0.179515,-0.239354,-0.239354
20545,-0.179515,-0.239354,-0.239354
20546,-0.179515,-0.239354,-0.239354
20547,-0.179515,-0.209434,-0.209434
20548,-0.149596,-0.209434,-0.179515
20549,-0.149596,-0.209434,-0.209434
20550,-0.179515,-0.209434,-0.209434
20551,-0.179515,-0.239354,-0.239354
20552,-0.209434,-0.239354,-0.239354
20553,-0.209434,-0.269273,-0.269273
20554,-0.209434,-0.269273,-0.239354
20555,-0.209434,-0.269273,-0.239354
20556,-0.209434,-0.269273,-0.239354
20557,-0.209434,-0.239354,-0.239354
20558,-0.209434,-0.239354,-0.269273
20559,-0.209434,-0.239354,-0.239354
20560,-0.209434,-0.239354,-0.239354
20561,-0.209434,-0.239354,-0.239354
20562,-0.209434,-0.239354,-0.239354
20563,-0.209434,-0.269273,-0.269273
20564,-0.239354,-0.299192,-0.269273
20565,-0.239354,-0.269273,-0.269273
20566,-0.209434,-0.269273,-0.269273
20567,-0.209434,-0.239354,-0.239354
20568,-0.179515,-0.239354,-0.239354
20569,-0.179515,-0.239354,-0.239354
20570,-0.179515,-0.239354,-0.209434
20571,-0.179515,-0.239354,-0.209434
20572,-0.179515,-0.209434,-0.209434
20573,-0.179515,-0.209434,-0.239354
20574,-0.179515,-0.239354,-0.239354
20575,-0.179515,-0.239354,-0.239354
20576,-0.179515,-0.239354,-0.239354
20577,-0.179515,-0.239354,-0.239354
20578,-0.179515,-0.239354,-0.239354
20579,-0.179515,-0.209434,-0.209434
20580,-0.149596,-0.179515,-0.179515
20581,-0.149596,-0.209434,-0.209434
20582,-0.179515,-0.209434,-0.209434
20583,-0.179515,-0.239354,-0.239354
20584,-0.209434,-0.239354,-0.239354
20585,-0.209434,-0.269273,-0.239354
20586,-0.209434,-0.269273,-0.269273
20587,-0.209434,-0.239354,-0.239354
20588,-0.209434,-0.239354,-0.239354
20589,-0.209434,-0.269273,-0.239354
20590,-0.209434,-0.269273,-0.239354
20591,-0.209434,-0.239354,-0.239354
20592,-0.209434,-0.239354,-0.239354
20593,-0.209434,-0.239354,-0.239354
20594,-0.209434,-0.239354,-0.239354
20595,-0.209434,-0.269273,-0.269273
20596,-0.239354,-0.299192,-0.299192
20597,-0.239354,-0.269273,-0.269273
20598,-0.209434,-0.269273,-0.269273
20599,-0.209434,-0.239354,-0.239354
20600,-0.179515,-0.239354,-0.239354
20601,-0.179515,-0.239354,-0.239354
20602,-0.179515,-0.239354,-0.209434
20603,-0.179515,-0.239354,-0.209434
20604,-0.179515,-0.239354,-0.209434
20605,-0.179515,-0.209434,-0.239354
20606,-0.179515,-0.239354,-0.239354
20607,-0.179515,-0.239354,-0.239354
20608,-0.179515,-0.239354,-0.239354
20609,-0.179515,-0.239354,-0.239354
20610,-0.179515,-0.239354,-0.239354
20611,-0.149596,-0.209434,-0.209434
20612,-0.149596,-0.209434,-0.179515
20613,-0.149596,-0.209434,-0.209434
20614,-0.179515,-0.209434,-0.209434
20615,-0.179515,-0.239354,-0.239354
20616,-0.209434,-0.269273,-0.239354
20617,-0.209434,-0.269273,-0.269273
20618,-0.209434,-0.239354,-0.239354
20619,-0.209434,-0.239354,-0.239354
20620,-0.209434,-0.239354,-0.239354
20621,-0.209434,-0.269273,-0.269273
20622,-0.209434,-0.239354,-0.239354
20623,-0.209434,-0.239354,-0.239354
20624,-0.209434,-0.239354,-0.239354
20625,-0.209434,-0.239354,-0.239354
20626,-0.209434,-0.239354,-0.239354
20627,-0.239354,-0.269273,-0.269273
20628,-0.239354,-0.299192,-0.269273
20629,-0.209434,-0.269273,-0.269273
20630,-0.209434,-0.269273,-0.269273
20631,-0.209434,-0.239354,-0.239354
20632,-0.179515,-0.239354,-0.239354
20633,-0.179515,-0.239354,-0.209434
20634,-0.179515,-0.239354,-0.209434
20635,-0.179515,-0.239354,-0.239354
20636,-0.179515,-0.239354,-0.239354
20637,-0.179515,-0.239354,-0.209434
20638,-0.179515,-0.239354,-0.239354
20639,-0.179515,-0.239354,-0.239354
20640,-0.179515,-0.239354,-0.239354
20641,-0.179515,-0.239354,-0.239354
20642,-0.179515,-0.239354,-0.239354
20643,-0.149596,-0.209434,-0.209434
20644,-0.149596,-0.209434,-0.209434
20645,-0.149596,-0.209434,-0.209434
20646,-0.179515,-0.209434,-0.209434
20647,-0.179515,-0.239354,-0.239354
20648,-0.209434,-0.239354,-0.239354
20649,-0.209434,-0.269273,-0.269273
20650,-0.209434,-0.269273,-0.239354
20651,-0.209434,-0.239354,-0.239354
20652,-0.209434,-0.269273,-0.239354
20653,-0.209434,-0.269273,-0.269273
20654,-0.209434,-0.239354,-0.239354
20655,-0.209434,-0.239354,-0.239354
20656,-0.209434,-0.239354,-0.239354
20657,-0.209434,-0.239354,-0.239354
20658,-0.209434,-0.239354,-0.239354
20659,-0.209434,-0.269273,-0.269273
20660,-0.239354,-0.299192,-0.269273
20661,-0.239354,-0.269273,-0.269273
20662,-0.209434,-0.269273,-0.269273
20663,-0.209434,-0.239354,-0.239354
20664,-0.179515,-0.239354,-0.209434
20665,-0.179515,-0.239354,-0.209434
20666,-0.179515,-0.239354,-0.209434
20667,-0.179515,-0.239354,-0.209434
20668,-0.179515,-0.239354,-0.209434
20669,-0.179515,-0.239354,-0.209434
20670,-0.179515,-0.239354,-0.239354
20671,-0.179515,-0.239354,-0.239354
20672,-0.179515,-0.239354,-0.239354
20673,-0.179515,-0.239354,-0.239354
20674,-0.179515,-0.239354,-0.239354
20675,-0.149596,-0.209434,-0.209434
20676,-0.149596,-0.179515,-0.179515
20677,-0.149596,-0.209434,-0.209434
20678,-0.179515,-0.209434,-0.209434
20679,-0.179515,-0.239354,-0.239354
20680,-0.209434,-0.239354,-0.239354
20681,-0.209434,-0.269273,-0.269273
20682,-0.209434,-0.239354,-0.239354
20683,-0.209434,-0.239354,-0.239354
20684,-0.209434,-0.239354,-0.239354
20685,-0.209434,-0.269273,-0.269273
20686,-0.209434,-0.239354,-0.239354
20687,-0.209434,-0.239354,-0.239354
20688,-0.209434,-0.239354,-0.239354
20689,-0.209434,-0.239354,-0.239354
20690,-0.209434,-0.239354,-0.239354
20691,-0.239354,-0.269273,-0.269273
20692,-0.239354,-0.299192,-0.269273
20693,-0.239354,-0.269273,-0.269273
20694,-0.209434,-0.269273,-0.269273
20695,-0.209434,-0.239354,-0.239354
20696,-0.179515,-0.239354,-0.239354
20697,-0.179515,-0.239354,-0.239354
20698,-0.179515,-0.239354,-0.209434
20699,-0.179515,-0.239354,-0.209434
20700,-0.179515,-0.239354,-0.209434
20701,-0.179515,-0.209434,-0.209434
20702,-0.179515,-0.239354,-0.239354
20703,-0.179515,-0.239354,-0.239354
20704,-0.179515,-0.239354,-0.239354
20705,-0.179515,-0.239354,-0.239354
20706,-0.179515,-0.239354,-0.239354
20707,-0.149596,-0.209434,-0.209434
20708,-0.149596,-0.209434,-0.179515
20709,-0.149596,-0.209434,-0.209434
20710,-0.179515,-0.209434,-0.209434
20711,-0.179515,-0.239354,-0.239354
20712,-0.209434,-0.269273,-0.239354
20713,-0.209434,-0.269273,-0.269273
20714,-0.209434,-0.269273,-0.269273
20715,-0.209434,-0.239354,-0.239354
20716,-0.209434,-0.239354,-0.239354
20717,-0.209434,-0.239354,-0.239354
20718,-0.209434,-0.239354,-0.239354
20719,-0.209434,-0.239354,-0.239354
20720,-0.209434,-0.239354,-0.239354
20721,-0.209434,-0.239354,-0.239354
20722,-0.209434,-0.239354,-0.239354
20723,-0.209434,-0.269273,-0.269273
20724,-0.239354,-0.299192,-0.269273
20725,-0.239354,-0.269273,-0.269273
20726,-0.209434,-0.269273,-0.269273
20727,-0.209434,-0.239354,-0.239354
20728,-0.179515,-0.239354,-0.239354
20729,-0.179515,-0.239354,-0.209434
20730,-0.179515,-0.239354,-0.209434
20731,-0.179515,-0.239354,-0.209434
20732,-0.179515,-0.239354,-0.209434
20733,-0.179515,-0.209434,-0.209434
20734,-0.179515,-0.239354,-0.239354
20735,-0.179515,-0.239354,-0.239354
20736,-0.179515,-0.239354,-0.239354
20737,-0.179515,-0.239354,-0.239354
20738,-0.179515,-0.239354,-0.239354
20739,-0.149596,-0.209434,-0.209434
20740,-0.149596,-0.209434,-0.209434
20741,-0.149596,-0.209434,-0.209434
20742,-0.179515,-0.209434,-0.209434
20743,-0.179515,-0.239354,-0.239354
20744,-0.209434,-0.239354,-0.239354
20745,-0.209434,-0.239354,-0.239354
20746,-0.209434,-0.269273,-0.239354
20747,-0.209434,-0.239354,-0.239354
20748,-0.209434,-0.269273,-0.269273
20749,-0.209434,-0.269273,-0.239354
20750,-0.209434,-0.239354,-0.239354
20751,-0.209434,-0.239354,-0.239354
20752,-0.209434,-0.239354,-0.239354
20753,-0.209434,-0.239354,-0.239354
20754,-0.209434,-0.239354,-0.239354
20755,-0.209434,-0.269273,-0.269273
20756,-0.239354,-0.269273,-0.269273
20757,-0.239354,-0.269273,-0.269273
20758,-0.209434,-0.269273,-0.269273
20759,-0.209434,-0.239354,-0.239354
20760,-0.179515,-0.239354,-0.239354
20761,-0.179515,-0.209434,-0.239354
20762,-0.179515,-0.209434,-0.209434
20763,-0.179515,-0.209434,-0.209434
20764,-0.179515,-0.239354,-0.209434
20765,-0.179515,-0.239354,-0.239354
20766,-0.179515,-0.239354,-0.209434
20767,-0.179515,-0.239354,-0.239354
20768,-0.179515,-0.239354,-0.239354
20769,-0.179515,-0.239354,-0.239354
20770,-0.179515,-0.239354,-0.239354
20771,-0.149596,-0.209434,-0.209434
20772,-0.149596,-0.209434,-0.179515
20773,-0.149596,-0.209434,-0.209434
20774,-0.179515,-0.209434,-0.209434
20775,-0.179515,-0.239354,-0.239354
20776,-0.209434,-0.239354,-0.239354
20777,-0.209434,-0.239354,-0.269273
20778,-0.209434,-0.239354,-0.269273
20779,-0.209434,-0.269273,-0.239354
20780,-0.209434,-0.239354,-0.239354
20781,-0.209434,-0.269273,-0.269273
20782,-0.209434,-0.269273,-0.239354
20783,-0.209434,-0.239354,-0.239354
20784,-0.209434,-0.239354,-0.239354
20785,-0.209434,-0.239354,-0.239354
20786,-0.209434,-0.239354,-0.239354
20787,-0.209434,-0.269273,-0.269273
20788,-0.239354,-0.299192,-0.269273
20789,-0.239354,-0.269273,-0.269273
20790,-0.209434,-0.269273,-0.269273
20791,-0.209434,-0.239354,-0.239354
20792,-0.179515,-0.239354,-0.239354
20793,-0.179515,-0.239354,-0.239354
20794,-0.179515,-0.239354,-0.209434
20795,-0.179515,-0.239354,-0.209434
20796,-0.179515,-0.209434,-0.209434
20797,-0.179515,-0.209434,-0.209434
20798,-0.179515,-0.239354,-0.239354
20799,-0.179515,-0.239354,-0.239354
20800,-0.179515,-0.239354,-0.239354
20801,-0.179515,-0.239354,-0.239354
20802,-0.179515,-0.239354,-0.239354
20803,-0.149596,-0.209434,-0.209434
20804,-0.149596,-0.209434,-0.179515
20805,-0.149596,-0.209434,-0.209434
20806,-0.179515,-0.239354,-0.209434
20807,-0.179515,-0.239354,-0.239354
20808,-0.209434,-0.239354,-0.239354
20809,-0.209434,-0.269273,-0.239354
20810,-0.209434,-0.269273,-0.239354
20811,-0.209434,-0.269273,-0.239354
20812,-0.209434,-0.239354,-0.239354
20813,-0.209434,-0.239354,-0.239354
20814,-0.209434,-0.239354,-0.239354
20815,-0.209434,-0.239354,-0.239354
20816,-0.209434,-0.239354,-0.239354
20817,-0.209434,-0.239354,-0.239354
20818,-0.209434,-0.239354,-0.239354
20819,-0.209434,-0.269273,-0.269273
20820,-0.239354,-0.299192,-0.299192
20821,-0.209434,-0.269273,-0.269273
20822,-0.209434,-0.269273,-0.269273
20823,-0.209434,-0.239354,-0.239354
20824,-0.179515,-0.239354,-0.239354
20825,-0.179515,-0.239354,-0.209434
20826,-0.179515,-0.239354,-0.209434
20827,-0.179515,-0.239354,-0.209434
20828,-0.179515,-0.239354,-0.209434
20829,-0.179515,-0.239354,-0.239354
20830,-0.179515,-0.239354,-0.239354
20831,-0.179515,-0.239354,-0.239354
20832,-0.179515,-0.239354,-0.239354
20833,-0.179515,-0.239354,-0.239354
20834,-0.179515,-0.239354,-0.239354
20835,-0.149596,-0.209434,-0.209434
20836,-0.149596,-0.179515,-0.179515
20837,-0.149596,-0.209434,-0.209434
20838,-0.179515,-0.209434,-0.209434
20839,-0.179515,-0.239354,-0.239354
20840,-0.209434,-0.269273,-0.239354
20841,-0.209434,-0.239354,-0.269273
20842,-0.209434,-0.239354,-0.239354
20843,-0.209434,-0.239354,-0.239354
20844,-0.209434,-0.239354,-0.239354
20845,-0.209434,-0.239354,-0.239354
20846,-0.209434,-0.239354,-0.239354
20847,-0.209434,-0.239354,-0.239354
20848,-0.209434,-0.239354,-0.239354
20849,-0.209434,-0.239354,-0.239354
20850,-0.209434,-0.239354,-0.239354
20851,-0.239354,-0.269273,-0.269273
20852,-0.239354,-0.299192,-0.269273
20853,-0.209434,-0.269273,-0.269273
20854,-0.209434,-0.269273,-0.269273
20855,-0.209434,-0.239354,-0.239354
20856,-0.179515,-0.239354,-0.239354
20857,-0.179515,-0.209434,-0.239354
20858,-0.179515,-0.209434,-0.239354
20859,-0.179515,-0.239354,-0.239354
20860,-0.179515,-0.239354,-0.209434
20861,-0.179515,-0.209434,-0.209434
20862,-0.179515,-0.239354,-0.239354
20863,-0.179515,-0.239354,-0.239354
20864,-0.179515,-0.239354,-0.239354
20865,-0.179515,-0.239354,-0.239354
20866,-0.179515,-0.239354,-0.239354
20867,-0.149596,-0.209434,-0.209434
20868,-0.149596,-0.179515,-0.179515
20869,-0.149596,-0.209434,-0.209434
20870,-0.179515,-0.209434,-0.209434
20871,-0.179515,-0.239354,-0.239354
20872,-0.209434,-0.239354,-0.239354
20873,-0.209434,-0.239354,-0.239354
20874,-0.209434,-0.239354,-0.239354
20875,-0.209434,-0.239354,-0.239354
20876,-0.209434,-0.239354,-0.239354
20877,-0.209434,-0.239354,-0.269273
20878,-0.209434,-0.239354,-0.239354
20879,-0.209434,-0.239354,-0.239354
20880,-0.209434,-0.239354,-0.239354
20881,-0.209434,-0.239354,-0.239354
20882,-0.209434,-0.239354,-0.239354
20883,-0.239354,-0.269273,-0.269273
20884,-0.239354,-0.299192,-0.269273
20885,-0.209434,-0.269273,-0.269273
20886,-0.209434,-0.269273,-0.269273
20887,-0.209434,-0.239354,-0.239354
20888,-0.179515,-0.239354,-0.209434
20889,-0.179515,-0.239354,-0.209434
20890,-0.179515,-0.209434,-0.239354
20891,-0.179515,-0.239354,-0.209434
20892,-0.179515,-0.239354,-0.209434
20893,-0.179515,-0.239354,-0.209434
20894,-0.179515,-0.239354,-0.239354
20895,-0.179515,-0.239354,-0.239354
20896,-0.179515,-0.239354,-0.239354
20897,-0.179515,-0.239354,-0.239354
20898,-0.179515,-0.239354,-0.239354
20899,-0.179515,-0.209434,-0.209434
20900,-0.149596,-0.179515,-0.179515
20901,-0.149596,-0.209434,-0.209434
20902,-0.179515,-0.209434,-0.209434
20903,-0.179515,-0.239354,-0.239354
20904,-0.209434,-0.239354,-0.239354
20905,-0.209434,-0.269273,-0.239354
20906,-0.209434,-0.239354,-0.239354
20907,-0.209434,-0.239354,-0.239354
20908,-0.209434,-0.269273,-0.239354
20909,-0.209434,-0.239354,-0.239354
20910,-0.209434,-0.239354,-0.239354
20911,-0.209434,-0.239354,-0.239354
20912,-0.209434,-0.239354,-0.239354
20913,-0.209434,-0.239354,-0.239354
20914,-0.209434,-0.239354,-0.239354
20915,-0.239354,-0.269273,-0.269273
20916,-0.239354,-0.269273,-0.269273
20917,-0.209434,-0.269273,-0.269273
20918,-0.209434,-0.269273,-0.269273
20919,-0.209434,-0.239354,-0.239354
20920,-0.179515,-0.239354,-0.239354
20921,-0.179515,-0.239354,-0.209434
20922,-0.179515,-0.239354,-0.209434
20923,-0.179515,-0.209434,-0.209434
20924,-0.179515,-0.239354,-0.239354
20925,-0.179515,-0.209434,-0.209434
20926,-0.179515,-0.239354,-0.239354
20927,-0.179515,-0.239354,-0.239354
20928,-0.179515,-0.239354,-0.239354
20929,-0.179515,-0.239354,-0.239354
20930,-0.179515,-0.239354,-0.209434
20931,-0.149596,-0.209434,-0.209434
20932,-0.149596,-0.209434,-0.209434
20933,-0.149596,-0.209434,-0.209434
20934,-0.179515,-0.209434,-0.209434
20935,-0.179515,-0.239354,-0.239354
20936,-0.209434,-0.239354,-0.239354
20937,-0.209434,-0.269273,-0.239354
20938,-0.209434,-0.269273,-0.239354
20939,-0.209434,-0.239354,-0.239354
20940,-0.209434,-0.239354,-0.239354
20941,-0.209434,-0.239354,-0.239354
20942,-0.209434,-0.239354,-0.239354
20943,-0.209434,-0.239354,-0.239354
20944,-0.209434,-0.239354,-0.239354
20945,-0.209434,-0.239354,-0.239354
20946,-0.209434,-0.239354,-0.239354
20947,-0.239354,-0.269273,-0.269273
20948,-0.239354,-0.299192,-0.269273
20949,-0.239354,-0.269273,-0.269273
20950,-0.209434,-0.269273,-0.269273
20951,-0.209434,-0.239354,-0.239354
20952,-0.179515,-0.239354,-0.239354
20953,-0.179515,-0.209434,-0.209434
20954,-0.179515,-0.239354,-0.209434
20955,-0.179515,-0.239354,-0.209434
20956,-0.179515,-0.209434,-0.239354
20957,-0.179515,-0.209434,-0.209434
20958,-0.179515,-0.239354,-0.239354
20959,-0.179515,-0.239354,-0.239354
20960,-0.179515,-0.239354,-0.239354
20961,-0.179515,-0.239354,-0.239354
20962,-0.179515,-0.239354,-0.239354
20963,-0.149596,-0.209434,-0.209434
20964,-0.149596,-0.179515,-0.179515
20965,-0.149596,-0.209434,-0.209434
20966,-0.179515,-0.209434,-0.209434
20967,-0.209434,-0.239354,-0.239354
20968,-0.209434,-0.269273,-0.239354
20969,-0.209434,-0.239354,-0.239354
20970,-0.209434,-0.239354,-0.239354
20971,-0.209434,-0.239354,-0.239354
20972,-0.209434,-0.239354,-0.269273
20973,-0.209434,-0.269273,-0.239354
20974,-0.209434,-0.239354,-0.239354
20975,-0.209434,-0.239354,-0.239354
20976,-0.209434,-0.239354,-0.239354
20977,-0.209434,-0.239354,-0.239354
20978,-0.209434,-0.239354,-0.239354
20979,-0.239354,-0.269273,-0.269273
20980,-0.239354,-0.269273,-0.269273
20981,-0.239354,-0.269273,-0.269273
20982,-0.209434,-0.269273,-0.269273
20983,-0.209434,-0.239354,-0.239354
20984,-0.179515,-0.209434,-0.239354
20985,-0.179515,-0.209434,-0.239354
20986,-0.179515,-0.209434,-0.239354
20987,-0.179515,-0.209434,-0.209434
20988,-0.179515,-0.209434,-0.209434
20989,-0.179515,-0.209434,-0.209434
20990,-0.179515,-0.239354,-0.239354
20991,-0.179515,-0.239354,-0.239354
20992,-0.179515,-0.239354,-0.239354
20993,-0.179515,-0.239354,-0.239354
20994,-0.179515,-0.239354,-0.209434
20995,-0.149596,-0.209434,-0.209434
20996,-0.149596,-0.179515,-0.209434
20997,-0.149596,-0.209434,-0.209434
20998,-0.179515,-0.209434,-0.209434
20999,-0.179515,-0.239354,-0.239354
21000,-0.209434,-0.239354,-0.239354
21001,-0.209434,-0.269273,-0.239354
21002,-0.209434,-0.269273,-0.239354
21003,-0.209434,-0.239354,-0.239354
21004,-0.209434,-0.269273,-0.239354
21005,-0.209434,-0.269273,-0.239354
21006,-0.209434,-0.239354,-0.239354
21007,-0.209434,-0.239354,-0.239354
21008,-0.209434,-0.239354,-0.239354
21009,-0.209434,-0.239354,-0.239354
21010,-0.209434,-0.239354,-0.239354
21011,-0.239354,-0.269273,-0.269273
21012,-0.239354,-0.269273,-0.269273
21013,-0.209434,-0.269273,-0.269273
21014,-0.209434,-0.269273,-0.269273
21015,-0.179515,-0.239354,-0.239354
21016,-0.179515,-0.239354,-0.239354
21017,-0.179515,-0.209434,-0.209434
21018,-0.179515,-0.209434,-0.209434
21019,-0.179515,-0.239354,-0.209434
21020,-0.179515,-0.239354,-0.209434
21021,-0.179515,-0.239354,-0.239354
21022,-0.179515,-0.239354,-0.239354
21023,-0.179515,-0.239354,-0.239354
21024,-0.179515,-0.239354,-0.239354
21025,-0.179515,-0.239354,-0.239354
21026,-0.179515,-0.239354,-0.239354
21027,-0.149596,-0.209434,-0.209434
21028,-0.149596,-0.209434,-0.209434
21029,-0.179515,-0.209434,-0.209434
21030,-0.179515,-0.209434,-0.209434
21031,-0.179515,-0.239354,-0.239354
21032,-0.209434,-0.239354,-0.269273
21033,-0.209434,-0.269273,-0.239354
21034,-0.209434,-0.269273,-0.239354
21035,-0.209434,-0.269273,-0.269273
21036,-0.209434,-0.239354,-0.239354
21037,-0.209434,-0.269273,-0.239354
21038,-0.209434,-0.239354,-0.239354
21039,-0.209434,-0.239354,-0.239354
21040,-0.209434,-0.239354,-0.239354
21041,-0.209434,-0.239354,-0.239354
21042,-0.209434,-0.239354,-0.239354
21043,-0.239354,-0.269273,-0.269273
21044,-0.239354,-0.269273,-0.269273
21045,-0.209434,-0.269273,-0.269273
21046,-0.209434,-0.269273,-0.269273
21047,-0.209434,-0.239354,-0.239354
21048,-0.179515,-0.239354,-0.239354
21049,-0.179515,-0.209434,-0.239354
21050,-0.179515,-0.239354,-0.209434
21051,-0.179515,-0.209434,-0.209434
21052,-0.179515,-0.239354,-0.239354
21053,-0.179515,-0.239354,-0.209434
21054,-0.179515,-0.239354,-0.239354
21055,-0.179515,-0.239354,-0.239354
21056,-0.179515,-0.239354,-0.239354
21057,-0.179515,-0.239354,-0.239354
21058,-0.179515,-0.239354,-0.239354
21059,-0.149596,-0.209434,-0.209434
21060,-0.149596,-0.209434,-0.179515
21061,-0.149596,-0.209434,-0.209434
21062,-0.179515,-0.209434,-0.209434
21063,-0.209434,-0.239354,-0.239354
21064,-0.209434,-0.269273,-0.239354
21065,-0.209434,-0.239354,-0.239354
21066,-0.209434,-0.269273,-0.269273
21067,-0.209434,-0.239354,-0.239354
21068,-0.209434,-0.239354,-0.239354
21069,-0.209434,-0.269273,-0.239354
21070,-0.209434,-0.239354,-0.239354
21071,-0.209434,-0.239354,-0.239354
21072,-0.209434,-0.239354,-0.239354
21073,-0.209434,-0.239354,-0.239354
21074,-0.209434,-0.239354,-0.239354
21075,-0.239354,-0.269273,-0.269273
21076,-0.239354,-0.269273,-0.269273
21077,-0.209434,-0.269273,-0.269273
21078,-0.209434,-0.269273,-0.269273
21079,-0.179515,-0.239354,-0.239354
21080,-0.179515,-0.239354,-0.239354
21081,-0.179515,-0.239354,-0.239354
21082,-0.179515,-0.209434,-0.239354
21083,-0.179515,-0.239354,-0.239354
21084,-0.179515,-0.239354,-0.239354
21085,-0.179515,-0.209434,-0.209434
21086,-0.179515,-0.239354,-0.209434
21087,-0.179515,-0.239354,-0.239354
21088,-0.179515,-0.239354,-0.239354
21089,-0.179515,-0.239354,-0.239354
21090,-0.179515,-0.239354,-0.239354
21091,-0.149596,-0.209434,-0.209434
21092,-0.149596,-0.209434,-0.179515
21093,-0.149596,-0.209434,-0.209434
21094,-0.179515,-0.209434,-0.209434
21095,-0.209434,-0.239354,-0.239354
21096,-0.209434,-0.239354,-0.239354
21097,-0.209434,-0.269273,-0.239354
21098,-0.209434,-0.269273,-0.239354
21099,-0.209434,-0.239354,-0.239354
21100,-0.209434,-0.239354,-0.269273
21101,-0.209434,-0.269273,-0.239354
21102,-0.209434,-0.239354,-0.239354
21103,-0.209434,-0.239354,-0.239354
21104,-0.209434,-0.239354,-0.239354
21105,-0.209434,-0.239354,-0.239354
21106,-0.209434,-0.239354,-0.239354
21107,-0.239354,-0.269273,-0.269273
21108,-0.239354,-0.269273,-0.269273
21109,-0.209434,-0.269273,-0.269273
21110,-0.209434,-0.269273,-0.239354
21111,-0.209434,-0.239354,-0.239354
21112,-0.179515,-0.239354,-0.209434
21113,-0.179515,-0.209434,-0.209434
21114,-0.179515,-0.209434,-0.209434
21115,-0.179515,-0.209434,-0.209434
21116,-0.179515,-0.209434,-0.209434
21117,-0.179515,-0.209434,-0.239354
21118,-0.179515,-0.239354,-0.239354
21119,-0.179515,-0.239354,-0.239354
21120,-0.179515,-0.239354,-0.239354
21121,-0.179515,-0.239354,-0.239354
21122,-0.179515,-0.239354,-0.239354
21123,-0.149596,-0.209434,-0.179515
21124,-0.149596,-0.179515,-0.179515
21125,-0.149596,-0.209434,-0.209434
21126,-0.179515,-0.209434,-0.209434
21127,-0.179515,-0.239354,-0.239354
21128,-0.209434,-0.269273,-0.239354
21129,-0.209434,-0.269273,-0.239354
21130,-0.209434,-0.269273,-0.239354
21131,-0.209434,-0.239354,-0.239354
21132,-0.209434,-0.239354,-0.239354
21133,-0.209434,-0.269273,-0.239354
21134,-0.209434,-0.239354,-0.239354
21135,-0.209434,-0.239354,-0.239354
21136,-0.209434,-0.239354,-0.239354
21137,-0.209434,-0.239354,-0.239354
21138,-0.209434,-0.239354,-0.239354
21139,-0.239354,-0.269273,-0.269273
21140,-0.239354,-0.269273,-0.269273
21141,-0.209434,-0.269273,-0.269273
21142,-0.209434,-0.269273,-0.269273
21143,-0.179515,-0.239354,-0.239354
21144,-0.179515,-0.239354,-0.209434
21145,-0.179515,-0.239354,-0.239354
21146,-0.179515,-0.239354,-0.239354
21147,-0.179515,-0.239354,-0.209434
21148,-0.179515,-0.209434,-0.239354
21149,-0.179515,-0.239354,-0.239354
21150,-0.179515,-0.239354,-0.239354
21151,-0.179515,-0.239354,-0.239354
21152,-0.179515,-0.239354,-0.239354
21153,-0.179515,-0.239354,-0.239354
21154,-0.179515,-0.239354,-0.239354
21155,-0.149596,-0.209434,-0.209434
21156,-0.149596,-0.179515,-0.209434
21157,-0.149596,-0.209434,-0.209434
21158,-0.179515,-0.209434,-0.209434
21159,-0.209434,-0.239354,-0.239354
21160,-0.209434,-0.239354,-0.239354
21161,-0.209434,-0.239354,-0.239354
21162,-0.209434,-0.239354,-0.239354
21163,-0.209434,-0.239354,-0.239354
21164,-0.209434,-0.239354,-0.239354
21165,-0.209434,-0.239354,-0.239354
21166,-0.209434,-0.239354,-0.239354
21167,-0.209434,-0.239354,-0.239354
21168,-0.209434,-0.239354,-0.239354
21169,-0.209434,-0.239354,-0.239354
21170,-0.209434,-0.239354,-0.239354
21171,-0.239354,-0.269273,-0.269273
21172,-0.239354,-0.269273,-0.269273
21173,-0.239354,-0.269273,-0.269273
21174,-0.209434,-0.269273,-0.269273
21175,-0.179515,-0.239354,-0.239354
21176,-0.179515,-0.239354,-0.209434
21177,-0.179515,-0.209434,-0.239354
21178,-0.179515,-0.209434,-0.209434
21179,-0.179515,-0.209434,-0.209434
21180,-0.179515,-0.209434,-0.239354
21181,-0.179515,-0.209434,-0.209434
21182,-0.179515,-0.239354,-0.239354
21183,-0.179515,-0.239354,-0.239354
21184,-0.179515,-0.239354,-0.239354
21185,-0.179515,-0.239354,-0.239354
21186,-0.179515,-0.239354,-0.239354
21187,-0.149596,-0.209434,-0.209434
21188,-0.149596,-0.179515,-0.179515
21189,-0.149596,-0.209434,-0.209434
21190,-0.179515,-0.239354,-0.209434
21191,-0.209434,-0.239354,-0.239354
21192,-0.209434,-0.269273,-0.239354
21193,-0.209434,-0.269273,-0.239354
21194,-0.209434,-0.269273,-0.239354
21195,-0.209434,-0.269273,-0.239354
21196,-0.209434,-0.269273,-0.239354
21197,-0.209434,-0.239354,-0.239354
21198,-0.209434,-0.239354,-0.239354
21199,-0.209434,-0.239354,-0.239354
21200,-0.209434,-0.239354,-0.239354
21201,-0.209434,-0.239354,-0.239354
21202,-0.209434,-0.239354,-0.239354
21203,-0.239354,-0.269273,-0.269273
21204,-0.239354,-0.269273,-0.269273
21205,-0.209434,-0.269273,-0.269273
21206,-0.209434,-0.269273,-0.269273
21207,-0.209434,-0.239354,-0.239354
21208,-0.179515,-0.239354,-0.209434
21209,-0.179515,-0.209434,-0.209434
21210,-0.179515,-0.209434,-0.209434
21211,-0.179515,-0.239354,-0.209434
21212,-0.179515,-0.239354,-0.209434
21213,-0.179515,-0.209434,-0.209434
21214,-0.179515,-0.239354,-0.239354
21215,-0.179515,-0.239354,-0.239354
21216,-0.179515,-0.239354,-0.239354
21217,-0.179515,-0.239354,-0.239354
21218,-0.179515,-0.239354,-0.209434
21219,-0.149596,-0.209434,-0.179515
21220,-0.149596,-0.209434,-0.179515
21221,-0.149596,-0.209434,-0.209434
21222,-0.179515,-0.239354,-0.209434
21223,-0.179515,-0.239354,-0.239354
21224,-0.209434,-0.269273,-0.239354
21225,-0.209434,-0.269273,-0.239354
21226,-0.209434,-0.239354,-0.239354
21227,-0.209434,-0.239354,-0.239354
21228,-0.209434,-0.239354,-0.239354
21229,-0.209434,-0.239354,-0.239354
21230,-0.209434,-0.239354,-0.239354
21231,-0.209434,-0.239354,-0.239354
21232,-0.209434,-0.239354,-0.239354
21233,-0.209434,-0.239354,-0.239354
21234,-0.209434,-0.239354,-0.239354
21235,-0.239354,-0.269273,-0.269273
21236,-0.239354,-0.269273,-0.269273
21237,-0.209434,-0.269273,-0.269273
21238,-0.209434,-0.269273,-0.269273
21239,-0.209434,-0.239354,-0.239354
21240,-0.179515,-0.239354,-0.239354
21241,-0.179515,-0.239354,-0.239354
21242,-0.179515,-0.239354,-0.239354
21243,-0.179515,-0.239354,-0.209434
21244,-0.179515,-0.239354,-0.209434
21245,-0.179515,-0.239354,-0.209434
21246,-0.179515,-0.239354,-0.239354
21247,-0.179515,-0.239354,-0.239354
21248,-0.179515,-0.239354,-0.239354
21249,-0.179515,-0.239354,-0.239354
21250,-0.179515,-0.239354,-0.239354
21251,-0.149596,-0.179515,-0.209434
21252,-0.149596,-0.179515,-0.209434
21253,-0.149596,-0.209434,-0.209434
21254,-0.179515,-0.239354,-0.209434
21255,-0.209434,-0.239354,-0.239354
21256,-0.209434,-0.269273,-0.239354
21257,-0.209434,-0.269273,-0.239354
21258,-0.209434,-0.239354,-0.239354
21259,-0.209434,-0.239354,-0.239354
21260,-0.209434,-0.269273,-0.239354
21261,-0.209434,-0.239354,-0.239354
21262,-0.209434,-0.239354,-0.239354
21263,-0.209434,-0.239354,-0.239354
21264,-0.209434,-0.239354,-0.239354
21265,-0.209434,-0.239354,-0.239354
21266,-0.209434,-0.239354,-0.239354
21267,-0.239354,-0.269273,-0.269273
21268,-0.239354,-0.269273,-0.269273
21269,-0.209434,-0.269273,-0.269273
21270,-0.209434,-0.239354,-0.269273
21271,-0.179515,-0.239354,-0.239354
21272,-0.179515,-0.239354,-0.209434
21273,-0.179515,-0.239354,-0.209434
21274,-0.179515,-0.209434,-0.209434
21275,-0.179515,-0.239354,-0.209434
21276,-0.179515,-0.239354,-0.209434
21277,-0.179515,-0.239354,-0.209434
21278,-0.179515,-0.239354,-0.239354
21279,-0.179515,-0.239354,-0.239354
21280,-0.179515,-0.239354,-0.239354
21281,-0.179515,-0.239354,-0.239354
21282,-0.179515,-0.239354,-0.239354
21283,-0.149596,-0.209434,-0.209434
21284,-0.149596,-0.209434,-0.209434
21285,-0.179515,-0.209434,-0.209434
21286,-0.179515,-0.209434,-0.209434
21287,-0.209434,-0.239354,-0.239354
21288,-0.209434,-0.269273,-0.239354
21289,-0.209434,-0.269273,-0.239354
21290,-0.209434,-0.269273,-0.239354
21291,-0.209434,-0.239354,-0.239354
21292,-0.209434,-0.269273,-0.269273
21293,-0.209434,-0.239354,-0.239354
21294,-0.209434,-0.239354,-0.239354
21295,-0.209434,-0.239354,-0.239354
21296,-0.209434,-0.239354,-0.239354
21297,-0.209434,-0.239354,-0.239354
21298,-0.209434,-0.239354,-0.239354
21299,-0.239354,-0.269273,-0.269273
21300,-0.239354,-0.269273,-0.269273
21301,-0.209434,-0.269273,-0.269273
21302,-0.209434,-0.269273,-0.269273
21303,-0.209434,-0.239354,-0.239354
21304,-0.179515,-0.239354,-0.239354
21305,-0.179515,-0.239354,-0.239354
21306,-0.179515,-0.239354,-0.209434
21307,-0.179515,-0.239354,-0.209434
21308,-0.179515,-0.239354,-0.239354
21309,-0.179515,-0.239354,-0.239354
21310,-0.179515,-0.239354,-0.239354
21311,-0.179515,-0.239354,-0.239354
21312,-0.179515,-0.239354,-0.239354
21313,-0.179515,-0.239354,-0.239354
21314,-0.179515,-0.239354,-0.239354
21315,-0.149596,-0.209434,-0.179515
21316,-0.149596,-0.209434,-0.209434
21317,-0.179515,-0.209434,-0.209434
21318,-0.179515,-0.209434,-0.209434
21319,-0.209434,-0.239354,-0.239354
21320,-0.209434,-0.269273,-0.239354
21321,-0.209434,-0.269273,-0.269273
21322,-0.209434,-0.269273,-0.239354
21323,-0.209434,-0.269273,-0.239354
21324,-0.209434,-0.269273,-0.239354
21325,-0.209434,-0.239354,-0.239354
21326,-0.209434,-0.239354,-0.239354
21327,-0.209434,-0.239354,-0.239354
21328,-0.209434,-0.239354,-0.239354
21329,-0.209434,-0.239354,-0.239354
21330,-0.209434,-0.269273,-0.239354
21331,-0.239354,-0.269273,-0.269273
21332,-0.239354,-0.269273,-0.269273
21333,-0.209434,-0.269273,-0.269273
21334,-0.209434,-0.269273,-0.239354
21335,-0.179515,-0.239354,-0.239354
21336,-0.179515,-0.209434,-0.209434
21337,-0.179515,-0.209434,-0.209434
21338,-0.179515,-0.209434,-0.239354
21339,-0.179515,-0.239354,-0.209434
21340,-0.179515,-0.209434,-0.209434
21341,-0.179515,-0.209434,-0.239354
21342,-0.179515,-0.239354,-0.239354
21343,-0.209434,-0.239354,-0.239354
21344,-0.209434,-0.269273,-0.239354
21345,-0.209434,-0.239354,-0.239354
21346,-0.179515,-0.239354,-0.239354
21347,-0.149596,-0.209434,-0.209434
21348,-0.149596,-0.209434,-0.209434
21349,-0.179515,-0.239354,-0.209434
21350,-0.179515,-0.239354,-0.239354
21351,-0.209434,-0.239354,-0.239354
21352,-0.209434,-0.269273,-0.269273
21353,-0.209434,-0.269273,-0.269273
21354,-0.209434,-0.269273,-0.269273
21355,-0.209434,-0.239354,-0.239354
21356,-0.209434,-0.239354,-0.239354
21357,-0.179515,-0.239354,-0.239354
21358,-0.179515,-0.239354,-0.239354
21359,-0.179515,-0.239354,-0.239354
21360,-0.179515,-0.239354,-0.209434
21361,-0.179515,-0.209434,-0.209434
21362,-0.179515,-0.239354,-0.239354
21363,-0.209434,-0.269273,-0.239354
21364,-0.209434,-0.269273,-0.239354
21365,-0.179515,-0.239354,-0.239354
21366,-0.179515,-0.239354,-0.239354
21367,-0.179515,-0.239354,-0.209434
21368,-0.179515,-0.239354,-0.209434
21369,-0.179515,-0.239354,-0.209434
21370,-0.179515,-0.209434,-0.209434
21371,-0.179515,-0.209434,-0.209434
21372,-0.179515,-0.209434,-0.209434
21373,-0.179515,-0.209434,-0.209434
21374,-0.179515,-0.209434,-0.239354
21375,-0.179515,-0.239354,-0.239354
21376,-0.179515,-0.239354,-0.239354
21377,-0.179515,-0.239354,-0.239354
21378,-0.179515,-0.209434,-0.209434
21379,-0.149596,-0.179515,-0.179515
21380,-0.149596,-0.179515,-0.179515
21381,-0.149596,-0.209434,-0.209434
21382,-0.179515,-0.209434,-0.209434
21383,-0.179515,-0.239354,-0.239354
21384,-0.209434,-0.239354,-0.239354
21385,-0.179515,-0.239354,-0.239354
21386,-0.179515,-0.239354,-0.239354
21387,-0.179515,-0.239354,-0.239354
21388,-0.179515,-0.239354,-0.239354
21389,-0.179515,-0.239354,-0.239354
21390,-0.179515,-0.239354,-0.209434
21391,-0.179515,-0.239354,-0.209434
21392,-0.179515,-0.239354,-0.209434
21393,-0.179515,-0.239354,-0.209434
21394,-0.179515,-0.239354,-0.239354
21395,-0.209434,-0.269273,-0.269273
21396,-0.209434,-0.269273,-0.269273
21397,-0.209434,-0.239354,-0.239354
21398,-0.179515,-0.239354,-0.239354
21399,-0.179515,-0.209434,-0.209434
21400,-0.149596,-0.209434,-0.209434
21401,-0.179515,-0.209434,-0.209434
21402,-0.149596,-0.209434,-0.209434
21403,-0.179515,-0.209434,-0.209434
21404,-0.179515,-0.209434,-0.209434
21405,-0.179515,-0.209434,-0.209434
21406,-0.179515,-0.209434,-0.209434
21407,-0.179515,-0.239354,-0.209434
21408,-0.179515,-0.239354,-0.209434
21409,-0.209434,-0.239354,-0.239354
21410,-0.179515,-0.239354,-0.209434
21411,-0.149596,-0.179515,-0.179515
21412,-0.149596,-0.179515,-0.179515
21413,-0.149596,-0.209434,-0.209434
21414,-0.179515,-0.209434,-0.209434
21415,-0.179515,-0.239354,-0.239354
21416,-0.179515,-0.239354,-0.239354
21417,-0.209434,-0.239354,-0.239354
21418,-0.209434,-0.239354,-0.239354
21419,-0.209434,-0.239354,-0.239354
21420,-0.209434,-0.239354,-0.239354
21421,-0.209434,-0.239354,-0.239354
21422,-0.209434,-0.239354,-0.239354
21423,-0.179515,-0.239354,-0.239354
21424,-0.179515,-0.239354,-0.239354
21425,-0.179515,-0.239354,-0.239354
21426,-0.209434,-0.239354,-0.239354
21427,-0.239354,-0.269273,-0.269273
21428,-0.239354,-0.269273,-0.269273
21429,-0.209434,-0.269273,-0.269273
21430,-0.209434,-0.239354,-0.239354
21431,-0.179515,-0.209434,-0.209434
21432,-0.179515,-0.209434,-0.209434
21433,-0.179515,-0.209434,-0.209434
21434,-0.179515,-0.209434,-0.209434
21435,-0.179515,-0.209434,-0.209434
21436,-0.179515,-0.209434,-0.209434
21437,-0.179515,-0.209434,-0.209434
21438,-0.179515,-0.209434,-0.209434
21439,-0.179515,-0.209434,-0.209434
21440,-0.179515,-0.209434,-0.209434
21441,-0.179515,-0.239354,-0.239354
21442,-0.179515,-0.209434,-0.209434
21443,-0.149596,-0.179515,-0.179515
21444,-0.149596,-0.179515,-0.179515
21445,-0.149596,-0.209434,-0.209434
21446,-0.179515,-0.209434,-0.209434
21447,-0.179515,-0.239354,-0.239354
21448,-0.209434,-0.239354,-0.239354
21449,-0.209434,-0.239354,-0.239354
21450,-0.209434,-0.239354,-0.239354
21451,-0.209434,-0.239354,-0.239354
21452,-0.209434,-0.239354,-0.239354
21453,-0.209434,-0.239354,-0.239354
21454,-0.179515,-0.239354,-0.239354
21455,-0.179515,-0.239354,-0.239354
21456,-0.179515,-0.239354,-0.239354
21457,-0.179515,-0.239354,-0.239354
21458,-0.209434,-0.239354,-0.239354
21459,-0.239354,-0.269273,-0.269273
21460,-0.209434,-0.269273,-0.269273
21461,-0.209434,-0.269273,-0.239354
21462,-0.209434,-0.239354,-0.239354
21463,-0.179515,-0.239354,-0.209434
21464,-0.179515,-0.209434,-0.209434
21465,-0.179515,-0.209434,-0.209434
21466,-0.179515,-0.209434,-0.209434
21467,-0.179515,-0.209434,-0.209434
21468,-0.179515,-0.209434,-0.209434
21469,-0.179515,-0.209434,-0.209434
21470,-0.179515,-0.209434,-0.209434
21471,-0.179515,-0.209434,-0.209434
21472,-0.179515,-0.239354,-0.209434
21473,-0.179515,-0.239354,-0.209434
21474,-0.179515,-0.209434,-0.209434
21475,-0.149596,-0.179515,-0.179515
21476,-0.149596,-0.179515,-0.179515
21477,-0.149596,-0.209434,-0.209434
21478,-0.179515,-0.209434,-0.209434
21479,-0.179515,-0.239354,-0.239354
21480,-0.209434,-0.239354,-0.239354
21481,-0.209434,-0.239354,-0.239354
21482,-0.209434,-0.239354,-0.239354
21483,-0.209434,-0.239354,-0.239354
21484,-0.209434,-0.239354,-0.239354
21485,-0.209434,-0.239354,-0.239354
21486,-0.179515,-0.239354,-0.239354
21487,-0.179515,-0.239354,-0.239354
21488,-0.179515,-0.239354,-0.239354
21489,-0.179515,-0.239354,-0.239354
21490,-0.209434,-0.239354,-0.239354
21491,-0.239354,-0.269273,-0.269273
21492,-0.209434,-0.269273,-0.269273
21493,-0.209434,-0.269273,-0.269273
21494,-0.209434,-0.239354,-0.239354
21495,-0.179515,-0.239354,-0.209434
21496,-0.179515,-0.209434,-0.209434
21497,-0.179515,-0.209434,-0.209434
21498,-0.149596,-0.209434,-0.209434
21499,-0.179515,-0.209434,-0.209434
21500,-0.179515,-0.209434,-0.209434
21501,-0.179515,-0.209434,-0.209434
21502,-0.179515,-0.209434,-0.209434
21503,-0.179515,-0.239354,-0.209434
21504,-0.179515,-0.239354,-0.209434
21505,-0.179515,-0.239354,-0.239354
21506,-0.179515,-0.209434,-0.209434
21507,-0.149596,-0.179515,-0.179515
21508,-0.149596,-0.209434,-0.179515
21509,-0.149596,-0.209434,-0.209434
21510,-0.179515,-0.209434,-0.209434
21511,-0.179515,-0.239354,-0.239354
21512,-0.209434,-0.239354,-0.239354
21513,-0.209434,-0.239354,-0.239354
21514,-0.209434,-0.239354,-0.239354
21515,-0.209434,-0.239354,-0.239354
21516,-0.209434,-0.239354,-0.239354
21517,-0.209434,-0.239354,-0.239354
21518,-0.209434,-0.239354,-0.239354
21519,-0.179515,-0.239354,-0.239354
21520,-0.179515,-0.239354,-0.239354
21521,-0.179515,-0.239354,-0.239354
21522,-0.209434,-0.239354,-0.239354
21523,-0.239354,-0.269273,-0.269273
21524,-0.239354,-0.269273,-0.269273
21525,-0.209434,-0.269273,-0.269273
21526,-0.209434,-0.239354,-0.239354
21527,-0.179515,-0.239354,-0.239354
21528,-0.179515,-0.209434,-0.209434
21529,-0.179515,-0.209434,-0.209434
21530,-0.179515,-0.209434,-0.209434
21531,-0.179515,-0.209434,-0.209434
21532,-0.179515,-0.209434,-0.209434
21533,-0.179515,-0.209434,-0.209434
21534,-0.179515,-0.239354,-0.209434
21535,-0.179515,-0.239354,-0.239354
21536,-0.179515,-0.239354,-0.239354
21537,-0.179515,-0.239354,-0.239354
21538,-0.179515,-0.209434,-0.209434
21539,-0.149596,-0.179515,-0.179515
21540,-0.149596,-0.209434,-0.209434
21541,-0.149596,-0.209434,-0.209434
21542,-0.179515,-0.209434,-0.209434
21543,-0.209434,-0.239354,-0.239354
21544,-0.209434,-0.269273,-0.239354
21545,-0.209434,-0.239354,-0.239354
21546,-0.209434,-0.239354,-0.239354
21547,-0.209434,-0.239354,-0.239354
21548,-0.209434,-0.239354,-0.239354
21549,-0.209434,-0.239354,-0.239354
21550,-0.209434,-0.239354,-0.239354
21551,-0.179515,-0.239354,-0.239354
21552,-0.209434,-0.239354,-0.239354
21553,-0.179515,-0.239354,-0.239354
21554,-0.209434,-0.269273,-0.239354
21555,-0.239354,-0.299192,-0.269273
21556,-0.239354,-0.269273,-0.269273
21557,-0.209434,-0.269273,-0.269273
21558,-0.209434,-0.269273,-0.239354
21559,-0.179515,-0.239354,-0.239354
21560,-0.179515,-0.239354,-0.239354
21561,-0.179515,-0.239354,-0.209434
21562,-0.179515,-0.209434,-0.209434
21563,-0.179515,-0.209434,-0.209434
21564,-0.179515,-0.209434,-0.239354
21565,-0.179515,-0.239354,-0.209434
21566,-0.179515,-0.239354,-0.239354
21567,-0.179515,-0.239354,-0.239354
21568,-0.179515,-0.239354,-0.239354
21569,-0.179515,-0.239354,-0.239354
21570,-0.179515,-0.209434,-0.209434
21571,-0.149596,-0.179515,-0.179515
21572,-0.149596,-0.209434,-0.209434
21573,-0.179515,-0.209434,-0.209434
21574,-0.179515,-0.239354,-0.239354
21575,-0.209434,-0.239354,-0.239354
21576,-0.209434,-0.269273,-0.269273
21577,-0.209434,-0.239354,-0.239354
21578,-0.209434,-0.239354,-0.239354
21579,-0.209434,-0.239354,-0.239354
21580,-0.209434,-0.269273,-0.239354
21581,-0.209434,-0.269273,-0.239354
21582,-0.209434,-0.239354,-0.239354
21583,-0.209434,-0.239354,-0.239354
21584,-0.209434,-0.239354,-0.239354
21585,-0.209434,-0.239354,-0.239354
21586,-0.209434,-0.269273,-0.239354
21587,-0.239354,-0.269273,-0.269273
21588,-0.239354,-0.269273,-0.269273
21589,-0.209434,-0.269273,-0.269273
21590,-0.209434,-0.239354,-0.239354
21591,-0.179515,-0.239354,-0.239354
21592,-0.179515,-0.239354,-0.209434
21593,-0.179515,-0.239354,-0.209434
21594,-0.179515,-0.209434,-0.209434
21595,-0.179515,-0.239354,-0.209434
21596,-0.179515,-0.209434,-0.209434
21597,-0.179515,-0.239354,-0.209434
21598,-0.179515,-0.239354,-0.209434
21599,-0.179515,-0.239354,-0.239354
21600,-0.179515,-0.239354,-0.239354
21601,-0.179515,-0.239354,-0.239354
21602,-0.179515,-0.209434,-0.209434
21603,-0.149596,-0.179515,-0.179515
21604,-0.149596,-0.209434,-0.209434
21605,-0.179515,-0.209434,-0.209434
21606,-0.179515,-0.209434,-0.209434
21607,-0.209434,-0.239354,-0.239354
21608,-0.209434,-0.239354,-0.239354
21609,-0.209434,-0.239354,-0.239354
21610,-0.209434,-0.239354,-0.239354
21611,-0.209434,-0.239354,-0.239354
21612,-0.209434,-0.269273,-0.239354
21613,-0.209434,-0.269273,-0.239354
21614,-0.209434,-0.239354,-0.239354
21615,-0.209434,-0.239354,-0.239354
21616,-0.209434,-0.239354,-0.239354
21617,-0.179515,-0.239354,-0.239354
21618,-0.209434,-0.269273,-0.269273
21619,-0.239354,-0.299192,-0.299192
21620,-0.239354,-0.269273,-0.269273
21621,-0.209434,-0.269273,-0.269273
21622,-0.209434,-0.269273,-0.239354
21623,-0.179515,-0.239354,-0.239354
21624,-0.179515,-0.209434,-0.239354
21625,-0.179515,-0.239354,-0.209434
21626,-0.179515,-0.209434,-0.209434
21627,-0.179515,-0.239354,-0.209434
21628,-0.179515,-0.209434,-0.209434
21629,-0.179515,-0.239354,-0.239354
21630,-0.179515,-0.239354,-0.239354
21631,-0.179515,-0.239354,-0.239354
21632,-0.179515,-0.239354,-0.239354
21633,-0.179515,-0.239354,-0.239354
21634,-0.179515,-0.209434,-0.209434
21635,-0.149596,-0.179515,-0.179515
21636,-0.149596,-0.209434,-0.209434
21637,-0.149596,-0.209434,-0.209434
21638,-0.179515,-0.239354,-0.209434
21639,-0.209434,-0.239354,-0.239354
21640,-0.209434,-0.239354,-0.239354
21641,-0.209434,-0.239354,-0.269273
21642,-0.209434,-0.269273,-0.239354
21643,-0.209434,-0.239354,-0.239354
21644,-0.209434,-0.269273,-0.239354
21645,-0.209434,-0.239354,-0.239354
21646,-0.209434,-0.239354,-0.239354
21647,-0.209434,-0.239354,-0.239354
21648,-0.209434,-0.239354,-0.239354
21649,-0.209434,-0.239354,-0.239354
21650,-0.209434,-0.269273,-0.269273
21651,-0.239354,-0.299192,-0.299192
21652,-0.239354,-0.269273,-0.269273
21653,-0.209434,-0.269273,-0.269273
21654,-0.209434,-0.239354,-0.239354
21655,-0.179515,-0.239354,-0.239354
21656,-0.179515,-0.209434,-0.209434
21657,-0.179515,-0.209434,-0.209434
21658,-0.179515,-0.209434,-0.209434
21659,-0.179515,-0.239354,-0.209434
21660,-0.179515,-0.239354,-0.209434
21661,-0.179515,-0.239354,-0.209434
21662,-0.179515,-0.239354,-0.209434
21663,-0.179515,-0.239354,-0.239354
21664,-0.179515,-0.239354,-0.239354
21665,-0.179515,-0.239354,-0.239354
21666,-0.179515,-0.209434,-0.209434
21667,-0.149596,-0.209434,-0.179515
21668,-0.149596,-0.209434,-0.209434
21669,-0.149596,-0.209434,-0.209434
21670,-0.179515,-0.239354,-0.209434
21671,-0.209434,-0.239354,-0.239354
21672,-0.209434,-0.269273,-0.239354
21673,-0.209434,-0.269273,-0.239354
21674,-0.209434,-0.269273,-0.239354
21675,-0.209434,-0.269273,-0.239354
21676,-0.209434,-0.269273,-0.239354
21677,-0.209434,-0.239354,-0.269273
21678,-0.209434,-0.239354,-0.239354
21679,-0.209434,-0.239354,-0.239354
21680,-0.209434,-0.239354,-0.239354
21681,-0.209434,-0.239354,-0.239354
21682,-0.209434,-0.269273,-0.269273
21683,-0.239354,-0.269273,-0.269273
21684,-0.209434,-0.269273,-0.269273
21685,-0.209434,-0.269273,-0.269273
21686,-0.209434,-0.239354,-0.239354
21687,-0.179515,-0.239354,-0.239354
21688,-0.179515,-0.239354,-0.209434
21689,-0.179515,-0.239354,-0.209434
21690,-0.179515,-0.239354,-0.209434
21691,-0.179515,-0.239354,-0.209434
21692,-0.179515,-0.239354,-0.209434
21693,-0.179515,-0.239354,-0.239354
21694,-0.179515,-0.239354,-0.239354
21695,-0.179515,-0.239354,-0.239354
21696,-0.179515,-0.239354,-0.239354
21697,-0.179515,-0.239354,-0.239354
21698,-0.179515,-0.209434,-0.209434
21699,-0.149596,-0.179515,-0.179515
21700,-0.149596,-0.209434,-0.209434
21701,-0.179515,-0.209434,-0.209434
21702,-0.179515,-0.239354,-0.239354
21703,-0.209434,-0.239354,-0.239354
21704,-0.209434,-0.269273,-0.239354
21705,-0.209434,-0.269273,-0.239354
21706,-0.209434,-0.239354,-0.239354
21707,-0.209434,-0.239354,-0.239354
21708,-0.209434,-0.239354,-0.269273
21709,-0.209434,-0.239354,-0.239354
21710,-0.209434,-0.239354,-0.239354
21711,-0.209434,-0.239354,-0.239354
21712,-0.179515,-0.239354,-0.239354
21713,-0.209434,-0.239354,-0.239354
21714,-0.209434,-0.269273,-0.269273
21715,-0.239354,-0.269273,-0.269273
21716,-0.239354,-0.269273,-0.269273
21717,-0.209434,-0.269273,-0.269273
21718,-0.209434,-0.239354,-0.239354
21719,-0.179515,-0.239354,-0.239354
21720,-0.179515,-0.209434,-0.209434
21721,-0.179515,-0.209434,-0.209434
21722,-0.179515,-0.209434,-0.209434
21723,-0.179515,-0.209434,-0.209434
21724,-0.179515,-0.209434,-0.209434
21725,-0.179515,-0.239354,-0.209434
21726,-0.179515,-0.239354,-0.209434
21727,-0.179515,-0.239354,-0.239354
21728,-0.179515,-0.239354,-0.239354
21729,-0.179515,-0.239354,-0.239354
21730,-0.149596,-0.209434,-0.209434
21731,-0.149596,-0.179515,-0.179515
21732,-0.149596,-0.209434,-0.209434
21733,-0.179515,-0.209434,-0.209434
21734,-0.179515,-0.239354,-0.239354
21735,-0.209434,-0.269273,-0.239354
21736,-0.209434,-0.239354,-0.269273
21737,-0.209434,-0.239354,-0.239354
21738,-0.209434,-0.269273,-0.269273
21739,-0.209434,-0.239354,-0.239354
21740,-0.209434,-0.239354,-0.239354
21741,-0.209434,-0.239354,-0.239354
21742,-0.209434,-0.239354,-0.239354
21743,-0.209434,-0.239354,-0.239354
21744,-0.179515,-0.239354,-0.239354
21745,-0.209434,-0.239354,-0.239354
21746,-0.209434,-0.269273,-0.269273
21747,-0.239354,-0.299192,-0.269273
21748,-0.239354,-0.269273,-0.269273
21749,-0.209434,-0.269273,-0.269273
21750,-0.209434,-0.239354,-0.239354
21751,-0.179515,-0.239354,-0.239354
21752,-0.179515,-0.239354,-0.209434
21753,-0.179515,-0.209434,-0.209434
21754,-0.179515,-0.209434,-0.209434
21755,-0.179515,-0.209434,-0.209434
21756,-0.179515,-0.209434,-0.209434
21757,-0.179515,-0.209434,-0.239354
21758,-0.179515,-0.239354,-0.239354
21759,-0.179515,-0.239354,-0.239354
21760,-0.179515,-0.239354,-0.239354
21761,-0.179515,-0.239354,-0.239354
21762,-0.179515,-0.209434,-0.209434
21763,-0.149596,-0.179515,-0.179515
21764,-0.149596,-0.209434,-0.179515
21765,-0.149596,-0.209434,-0.209434
21766,-0.179515,-0.239354,-0.239354
21767,-0.209434,-0.239354,-0.239354
21768,-0.209434,-0.239354,-0.239354
21769,-0.209434,-0.269273,-0.239354
21770,-0.209434,-0.239354,-0.239354
21771,-0.209434,-0.239354,-0.239354
21772,-0.209434,-0.239354,-0.239354
21773,-0.209434,-0.239354,-0.239354
21774,-0.209434,-0.239354,-0.239354
21775,-0.209434,-0.239354,-0.239354
21776,-0.209434,-0.239354,-0.239354
21777,-0.209434,-0.239354,-0.239354
21778,-0.209434,-0.269273,-0.269273
21779,-0.239354,-0.299192,-0.269273
21780,-0.239354,-0.269273,-0.269273
21781,-0.209434,-0.269273,-0.269273
21782,-0.209434,-0.239354,-0.239354
21783,-0.179515,-0.239354,-0.209434
21784,-0.179515,-0.239354,-0.209434
21785,-0.179515,-0.209434,-0.209434
21786,-0.179515,-0.209434,-0.209434
21787,-0.179515,-0.239354,-0.209434
21788,-0.179515,-0.209434,-0.209434
21789,-0.179515,-0.209434,-0.209434
21790,-0.179515,-0.239354,-0.239354
21791,-0.179515,-0.239354,-0.239354
21792,-0.179515,-0.239354,-0.239354
21793,-0.179515,-0.239354,-0.239354
21794,-0.149596,-0.209434,-0.209434
21795,-0.149596,-0.179515,-0.179515
21796,-0.149596,-0.209434,-0.209434
21797,-0.179515,-0.209434,-0.209434
21798,-0.179515,-0.239354,-0.239354
21799,-0.209434,-0.239354,-0.239354
21800,-0.209434,-0.239354,-0.239354
21801,-0.209434,-0.239354,-0.269273
21802,-0.209434,-0.239354,-0.239354
21803,-0.209434,-0.239354,-0.239354
21804,-0.209434,-0.239354,-0.239354
21805,-0.209434,-0.239354,-0.239354
21806,-0.209434,-0.239354,-0.239354
21807,-0.209434,-0.239354,-0.239354
21808,-0.209434,-0.239354,-0.239354
21809,-0.209434,-0.239354,-0.239354
21810,-0.209434,-0.269273,-0.269273
21811,-0.239354,-0.299192,-0.269273
21812,-0.209434,-0.269273,-0.269273
21813,-0.209434,-0.269273,-0.269273
21814,-0.209434,-0.239354,-0.239354
21815,-0.179515,-0.239354,-0.239354
21816,-0.179515,-0.209434,-0.239354
21817,-0.179515,-0.209434,-0.209434
21818,-0.179515,-0.209434,-0.209434
21819,-0.179515,-0.239354,-0.209434
21820,-0.179515,-0.209434,-0.209434
21821,-0.179515,-0.209434,-0.209434
21822,-0.179515,-0.209434,-0.239354
21823,-0.179515,-0.239354,-0.239354
21824,-0.179515,-0.239354,-0.239354
21825,-0.179515,-0.239354,-0.239354
21826,-0.179515,-0.209434,-0.209434
21827,-0.149596,-0.179515,-0.179515
21828,-0.149596,-0.209434,-0.209434
21829,-0.179515,-0.209434,-0.209434
21830,-0.179515,-0.239354,-0.239354
21831,-0.209434,-0.239354,-0.239354
21832,-0.209434,-0.239354,-0.239354
21833,-0.209434,-0.269273,-0.239354
21834,-0.209434,-0.239354,-0.239354
21835,-0.209434,-0.239354,-0.239354
21836,-0.209434,-0.239354,-0.239354
21837,-0.209434,-0.239354,-0.239354
21838,-0.209434,-0.239354,-0.239354
21839,-0.179515,-0.239354,-0.239354
21840,-0.179515,-0.239354,-0.239354
21841,-0.209434,-0.239354,-0.239354
21842,-0.209434,-0.269273,-0.269273
21843,-0.239354,-0.269273,-0.269273
21844,-0.239354,-0.269273,-0.269273
21845,-0.209434,-0.269273,-0.269273
21846,-0.209434,-0.239354,-0.239354
21847,-0.179515,-0.239354,-0.239354
21848,-0.179515,-0.239354,-0.209434
21849,-0.179515,-0.239354,-0.209434
21850,-0.179515,-0.209434,-0.209434
21851,-0.179515,-0.209434,-0.239354
21852,-0.179515,-0.239354,-0.209434
21853,-0.179515,-0.239354,-0.209434
21854,-0.179515,-0.239354,-0.239354
21855,-0.179515,-0.239354,-0.239354
21856,-0.179515,-0.239354,-0.239354
21857,-0.179515,-0.239354,-0.239354
21858,-0.149596,-0.209434,-0.209434
21859,-0.149596,-0.179515,-0.179515
21860,-0.149596,-0.209434,-0.209434
21861,-0.179515,-0.209434,-0.209434
21862,-0.179515,-0.239354,-0.239354
21863,-0.209434,-0.239354,-0.239354
21864,-0.209434,-0.239354,-0.239354
21865,-0.209434,-0.239354,-0.239354
21866,-0.209434,-0.239354,-0.239354
21867,-0.209434,-0.239354,-0.239354
21868,-0.209434,-0.269273,-0.269273
21869,-0.209434,-0.239354,-0.239354
21870,-0.209434,-0.239354,-0.239354
21871,-0.209434,-0.239354,-0.239354
21872,-0.209434,-0.239354,-0.239354
21873,-0.179515,-0.239354,-0.239354
21874,-0.209434,-0.269273,-0.269273
21875,-0.239354,-0.269273,-0.269273
21876,-0.239354,-0.269273,-0.269273
21877,-0.209434,-0.269273,-0.269273
21878,-0.209434,-0.239354,-0.239354
21879,-0.179515,-0.239354,-0.239354
21880,-0.179515,-0.209434,-0.209434
21881,-0.179515,-0.209434,-0.209434
21882,-0.179515,-0.209434,-0.209434
21883,-0.179515,-0.209434,-0.239354
21884,-0.179515,-0.239354,-0.209434
21885,-0.179515,-0.239354,-0.209434
21886,-0.179515,-0.239354,-0.209434
21887,-0.179515,-0.239354,-0.239354
21888,-0.179515,-0.239354,-0.239354
21889,-0.179515,-0.239354,-0.239354
21890,-0.179515,-0.209434,-0.209434
21891,-0.149596,-0.179515,-0.179515
21892,-0.149596,-0.209434,-0.209434
21893,-0.179515,-0.209434,-0.209434
21894,-0.179515,-0.239354,-0.239354
21895,-0.209434,-0.239354,-0.239354
21896,-0.209434,-0.239354,-0.239354
21897,-0.209434,-0.239354,-0.239354
21898,-0.209434,-0.239354,-0.239354
21899,-0.209434,-0.239354,-0.239354
21900,-0.209434,-0.239354,-0.239354
21901,-0.209434,-0.239354,-0.239354
21902,-0.209434,-0.239354,-0.239354
21903,-0.209434,-0.239354,-0.239354
21904,-0.209434,-0.239354,-0.239354
21905,-0.209434,-0.239354,-0.239354
21906,-0.209434,-0.269273,-0.269273
21907,-0.239354,-0.299192,-0.269273
21908,-0.239354,-0.269273,-0.269273
21909,-0.209434,-0.269273,-0.269273
21910,-0.209434,-0.239354,-0.239354
21911,-0.179515,-0.239354,-0.239354
21912,-0.179515,-0.239354,-0.209434
21913,-0.179515,-0.209434,-0.209434
21914,-0.179515,-0.209434,-0.209434
21915,-0.179515,-0.239354,-0.209434
21916,-0.179515,-0.209434,-0.209434
21917,-0.179515,-0.239354,-0.239354
21918,-0.179515,-0.239354,-0.239354
21919,-0.179515,-0.239354,-0.239354
21920,-0.179515,-0.239354,-0.239354
21921,-0.179515,-0.239354,-0.239354
21922,-0.149596,-0.209434,-0.209434
21923,-0.149596,-0.179515,-0.179515
21924,-0.149596,-0.209434,-0.209434
21925,-0.179515,-0.209434,-0.209434
21926,-0.179515,-0.239354,-0.239354
21927,-0.209434,-0.239354,-0.239354
21928,-0.209434,-0.239354,-0.239354
21929,-0.209434,-0.239354,-0.239354
21930,-0.209434,-0.239354,-0.239354
21931,-0.209434,-0.239354,-0.239354
21932,-0.209434,-0.269273,-0.239354
21933,-0.209434,-0.239354,-0.239354
21934,-0.209434,-0.239354,-0.239354
21935,-0.209434,-0.239354,-0.239354
21936,-0.209434,-0.239354,-0.239354
21937,-0.209434,-0.239354,-0.239354
21938,-0.209434,-0.269273,-0.269273
21939,-0.239354,-0.269273,-0.269273
21940,-0.239354,-0.269273,-0.269273
21941,-0.209434,-0.269273,-0.269273
21942,-0.209434,-0.239354,-0.239354
21943,-0.179515,-0.239354,-0.209434
21944,-0.179515,-0.239354,-0.209434
21945,-0.179515,-0.239354,-0.209434
21946,-0.179515,-0.209434,-0.209434
21947,-0.179515,-0.209434,-0.209434
21948,-0.179515,-0.209434,-0.209434
21949,-0.179515,-0.239354,-0.239354
21950,-0.179515,-0.239354,-0.239354
21951,-0.179515,-0.239354,-0.239354
21952,-0.179515,-0.239354,-0.239354
21953,-0.179515,-0.239354,-0.239354
21954,-0.179515,-0.209434,-0.209434
21955,-0.149596,-0.179515,-0.179515
21956,-0.149596,-0.209434,-0.209434
21957,-0.179515,-0.209434,-0.209434
21958,-0.179515,-0.239354,-0.239354
21959,-0.209434,-0.269273,-0.239354
21960,-0.209434,-0.269273,-0.239354
21961,-0.209434,-0.269273,-0.239354
21962,-0.209434,-0.269273,-0.239354
21963,-0.209434,-0.239354,-0.239354
21964,-0.209434,-0.239354,-0.239354
21965,-0.209434,-0.239354,-0.239354
21966,-0.209434,-0.239354,-0.239354
21967,-0.209434,-0.239354,-0.239354
21968,-0.209434,-0.239354,-0.239354
21969,-0.209434,-0.239354,-0.239354
21970,-0.209434,-0.269273,-0.269273
21971,-0.239354,-0.269273,-0.269273
21972,-0.239354,-0.269273,-0.269273
21973,-0.209434,-0.269273,-0.269273
21974,-0.209434,-0.239354,-0.239354
21975,-0.179515,-0.239354,-0.239354
21976,-0.179515,-0.209434,-0.209434
21977,-0.179515,-0.209434,-0.209434
21978,-0.179515,-0.209434,-0.239354
21979,-0.179515,-0.239354,-0.209434
21980,-0.179515,-0.209434,-0.209434
21981,-0.179515,-0.239354,-0.239354
21982,-0.179515,-0.239354,-0.239354
21983,-0.179515,-0.239354,-0.239354
21984,-0.179515,-0.239354,-0.239354
21985,-0.179515,-0.239354,-0.239354
21986,-0.179515,-0.209434,-0.209434
21987,-0.149596,-0.179515,-0.179515
21988,-0.149596,-0.209434,-0.209434
21989,-0.179515,-0.209434,-0.209434
21990,-0.179515,-0.239354,-0.239354
21991,-0.209434,-0.239354,-0.239354
21992,-0.209434,-0.239354,-0.239354
21993,-0.209434,-0.239354,-0.239354
21994,-0.209434,-0.239354,-0.239354
21995,-0.209434,-0.239354,-0.239354
21996,-0.209434,-0.269273,-0.239354
21997,-0.209434,-0.239354,-0.239354
21998,-0.209434,-0.239354,-0.239354
21999,-0.209434,-0.239354,-0.239354
22000,-0.209434,-0.239354,-0.239354
22001,-0.209434,-0.239354,-0.239354
22002,-0.209434,-0.269273,-0.269273
22003,-0.239354,-0.269273,-0.269273
22004,-0.209434,-0.269273,-0.269273
22005,-0.209434,-0.269273,-0.269273
22006,-0.209434,-0.239354,-0.239354
22007,-0.179515,-0.239354,-0.209434
22008,-0.179515,-0.209434,-0.209434
22009,-0.179515,-0.209434,-0.209434
22010,-0.179515,-0.209434,-0.209434
22011,-0.179515,-0.209434,-0.209434
22012,-0.179515,-0.209434,-0.209434
22013,-0.179515,-0.239354,-0.239354
22014,-0.179515,-0.239354,-0.239354
22015,-0.179515,-0.239354,-0.239354
22016,-0.179515,-0.239354,-0.239354
22017,-0.179515,-0.239354,-0.239354
22018,-0.149596,-0.209434,-0.209434
22019,-0.149596,-0.179515,-0.179515
22020,-0.149596,-0.209434,-0.209434
22021,-0.179515,-0.209434,-0.209434
22022,-0.179515,-0.239354,-0.239354
22023,-0.209434,-0.239354,-0.239354
22024,-0.209434,-0.239354,-0.239354
22025,-0.209434,-0.239354,-0.239354
22026,-0.209434,-0.239354,-0.239354
22027,-0.209434,-0.239354,-0.239354
22028,-0.209434,-0.269273,-0.239354
22029,-0.209434,-0.239354,-0.239354
22030,-0.209434,-0.239354,-0.239354
22031,-0.209434,-0.239354,-0.239354
22032,-0.209434,-0.239354,-0.239354
22033,-0.209434,-0.239354,-0.239354
22034,-0.209434,-0.269273,-0.269273
22035,-0.239354,-0.269273,-0.269273
22036,-0.239354,-0.269273,-0.269273
22037,-0.209434,-0.269273,-0.269273
22038,-0.209434,-0.239354,-0.239354
22039,-0.179515,-0.239354,-0.239354
22040,-0.179515,-0.209434,-0.209434
22041,-0.179515,-0.209434,-0.209434
22042,-0.179515,-0.209434,-0.209434
22043,-0.179515,-0.209434,-0.209434
22044,-0.179515,-0.209434,-0.209434
22045,-0.179515,-0.239354,-0.209434
22046,-0.179515,-0.239354,-0.239354
22047,-0.179515,-0.239354,-0.239354
22048,-0.179515,-0.239354,-0.239354
22049,-0.179515,-0.239354,-0.239354
22050,-0.149596,-0.209434,-0.209434
22051,-0.149596,-0.179515,-0.179515
22052,-0.149596,-0.209434,-0.209434
22053,-0.179515,-0.209434,-0.209434
22054,-0.179515,-0.239354,-0.239354
22055,-0.209434,-0.239354,-0.239354
22056,-0.209434,-0.239354,-0.239354
22057,-0.209434,-0.239354,-0.239354
22058,-0.209434,-0.239354,-0.239354
22059,-0.209434,-0.239354,-0.239354
22060,-0.209434,-0.239354,-0.239354
22061,-0.209434,-0.239354,-0.239354
22062,-0.209434,-0.239354,-0.239354
22063,-0.209434,-0.239354,-0.239354
22064,-0.179515,-0.239354,-0.239354
22065,-0.209434,-0.239354,-0.239354
22066,-0.239354,-0.269273,-0.269273
22067,-0.239354,-0.299192,-0.269273
22068,-0.239354,-0.269273,-0.269273
22069,-0.209434,-0.269273,-0.269273
22070,-0.209434,-0.239354,-0.239354
22071,-0.179515,-0.239354,-0.239354
22072,-0.179515,-0.239354,-0.209434
22073,-0.179515,-0.209434,-0.209434
22074,-0.179515,-0.209434,-0.209434
22075,-0.179515,-0.239354,-0.209434
22076,-0.179515,-0.239354,-0.209434
22077,-0.179515,-0.239354,-0.209434
22078,-0.179515,-0.239354,-0.209434
22079,-0.179515,-0.239354,-0.239354
22080,-0.179515,-0.239354,-0.239354
22081,-0.179515,-0.239354,-0.239354
22082,-0.149596,-0.209434,-0.209434
22083,-0.149596,-0.179515,-0.179515
22084,-0.149596,-0.209434,-0.209434
22085,-0.179515,-0.209434,-0.209434
22086,-0.179515,-0.239354,-0.239354
22087,-0.209434,-0.239354,-0.239354
22088,-0.209434,-0.239354,-0.239354
22089,-0.209434,-0.239354,-0.239354
22090,-0.209434,-0.239354,-0.239354
22091,-0.209434,-0.239354,-0.239354
22092,-0.209434,-0.239354,-0.239354
22093,-0.209434,-0.239354,-0.239354
22094,-0.209434,-0.239354,-0.239354
22095,-0.209434,-0.239354,-0.239354
22096,-0.209434,-0.239354,-0.239354
22097,-0.209434,-0.239354,-0.239354
22098,-0.209434,-0.269273,-0.269273
22099,-0.239354,-0.269273,-0.269273
22100,-0.209434,-0.269273,-0.269273
22101,-0.209434,-0.269273,-0.269273
22102,-0.209434,-0.239354,-0.239354
22103,-0.179515,-0.239354,-0.239354
22104,-0.179515,-0.239354,-0.209434
22105,-0.179515,-0.209434,-0.209434
22106,-0.179515,-0.209434,-0.209434
22107,-0.179515,-0.239354,-0.209434
22108,-0.179515,-0.209434,-0.209434
22109,-0.179515,-0.239354,-0.209434
22110,-0.179515,-0.239354,-0.239354
22111,-0.179515,-0.239354,-0.239354
22112,-0.179515,-0.239354,-0.239354
22113,-0.179515,-0.239354,-0.239354
22114,-0.149596,-0.209434,-0.209434
22115,-0.149596,-0.209434,-0.179515
22116,-0.149596,-0.209434,-0.209434
22117,-0.179515,-0.209434,-0.209434
22118,-0.179515,-0.239354,-0.239354
22119,-0.209434,-0.239354,-0.239354
22120,-0.209434,-0.239354,-0.239354
22121,-0.209434,-0.239354,-0.239354
22122,-0.209434,-0.239354,-0.239354
22123,-0.209434,-0.239354,-0.239354
22124,-0.209434,-0.239354,-0.239354
22125,-0.209434,-0.239354,-0.239354
22126,-0.209434,-0.239354,-0.239354
22127,-0.209434,-0.239354,-0.239354
22128,-0.209434,-0.239354,-0.239354
22129,-0.209434,-0.239354,-0.239354
22130,-0.209434,-0.269273,-0.269273
22131,-0.239354,-0.269273,-0.269273
22132,-0.209434,-0.269273,-0.269273
22133,-0.209434,-0.269273,-0.269273
22134,-0.209434,-0.239354,-0.239354
22135,-0.179515,-0.239354,-0.239354
22136,-0.179515,-0.209434,-0.209434
22137,-0.179515,-0.209434,-0.209434
22138,-0.179515,-0.209434,-0.209434
22139,-0.179515,-0.209434,-0.209434
22140,-0.179515,-0.209434,-0.239354
22141,-0.179515,-0.239354,-0.239354
22142,-0.179515,-0.239354,-0.239354
22143,-0.179515,-0.239354,-0.209434
22144,-0.179515,-0.239354,-0.239354
22145,-0.179515,-0.239354,-0.239354
22146,-0.149596,-0.209434,-0.209434
22147,-0.149596,-0.179515,-0.179515
22148,-0.149596,-0.209434,-0.209434
22149,-0.179515,-0.209434,-0.209434
22150,-0.179515,-0.239354,-0.239354
22151,-0.209434,-0.269273,-0.239354
22152,-0.209434,-0.239354,-0.239354
22153,-0.209434,-0.239354,-0.239354
22154,-0.209434,-0.239354,-0.239354
22155,-0.209434,-0.239354,-0.239354
22156,-0.209434,-0.239354,-0.239354
22157,-0.209434,-0.239354,-0.239354
22158,-0.209434,-0.239354,-0.239354
22159,-0.209434,-0.239354,-0.239354
22160,-0.209434,-0.239354,-0.239354
22161,-0.209434,-0.239354,-0.239354
22162,-0.239354,-0.269273,-0.269273
22163,-0.239354,-0.269273,-0.269273
22164,-0.239354,-0.269273,-0.269273
22165,-0.209434,-0.269273,-0.269273
22166,-0.209434,-0.239354,-0.239354
22167,-0.179515,-0.239354,-0.239354
22168,-0.179515,-0.239354,-0.209434
22169,-0.179515,-0.209434,-0.209434
22170,-0.179515,-0.239354,-0.209434
22171,-0.179515,-0.239354,-0.209434
22172,-0.179515,-0.209434,-0.209434
22173,-0.179515,-0.239354,-0.209434
22174,-0.179515,-0.239354,-0.239354
22175,-0.179515,-0.239354,-0.239354
22176,-0.179515,-0.239354,-0.239354
22177,-0.179515,-0.239354,-0.239354
22178,-0.149596,-0.209434,-0.209434
22179,-0.149596,-0.209434,-0.179515
22180,-0.149596,-0.209434,-0.209434
22181,-0.179515,-0.209434,-0.209434
22182,-0.179515,-0.239354,-0.239354
22183,-0.209434,-0.269273,-0.239354
22184,-0.209434,-0.269273,-0.239354
22185,-0.209434,-0.239354,-0.239354
22186,-0.209434,-0.239354,-0.239354
22187,-0.209434,-0.269273,-0.239354
22188,-0.209434,-0.269273,-0.239354
22189,-0.209434,-0.239354,-0.239354
22190,-0.209434,-0.239354,-0.239354
22191,-0.209434,-0.239354,-0.239354
22192,-0.209434,-0.239354,-0.239354
22193,-0.209434,-0.239354,-0.239354
22194,-0.239354,-0.269273,-0.269273
22195,-0.239354,-0.269273,-0.269273
22196,-0.239354,-0.269273,-0.269273
22197,-0.209434,-0.269273,-0.269273
22198,-0.209434,-0.239354,-0.239354
22199,-0.179515,-0.239354,-0.239354
22200,-0.179515,-0.209434,-0.209434
22201,-0.179515,-0.209434,-0.209434
22202,-0.179515,-0.209434,-0.209434
22203,-0.179515,-0.239354,-0.209434
22204,-0.179515,-0.209434,-0.209434
22205,-0.179515,-0.209434,-0.239354
22206,-0.179515,-0.239354,-0.239354
22207,-0.179515,-0.239354,-0.239354
22208,-0.179515,-0.239354,-0.239354
22209,-0.179515,-0.239354,-0.239354
22210,-0.149596,-0.209434,-0.209434
22211,-0.149596,-0.179515,-0.179515
22212,-0.149596,-0.209434,-0.209434
22213,-0.179515,-0.209434,-0.209434
22214,-0.179515,-0.239354,-0.239354
22215,-0.209434,-0.239354,-0.239354
22216,-0.209434,-0.239354,-0.239354
22217,-0.209434,-0.239354,-0.239354
22218,-0.209434,-0.239354,-0.239354
22219,-0.209434,-0.239354,-0.239354
22220,-0.209434,-0.239354,-0.269273
22221,-0.209434,-0.239354,-0.239354
22222,-0.209434,-0.239354,-0.239354
22223,-0.209434,-0.239354,-0.239354
22224,-0.209434,-0.239354,-0.239354
22225,-0.209434,-0.239354,-0.239354
22226,-0.239354,-0.269273,-0.269273
22227,-0.239354,-0.299192,-0.269273
22228,-0.209434,-0.269273,-0.269273
22229,-0.209434,-0.269273,-0.269273
22230,-0.179515,-0.239354,-0.239354
22231,-0.179515,-0.239354,-0.239354
22232,-0.179515,-0.239354,-0.209434
22233,-0.179515,-0.239354,-0.209434
22234,-0.179515,-0.209434,-0.209434
22235,-0.179515,-0.239354,-0.239354
22236,-0.179515,-0.239354,-0.209434
22237,-0.179515,-0.239354,-0.209434
22238,-0.179515,-0.239354,-0.239354
22239,-0.179515,-0.239354,-0.239354
22240,-0.179515,-0.239354,-0.239354
22241,-0.179515,-0.239354,-0.239354
22242,-0.149596,-0.209434,-0.209434
22243,-0.149596,-0.209434,-0.179515
22244,-0.149596,-0.209434,-0.209434
22245,-0.179515,-0.209434,-0.209434
22246,-0.209434,-0.239354,-0.239354
22247,-0.209434,-0.239354,-0.239354
22248,-0.209434,-0.239354,-0.269273
22249,-0.209434,-0.239354,-0.239354
22250,-0.209434,-0.239354,-0.239354
22251,-0.209434,-0.269273,-0.239354
22252,-0.209434,-0.269273,-0.239354
22253,-0.209434,-0.239354,-0.239354
22254,-0.209434,-0.239354,-0.239354
22255,-0.209434,-0.239354,-0.239354
22256,-0.209434,-0.239354,-0.239354
22257,-0.209434,-0.239354,-0.239354
22258,-0.239354,-0.269273,-0.269273
22259,-0.239354,-0.269273,-0.269273
22260,-0.239354,-0.269273,-0.269273
22261,-0.209434,-0.269273,-0.269273
22262,-0.209434,-0.239354,-0.239354
22263,-0.179515,-0.239354,-0.239354
22264,-0.179515,-0.209434,-0.209434
22265,-0.179515,-0.209434,-0.209434
22266,-0.179515,-0.209434,-0.209434
22267,-0.179515,-0.209434,-0.209434
22268,-0.179515,-0.209434,-0.209434
22269,-0.179515,-0.239354,-0.239354
22270,-0.179515,-0.239354,-0.239354
22271,-0.179515,-0.239354,-0.239354
22272,-0.179515,-0.239354,-0.239354
22273,-0.179515,-0.239354,-0.239354
22274,-0.149596,-0.209434,-0.209434
22275,-0.149596,-0.209434,-0.179515
22276,-0.149596,-0.209434,-0.209434
22277,-0.179515,-0.209434,-0.209434
22278,-0.179515,-0.239354,-0.239354
22279,-0.209434,-0.239354,-0.239354
22280,-0.209434,-0.269273,-0.239354
22281,-0.209434,-0.269273,-0.239354
22282,-0.209434,-0.239354,-0.239354
22283,-0.209434,-0.269273,-0.239354
22284,-0.209434,-0.269273,-0.239354
22285,-0.209434,-0.239354,-0.239354
22286,-0.209434,-0.239354,-0.239354
22287,-0.209434,-0.239354,-0.239354
22288,-0.209434,-0.239354,-0.239354
22289,-0.209434,-0.239354,-0.239354
22290,-0.239354,-0.269273,-0.269273
22291,-0.239354,-0.269273,-0.269273
22292,-0.209434,-0.269273,-0.269273
22293,-0.209434,-0.269273,-0.269273
22294,-0.179515,-0.239354,-0.239354
22295,-0.179515,-0.239354,-0.239354
22296,-0.179515,-0.239354,-0.239354
22297,-0.179515,-0.209434,-0.239354
22298,-0.179515,-0.239354,-0.209434
22299,-0.179515,-0.239354,-0.209434
22300,-0.179515,-0.239354,-0.209434
22301,-0.179515,-0.239354,-0.209434
22302,-0.179515,-0.239354,-0.239354
22303,-0.179515,-0.239354,-0.239354
22304,-0.179515,-0.239354,-0.239354
22305,-0.179515,-0.239354,-0.239354
22306,-0.149596,-0.209434,-0.209434
22307,-0.149596,-0.179515,-0.179515
22308,-0.179515,-0.209434,-0.209434
22309,-0.179515,-0.209434,-0.209434
22310,-0.179515,-0.239354,-0.239354
22311,-0.209434,-0.239354,-0.239354
22312,-0.209434,-0.269273,-0.239354
22313,-0.209434,-0.239354,-0.239354
22314,-0.209434,-0.239354,-0.239354
22315,-0.209434,-0.269273,-0.269273
22316,-0.209434,-0.239354,-0.269273
22317,-0.209434,-0.239354,-0.239354
22318,-0.209434,-0.239354,-0.239354
22319,-0.209434,-0.239354,-0.239354
22320,-0.209434,-0.239354,-0.239354
22321,-0.209434,-0.239354,-0.239354
22322,-0.239354,-0.269273,-0.269273
22323,-0.239354,-0.269273,-0.269273
22324,-0.209434,-0.269273,-0.269273
22325,-0.209434,-0.269273,-0.269273
22326,-0.209434,-0.239354,-0.239354
22327,-0.179515,-0.239354,-0.209434
22328,-0.179515,-0.209434,-0.209434
22329,-0.179515,-0.239354,-0.209434
22330,-0.179515,-0.239354,-0.209434
22331,-0.179515,-0.209434,-0.209434
22332,-0.179515,-0.239354,-0.209434
22333,-0.179515,-0.239354,-0.209434
22334,-0.179515,-0.239354,-0.239354
22335,-0.179515,-0.239354,-0.239354
22336,-0.179515,-0.239354,-0.239354
22337,-0.179515,-0.239354,-0.239354
22338,-0.149596,-0.209434,-0.179515
22339,-0.149596,-0.179515,-0.179515
22340,-0.149596,-0.209434,-0.209434
22341,-0.179515,-0.209434,-0.209434
22342,-0.179515,-0.239354,-0.239354
22343,-0.209434,-0.269273,-0.239354
22344,-0.209434,-0.269273,-0.239354
22345,-0.209434,-0.269273,-0.239354
22346,-0.209434,-0.239354,-0.239354
22347,-0.209434,-0.239354,-0.239354
22348,-0.209434,-0.239354,-0.239354
22349,-0.209434,-0.239354,-0.239354
22350,-0.209434,-0.239354,-0.239354
22351,-0.209434,-0.239354,-0.239354
22352,-0.209434,-0.239354,-0.239354
22353,-0.209434,-0.239354,-0.239354
22354,-0.239354,-0.269273,-0.269273
22355,-0.239354,-0.299192,-0.269273
22356,-0.209434,-0.269273,-0.269273
22357,-0.209434,-0.269273,-0.269273
22358,-0.209434,-0.239354,-0.239354
22359,-0.179515,-0.209434,-0.239354
22360,-0.179515,-0.239354,-0.209434
22361,-0.179515,-0.239354,-0.209434
22362,-0.179515,-0.209434,-0.209434
22363,-0.179515,-0.209434,-0.209434
22364,-0.179515,-0.239354,-0.209434
22365,-0.179515,-0.239354,-0.209434
22366,-0.179515,-0.239354,-0.239354
22367,-0.179515,-0.239354,-0.239354
22368,-0.179515,-0.239354,-0.239354
22369,-0.179515,-0.239354,-0.239354
22370,-0.149596,-0.209434,-0.209434
22371,-0.149596,-0.179515,-0.209434
22372,-0.149596,-0.209434,-0.209434
22373,-0.179515,-0.209434,-0.209434
22374,-0.209434,-0.239354,-0.239354
22375,-0.209434,-0.239354,-0.239354
22376,-0.209434,-0.239354,-0.239354
22377,-0.209434,-0.239354,-0.239354
22378,-0.209434,-0.239354,-0.239354
22379,-0.209434,-0.239354,-0.239354
22380,-0.209434,-0.239354,-0.239354
22381,-0.209434,-0.239354,-0.239354
22382,-0.209434,-0.239354,-0.239354
22383,-0.209434,-0.239354,-0.239354
22384,-0.209434,-0.239354,-0.239354
22385,-0.209434,-0.239354,-0.239354
22386,-0.239354,-0.269273,-0.269273
22387,-0.239354,-0.269273,-0.269273
22388,-0.209434,-0.269273,-0.269273
22389,-0.209434,-0.269273,-0.269273
22390,-0.209434,-0.239354,-0.239354
22391,-0.179515,-0.239354,-0.209434
22392,-0.179515,-0.239354,-0.209434
22393,-0.179515,-0.209434,-0.209434
22394,-0.179515,-0.239354,-0.209434
22395,-0.179515,-0.239354,-0.209434
22396,-0.179515,-0.209434,-0.209434
22397,-0.179515,-0.239354,-0.209434
22398,-0.179515,-0.239354,-0.239354
22399,-0.179515,-0.239354,-0.239354
22400,-0.179515,-0.239354,-0.239354
22401,-0.179515,-0.239354,-0.239354
22402,-0.149596,-0.209434,-0.209434
22403,-0.149596,-0.209434,-0.179515
22404,-0.179515,-0.209434,-0.209434
22405,-0.179515,-0.209434,-0.209434
22406,-0.179515,-0.239354,-0.239354
22407,-0.209434,-0.239354,-0.239354
22408,-0.209434,-0.269273,-0.239354
22409,-0.209434,-0.269273,-0.239354
22410,-0.209434,-0.239354,-0.239354
22411,-0.209434,-0.239354,-0.239354
22412,-0.209434,-0.239354,-0.239354
22413,-0.209434,-0.239354,-0.239354
22414,-0.209434,-0.239354,-0.239354
22415,-0.209434,-0.239354,-0.239354
22416,-0.179515,-0.239354,-0.239354
22417,-0.209434,-0.239354,-0.239354
22418,-0.239354,-0.269273,-0.269273
22419,-0.239354,-0.269273,-0.269273
22420,-0.209434,-0.269273,-0.269273
22421,-0.209434,-0.269273,-0.269273
22422,-0.209434,-0.239354,-0.239354
22423,-0.179515,-0.239354,-0.239354
22424,-0.179515,-0.239354,-0.239354
22425,-0.179515,-0.239354,-0.209434
22426,-0.179515,-0.209434,-0.239354
22427,-0.179515,-0.209434,-0.209434
22428,-0.179515,-0.209434,-0.209434
22429,-0.179515,-0.239354,-0.239354
22430,-0.179515,-0.239354,-0.239354
22431,-0.179515,-0.239354,-0.239354
22432,-0.179515,-0.239354,-0.239354
22433,-0.179515,-0.239354,-0.239354
22434,-0.149596,-0.209434,-0.209434
22435,-0.149596,-0.209434,-0.179515
22436,-0.149596,-0.209434,-0.209434
22437,-0.179515,-0.209434,-0.209434
22438,-0.209434,-0.239354,-0.239354
22439,-0.209434,-0.269273,-0.239354
22440,-0.209434,-0.269273,-0.239354
22441,-0.209434,-0.239354,-0.239354
22442,-0.209434,-0.239354,-0.239354
22443,-0.209434,-0.269273,-0.239354
22444,-0.209434,-0.239354,-0.239354
22445,-0.209434,-0.239354,-0.239354
22446,-0.209434,-0.239354,-0.239354
22447,-0.209434,-0.239354,-0.239354
22448,-0.209434,-0.239354,-0.239354
22449,-0.209434,-0.239354,-0.239354
22450,-0.239354,-0.269273,-0.269273
22451,-0.239354,-0.269273,-0.269273
22452,-0.209434,-0.269273,-0.269273
22453,-0.209434,-0.269273,-0.269273
22454,-0.179515,-0.239354,-0.239354
22455,-0.179515,-0.239354,-0.209434
22456,-0.179515,-0.209434,-0.209434
22457,-0.179515,-0.209434,-0.209434
22458,-0.179515,-0.209434,-0.209434
22459,-0.179515,-0.239354,-0.209434
22460,-0.179515,-0.239354,-0.239354
22461,-0.179515,-0.239354,-0.239354
22462,-0.179515,-0.239354,-0.209434
22463,-0.179515,-0.239354,-0.239354
22464,-0.179515,-0.239354,-0.239354
22465,-0.179515,-0.239354,-0.239354
22466,-0.149596,-0.209434,-0.209434
22467,-0.149596,-0.209434,-0.179515
22468,-0.149596,-0.209434,-0.209434
22469,-0.179515,-0.209434,-0.209434
22470,-0.209434,-0.239354,-0.239354
22471,-0.209434,-0.239354,-0.239354
22472,-0.209434,-0.239354,-0.239354
22473,-0.209434,-0.239354,-0.239354
22474,-0.209434,-0.269273,-0.239354
22475,-0.209434,-0.239354,-0.239354
22476,-0.209434,-0.239354,-0.239354
22477,-0.209434,-0.239354,-0.239354
22478,-0.209434,-0.239354,-0.239354
22479,-0.209434,-0.239354,-0.239354
22480,-0.209434,-0.239354,-0.239354
22481,-0.209434,-0.269273,-0.239354
22482,-0.239354,-0.269273,-0.269273
22483,-0.239354,-0.269273,-0.269273
22484,-0.209434,-0.269273,-0.269273
22485,-0.209434,-0.269273,-0.269273
22486,-0.209434,-0.239354,-0.239354
22487,-0.179515,-0.239354,-0.239354
22488,-0.179515,-0.239354,-0.209434
22489,-0.179515,-0.209434,-0.209434
22490,-0.179515,-0.209434,-0.209434
22491,-0.179515,-0.239354,-0.239354
22492,-0.179515,-0.209434,-0.209434
22493,-0.179515,-0.239354,-0.209434
22494,-0.179515,-0.239354,-0.239354
22495,-0.179515,-0.239354,-0.239354
22496,-0.179515,-0.239354,-0.239354
22497,-0.179515,-0.239354,-0.239354
22498,-0.149596,-0.209434,-0.179515
22499,-0.149596,-0.209434,-0.209434
22500,-0.179515,-0.209434,-0.209434
22501,-0.179515,-0.209434,-0.209434
22502,-0.209434,-0.239354,-0.239354
22503,-0.209434,-0.239354,-0.239354
22504,-0.209434,-0.269273,-0.239354
22505,-0.209434,-0.269273,-0.239354
22506,-0.209434,-0.239354,-0.239354
22507,-0.209434,-0.269273,-0.239354
22508,-0.209434,-0.269273,-0.239354
22509,-0.209434,-0.239354,-0.239354
22510,-0.209434,-0.239354,-0.239354
22511,-0.209434,-0.239354,-0.239354
22512,-0.209434,-0.239354,-0.239354
22513,-0.209434,-0.269273,-0.239354
22514,-0.239354,-0.269273,-0.269273
22515,-0.239354,-0.269273,-0.269273
22516,-0.209434,-0.269273,-0.269273
22517,-0.209434,-0.269273,-0.239354
22518,-0.209434,-0.239354,-0.239354
22519,-0.179515,-0.239354,-0.239354
22520,-0.179515,-0.239354,-0.209434
22521,-0.179515,-0.209434,-0.209434
22522,-0.179515,-0.209434,-0.209434
22523,-0.179515,-0.239354,-0.209434
22524,-0.179515,-0.209434,-0.209434
22525,-0.179515,-0.239354,-0.239354
22526,-0.179515,-0.239354,-0.239354
22527,-0.179515,-0.239354,-0.239354
22528,-0.179515,-0.239354,-0.239354
22529,-0.179515,-0.239354,-0.239354
22530,-0.149596,-0.209434,-0.179515
22531,-0.149596,-0.209434,-0.179515
22532,-0.179515,-0.209434,-0.209434
22533,-0.179515,-0.209434,-0.209434
22534,-0.209434,-0.239354,-0.239354
22535,-0.209434,-0.239354,-0.239354
22536,-0.209434,-0.269273,-0.239354
22537,-0.209434,-0.269273,-0.239354
22538,-0.209434,-0.239354,-0.239354
22539,-0.209434,-0.269273,-0.239354
22540,-0.209434,-0.239354,-0.239354
22541,-0.209434,-0.239354,-0.239354
22542,-0.209434,-0.239354,-0.239354
22543,-0.209434,-0.239354,-0.239354
22544,-0.209434,-0.239354,-0.239354
22545,-0.209434,-0.239354,-0.239354
22546,-0.239354,-0.269273,-0.269273
22547,-0.239354,-0.269273,-0.269273
22548,-0.209434,-0.269273,-0.269273
22549,-0.209434,-0.269273,-0.269273
22550,-0.179515,-0.239354,-0.239354
22551,-0.179515,-0.209434,-0.209434
22552,-0.179515,-0.239354,-0.239354
22553,-0.179515,-0.239354,-0.239354
22554,-0.179515,-0.239354,-0.239354
22555,-0.179515,-0.239354,-0.209434
22556,-0.179515,-0.239354,-0.209434
22557,-0.179515,-0.239354,-0.239354
22558,-0.179515,-0.239354,-0.239354
22559,-0.179515,-0.239354,-0.239354
22560,-0.179515,-0.239354,-0.239354
22561,-0.179515,-0.239354,-0.209434
22562,-0.149596,-0.209434,-0.179515
22563,-0.149596,-0.179515,-0.179515
22564,-0.179515,-0.209434,-0.209434
22565,-0.179515,-0.209434,-0.209434
22566,-0.209434,-0.239354,-0.239354
22567,-0.209434,-0.269273,-0.239354
22568,-0.209434,-0.269273,-0.239354
22569,-0.209434,-0.239354,-0.239354
22570,-0.209434,-0.239354,-0.239354
22571,-0.209434,-0.239354,-0.239354
22572,-0.209434,-0.239354,-0.239354
22573,-0.209434,-0.239354,-0.239354
22574,-0.209434,-0.239354,-0.239354
22575,-0.209434,-0.239354,-0.239354
22576,-0.209434,-0.239354,-0.239354
22577,-0.209434,-0.239354,-0.239354
22578,-0.239354,-0.269273,-0.269273
22579,-0.239354,-0.269273,-0.269273
22580,-0.209434,-0.269273,-0.269273
22581,-0.209434,-0.269273,-0.239354
22582,-0.179515,-0.239354,-0.239354
22583,-0.179515,-0.209434,-0.209434
22584,-0.179515,-0.209434,-0.209434
22585,-0.179515,-0.239354,-0.209434
22586,-0.179515,-0.239354,-0.209434
22587,-0.179515,-0.239354,-0.209434
22588,-0.179515,-0.239354,-0.209434
22589,-0.179515,-0.239354,-0.239354
22590,-0.179515,-0.239354,-0.239354
22591,-0.179515,-0.239354,-0.239354
22592,-0.179515,-0.239354,-0.239354
22593,-0.179515,-0.239354,-0.239354
22594,-0.149596,-0.209434,-0.209434
22595,-0.149596,-0.209434,-0.209434
22596,-0.149596,-0.209434,-0.209434
22597,-0.179515,-0.209434,-0.209434
22598,-0.209434,-0.239354,-0.239354
22599,-0.209434,-0.239354,-0.269273
22600,-0.209434,-0.239354,-0.269273
22601,-0.209434,-0.239354,-0.239354
22602,-0.209434,-0.239354,-0.239354
22603,-0.209434,-0.269273,-0.239354
22604,-0.209434,-0.269273,-0.239354
22605,-0.209434,-0.239354,-0.239354
22606,-0.209434,-0.239354,-0.239354
22607,-0.209434,-0.239354,-0.239354
22608,-0.209434,-0.239354,-0.239354
22609,-0.209434,-0.239354,-0.239354
22610,-0.239354,-0.269273,-0.269273
22611,-0.239354,-0.269273,-0.269273
22612,-0.239354,-0.269273,-0.269273
22613,-0.209434,-0.269273,-0.239354
22614,-0.179515,-0.239354,-0.239354
22615,-0.179515,-0.239354,-0.239354
22616,-0.179515,-0.239354,-0.209434
22617,-0.179515,-0.209434,-0.209434
22618,-0.179515,-0.239354,-0.209434
22619,-0.179515,-0.239354,-0.209434
22620,-0.179515,-0.239354,-0.209434
22621,-0.179515,-0.239354,-0.209434
22622,-0.179515,-0.239354,-0.239354
22623,-0.179515,-0.239354,-0.239354
22624,-0.179515,-0.239354,-0.239354
22625,-0.179515,-0.239354,-0.209434
22626,-0.149596,-0.209434,-0.209434
22627,-0.149596,-0.209434,-0.209434
22628,-0.179515,-0.209434,-0.209434
22629,-0.179515,-0.209434,-0.209434
22630,-0.209434,-0.239354,-0.239354
22631,-0.209434,-0.239354,-0.269273
22632,-0.209434,-0.239354,-0.239354
22633,-0.209434,-0.239354,-0.239354
22634,-0.209434,-0.239354,-0.239354
22635,-0.209434,-0.269273,-0.239354
22636,-0.209434,-0.239354,-0.239354
22637,-0.209434,-0.239354,-0.239354
22638,-0.209434,-0.239354,-0.239354
22639,-0.209434,-0.239354,-0.239354
22640,-0.209434,-0.239354,-0.239354
22641,-0.209434,-0.239354,-0.239354
22642,-0.239354,-0.269273,-0.269273
22643,-0.239354,-0.269273,-0.269273
22644,-0.209434,-0.269273,-0.269273
22645,-0.209434,-0.269273,-0.269273
22646,-0.179515,-0.239354,-0.239354
22647,-0.179515,-0.239354,-0.209434
22648,-0.179515,-0.209434,-0.209434
22649,-0.179515,-0.239354,-0.209434
22650,-0.179515,-0.239354,-0.209434
22651,-0.179515,-0.209434,-0.209434
22652,-0.179515,-0.239354,-0.209434
22653,-0.179515,-0.239354,-0.239354
22654,-0.179515,-0.239354,-0.239354
22655,-0.179515,-0.239354,-0.239354
22656,-0.179515,-0.239354,-0.239354
22657,-0.179515,-0.209434,-0.209434
22658,-0.149596,-0.209434,-0.179515
22659,-0.149596,-0.209434,-0.209434
22660,-0.179515,-0.209434,-0.209434
22661,-0.179515,-0.209434,-0.209434
22662,-0.209434,-0.239354,-0.239354
22663,-0.209434,-0.269273,-0.239354
22664,-0.209434,-0.239354,-0.239354
22665,-0.209434,-0.269273,-0.239354
22666,-0.209434,-0.269273,-0.239354
22667,-0.209434,-0.239354,-0.269273
22668,-0.209434,-0.239354,-0.239354
22669,-0.209434,-0.239354,-0.239354
22670,-0.209434,-0.239354,-0.239354
22671,-0.209434,-0.239354,-0.239354
22672,-0.209434,-0.239354,-0.239354
22673,-0.209434,-0.269273,-0.239354
22674,-0.239354,-0.269273,-0.269273
22675,-0.239354,-0.269273,-0.269273
22676,-0.209434,-0.269273,-0.269273
22677,-0.209434,-0.269273,-0.239354
22678,-0.179515,-0.239354,-0.239354
22679,-0.179515,-0.239354,-0.209434
22680,-0.179515,-0.239354,-0.209434
22681,-0.179515,-0.239354,-0.209434
22682,-0.179515,-0.239354,-0.209434
22683,-0.179515,-0.239354,-0.209434
22684,-0.179515,-0.209434,-0.239354
22685,-0.179515,-0.239354,-0.239354
22686,-0.179515,-0.239354,-0.239354
22687,-0.179515,-0.239354,-0.239354
22688,-0.179515,-0.239354,-0.239354
22689,-0.179515,-0.239354,-0.209434
22690,-0.149596,-0.209434,-0.179515
22691,-0.149596,-0.209434,-0.209434
22692,-0.149596,-0.209434,-0.209434
22693,-0.179515,-0.239354,-0.209434
22694,-0.209434,-0.239354,-0.239354
22695,-0.209434,-0.269273,-0.269273
22696,-0.209434,-0.239354,-0.239354
22697,-0.209434,-0.239354,-0.239354
22698,-0.209434,-0.239354,-0.239354
22699,-0.209434,-0.239354,-0.269273
22700,-0.209434,-0.239354,-0.239354
22701,-0.209434,-0.239354,-0.239354
22702,-0.209434,-0.239354,-0.239354
22703,-0.209434,-0.239354,-0.239354
22704,-0.209434,-0.239354,-0.239354
22705,-0.209434,-0.269273,-0.239354
22706,-0.239354,-0.269273,-0.269273
22707,-0.239354,-0.269273,-0.269273
22708,-0.209434,-0.269273,-0.269273
22709,-0.209434,-0.269273,-0.239354
22710,-0.179515,-0.239354,-0.239354
22711,-0.179515,-0.239354,-0.209434
22712,-0.179515,-0.239354,-0.209434
22713,-0.179515,-0.239354,-0.209434
22714,-0.179515,-0.239354,-0.209434
22715,-0.179515,-0.239354,-0.209434
22716,-0.179515,-0.239354,-0.209434
22717,-0.179515,-0.239354,-0.239354
22718,-0.179515,-0.239354,-0.239354
22719,-0.179515,-0.239354,-0.239354
22720,-0.179515,-0.239354,-0.239354
22721,-0.179515,-0.209434,-0.209434
22722,-0.149596,-0.179515,-0.179515
22723,-0.149596,-0.209434,-0.179515
22724,-0.179515,-0.209434,-0.209434
22725,-0.179515,-0.209434,-0.209434
22726,-0.209434,-0.239354,-0.239354
22727,-0.209434,-0.239354,-0.269273
22728,-0.209434,-0.269273,-0.269273
22729,-0.209434,-0.239354,-0.239354
22730,-0.209434,-0.239354,-0.239354
22731,-0.209434,-0.269273,-0.239354
22732,-0.209434,-0.269273,-0.239354
22733,-0.209434,-0.239354,-0.239354
22734,-0.209434,-0.239354,-0.239354
22735,-0.209434,-0.239354,-0.239354
22736,-0.209434,-0.239354,-0.239354
22737,-0.209434,-0.269273,-0.269273
22738,-0.239354,-0.269273,-0.269273
22739,-0.239354,-0.269273,-0.269273
22740,-0.209434,-0.269273,-0.269273
22741,-0.209434,-0.269273,-0.239354
22742,-0.179515,-0.239354,-0.239354
22743,-0.179515,-0.209434,-0.209434
22744,-0.179515,-0.239354,-0.209434
22745,-0.179515,-0.209434,-0.209434
22746,-0.179515,-0.209434,-0.209434
22747,-0.179515,-0.209434,-0.209434
22748,-0.179515,-0.239354,-0.239354
22749,-0.179515,-0.239354,-0.239354
22750,-0.179515,-0.239354,-0.239354
22751,-0.179515,-0.239354,-0.239354
22752,-0.179515,-0.239354,-0.239354
22753,-0.179515,-0.209434,-0.239354
22754,-0.149596,-0.209434,-0.209434
22755,-0.149596,-0.209434,-0.209434
22756,-0.149596,-0.209434,-0.209434
22757,-0.179515,-0.209434,-0.209434
22758,-0.209434,-0.239354,-0.239354
22759,-0.209434,-0.239354,-0.239354
22760,-0.209434,-0.239354,-0.239354
22761,-0.209434,-0.239354,-0.239354
22762,-0.209434,-0.239354,-0.239354
22763,-0.209434,-0.239354,-0.239354
22764,-0.209434,-0.239354,-0.239354
22765,-0.209434,-0.239354,-0.239354
22766,-0.209434,-0.239354,-0.239354
22767,-0.209434,-0.239354,-0.239354
22768,-0.209434,-0.239354,-0.239354
22769,-0.209434,-0.269273,-0.239354
22770,-0.239354,-0.269273,-0.269273
22771,-0.239354,-0.269273,-0.269273
22772,-0.209434,-0.269273,-0.269273
22773,-0.209434,-0.239354,-0.239354
22774,-0.179515,-0.239354,-0.239354
22775,-0.179515,-0.209434,-0.239354
22776,-0.179515,-0.209434,-0.209434
22777,-0.179515,-0.209434,-0.209434
22778,-0.179515,-0.239354,-0.209434
22779,-0.179515,-0.209434,-0.209434
22780,-0.179515,-0.239354,-0.239354
22781,-0.179515,-0.239354,-0.239354
22782,-0.179515,-0.239354,-0.239354
22783,-0.179515,-0.239354,-0.239354
22784,-0.179515,-0.239354,-0.239354
22785,-0.179515,-0.239354,-0.209434
22786,-0.149596,-0.209434,-0.179515
22787,-0.149596,-0.209434,-0.209434
22788,-0.179515,-0.209434,-0.209434
22789,-0.179515,-0.239354,-0.209434
22790,-0.209434,-0.239354,-0.239354
22791,-0.209434,-0.239354,-0.239354
22792,-0.209434,-0.269273,-0.239354
22793,-0.209434,-0.239354,-0.239354
22794,-0.209434,-0.239354,-0.239354
22795,-0.209434,-0.239354,-0.269273
22796,-0.209434,-0.239354,-0.239354
22797,-0.209434,-0.239354,-0.239354
22798,-0.209434,-0.239354,-0.239354
22799,-0.209434,-0.239354,-0.239354
22800,-0.209434,-0.239354,-0.239354
22801,-0.209434,-0.269273,-0.269273
22802,-0.239354,-0.269273,-0.269273
22803,-0.239354,-0.269273,-0.269273
22804,-0.209434,-0.269273,-0.269273
22805,-0.209434,-0.269273,-0.239354
22806,-0.179515,-0.239354,-0.239354
22807,-0.179515,-0.239354,-0.239354
22808,-0.179515,-0.209434,-0.209434
22809,-0.179515,-0.209434,-0.209434
22810,-0.179515,-0.239354,-0.209434
22811,-0.179515,-0.239354,-0.209434
22812,-0.179515,-0.239354,-0.209434
22813,-0.179515,-0.239354,-0.239354
22814,-0.179515,-0.239354,-0.239354
22815,-0.179515,-0.239354,-0.239354
22816,-0.179515,-0.239354,-0.239354
22817,-0.179515,-0.209434,-0.209434
22818,-0.149596,-0.179515,-0.179515
22819,-0.149596,-0.209434,-0.209434
22820,-0.179515,-0.209434,-0.209434
22821,-0.179515,-0.209434,-0.209434
22822,-0.209434,-0.239354,-0.239354
22823,-0.209434,-0.269273,-0.239354
22824,-0.209434,-0.239354,-0.239354
22825,-0.209434,-0.239354,-0.239354
22826,-0.209434,-0.239354,-0.239354
22827,-0.209434,-0.269273,-0.269273
22828,-0.209434,-0.239354,-0.239354
22829,-0.209434,-0.239354,-0.239354
22830,-0.209434,-0.239354,-0.239354
22831,-0.209434,-0.239354,-0.239354
22832,-0.209434,-0.239354,-0.239354
22833,-0.209434,-0.269273,-0.239354
22834,-0.239354,-0.269273,-0.269273
22835,-0.239354,-0.269273,-0.269273
22836,-0.239354,-0.269273,-0.269273
22837,-0.209434,-0.239354,-0.239354
22838,-0.179515,-0.239354,-0.239354
22839,-0.179515,-0.239354,-0.209434
22840,-0.179515,-0.239354,-0.209434
22841,-0.179515,-0.209434,-0.209434
22842,-0.179515,-0.239354,-0.209434
22843,-0.179515,-0.239354,-0.209434
22844,-0.179515,-0.239354,-0.209434
22845,-0.179515,-0.239354,-0.239354
22846,-0.179515,-0.239354,-0.239354
22847,-0.179515,-0.239354,-0.239354
22848,-0.179515,-0.239354,-0.239354
22849,-0.179515,-0.209434,-0.209434
22850,-0.149596,-0.179515,-0.179515
22851,-0.149596,-0.209434,-0.209434
22852,-0.179515,-0.209434,-0.209434
22853,-0.179515,-0.239354,-0.209434
22854,-0.209434,-0.239354,-0.239354
22855,-0.209434,-0.239354,-0.239354
22856,-0.209434,-0.239354,-0.239354
22857,-0.209434,-0.239354,-0.239354
22858,-0.209434,-0.239354,-0.239354
22859,-0.209434,-0.239354,-0.239354
22860,-0.209434,-0.239354,-0.239354
22861,-0.209434,-0.239354,-0.239354
22862,-0.209434,-0.239354,-0.239354
22863,-0.209434,-0.239354,-0.239354
22864,-0.209434,-0.239354,-0.239354
22865,-0.209434,-0.269273,-0.239354
22866,-0.239354,-0.299192,-0.269273
22867,-0.239354,-0.269273,-0.269273
22868,-0.209434,-0.269273,-0.269273
22869,-0.209434,-0.239354,-0.239354
22870,-0.179515,-0.239354,-0.239354
22871,-0.179515,-0.209434,-0.209434
22872,-0.179515,-0.239354,-0.209434
22873,-0.179515,-0.239354,-0.209434
22874,-0.179515,-0.239354,-0.239354
22875,-0.179515,-0.209434,-0.209434
22876,-0.179515,-0.209434,-0.209434
22877,-0.179515,-0.239354,-0.239354
22878,-0.179515,-0.239354,-0.239354
22879,-0.179515,-0.239354,-0.239354
22880,-0.179515,-0.239354,-0.239354
22881,-0.179515,-0.209434,-0.209434
22882,-0.149596,-0.179515,-0.179515
22883,-0.149596,-0.209434,-0.209434
22884,-0.179515,-0.209434,-0.209434
22885,-0.179515,-0.209434,-0.239354
22886,-0.209434,-0.239354,-0.239354
22887,-0.209434,-0.269273,-0.239354
22888,-0.209434,-0.239354,-0.239354
22889,-0.209434,-0.239354,-0.239354
22890,-0.209434,-0.239354,-0.239354
22891,-0.209434,-0.239354,-0.239354
22892,-0.209434,-0.269273,-0.239354
22893,-0.209434,-0.239354,-0.239354
22894,-0.209434,-0.239354,-0.239354
22895,-0.209434,-0.239354,-0.239354
22896,-0.209434,-0.239354,-0.239354
22897,-0.209434,-0.269273,-0.269273
22898,-0.239354,-0.269273,-0.269273
22899,-0.239354,-0.269273,-0.269273
22900,-0.209434,-0.269273,-0.269273
22901,-0.209434,-0.269273,-0.239354
22902,-0.179515,-0.239354,-0.239354
22903,-0.179515,-0.209434,-0.209434
22904,-0.179515,-0.209434,-0.209434
22905,-0.179515,-0.209434,-0.209434
22906,-0.179515,-0.209434,-0.209434
22907,-0.179515,-0.209434,-0.209434
22908,-0.179515,-0.239354,-0.239354
22909,-0.179515,-0.239354,-0.239354
22910,-0.179515,-0.239354,-0.239354
22911,-0.179515,-0.239354,-0.239354
22912,-0.179515,-0.239354,-0.239354
22913,-0.179515,-0.209434,-0.209434
22914,-0.149596,-0.179515,-0.179515
22915,-0.149596,-0.209434,-0.209434
22916,-0.179515,-0.209434,-0.209434
22917,-0.179515,-0.239354,-0.209434
22918,-0.209434,-0.239354,-0.239354
22919,-0.209434,-0.239354,-0.239354
22920,-0.209434,-0.269273,-0.239354
22921,-0.209434,-0.269273,-0.239354
22922,-0.209434,-0.239354,-0.239354
22923,-0.209434,-0.269273,-0.269273
22924,-0.209434,-0.239354,-0.239354
22925,-0.209434,-0.239354,-0.239354
22926,-0.209434,-0.239354,-0.239354
22927,-0.209434,-0.239354,-0.239354
22928,-0.179515,-0.239354,-0.239354
22929,-0.209434,-0.269273,-0.239354
22930,-0.239354,-0.269273,-0.269273
22931,-0.239354,-0.269273,-0.269273
22932,-0.209434,-0.269273,-0.269273
22933,-0.209434,-0.269273,-0.239354
22934,-0.179515,-0.239354,-0.239354
22935,-0.179515,-0.239354,-0.209434
22936,-0.179515,-0.209434,-0.209434
22937,-0.179515,-0.209434,-0.239354
22938,-0.179515,-0.239354,-0.209434
22939,-0.179515,-0.239354,-0.209434
22940,-0.179515,-0.239354,-0.209434
22941,-0.179515,-0.239354,-0.239354
22942,-0.179515,-0.239354,-0.239354
22943,-0.179515,-0.239354,-0.239354
22944,-0.179515,-0.239354,-0.239354
22945,-0.179515,-0.209434,-0.209434
22946,-0.149596,-0.179515,-0.179515
22947,-0.149596,-0.209434,-0.209434
22948,-0.179515,-0.209434,-0.209434
22949,-0.179515,-0.239354,-0.209434
22950,-0.209434,-0.239354,-0.239354
22951,-0.209434,-0.239354,-0.239354
22952,-0.209434,-0.239354,-0.239354
22953,-0.209434,-0.239354,-0.239354
22954,-0.209434,-0.269273,-0.239354
22955,-0.209434,-0.269273,-0.269273
22956,-0.209434,-0.239354,-0.239354
22957,-0.209434,-0.239354,-0.239354
22958,-0.209434,-0.239354,-0.239354
22959,-0.209434,-0.239354,-0.239354
22960,-0.209434,-0.239354,-0.239354
22961,-0.209434,-0.269273,-0.269273
22962,-0.239354,-0.299192,-0.269273
22963,-0.239354,-0.269273,-0.269273
22964,-0.209434,-0.269273,-0.269273
22965,-0.209434,-0.269273,-0.269273
22966,-0.179515,-0.239354,-0.239354
22967,-0.179515,-0.209434,-0.209434
22968,-0.179515,-0.209434,-0.209434
22969,-0.179515,-0.209434,-0.209434
22970,-0.179515,-0.239354,-0.239354
22971,-0.179515,-0.239354,-0.209434
22972,-0.179515,-0.239354,-0.239354
22973,-0.179515,-0.239354,-0.239354
22974,-0.179515,-0.239354,-0.239354
22975,-0.179515,-0.239354,-0.239354
22976,-0.179515,-0.239354,-0.239354
22977,-0.179515,-0.209434,-0.209434
22978,-0.149596,-0.209434,-0.179515
22979,-0.149596,-0.209434,-0.209434
22980,-0.179515,-0.209434,-0.209434
22981,-0.179515,-0.239354,-0.209434
22982,-0.209434,-0.239354,-0.239354
22983,-0.209434,-0.269273,-0.239354
22984,-0.209434,-0.239354,-0.239354
22985,-0.209434,-0.239354,-0.239354
22986,-0.209434,-0.239354,-0.239354
22987,-0.209434,-0.239354,-0.239354
22988,-0.209434,-0.239354,-0.239354
22989,-0.209434,-0.239354,-0.239354
22990,-0.209434,-0.239354,-0.239354
22991,-0.209434,-0.239354,-0.239354
22992,-0.209434,-0.239354,-0.239354
22993,-0.209434,-0.269273,-0.269273
22994,-0.239354,-0.299192,-0.269273
22995,-0.239354,-0.269273,-0.269273
22996,-0.209434,-0.269273,-0.269273
22997,-0.209434,-0.269273,-0.239354
22998,-0.179515,-0.239354,-0.239354
22999,-0.179515,-0.239354,-0.239354
23000,-0.179515,-0.239354,-0.209434
23001,-0.179515,-0.209434,-0.209434
23002,-0.179515,-0.209434,-0.239354
23003,-0.179515,-0.209434,-0.209434
23004,-0.179515,-0.239354,-0.209434
23005,-0.179515,-0.239354,-0.239354
23006,-0.179515,-0.239354,-0.239354
23007,-0.179515,-0.239354,-0.239354
23008,-0.179515,-0.239354,-0.239354
23009,-0.179515,-0.209434,-0.209434
23010,-0.149596,-0.179515,-0.179515
23011,-0.149596,-0.209434,-0.209434
23012,-0.179515,-0.209434,-0.209434
23013,-0.179515,-0.239354,-0.239354
23014,-0.209434,-0.239354,-0.239354
23015,-0.209434,-0.269273,-0.239354
23016,-0.209434,-0.269273,-0.239354
23017,-0.209434,-0.269273,-0.239354
23018,-0.209434,-0.269273,-0.239354
23019,-0.209434,-0.239354,-0.269273
23020,-0.209434,-0.239354,-0.239354
23021,-0.209434,-0.239354,-0.239354
23022,-0.209434,-0.239354,-0.239354
23023,-0.209434,-0.239354,-0.239354
23024,-0.209434,-0.239354,-0.239354
23025,-0.209434,-0.269273,-0.269273
23026,-0.239354,-0.299192,-0.269273
23027,-0.239354,-0.269273,-0.269273
23028,-0.209434,-0.269273,-0.269273
23029,-0.209434,-0.239354,-0.239354
23030,-0.179515,-0.239354,-0.239354
23031,-0.179515,-0.239354,-0.209434
23032,-0.179515,-0.209434,-0.209434
23033,-0.179515,-0.209434,-0.209434
23034,-0.179515,-0.239354,-0.239354
23035,-0.179515,-0.209434,-0.239354
23036,-0.179515,-0.239354,-0.239354
23037,-0.179515,-0.239354,-0.239354
23038,-0.179515,-0.239354,-0.239354
23039,-0.179515,-0.239354,-0.239354
23040,-0.179515,-0.239354,-0.239354
23041,-0.179515,-0.209434,-0.209434
23042,-0.149596,-0.179515,-0.179515
23043,-0.149596,-0.209434,-0.209434
23044,-0.179515,-0.209434,-0.209434
23045,-0.179515,-0.239354,-0.239354
23046,-0.209434,-0.239354,-0.239354
23047,-0.209434,-0.239354,-0.239354
23048,-0.209434,-0.239354,-0.239354
23049,-0.209434,-0.239354,-0.239354
23050,-0.209434,-0.239354,-0.239354
23051,-0.209434,-0.269273,-0.239354
23052,-0.209434,-0.239354,-0.239354
23053,-0.209434,-0.239354,-0.239354
23054,-0.209434,-0.239354,-0.239354
23055,-0.209434,-0.239354,-0.239354
23056,-0.209434,-0.239354,-0.239354
23057,-0.209434,-0.269273,-0.269273
23058,-0.239354,-0.269273,-0.269273
23059,-0.239354,-0.269273,-0.269273
23060,-0.209434,-0.269273,-0.269273
23061,-0.209434,-0.269273,-0.239354
23062,-0.179515,-0.239354,-0.239354
23063,-0.179515,-0.209434,-0.209434
23064,-0.179515,-0.239354,-0.209434
23065,-0.179515,-0.239354,-0.209434
23066,-0.179515,-0.239354,-0.209434
23067,-0.179515,-0.239354,-0.209434
23068,-0.179515,-0.239354,-0.209434
23069,-0.179515,-0.239354,-0.209434
23070,-0.179515,-0.239354,-0.239354
23071,-0.179515,-0.239354,-0.239354
23072,-0.179515,-0.239354,-0.239354
23073,-0.179515,-0.209434,-0.209434
23074,-0.149596,-0.179515,-0.179515
23075,-0.149596,-0.209434,-0.209434
23076,-0.179515,-0.209434,-0.209434
23077,-0.179515,-0.239354,-0.239354
23078,-0.209434,-0.239354,-0.239354
23079,-0.209434,-0.269273,-0.269273
23080,-0.209434,-0.239354,-0.239354
23081,-0.209434,-0.239354,-0.239354
23082,-0.209434,-0.269273,-0.239354
23083,-0.209434,-0.269273,-0.239354
23084,-0.209434,-0.239354,-0.239354
23085,-0.209434,-0.239354,-0.239354
23086,-0.209434,-0.239354,-0.239354
23087,-0.209434,-0.239354,-0.239354
23088,-0.209434,-0.239354,-0.239354
23089,-0.209434,-0.269273,-0.269273
23090,-0.239354,-0.299192,-0.299192
23091,-0.239354,-0.269273,-0.269273
23092,-0.209434,-0.269273,-0.269273
23093,-0.209434,-0.239354,-0.239354
23094,-0.179515,-0.239354,-0.239354
23095,-0.179515,-0.239354,-0.209434
23096,-0.179515,-0.209434,-0.209434
23097,-0.179515,-0.239354,-0.209434
23098,-0.179515,-0.239354,-0.239354
23099,-0.179515,-0.209434,-0.209434
23100,-0.179515,-0.239354,-0.209434
23101,-0.179515,-0.239354,-0.239354
23102,-0.179515,-0.239354,-0.239354
23103,-0.179515,-0.239354,-0.239354
23104,-0.179515,-0.239354,-0.239354
23105,-0.179515,-0.209434,-0.209434
23106,-0.149596,-0.179515,-0.179515
23107,-0.149596,-0.209434,-0.209434
23108,-0.179515,-0.209434,-0.209434
23109,-0.179515,-0.239354,-0.239354
23110,-0.209434,-0.239354,-0.239354
23111,-0.209434,-0.239354,-0.269273
23112,-0.209434,-0.269273,-0.239354
23113,-0.209434,-0.239354,-0.239354
23114,-0.209434,-0.269273,-0.239354
23115,-0.209434,-0.269273,-0.239354
23116,-0.209434,-0.239354,-0.239354
23117,-0.209434,-0.239354,-0.239354
23118,-0.209434,-0.239354,-0.239354
23119,-0.209434,-0.239354,-0.239354
23120,-0.209434,-0.239354,-0.239354
23121,-0.209434,-0.269273,-0.269273
23122,-0.239354,-0.269273,-0.299192
23123,-0.239354,-0.269273,-0.269273
23124,-0.209434,-0.269273,-0.269273
23125,-0.209434,-0.269273,-0.239354
23126,-0.179515,-0.239354,-0.209434
23127,-0.179515,-0.209434,-0.209434
23128,-0.179515,-0.209434,-0.209434
23129,-0.179515,-0.239354,-0.209434
23130,-0.179515,-0.209434,-0.209434
23131,-0.179515,-0.239354,-0.209434
23132,-0.179515,-0.239354,-0.239354
23133,-0.179515,-0.239354,-0.239354
23134,-0.179515,-0.239354,-0.239354
23135,-0.179515,-0.239354,-0.239354
23136,-0.179515,-0.239354,-0.239354
23137,-0.149596,-0.209434,-0.209434
23138,-0.149596,-0.179515,-0.179515
23139,-0.149596,-0.209434,-0.209434
23140,-0.179515,-0.209434,-0.209434
23141,-0.179515,-0.239354,-0.239354
23142,-0.209434,-0.239354,-0.239354
23143,-0.209434,-0.269273,-0.239354
23144,-0.209434,-0.269273,-0.239354
23145,-0.209434,-0.269273,-0.239354
23146,-0.209434,-0.269273,-0.239354
23147,-0.209434,-0.269273,-0.269273
23148,-0.209434,-0.239354,-0.239354
23149,-0.209434,-0.269273,-0.239354
23150,-0.209434,-0.239354,-0.239354
23151,-0.209434,-0.239354,-0.239354
23152,-0.209434,-0.239354,-0.239354
23153,-0.209434,-0.269273,-0.269273
23154,-0.239354,-0.299192,-0.269273
23155,-0.239354,-0.269273,-0.269273
23156,-0.209434,-0.269273,-0.269273
23157,-0.209434,-0.239354,-0.239354
23158,-0.179515,-0.239354,-0.239354
23159,-0.179515,-0.209434,-0.209434
23160,-0.179515,-0.209434,-0.209434
23161,-0.179515,-0.209434,-0.209434
23162,-0.179515,-0.209434,-0.209434
23163,-0.179515,-0.209434,-0.209434
23164,-0.179515,-0.239354,-0.209434
23165,-0.179515,-0.239354,-0.239354
23166,-0.179515,-0.239354,-0.239354
23167,-0.179515,-0.239354,-0.239354
23168,-0.179515,-0.239354,-0.239354
23169,-0.179515,-0.209434,-0.209434
23170,-0.149596,-0.179515,-0.179515
23171,-0.149596,-0.209434,-0.209434
23172,-0.179515,-0.209434,-0.209434
23173,-0.179515,-0.239354,-0.239354
23174,-0.209434,-0.239354,-0.239354
23175,-0.209434,-0.239354,-0.239354
23176,-0.209434,-0.239354,-0.239354
23177,-0.209434,-0.239354,-0.239354
23178,-0.209434,-0.239354,-0.239354
23179,-0.209434,-0.269273,-0.239354
23180,-0.209434,-0.239354,-0.239354
23181,-0.209434,-0.239354,-0.239354
23182,-0.209434,-0.239354,-0.239354
23183,-0.209434,-0.239354,-0.239354
23184,-0.209434,-0.239354,-0.239354
23185,-0.209434,-0.269273,-0.269273
23186,-0.239354,-0.269273,-0.269273
23187,-0.239354,-0.269273,-0.269273
23188,-0.209434,-0.269273,-0.269273
23189,-0.209434,-0.239354,-0.239354
23190,-0.179515,-0.239354,-0.239354
23191,-0.179515,-0.209434,-0.209434
23192,-0.179515,-0.209434,-0.209434
23193,-0.179515,-0.239354,-0.209434
23194,-0.179515,-0.209434,-0.209434
23195,-0.179515,-0.209434,-0.209434
23196,-0.179515,-0.239354,-0.239354
23197,-0.179515,-0.239354,-0.239354
23198,-0.179515,-0.239354,-0.239354
23199,-0.179515,-0.239354,-0.239354
23200,-0.179515,-0.239354,-0.239354
23201,-0.179515,-0.209434,-0.209434
23202,-0.149596,-0.179515,-0.179515
23203,-0.149596,-0.209434,-0.209434
23204,-0.179515,-0.209434,-0.209434
23205,-0.179515,-0.239354,-0.239354
23206,-0.209434,-0.239354,-0.239354
23207,-0.209434,-0.269273,-0.239354
23208,-0.209434,-0.269273,-0.239354
23209,-0.209434,-0.239354,-0.239354
23210,-0.209434,-0.239354,-0.239354
23211,-0.209434,-0.269273,-0.269273
23212,-0.209434,-0.239354,-0.239354
23213,-0.209434,-0.239354,-0.239354
23214,-0.209434,-0.239354,-0.239354
23215,-0.209434,-0.239354,-0.239354
23216,-0.209434,-0.239354,-0.239354
23217,-0.209434,-0.269273,-0.269273
23218,-0.239354,-0.269273,-0.269273
23219,-0.239354,-0.269273,-0.269273
23220,-0.209434,-0.269273,-0.269273
23221,-0.209434,-0.239354,-0.239354
23222,-0.179515,-0.239354,-0.239354
23223,-0.179515,-0.239354,-0.239354
23224,-0.179515,-0.239354,-0.209434
23225,-0.179515,-0.209434,-0.209434
23226,-0.179515,-0.239354,-0.239354
23227,-0.179515,-0.209434,-0.209434
23228,-0.179515,-0.239354,-0.209434
23229,-0.179515,-0.239354,-0.209434
23230,-0.179515,-0.239354,-0.239354
23231,-0.179515,-0.239354,-0.239354
23232,-0.179515,-0.239354,-0.239354
23233,-0.149596,-0.209434,-0.209434
23234,-0.149596,-0.179515,-0.179515
23235,-0.149596,-0.209434,-0.209434
23236,-0.179515,-0.209434,-0.209434
23237,-0.179515,-0.239354,-0.239354
23238,-0.209434,-0.239354,-0.239354
23239,-0.209434,-0.269273,-0.239354
23240,-0.209434,-0.239354,-0.239354
23241,-0.209434,-0.239354,-0.239354
23242,-0.209434,-0.239354,-0.239354
23243,-0.209434,-0.269273,-0.269273
23244,-0.209434,-0.239354,-0.239354
23245,-0.209434,-0.239354,-0.239354
23246,-0.209434,-0.239354,-0.239354
23247,-0.209434,-0.239354,-0.239354
23248,-0.209434,-0.239354,-0.239354
23249,-0.209434,-0.269273,-0.269273
23250,-0.239354,-0.269273,-0.269273
23251,-0.239354,-0.269273,-0.269273
23252,-0.209434,-0.269273,-0.269273
23253,-0.209434,-0.239354,-0.239354
23254,-0.179515,-0.239354,-0.209434
23255,-0.179515,-0.239354,-0.239354
23256,-0.179515,-0.209434,-0.209434
23257,-0.179515,-0.209434,-0.209434
23258,-0.179515,-0.239354,-0.209434
23259,-0.179515,-0.239354,-0.209434
23260,-0.179515,-0.239354,-0.239354
23261,-0.179515,-0.239354,-0.239354
23262,-0.179515,-0.239354,-0.239354
23263,-0.179515,-0.239354,-0.239354
23264,-0.179515,-0.239354,-0.239354
23265,-0.149596,-0.209434,-0.209434
23266,-0.149596,-0.179515,-0.179515
23267,-0.149596,-0.209434,-0.209434
23268,-0.179515,-0.209434,-0.209434
23269,-0.179515,-0.239354,-0.239354
23270,-0.209434,-0.239354,-0.239354
23271,-0.209434,-0.269273,-0.239354
23272,-0.209434,-0.239354,-0.239354
23273,-0.209434,-0.239354,-0.239354
23274,-0.209434,-0.239354,-0.239354
23275,-0.209434,-0.269273,-0.239354
23276,-0.209434,-0.239354,-0.239354
23277,-0.209434,-0.239354,-0.239354
23278,-0.209434,-0.239354,-0.239354
23279,-0.209434,-0.239354,-0.239354
23280,-0.209434,-0.239354,-0.239354
23281,-0.209434,-0.269273,-0.269273
23282,-0.239354,-0.299192,-0.269273
23283,-0.239354,-0.269273,-0.269273
23284,-0.209434,-0.269273,-0.269273
23285,-0.209434,-0.239354,-0.239354
23286,-0.179515,-0.239354,-0.239354
23287,-0.179515,-0.239354,-0.209434
23288,-0.179515,-0.209434,-0.209434
23289,-0.179515,-0.209434,-0.209434
23290,-0.179515,-0.239354,-0.209434
23291,-0.179515,-0.209434,-0.209434
23292,-0.179515,-0.209434,-0.239354
23293,-0.179515,-0.239354,-0.239354
23294,-0.179515,-0.239354,-0.239354
23295,-0.179515,-0.239354,-0.239354
23296,-0.179515,-0.239354,-0.239354
23297,-0.149596,-0.209434,-0.209434
23298,-0.149596,-0.209434,-0.179515
23299,-0.149596,-0.209434,-0.209434
23300,-0.179515,-0.209434,-0.209434
23301,-0.179515,-0.239354,-0.239354
23302,-0.209434,-0.239354,-0.239354
23303,-0.209434,-0.269273,-0.239354
23304,-0.209434,-0.239354,-0.239354
23305,-0.209434,-0.269273,-0.239354
23306,-0.209434,-0.239354,-0.239354
23307,-0.209434,-0.269273,-0.239354
23308,-0.209434,-0.239354,-0.239354
23309,-0.209434,-0.239354,-0.239354
23310,-0.209434,-0.239354,-0.239354
23311,-0.209434,-0.239354,-0.239354
23312,-0.209434,-0.239354,-0.239354
23313,-0.209434,-0.269273,-0.269273
23314,-0.239354,-0.299192,-0.269273
23315,-0.239354,-0.269273,-0.269273
23316,-0.209434,-0.269273,-0.269273
23317,-0.209434,-0.239354,-0.239354
23318,-0.179515,-0.239354,-0.239354
23319,-0.179515,-0.239354,-0.239354
23320,-0.179515,-0.209434,-0.209434
23321,-0.179515,-0.209434,-0.209434
23322,-0.179515,-0.239354,-0.209434
23323,-0.179515,-0.239354,-0.209434
23324,-0.179515,-0.239354,-0.239354
23325,-0.179515,-0.239354,-0.239354
23326,-0.179515,-0.239354,-0.239354
23327,-0.179515,-0.239354,-0.239354
23328,-0.179515,-0.239354,-0.239354
23329,-0.179515,-0.209434,-0.209434
23330,-0.149596,-0.179515,-0.179515
23331,-0.149596,-0.209434,-0.209434
23332,-0.179515,-0.209434,-0.209434
23333,-0.179515,-0.239354,-0.239354
23334,-0.209434,-0.239354,-0.239354
23335,-0.209434,-0.239354,-0.239354
23336,-0.209434,-0.239354,-0.239354
23337,-0.209434,-0.239354,-0.239354
23338,-0.209434,-0.239354,-0.239354
23339,-0.209434,-0.239354,-0.239354
23340,-0.209434,-0.239354,-0.239354
23341,-0.209434,-0.239354,-0.239354
23342,-0.209434,-0.239354,-0.239354
23343,-0.209434,-0.239354,-0.239354
23344,-0.209434,-0.239354,-0.239354
23345,-0.239354,-0.269273,-0.269273
23346,-0.239354,-0.269273,-0.269273
23347,-0.239354,-0.269273,-0.269273
23348,-0.209434,-0.269273,-0.269273
23349,-0.209434,-0.239354,-0.239354
23350,-0.179515,-0.239354,-0.239354
23351,-0.179515,-0.239354,-0.209434
23352,-0.179515,-0.239354,-0.209434
23353,-0.179515,-0.239354,-0.209434
23354,-0.179515,-0.209434,-0.209434
23355,-0.179515,-0.209434,-0.209434
23356,-0.179515,-0.239354,-0.209434
23357,-0.179515,-0.209434,-0.239354
23358,-0.179515,-0.239354,-0.239354
23359,-0.179515,-0.239354,-0.239354
23360,-0.179515,-0.239354,-0.239354
23361,-0.149596,-0.209434,-0.209434
23362,-0.149596,-0.209434,-0.179515
23363,-0.149596,-0.209434,-0.209434
23364,-0.179515,-0.209434,-0.209434
23365,-0.179515,-0.239354,-0.239354
23366,-0.209434,-0.239354,-0.239354
23367,-0.209434,-0.239354,-0.239354
23368,-0.209434,-0.269273,-0.239354
23369,-0.209434,-0.269273,-0.239354
23370,-0.209434,-0.269273,-0.239354
23371,-0.209434,-0.269273,-0.239354
23372,-0.209434,-0.239354,-0.239354
23373,-0.209434,-0.239354,-0.239354
23374,-0.209434,-0.239354,-0.239354
23375,-0.209434,-0.239354,-0.239354
23376,-0.209434,-0.239354,-0.239354
23377,-0.209434,-0.269273,-0.269273
23378,-0.239354,-0.299192,-0.269273
23379,-0.239354,-0.269273,-0.269273
23380,-0.209434,-0.269273,-0.269273
23381,-0.209434,-0.239354,-0.239354
23382,-0.179515,-0.239354,-0.239354
23383,-0.179515,-0.209434,-0.209434
23384,-0.179515,-0.209434,-0.209434
23385,-0.179515,-0.209434,-0.209434
23386,-0.179515,-0.209434,-0.209434
23387,-0.179515,-0.239354,-0.209434
23388,-0.179515,-0.239354,-0.239354
23389,-0.179515,-0.239354,-0.239354
23390,-0.179515,-0.239354,-0.239354
23391,-0.179515,-0.239354,-0.239354
23392,-0.179515,-0.239354,-0.239354
23393,-0.149596,-0.209434,-0.209434
23394,-0.149596,-0.209434,-0.179515
23395,-0.149596,-0.209434,-0.209434
23396,-0.179515,-0.209434,-0.209434
23397,-0.179515,-0.239354,-0.239354
23398,-0.209434,-0.239354,-0.239354
23399,-0.209434,-0.239354,-0.239354
23400,-0.209434,-0.269273,-0.239354
23401,-0.209434,-0.239354,-0.239354
23402,-0.209434,-0.239354,-0.239354
23403,-0.209434,-0.269273,-0.239354
23404,-0.209434,-0.239354,-0.239354
23405,-0.209434,-0.239354,-0.239354
23406,-0.209434,-0.239354,-0.239354
23407,-0.209434,-0.239354,-0.239354
23408,-0.209434,-0.239354,-0.239354
23409,-0.239354,-0.269273,-0.269273
23410,-0.239354,-0.299192,-0.269273
23411,-0.239354,-0.269273,-0.269273
23412,-0.209434,-0.269273,-0.269273
23413,-0.209434,-0.239354,-0.239354
23414,-0.179515,-0.239354,-0.239354
23415,-0.179515,-0.239354,-0.239354
23416,-0.179515,-0.239354,-0.209434
23417,-0.179515,-0.239354,-0.209434
23418,-0.179515,-0.239354,-0.209434
23419,-0.179515,-0.239354,-0.209434
23420,-0.179515,-0.239354,-0.239354
23421,-0.179515,-0.239354,-0.239354
23422,-0.179515,-0.239354,-0.239354
23423,-0.179515,-0.239354,-0.239354
23424,-0.179515,-0.239354,-0.239354
23425,-0.149596,-0.209434,-0.209434
23426,-0.149596,-0.179515,-0.179515
23427,-0.149596,-0.209434,-0.209434
23428,-0.179515,-0.209434,-0.209434
23429,-0.179515,-0.239354,-0.239354
23430,-0.209434,-0.239354,-0.239354
23431,-0.209434,-0.269273,-0.239354
23432,-0.209434,-0.239354,-0.239354
23433,-0.209434,-0.239354,-0.239354
23434,-0.209434,-0.239354,-0.239354
23435,-0.209434,-0.269273,-0.239354
23436,-0.209434,-0.239354,-0.239354
23437,-0.209434,-0.239354,-0.239354
23438,-0.209434,-0.239354,-0.239354
23439,-0.209434,-0.239354,-0.239354
23440,-0.209434,-0.239354,-0.239354
23441,-0.239354,-0.269273,-0.269273
23442,-0.239354,-0.299192,-0.269273
23443,-0.239354,-0.269273,-0.269273
23444,-0.209434,-0.269273,-0.269273
23445,-0.209434,-0.239354,-0.239354
23446,-0.179515,-0.239354,-0.239354
23447,-0.179515,-0.209434,-0.209434
23448,-0.179515,-0.209434,-0.209434
23449,-0.179515,-0.239354,-0.209434
23450,-0.179515,-0.239354,-0.209434
23451,-0.179515,-0.239354,-0.209434
23452,-0.179515,-0.239354,-0.239354
23453,-0.179515,-0.239354,-0.239354
23454,-0.179515,-0.239354,-0.239354
23455,-0.179515,-0.239354,-0.239354
23456,-0.179515,-0.239354,-0.239354
23457,-0.149596,-0.209434,-0.209434
23458,-0.149596,-0.179515,-0.179515
23459,-0.179515,-0.209434,-0.209434
23460,-0.179515,-0.209434,-0.209434
23461,-0.209434,-0.239354,-0.239354
23462,-0.209434,-0.239354,-0.239354
23463,-0.209434,-0.239354,-0.239354
23464,-0.209434,-0.239354,-0.239354
23465,-0.209434,-0.269273,-0.239354
23466,-0.209434,-0.269273,-0.239354
23467,-0.209434,-0.269273,-0.239354
23468,-0.209434,-0.239354,-0.239354
23469,-0.209434,-0.239354,-0.239354
23470,-0.209434,-0.239354,-0.239354
23471,-0.209434,-0.239354,-0.239354
23472,-0.209434,-0.239354,-0.239354
23473,-0.209434,-0.269273,-0.269273
23474,-0.239354,-0.269273,-0.269273
23475,-0.239354,-0.269273,-0.269273
23476,-0.209434,-0.269273,-0.269273
23477,-0.209434,-0.239354,-0.239354
23478,-0.179515,-0.209434,-0.239354
23479,-0.179515,-0.239354,-0.209434
23480,-0.179515,-0.239354,-0.209434
23481,-0.179515,-0.209434,-0.209434
23482,-0.179515,-0.209434,-0.239354
23483,-0.179515,-0.209434,-0.209434
23484,-0.179515,-0.239354,-0.239354
23485,-0.179515,-0.239354,-0.239354
23486,-0.179515,-0.239354,-0.239354
23487,-0.179515,-0.239354,-0.239354
23488,-0.179515,-0.239354,-0.239354
23489,-0.149596,-0.209434,-0.209434
23490,-0.149596,-0.179515,-0.179515
23491,-0.149596,-0.209434,-0.209434
23492,-0.179515,-0.209434,-0.209434
23493,-0.179515,-0.239354,-0.239354
23494,-0.209434,-0.239354,-0.239354
23495,-0.209434,-0.269273,-0.239354
23496,-0.209434,-0.269273,-0.239354
23497,-0.209434,-0.239354,-0.239354
23498,-0.209434,-0.239354,-0.239354
23499,-0.209434,-0.239354,-0.269273
23500,-0.209434,-0.239354,-0.239354
23501,-0.209434,-0.269273,-0.239354
23502,-0.209434,-0.239354,-0.239354
23503,-0.209434,-0.239354,-0.239354
23504,-0.209434,-0.239354,-0.239354
23505,-0.239354,-0.269273,-0.269273
23506,-0.239354,-0.299192,-0.269273
23507,-0.239354,-0.269273,-0.269273
23508,-0.209434,-0.269273,-0.269273
23509,-0.209434,-0.239354,-0.239354
23510,-0.179515,-0.209434,-0.209434
23511,-0.179515,-0.209434,-0.209434
23512,-0.179515,-0.209434,-0.209434
23513,-0.179515,-0.209434,-0.209434
23514,-0.179515,-0.239354,-0.209434
23515,-0.179515,-0.209434,-0.239354
23516,-0.179515,-0.239354,-0.239354
23517,-0.179515,-0.239354,-0.239354
23518,-0.179515,-0.239354,-0.239354
23519,-0.179515,-0.239354,-0.239354
23520,-0.179515,-0.239354,-0.239354
23521,-0.149596,-0.209434,-0.209434
23522,-0.149596,-0.179515,-0.179515
23523,-0.149596,-0.209434,-0.209434
23524,-0.179515,-0.209434,-0.209434
23525,-0.209434,-0.239354,-0.239354
23526,-0.209434,-0.239354,-0.239354
23527,-0.209434,-0.269273,-0.239354
23528,-0.209434,-0.239354,-0.239354
23529,-0.209434,-0.239354,-0.239354
23530,-0.209434,-0.269273,-0.239354
23531,-0.209434,-0.239354,-0.239354
23532,-0.209434,-0.239354,-0.239354
23533,-0.209434,-0.239354,-0.239354
23534,-0.209434,-0.239354,-0.239354
23535,-0.209434,-0.239354,-0.239354
23536,-0.209434,-0.239354,-0.239354
23537,-0.239354,-0.269273,-0.269273
23538,-0.239354,-0.269273,-0.269273
23539,-0.239354,-0.269273,-0.269273
23540,-0.209434,-0.269273,-0.269273
23541,-0.209434,-0.239354,-0.239354
23542,-0.179515,-0.239354,-0.209434
23543,-0.179515,-0.209434,-0.209434
23544,-0.179515,-0.239354,-0.209434
23545,-0.179515,-0.239354,-0.209434
23546,-0.179515,-0.239354,-0.209434
23547,-0.179515,-0.239354,-0.209434
23548,-0.179515,-0.239354,-0.239354
23549,-0.179515,-0.239354,-0.239354
23550,-0.179515,-0.239354,-0.239354
23551,-0.179515,-0.239354,-0.239354
23552,-0.179515,-0.239354,-0.239354
23553,-0.149596,-0.209434,-0.209434
23554,-0.149596,-0.179515,-0.179515
23555,-0.149596,-0.209434,-0.209434
23556,-0.179515,-0.209434,-0.209434
23557,-0.209434,-0.239354,-0.239354
23558,-0.209434,-0.269273,-0.239354
23559,-0.209434,-0.239354,-0.239354
23560,-0.209434,-0.239354,-0.239354
23561,-0.209434,-0.239354,-0.239354
23562,-0.209434,-0.239354,-0.239354
23563,-0.209434,-0.239354,-0.239354
23564,-0.209434,-0.239354,-0.239354
23565,-0.209434,-0.239354,-0.239354
23566,-0.209434,-0.239354,-0.239354
23567,-0.209434,-0.239354,-0.239354
23568,-0.209434,-0.239354,-0.239354
23569,-0.239354,-0.269273,-0.269273
23570,-0.239354,-0.269273,-0.269273
23571,-0.239354,-0.269273,-0.269273
23572,-0.209434,-0.269273,-0.269273
23573,-0.209434,-0.239354,-0.239354
23574,-0.179515,-0.239354,-0.209434
23575,-0.179515,-0.209434,-0.209434
23576,-0.179515,-0.209434,-0.239354
23577,-0.179515,-0.239354,-0.239354
23578,-0.179515,-0.239354,-0.209434
23579,-0.179515,-0.239354,-0.209434
23580,-0.179515,-0.239354,-0.239354
23581,-0.179515,-0.239354,-0.239354
23582,-0.179515,-0.239354,-0.239354
23583,-0.179515,-0.239354,-0.239354
23584,-0.179515,-0.239354,-0.239354
23585,-0.149596,-0.209434,-0.209434
23586,-0.149596,-0.179515,-0.179515
23587,-0.149596,-0.209434,-0.209434
23588,-0.179515,-0.209434,-0.209434
23589,-0.209434,-0.239354,-0.239354
23590,-0.209434,-0.239354,-0.239354
23591,-0.209434,-0.269273,-0.239354
23592,-0.209434,-0.269273,-0.239354
23593,-0.209434,-0.239354,-0.239354
23594,-0.209434,-0.269273,-0.239354
23595,-0.209434,-0.269273,-0.239354
23596,-0.209434,-0.239354,-0.239354
23597,-0.209434,-0.239354,-0.239354
23598,-0.209434,-0.239354,-0.239354
23599,-0.209434,-0.239354,-0.239354
23600,-0.209434,-0.239354,-0.239354
23601,-0.239354,-0.269273,-0.269273
23602,-0.239354,-0.299192,-0.269273
23603,-0.209434,-0.269273,-0.269273
23604,-0.209434,-0.269273,-0.269273
23605,-0.209434,-0.239354,-0.239354
23606,-0.179515,-0.239354,-0.239354
23607,-0.179515,-0.239354,-0.239354
23608,-0.179515,-0.239354,-0.209434
23609,-0.179515,-0.239354,-0.209434
23610,-0.179515,-0.239354,-0.209434
23611,-0.179515,-0.239354,-0.209434
23612,-0.179515,-0.239354,-0.209434
23613,-0.179515,-0.239354,-0.239354
23614,-0.179515,-0.239354,-0.239354
23615,-0.179515,-0.239354,-0.239354
23616,-0.179515,-0.239354,-0.239354
23617,-0.149596,-0.209434,-0.209434
23618,-0.149596,-0.209434,-0.179515
23619,-0.149596,-0.209434,-0.209434
23620,-0.179515,-0.209434,-0.209434
23621,-0.209434,-0.239354,-0.239354
23622,-0.209434,-0.269273,-0.239354
23623,-0.209434,-0.269273,-0.239354
23624,-0.209434,-0.239354,-0.239354
23625,-0.209434,-0.269273,-0.239354
23626,-0.209434,-0.269273,-0.239354
23627,-0.209434,-0.269273,-0.239354
23628,-0.209434,-0.269273,-0.239354
23629,-0.209434,-0.239354,-0.239354
23630,-0.209434,-0.239354,-0.239354
23631,-0.209434,-0.239354,-0.239354
23632,-0.209434,-0.239354,-0.239354
23633,-0.239354,-0.269273,-0.269273
23634,-0.239354,-0.269273,-0.269273
23635,-0.239354,-0.269273,-0.269273
23636,-0.209434,-0.269273,-0.269273
23637,-0.209434,-0.239354,-0.239354
23638,-0.179515,-0.239354,-0.239354
23639,-0.179515,-0.239354,-0.209434
23640,-0.179515,-0.209434,-0.209434
23641,-0.179515,-0.239354,-0.239354
23642,-0.179515,-0.239354,-0.239354
23643,-0.179515,-0.239354,-0.209434
23644,-0.179515,-0.239354,-0.209434
23645,-0.179515,-0.239354,-0.239354
23646,-0.179515,-0.239354,-0.239354
23647,-0.179515,-0.239354,-0.239354
23648,-0.179515,-0.239354,-0.239354
23649,-0.149596,-0.209434,-0.209434
23650,-0.149596,-0.209434,-0.209434
23651,-0.149596,-0.209434,-0.209434
23652,-0.179515,-0.209434,-0.209434
23653,-0.179515,-0.239354,-0.239354
23654,-0.209434,-0.239354,-0.239354
23655,-0.209434,-0.269273,-0.239354
23656,-0.209434,-0.239354,-0.239354
23657,-0.209434,-0.239354,-0.239354
23658,-0.209434,-0.269273,-0.239354
23659,-0.209434,-0.269273,-0.239354
23660,-0.209434,-0.239354,-0.239354
23661,-0.209434,-0.239354,-0.239354
23662,-0.209434,-0.239354,-0.239354
23663,-0.209434,-0.239354,-0.239354
23664,-0.209434,-0.239354,-0.239354
23665,-0.239354,-0.269273,-0.269273
23666,-0.239354,-0.299192,-0.269273
23667,-0.209434,-0.269273,-0.269273
23668,-0.209434,-0.269273,-0.269273
23669,-0.209434,-0.239354,-0.239354
23670,-0.179515,-0.239354,-0.209434
23671,-0.179515,-0.239354,-0.209434
23672,-0.179515,-0.209434,-0.209434
23673,-0.179515,-0.239354,-0.209434
23674,-0.179515,-0.239354,-0.239354
23675,-0.179515,-0.239354,-0.209434
23676,-0.179515,-0.239354,-0.239354
23677,-0.179515,-0.239354,-0.239354
23678,-0.179515,-0.239354,-0.239354
23679,-0.179515,-0.239354,-0.239354
23680,-0.179515,-0.239354,-0.239354
23681,-0.149596,-0.209434,-0.209434
23682,-0.149596,-0.209434,-0.179515
23683,-0.149596,-0.209434,-0.209434
23684,-0.179515,-0.209434,-0.209434
23685,-0.209434,-0.239354,-0.239354
23686,-0.209434,-0.239354,-0.239354
23687,-0.209434,-0.269273,-0.239354
23688,-0.209434,-0.239354,-0.239354
23689,-0.209434,-0.239354,-0.239354
23690,-0.209434,-0.239354,-0.239354
23691,-0.209434,-0.239354,-0.239354
23692,-0.209434,-0.239354,-0.239354
23693,-0.209434,-0.239354,-0.239354
23694,-0.209434,-0.239354,-0.239354
23695,-0.179515,-0.239354,-0.239354
23696,-0.209434,-0.239354,-0.239354
23697,-0.239354,-0.269273,-0.269273
23698,-0.239354,-0.269273,-0.269273
23699,-0.239354,-0.269273,-0.269273
23700,-0.209434,-0.269273,-0.269273
23701,-0.209434,-0.239354,-0.239354
23702,-0.179515,-0.239354,-0.209434
23703,-0.179515,-0.239354,-0.209434
23704,-0.179515,-0.209434,-0.209434
23705,-0.179515,-0.239354,-0.209434
23706,-0.179515,-0.239354,-0.209434
23707,-0.179515,-0.239354,-0.209434
23708,-0.179515,-0.239354,-0.239354
23709,-0.179515,-0.239354,-0.239354
23710,-0.179515,-0.239354,-0.239354
23711,-0.179515,-0.239354,-0.239354
23712,-0.179515,-0.239354,-0.239354
23713,-0.149596,-0.209434,-0.209434
23714,-0.149596,-0.209434,-0.179515
23715,-0.149596,-0.209434,-0.209434
23716,-0.179515,-0.209434,-0.209434
23717,-0.179515,-0.239354,-0.239354
23718,-0.209434,-0.239354,-0.239354
23719,-0.209434,-0.269273,-0.239354
23720,-0.209434,-0.269273,-0.239354
23721,-0.209434,-0.239354,-0.239354
23722,-0.209434,-0.239354,-0.239354
23723,-0.209434,-0.269273,-0.239354
23724,-0.209434,-0.239354,-0.239354
23725,-0.209434,-0.239354,-0.239354
23726,-0.209434,-0.239354,-0.239354
23727,-0.209434,-0.239354,-0.239354
23728,-0.209434,-0.239354,-0.239354
23729,-0.239354,-0.269273,-0.269273
23730,-0.239354,-0.269273,-0.269273
23731,-0.209434,-0.269273,-0.269273
23732,-0.209434,-0.269273,-0.269273
23733,-0.209434,-0.239354,-0.239354
23734,-0.179515,-0.239354,-0.209434
23735,-0.179515,-0.239354,-0.239354
23736,-0.179515,-0.239354,-0.209434
23737,-0.179515,-0.239354,-0.209434
23738,-0.179515,-0.209434,-0.209434
23739,-0.179515,-0.209434,-0.209434
23740,-0.179515,-0.239354,-0.239354
23741,-0.179515,-0.239354,-0.239354
23742,-0.179515,-0.239354,-0.239354
23743,-0.179515,-0.239354,-0.239354
23744,-0.179515,-0.239354,-0.239354
23745,-0.149596,-0.209434,-0.209434
23746,-0.149596,-0.209434,-0.209434
23747,-0.179515,-0.209434,-0.209434
23748,-0.179515,-0.209434,-0.209434
23749,-0.179515,-0.239354,-0.239354
23750,-0.209434,-0.269273,-0.239354
23751,-0.209434,-0.239354,-0.269273
23752,-0.209434,-0.239354,-0.239354
23753,-0.209434,-0.239354,-0.239354
23754,-0.209434,-0.239354,-0.239354
23755,-0.209434,-0.269273,-0.239354
23756,-0.209434,-0.239354,-0.239354
23757,-0.209434,-0.239354,-0.239354
23758,-0.179515,-0.239354,-0.239354
23759,-0.209434,-0.239354,-0.239354
23760,-0.209434,-0.239354,-0.239354
23761,-0.239354,-0.269273,-0.269273
23762,-0.239354,-0.299192,-0.269273
23763,-0.239354,-0.269273,-0.269273
23764,-0.209434,-0.269273,-0.269273
23765,-0.209434,-0.239354,-0.239354
23766,-0.179515,-0.239354,-0.239354
23767,-0.179515,-0.239354,-0.209434
23768,-0.179515,-0.239354,-0.209434
23769,-0.179515,-0.239354,-0.209434
23770,-0.179515,-0.239354,-0.209434
23771,-0.179515,-0.239354,-0.209434
23772,-0.179515,-0.239354,-0.239354
23773,-0.179515,-0.239354,-0.239354
23774,-0.179515,-0.239354,-0.239354
23775,-0.179515,-0.239354,-0.239354
23776,-0.179515,-0.239354,-0.239354
23777,-0.149596,-0.209434,-0.209434
23778,-0.149596,-0.209434,-0.179515
23779,-0.179515,-0.209434,-0.209434
23780,-0.179515,-0.209434,-0.209434
23781,-0.179515,-0.239354,-0.239354
23782,-0.209434,-0.269273,-0.239354
23783,-0.209434,-0.269273,-0.239354
23784,-0.209434,-0.269273,-0.239354
23785,-0.209434,-0.239354,-0.239354
23786,-0.209434,-0.239354,-0.239354
23787,-0.209434,-0.239354,-0.239354
23788,-0.209434,-0.239354,-0.239354
23789,-0.209434,-0.239354,-0.239354
23790,-0.209434,-0.239354,-0.239354
23791,-0.209434,-0.239354,-0.239354
23792,-0.209434,-0.239354,-0.239354
23793,-0.239354,-0.269273,-0.269273
23794,-0.239354,-0.269273,-0.269273
23795,-0.209434,-0.269273,-0.269273
23796,-0.209434,-0.269273,-0.239354
23797,-0.179515,-0.239354,-0.239354
23798,-0.179515,-0.239354,-0.239354
23799,-0.179515,-0.239354,-0.239354
23800,-0.179515,-0.239354,-0.209434
23801,-0.179515,-0.239354,-0.209434
23802,-0.179515,-0.209434,-0.209434
23803,-0.179515,-0.239354,-0.209434
23804,-0.179515,-0.239354,-0.239354
23805,-0.179515,-0.239354,-0.239354
23806,-0.179515,-0.239354,-0.239354
23807,-0.179515,-0.239354,-0.239354
23808,-0.179515,-0.239354,-0.209434
23809,-0.149596,-0.209434,-0.209434
23810,-0.149596,-0.209434,-0.209434
23811,-0.179515,-0.209434,-0.209434
23812,-0.179515,-0.239354,-0.209434
23813,-0.209434,-0.239354,-0.239354
23814,-0.209434,-0.269273,-0.239354
23815,-0.209434,-0.269273,-0.239354
23816,-0.209434,-0.239354,-0.239354
23817,-0.209434,-0.239354,-0.239354
23818,-0.209434,-0.269273,-0.239354
23819,-0.209434,-0.269273,-0.239354
23820,-0.209434,-0.239354,-0.239354
23821,-0.209434,-0.239354,-0.239354
23822,-0.209434,-0.239354,-0.239354
23823,-0.209434,-0.239354,-0.239354
23824,-0.209434,-0.239354,-0.239354
23825,-0.239354,-0.269273,-0.269273
23826,-0.239354,-0.269273,-0.269273
23827,-0.239354,-0.269273,-0.269273
23828,-0.209434,-0.269273,-0.239354
23829,-0.209434,-0.239354,-0.239354
23830,-0.179515,-0.239354,-0.209434
23831,-0.179515,-0.239354,-0.209434
23832,-0.179515,-0.239354,-0.209434
23833,-0.179515,-0.239354,-0.209434
23834,-0.179515,-0.209434,-0.209434
23835,-0.179515,-0.209434,-0.209434
23836,-0.179515,-0.239354,-0.239354
23837,-0.179515,-0.239354,-0.239354
23838,-0.179515,-0.239354,-0.239354
23839,-0.179515,-0.239354,-0.239354
23840,-0.179515,-0.239354,-0.239354
23841,-0.149596,-0.209434,-0.179515
23842,-0.149596,-0.209434,-0.179515
23843,-0.149596,-0.209434,-0.209434
23844,-0.179515,-0.209434,-0.209434
23845,-0.209434,-0.239354,-0.239354
23846,-0.209434,-0.239354,-0.239354
23847,-0.209434,-0.269273,-0.239354
23848,-0.209434,-0.269273,-0.239354
23849,-0.209434,-0.269273,-0.239354
23850,-0.209434,-0.239354,-0.239354
23851,-0.209434,-0.239354,-0.239354
23852,-0.209434,-0.239354,-0.239354
23853,-0.209434,-0.239354,-0.239354
23854,-0.209434,-0.239354,-0.239354
23855,-0.209434,-0.239354,-0.239354
23856,-0.209434,-0.239354,-0.239354
23857,-0.239354,-0.269273,-0.269273
23858,-0.239354,-0.269273,-0.269273
23859,-0.209434,-0.269273,-0.269273
23860,-0.209434,-0.269273,-0.269273
23861,-0.209434,-0.239354,-0.239354
23862,-0.179515,-0.239354,-0.209434
23863,-0.179515,-0.209434,-0.209434
23864,-0.179515,-0.239354,-0.209434
23865,-0.179515,-0.239354,-0.209434
23866,-0.179515,-0.239354,-0.239354
23867,-0.179515,-0.239354,-0.239354
23868,-0.179515,-0.239354,-0.239354
23869,-0.179515,-0.239354,-0.239354
23870,-0.179515,-0.239354,-0.239354
23871,-0.179515,-0.239354,-0.239354
23872,-0.179515,-0.239354,-0.239354
23873,-0.149596,-0.209434,-0.179515
23874,-0.149596,-0.209434,-0.209434
23875,-0.179515,-0.209434,-0.209434
23876,-0.179515,-0.209434,-0.209434
23877,-0.209434,-0.239354,-0.239354
23878,-0.209434,-0.239354,-0.239354
23879,-0.209434,-0.269273,-0.239354
23880,-0.209434,-0.239354,-0.239354
23881,-0.209434,-0.239354,-0.239354
23882,-0.209434,-0.239354,-0.239354
23883,-0.209434,-0.239354,-0.239354
23884,-0.209434,-0.239354,-0.239354
23885,-0.209434,-0.239354,-0.239354
23886,-0.209434,-0.239354,-0.239354
23887,-0.209434,-0.239354,-0.239354
23888,-0.209434,-0.239354,-0.239354
23889,-0.239354,-0.269273,-0.269273
23890,-0.239354,-0.269273,-0.269273
23891,-0.209434,-0.269273,-0.269273
23892,-0.209434,-0.269273,-0.239354
23893,-0.179515,-0.239354,-0.239354
23894,-0.179515,-0.239354,-0.209434
23895,-0.179515,-0.239354,-0.209434
23896,-0.179515,-0.209434,-0.209434
23897,-0.179515,-0.209434,-0.209434
23898,-0.179515,-0.209434,-0.209434
23899,-0.179515,-0.209434,-0.209434
23900,-0.179515,-0.239354,-0.209434
23901,-0.179515,-0.239354,-0.239354
23902,-0.179515,-0.239354,-0.239354
23903,-0.179515,-0.239354,-0.239354
23904,-0.179515,-0.239354,-0.209434
23905,-0.149596,-0.209434,-0.179515
23906,-0.149596,-0.209434,-0.179515
23907,-0.179515,-0.209434,-0.209434
23908,-0.179515,-0.209434,-0.209434
23909,-0.209434,-0.239354,-0.239354
23910,-0.209434,-0.269273,-0.239354
23911,-0.209434,-0.269273,-0.239354
23912,-0.209434,-0.239354,-0.239354
23913,-0.209434,-0.239354,-0.239354
23914,-0.209434,-0.239354,-0.239354
23915,-0.209434,-0.239354,-0.239354
23916,-0.209434,-0.239354,-0.239354
23917,-0.209434,-0.239354,-0.239354
23918,-0.209434,-0.239354,-0.239354
23919,-0.209434,-0.239354,-0.239354
23920,-0.209434,-0.239354,-0.239354
23921,-0.239354,-0.299192,-0.269273
23922,-0.239354,-0.269273,-0.269273
23923,-0.239354,-0.269273,-0.269273
23924,-0.209434,-0.269273,-0.239354
23925,-0.179515,-0.239354,-0.239354
23926,-0.179515,-0.239354,-0.209434
23927,-0.179515,-0.239354,-0.209434
23928,-0.179515,-0.209434,-0.209434
23929,-0.179515,-0.209434,-0.209434
23930,-0.179515,-0.239354,-0.209434
23931,-0.179515,-0.239354,-0.239354
23932,-0.179515,-0.239354,-0.239354
23933,-0.179515,-0.239354,-0.239354
23934,-0.179515,-0.239354,-0.239354
23935,-0.179515,-0.239354,-0.239354
23936,-0.179515,-0.239354,-0.209434
23937,-0.149596,-0.209434,-0.179515
23938,-0.149596,-0.209434,-0.179515
23939,-0.179515,-0.209434,-0.209434
23940,-0.179515,-0.239354,-0.209434
23941,-0.209434,-0.239354,-0.239354
23942,-0.209434,-0.239354,-0.269273
23943,-0.209434,-0.239354,-0.269273
23944,-0.209434,-0.239354,-0.239354
23945,-0.209434,-0.239354,-0.239354
23946,-0.209434,-0.269273,-0.239354
23947,-0.209434,-0.269273,-0.239354
23948,-0.209434,-0.239354,-0.239354
23949,-0.209434,-0.239354,-0.239354
23950,-0.209434,-0.239354,-0.239354
23951,-0.209434,-0.239354,-0.239354
23952,-0.209434,-0.239354,-0.239354
23953,-0.239354,-0.269273,-0.269273
23954,-0.239354,-0.269273,-0.269273
23955,-0.209434,-0.269273,-0.269273
23956,-0.209434,-0.269273,-0.239354
23957,-0.209434,-0.239354,-0.239354
23958,-0.179515,-0.239354,-0.209434
23959,-0.179515,-0.239354,-0.239354
23960,-0.179515,-0.209434,-0.209434
23961,-0.179515,-0.209434,-0.209434
23962,-0.179515,-0.239354,-0.209434
23963,-0.179515,-0.239354,-0.209434
23964,-0.179515,-0.239354,-0.239354
23965,-0.179515,-0.239354,-0.239354
23966,-0.179515,-0.239354,-0.239354
23967,-0.179515,-0.239354,-0.239354
23968,-0.179515,-0.209434,-0.209434
23969,-0.149596,-0.179515,-0.209434
23970,-0.149596,-0.209434,-0.209434
23971,-0.179515,-0.209434,-0.209434
23972,-0.179515,-0.239354,-0.209434
23973,-0.209434,-0.239354,-0.239354
23974,-0.209434,-0.269273,-0.239354
23975,-0.209434,-0.269273,-0.239354
23976,-0.209434,-0.239354,-0.239354
23977,-0.209434,-0.239354,-0.239354
23978,-0.209434,-0.239354,-0.239354
23979,-0.209434,-0.239354,-0.239354
23980,-0.209434,-0.239354,-0.239354
23981,-0.209434,-0.239354,-0.239354
23982,-0.209434,-0.239354,-0.239354
23983,-0.209434,-0.239354,-0.239354
23984,-0.209434,-0.269273,-0.239354
23985,-0.239354,-0.269273,-0.269273
23986,-0.239354,-0.269273,-0.269273
23987,-0.209434,-0.269273,-0.269273
23988,-0.209434,-0.269273,-0.239354
23989,-0.209434,-0.239354,-0.239354
23990,-0.179515,-0.239354,-0.209434
23991,-0.179515,-0.209434,-0.209434
23992,-0.179515,-0.209434,-0.209434
23993,-0.179515,-0.239354,-0.239354
23994,-0.179515,-0.239354,-0.209434
23995,-0.179515,-0.239354,-0.209434
23996,-0.179515,-0.239354,-0.239354
23997,-0.179515,-0.239354,-0.239354
23998,-0.179515,-0.239354,-0.239354
23999,-0.179515,-0.239354,-0.239354
24000,-0.179515,-0.209434,-0.209434
24001,-0.149596,-0.179515,-0.179515
24002,-0.149596,-0.209434,-0.209434
24003,-0.179515,-0.209434,-0.209434
24004,-0.179515,-0.239354,-0.209434
24005,-0.209434,-0.239354,-0.239354
24006,-0.209434,-0.239354,-0.239354
24007,-0.209434,-0.239354,-0.239354
24008,-0.209434,-0.239354,-0.239354
24009,-0.209434,-0.239354,-0.239354
24010,-0.209434,-0.239354,-0.239354
24011,-0.209434,-0.239354,-0.239354
24012,-0.209434,-0.239354,-0.239354
24013,-0.209434,-0.239354,-0.239354
24014,-0.209434,-0.239354,-0.239354
24015,-0.209434,-0.239354,-0.239354
24016,-0.209434,-0.239354,-0.239354
24017,-0.239354,-0.299192,-0.269273
24018,-0.239354,-0.269273,-0.269273
24019,-0.209434,-0.269273,-0.269273
24020,-0.209434,-0.269273,-0.269273
24021,-0.179515,-0.239354,-0.239354
24022,-0.179515,-0.239354,-0.209434
24023,-0.179515,-0.239354,-0.209434
24024,-0.179515,-0.239354,-0.209434
24025,-0.179515,-0.239354,-0.209434
24026,-0.179515,-0.239354,-0.209434
24027,-0.179515,-0.239354,-0.209434
24028,-0.179515,-0.239354,-0.239354
24029,-0.179515,-0.239354,-0.239354
24030,-0.179515,-0.239354,-0.239354
24031,-0.179515,-0.239354,-0.239354
24032,-0.179515,-0.239354,-0.209434
24033,-0.149596,-0.209434,-0.179515
24034,-0.149596,-0.209434,-0.209434
24035,-0.179515,-0.209434,-0.209434
24036,-0.179515,-0.239354,-0.209434
24037,-0.209434,-0.239354,-0.239354
24038,-0.209434,-0.269273,-0.239354
24039,-0.209434,-0.269273,-0.239354
24040,-0.209434,-0.269273,-0.239354
24041,-0.209434,-0.239354,-0.239354
24042,-0.209434,-0.269273,-0.239354
24043,-0.209434,-0.269273,-0.239354
24044,-0.209434,-0.239354,-0.239354
24045,-0.209434,-0.239354,-0.239354
24046,-0.209434,-0.239354,-0.239354
24047,-0.209434,-0.239354,-0.239354
24048,-0.209434,-0.269273,-0.269273
24049,-0.239354,-0.269273,-0.269273
24050,-0.239354,-0.269273,-0.269273
24051,-0.239354,-0.269273,-0.269273
24052,-0.209434,-0.239354,-0.269273
24053,-0.179515,-0.239354,-0.239354
24054,-0.179515,-0.239354,-0.209434
24055,-0.179515,-0.239354,-0.209434
24056,-0.179515,-0.209434,-0.239354
24057,-0.179515,-0.239354,-0.209434
24058,-0.179515,-0.239354,-0.209434
24059,-0.179515,-0.239354,-0.209434
24060,-0.179515,-0.239354,-0.209434
24061,-0.179515,-0.239354,-0.239354
24062,-0.179515,-0.239354,-0.239354
24063,-0.179515,-0.239354,-0.239354
24064,-0.179515,-0.239354,-0.209434
24065,-0.149596,-0.179515,-0.179515
24066,-0.149596,-0.209434,-0.209434
24067,-0.149596,-0.209434,-0.209434
24068,-0.179515,-0.239354,-0.209434
24069,-0.209434,-0.239354,-0.239354
24070,-0.209434,-0.239354,-0.239354
24071,-0.209434,-0.239354,-0.239354
24072,-0.209434,-0.239354,-0.239354
24073,-0.209434,-0.239354,-0.239354
24074,-0.209434,-0.239354,-0.239354
24075,-0.209434,-0.269273,-0.239354
24076,-0.209434,-0.269273,-0.239354
24077,-0.209434,-0.239354,-0.239354
24078,-0.209434,-0.239354,-0.239354
24079,-0.209434,-0.239354,-0.239354
24080,-0.209434,-0.269273,-0.239354
24081,-0.239354,-0.269273,-0.269273
24082,-0.239354,-0.269273,-0.269273
24083,-0.209434,-0.269273,-0.269273
24084,-0.209434,-0.269273,-0.239354
24085,-0.179515,-0.239354,-0.239354
24086,-0.179515,-0.209434,-0.239354
24087,-0.179515,-0.209434,-0.209434
24088,-0.179515,-0.239354,-0.209434
24089,-0.179515,-0.239354,-0.239354
24090,-0.179515,-0.209434,-0.209434
24091,-0.179515,-0.239354,-0.209434
24092,-0.179515,-0.239354,-0.239354
24093,-0.179515,-0.239354,-0.239354
24094,-0.179515,-0.239354,-0.239354
24095,-0.179515,-0.239354,-0.239354
24096,-0.179515,-0.239354,-0.209434
24097,-0.149596,-0.179515,-0.179515
24098,-0.149596,-0.209434,-0.209434
24099,-0.179515,-0.209434,-0.209434
24100,-0.179515,-0.209434,-0.209434
24101,-0.209434,-0.239354,-0.239354
24102,-0.209434,-0.269273,-0.239354
24103,-0.209434,-0.239354,-0.239354
24104,-0.209434,-0.239354,-0.239354
24105,-0.209434,-0.269273,-0.239354
24106,-0.209434,-0.269273,-0.239354
24107,-0.209434,-0.239354,-0.239354
24108,-0.209434,-0.239354,-0.239354
24109,-0.209434,-0.239354,-0.239354
24110,-0.209434,-0.239354,-0.239354
24111,-0.209434,-0.239354,-0.239354
24112,-0.209434,-0.269273,-0.239354
24113,-0.239354,-0.299192,-0.269273
24114,-0.239354,-0.269273,-0.269273
24115,-0.209434,-0.269273,-0.269273
24116,-0.209434,-0.269273,-0.269273
24117,-0.179515,-0.239354,-0.239354
24118,-0.179515,-0.239354,-0.239354
24119,-0.179515,-0.209434,-0.239354
24120,-0.179515,-0.209434,-0.209434
24121,-0.179515,-0.209434,-0.239354
24122,-0.179515,-0.209434,-0.209434
24123,-0.179515,-0.239354,-0.209434
24124,-0.179515,-0.239354,-0.239354
24125,-0.209434,-0.239354,-0.239354
24126,-0.179515,-0.239354,-0.239354
24127,-0.179515,-0.239354,-0.239354
24128,-0.179515,-0.209434,-0.209434
24129,-0.149596,-0.179515,-0.179515
24130,-0.149596,-0.209434,-0.209434
24131,-0.179515,-0.209434,-0.209434
24132,-0.179515,-0.239354,-0.209434
24133,-0.209434,-0.239354,-0.239354
24134,-0.209434,-0.239354,-0.239354
24135,-0.209434,-0.239354,-0.239354
24136,-0.209434,-0.269273,-0.239354
24137,-0.209434,-0.239354,-0.239354
24138,-0.209434,-0.239354,-0.239354
24139,-0.209434,-0.239354,-0.239354
24140,-0.209434,-0.239354,-0.239354
24141,-0.209434,-0.239354,-0.239354
24142,-0.209434,-0.239354,-0.239354
24143,-0.209434,-0.239354,-0.239354
24144,-0.209434,-0.239354,-0.239354
24145,-0.239354,-0.269273,-0.269273
24146,-0.239354,-0.269273,-0.269273
24147,-0.209434,-0.269273,-0.269273
24148,-0.209434,-0.269273,-0.239354
24149,-0.179515,-0.239354,-0.239354
24150,-0.179515,-0.239354,-0.239354
24151,-0.179515,-0.239354,-0.209434
24152,-0.179515,-0.209434,-0.209434
24153,-0.179515,-0.239354,-0.209434
24154,-0.179515,-0.239354,-0.209434
24155,-0.179515,-0.239354,-0.239354
24156,-0.179515,-0.239354,-0.239354
24157,-0.179515,-0.239354,-0.239354
24158,-0.179515,-0.239354,-0.239354
24159,-0.179515,-0.239354,-0.239354
24160,-0.179515,-0.239354,-0.209434
24161,-0.149596,-0.209434,-0.179515
24162,-0.149596,-0.209434,-0.209434
24163,-0.179515,-0.209434,-0.209434
24164,-0.179515,-0.239354,-0.209434
24165,-0.209434,-0.239354,-0.239354
24166,-0.209434,-0.269273,-0.269273
24167,-0.209434,-0.239354,-0.239354
24168,-0.209434,-0.239354,-0.239354
24169,-0.209434,-0.239354,-0.239354
24170,-0.209434,-0.269273,-0.239354
24171,-0.209434,-0.269273,-0.239354
24172,-0.209434,-0.239354,-0.239354
24173,-0.209434,-0.239354,-0.239354
24174,-0.209434,-0.239354,-0.239354
24175,-0.209434,-0.239354,-0.239354
24176,-0.209434,-0.269273,-0.239354
24177,-0.239354,-0.269273,-0.269273
24178,-0.239354,-0.269273,-0.269273
24179,-0.209434,-0.269273,-0.269273
24180,-0.209434,-0.269273,-0.239354
24181,-0.179515,-0.239354,-0.239354
24182,-0.179515,-0.239354,-0.239354
24183,-0.179515,-0.209434,-0.209434
24184,-0.179515,-0.209434,-0.209434
24185,-0.179515,-0.209434,-0.209434
24186,-0.179515,-0.209434,-0.209434
24187,-0.179515,-0.209434,-0.209434
24188,-0.179515,-0.239354,-0.239354
24189,-0.179515,-0.239354,-0.239354
24190,-0.179515,-0.239354,-0.239354
24191,-0.179515,-0.239354,-0.239354
24192,-0.179515,-0.209434,-0.209434
24193,-0.149596,-0.179515,-0.179515
24194,-0.149596,-0.209434,-0.209434
24195,-0.179515,-0.209434,-0.209434
24196,-0.179515,-0.239354,-0.209434
24197,-0.209434,-0.239354,-0.239354
24198,-0.209434,-0.239354,-0.239354
24199,-0.209434,-0.269273,-0.239354
24200,-0.209434,-0.269273,-0.239354
24201,-0.209434,-0.239354,-0.239354
24202,-0.209434,-0.269273,-0.239354
24203,-0.209434,-0.239354,-0.239354
24204,-0.209434,-0.239354,-0.239354
24205,-0.209434,-0.239354,-0.239354
24206,-0.209434,-0.239354,-0.239354
24207,-0.209434,-0.239354,-0.239354
24208,-0.209434,-0.269273,-0.269273
24209,-0.239354,-0.269273,-0.269273
24210,-0.239354,-0.269273,-0.269273
24211,-0.209434,-0.269273,-0.269273
24212,-0.209434,-0.269273,-0.239354
24213,-0.179515,-0.239354,-0.239354
24214,-0.179515,-0.239354,-0.239354
24215,-0.179515,-0.239354,-0.209434
24216,-0.179515,-0.239354,-0.209434
24217,-0.179515,-0.239354,-0.209434
24218,-0.179515,-0.209434,-0.209434
24219,-0.179515,-0.209434,-0.209434
24220,-0.179515,-0.239354,-0.239354
24221,-0.179515,-0.239354,-0.239354
24222,-0.179515,-0.239354,-0.209434
24223,-0.209434,-0.239354,-0.239354
24224,-0.179515,-0.209434,-0.209434
24225,-0.149596,-0.179515,-0.179515
24226,-0.149596,-0.209434,-0.179515
24227,-0.179515,-0.209434,-0.209434
24228,-0.179515,-0.239354,-0.239354
24229,-0.209434,-0.239354,-0.239354
24230,-0.209434,-0.269273,-0.239354
24231,-0.209434,-0.239354,-0.239354
24232,-0.209434,-0.239354,-0.239354
24233,-0.209434,-0.239354,-0.239354
24234,-0.209434,-0.239354,-0.239354
24235,-0.209434,-0.239354,-0.239354
24236,-0.209434,-0.239354,-0.239354
24237,-0.209434,-0.239354,-0.239354
24238,-0.209434,-0.239354,-0.239354
24239,-0.209434,-0.239354,-0.239354
24240,-0.209434,-0.269273,-0.269273
24241,-0.239354,-0.269273,-0.269273
24242,-0.239354,-0.269273,-0.269273
24243,-0.209434,-0.269273,-0.269273
24244,-0.209434,-0.239354,-0.269273
24245,-0.209434,-0.239354,-0.239354
24246,-0.179515,-0.239354,-0.209434
24247,-0.179515,-0.239354,-0.209434
24248,-0.179515,-0.239354,-0.209434
24249,-0.179515,-0.239354,-0.239354
24250,-0.179515,-0.209434,-0.209434
24251,-0.179515,-0.239354,-0.209434
24252,-0.179515,-0.239354,-0.239354
24253,-0.179515,-0.239354,-0.239354
24254,-0.179515,-0.239354,-0.239354
24255,-0.179515,-0.239354,-0.239354
24256,-0.179515,-0.209434,-0.209434
24257,-0.149596,-0.179515,-0.179515
24258,-0.149596,-0.209434,-0.209434
24259,-0.179515,-0.209434,-0.209434
24260,-0.179515,-0.239354,-0.209434
24261,-0.209434,-0.239354,-0.239354
24262,-0.209434,-0.269273,-0.239354
24263,-0.209434,-0.269273,-0.239354
24264,-0.209434,-0.239354,-0.239354
24265,-0.209434,-0.239354,-0.239354
24266,-0.209434,-0.239354,-0.239354
24267,-0.209434,-0.239354,-0.239354
24268,-0.209434,-0.239354,-0.239354
24269,-0.209434,-0.239354,-0.239354
24270,-0.209434,-0.239354,-0.239354
24271,-0.209434,-0.239354,-0.239354
24272,-0.209434,-0.269273,-0.269273
24273,-0.239354,-0.299192,-0.269273
24274,-0.239354,-0.269273,-0.269273
24275,-0.209434,-0.269273,-0.269273
24276,-0.209434,-0.239354,-0.239354
24277,-0.179515,-0.239354,-0.239354
24278,-0.179515,-0.239354,-0.209434
24279,-0.179515,-0.239354,-0.209434
24280,-0.179515,-0.239354,-0.209434
24281,-0.179515,-0.239354,-0.239354
24282,-0.179515,-0.239354,-0.209434
24283,-0.179515,-0.239354,-0.209434
24284,-0.179515,-0.239354,-0.239354
24285,-0.179515,-0.239354,-0.239354
24286,-0.179515,-0.239354,-0.239354
24287,-0.179515,-0.239354,-0.239354
24288,-0.179515,-0.209434,-0.209434
24289,-0.149596,-0.209434,-0.179515
24290,-0.149596,-0.209434,-0.209434
24291,-0.179515,-0.209434,-0.209434
24292,-0.179515,-0.239354,-0.209434
24293,-0.209434,-0.239354,-0.239354
24294,-0.209434,-0.269273,-0.239354
24295,-0.209434,-0.239354,-0.239354
24296,-0.209434,-0.269273,-0.239354
24297,-0.209434,-0.239354,-0.239354
24298,-0.209434,-0.239354,-0.239354
24299,-0.209434,-0.239354,-0.239354
24300,-0.209434,-0.239354,-0.239354
24301,-0.209434,-0.239354,-0.239354
24302,-0.209434,-0.239354,-0.239354
24303,-0.209434,-0.239354,-0.239354
24304,-0.209434,-0.269273,-0.269273
24305,-0.239354,-0.299192,-0.299192
24306,-0.239354,-0.269273,-0.269273
24307,-0.209434,-0.269273,-0.269273
24308,-0.209434,-0.239354,-0.269273
24309,-0.179515,-0.239354,-0.239354
24310,-0.179515,-0.239354,-0.209434
24311,-0.179515,-0.239354,-0.239354
24312,-0.179515,-0.239354,-0.209434
24313,-0.179515,-0.239354,-0.209434
24314,-0.179515,-0.239354,-0.209434
24315,-0.179515,-0.239354,-0.239354
24316,-0.179515,-0.239354,-0.239354
24317,-0.179515,-0.239354,-0.239354
24318,-0.179515,-0.239354,-0.239354
24319,-0.179515,-0.239354,-0.239354
24320,-0.179515,-0.209434,-0.209434
24321,-0.149596,-0.209434,-0.179515
24322,-0.149596,-0.209434,-0.209434
24323,-0.179515,-0.209434,-0.209434
24324,-0.179515,-0.239354,-0.209434
24325,-0.209434,-0.239354,-0.239354
24326,-0.209434,-0.269273,-0.239354
24327,-0.209434,-0.269273,-0.239354
24328,-0.209434,-0.239354,-0.239354
24329,-0.209434,-0.239354,-0.239354
24330,-0.209434,-0.269273,-0.239354
24331,-0.209434,-0.239354,-0.239354
24332,-0.209434,-0.239354,-0.239354
24333,-0.209434,-0.239354,-0.239354
24334,-0.209434,-0.239354,-0.239354
24335,-0.209434,-0.239354,-0.239354
24336,-0.209434,-0.269273,-0.269273
24337,-0.239354,-0.269273,-0.269273
24338,-0.239354,-0.269273,-0.269273
24339,-0.209434,-0.269273,-0.269273
24340,-0.209434,-0.269273,-0.239354
24341,-0.179515,-0.239354,-0.239354
24342,-0.179515,-0.239354,-0.209434
24343,-0.179515,-0.239354,-0.209434
24344,-0.179515,-0.239354,-0.209434
24345,-0.179515,-0.239354,-0.209434
24346,-0.179515,-0.209434,-0.209434
24347,-0.179515,-0.239354,-0.239354
24348,-0.179515,-0.239354,-0.239354
24349,-0.179515,-0.239354,-0.239354
24350,-0.179515,-0.239354,-0.239354
24351,-0.179515,-0.239354,-0.239354
24352,-0.179515,-0.209434,-0.209434
24353,-0.149596,-0.209434,-0.179515
24354,-0.149596,-0.209434,-0.209434
24355,-0.179515,-0.209434,-0.209434
24356,-0.179515,-0.239354,-0.239354
24357,-0.209434,-0.239354,-0.239354
24358,-0.209434,-0.239354,-0.239354
24359,-0.209434,-0.239354,-0.239354
24360,-0.209434,-0.269273,-0.239354
24361,-0.209434,-0.269273,-0.239354
24362,-0.209434,-0.239354,-0.269273
24363,-0.209434,-0.239354,-0.239354
24364,-0.209434,-0.239354,-0.239354
24365,-0.209434,-0.239354,-0.239354
24366,-0.209434,-0.239354,-0.239354
24367,-0.209434,-0.239354,-0.239354
24368,-0.209434,-0.269273,-0.269273
24369,-0.239354,-0.299192,-0.269273
24370,-0.239354,-0.269273,-0.269273
24371,-0.209434,-0.269273,-0.269273
24372,-0.209434,-0.269273,-0.239354
24373,-0.179515,-0.239354,-0.239354
24374,-0.179515,-0.239354,-0.209434
24375,-0.179515,-0.239354,-0.209434
24376,-0.179515,-0.239354,-0.209434
24377,-0.179515,-0.239354,-0.239354
24378,-0.179515,-0.209434,-0.209434
24379,-0.179515,-0.209434,-0.209434
24380,-0.179515,-0.239354,-0.239354
24381,-0.179515,-0.239354,-0.239354
24382,-0.179515,-0.239354,-0.239354
24383,-0.179515,-0.239354,-0.239354
24384,-0.179515,-0.209434,-0.209434
24385,-0.149596,-0.179515,-0.179515
24386,-0.149596,-0.209434,-0.209434
24387,-0.179515,-0.209434,-0.209434
24388,-0.179515,-0.239354,-0.239354
24389,-0.209434,-0.239354,-0.239354
24390,-0.209434,-0.269273,-0.239354
24391,-0.209434,-0.269273,-0.239354
24392,-0.209434,-0.239354,-0.239354
24393,-0.209434,-0.239354,-0.239354
24394,-0.209434,-0.269273,-0.239354
24395,-0.209434,-0.239354,-0.239354
24396,-0.209434,-0.239354,-0.239354
24397,-0.209434,-0.239354,-0.239354
24398,-0.209434,-0.239354,-0.239354
24399,-0.209434,-0.239354,-0.239354
24400,-0.209434,-0.269273,-0.269273
24401,-0.239354,-0.299192,-0.269273
24402,-0.239354,-0.269273,-0.269273
24403,-0.209434,-0.269273,-0.269273
24404,-0.209434,-0.269273,-0.239354
24405,-0.179515,-0.239354,-0.239354
24406,-0.179515,-0.209434,-0.239354
24407,-0.179515,-0.239354,-0.209434
24408,-0.179515,-0.209434,-0.209434
24409,-0.179515,-0.239354,-0.239354
24410,-0.179515,-0.239354,-0.239354
24411,-0.179515,-0.239354,-0.239354
24412,-0.179515,-0.239354,-0.239354
24413,-0.179515,-0.239354,-0.239354
24414,-0.179515,-0.239354,-0.239354
24415,-0.179515,-0.239354,-0.239354
24416,-0.179515,-0.209434,-0.209434
24417,-0.149596,-0.179515,-0.179515
24418,-0.149596,-0.209434,-0.209434
24419,-0.179515,-0.209434,-0.209434
24420,-0.179515,-0.239354,-0.239354
24421,-0.209434,-0.239354,-0.239354
24422,-0.209434,-0.239354,-0.239354
24423,-0.209434,-0.239354,-0.239354
24424,-0.209434,-0.239354,-0.239354
24425,-0.209434,-0.239354,-0.239354
24426,-0.209434,-0.269273,-0.239354
24427,-0.209434,-0.239354,-0.239354
24428,-0.209434,-0.239354,-0.239354
24429,-0.209434,-0.239354,-0.239354
24430,-0.209434,-0.239354,-0.239354
24431,-0.209434,-0.239354,-0.239354
24432,-0.209434,-0.269273,-0.269273
24433,-0.239354,-0.299192,-0.269273
24434,-0.239354,-0.269273,-0.269273
24435,-0.209434,-0.269273,-0.269273
24436,-0.209434,-0.239354,-0.239354
24437,-0.179515,-0.239354,-0.239354
24438,-0.179515,-0.239354,-0.239354
24439,-0.179515,-0.239354,-0.239354
24440,-0.179515,-0.239354,-0.239354
24441,-0.179515,-0.239354,-0.239354
24442,-0.179515,-0.239354,-0.209434
24443,-0.179515,-0.239354,-0.239354
24444,-0.179515,-0.239354,-0.239354
24445,-0.179515,-0.239354,-0.239354
24446,-0.179515,-0.239354,-0.239354
24447,-0.179515,-0.239354,-0.239354
24448,-0.179515,-0.209434,-0.209434
24449,-0.149596,-0.179515,-0.179515
24450,-0.149596,-0.209434,-0.209434
24451,-0.179515,-0.209434,-0.209434
24452,-0.179515,-0.239354,-0.209434
24453,-0.209434,-0.239354,-0.239354
24454,-0.209434,-0.269273,-0.239354
24455,-0.209434,-0.269273,-0.239354
24456,-0.209434,-0.269273,-0.239354
24457,-0.209434,-0.269273,-0.239354
24458,-0.209434,-0.269273,-0.269273
24459,-0.209434,-0.269273,-0.239354
24460,-0.209434,-0.239354,-0.239354
24461,-0.209434,-0.239354,-0.239354
24462,-0.209434,-0.239354,-0.239354
24463,-0.209434,-0.239354,-0.239354
24464,-0.209434,-0.269273,-0.269273
24465,-0.239354,-0.299192,-0.269273
24466,-0.239354,-0.269273,-0.269273
24467,-0.209434,-0.269273,-0.269273
24468,-0.209434,-0.239354,-0.239354
24469,-0.179515,-0.239354,-0.239354
24470,-0.179515,-0.239354,-0.209434
24471,-0.179515,-0.209434,-0.209434
24472,-0.179515,-0.209434,-0.209434
24473,-0.179515,-0.239354,-0.239354
24474,-0.179515,-0.239354,-0.239354
24475,-0.179515,-0.239354,-0.239354
24476,-0.179515,-0.239354,-0.239354
24477,-0.179515,-0.239354,-0.239354
24478,-0.179515,-0.239354,-0.239354
24479,-0.209434,-0.239354,-0.239354
24480,-0.179515,-0.209434,-0.209434
24481,-0.149596,-0.179515,-0.179515
24482,-0.149596,-0.209434,-0.209434
24483,-0.179515,-0.209434,-0.209434
24484,-0.179515,-0.239354,-0.209434
24485,-0.209434,-0.239354,-0.239354
24486,-0.209434,-0.269273,-0.239354
24487,-0.209434,-0.239354,-0.239354
24488,-0.209434,-0.239354,-0.239354
24489,-0.209434,-0.239354,-0.239354
24490,-0.209434,-0.269273,-0.239354
24491,-0.209434,-0.269273,-0.239354
24492,-0.209434,-0.269273,-0.239354
24493,-0.209434,-0.239354,-0.239354
24494,-0.209434,-0.239354,-0.239354
24495,-0.209434,-0.239354,-0.239354
24496,-0.209434,-0.269273,-0.269273
24497,-0.239354,-0.299192,-0.269273
24498,-0.239354,-0.269273,-0.269273
24499,-0.209434,-0.269273,-0.269273
24500,-0.209434,-0.239354,-0.239354
24501,-0.179515,-0.239354,-0.239354
24502,-0.179515,-0.239354,-0.209434
24503,-0.179515,-0.239354,-0.209434
24504,-0.179515,-0.239354,-0.209434
24505,-0.179515,-0.239354,-0.209434
24506,-0.179515,-0.239354,-0.239354
24507,-0.179515,-0.239354,-0.239354
24508,-0.179515,-0.239354,-0.239354
24509,-0.179515,-0.239354,-0.239354
24510,-0.179515,-0.239354,-0.239354
24511,-0.179515,-0.239354,-0.239354
24512,-0.179515,-0.209434,-0.209434
24513,-0.149596,-0.179515,-0.179515
24514,-0.149596,-0.209434,-0.209434
24515,-0.179515,-0.209434,-0.209434
24516,-0.179515,-0.239354,-0.239354
24517,-0.209434,-0.239354,-0.239354
24518,-0.209434,-0.269273,-0.239354
24519,-0.209434,-0.269273,-0.239354
24520,-0.209434,-0.239354,-0.239354
24521,-0.209434,-0.269273,-0.239354
24522,-0.209434,-0.269273,-0.239354
24523,-0.209434,-0.239354,-0.239354
24524,-0.209434,-0.239354,-0.239354
24525,-0.209434,-0.239354,-0.239354
24526,-0.209434,-0.239354,-0.239354
24527,-0.209434,-0.239354,-0.239354
24528,-0.209434,-0.269273,-0.269273
24529,-0.239354,-0.269273,-0.269273
24530,-0.239354,-0.269273,-0.269273
24531,-0.209434,-0.269273,-0.269273
24532,-0.209434,-0.269273,-0.239354
24533,-0.179515,-0.239354,-0.239354
24534,-0.179515,-0.209434,-0.209434
24535,-0.179515,-0.239354,-0.209434
24536,-0.179515,-0.239354,-0.209434
24537,-0.179515,-0.209434,-0.239354
24538,-0.179515,-0.209434,-0.239354
24539,-0.179515,-0.239354,-0.209434
24540,-0.179515,-0.239354,-0.239354
24541,-0.179515,-0.239354,-0.239354
24542,-0.179515,-0.239354,-0.239354
24543,-0.179515,-0.239354,-0.239354
24544,-0.179515,-0.209434,-0.209434
24545,-0.149596,-0.209434,-0.179515
24546,-0.149596,-0.209434,-0.209434
24547,-0.179515,-0.209434,-0.209434
24548,-0.179515,-0.239354,-0.239354
24549,-0.209434,-0.239354,-0.239354
24550,-0.209434,-0.269273,-0.239354
24551,-0.209434,-0.239354,-0.269273
24552,-0.209434,-0.239354,-0.239354
24553,-0.209434,-0.269273,-0.239354
24554,-0.209434,-0.269273,-0.239354
24555,-0.209434,-0.269273,-0.239354
24556,-0.209434,-0.239354,-0.239354
24557,-0.209434,-0.239354,-0.239354
24558,-0.209434,-0.239354,-0.239354
24559,-0.209434,-0.239354,-0.239354
24560,-0.209434,-0.269273,-0.269273
24561,-0.239354,-0.299192,-0.269273
24562,-0.239354,-0.269273,-0.269273
24563,-0.209434,-0.269273,-0.269273
24564,-0.209434,-0.269273,-0.239354
24565,-0.179515,-0.239354,-0.239354
24566,-0.179515,-0.239354,-0.209434
24567,-0.179515,-0.239354,-0.209434
24568,-0.179515,-0.239354,-0.209434
24569,-0.179515,-0.239354,-0.209434
24570,-0.179515,-0.209434,-0.209434
24571,-0.179515,-0.239354,-0.209434
24572,-0.179515,-0.239354,-0.239354
24573,-0.179515,-0.239354,-0.239354
24574,-0.179515,-0.239354,-0.239354
24575,-0.179515,-0.239354,-0.239354
24576,-0.149596,-0.209434,-0.209434
24577,-0.149596,-0.179515,-0.179515
24578,-0.149596,-0.209434,-0.209434
24579,-0.179515,-0.209434,-0.209434
24580,-0.179515,-0.239354,-0.239354
24581,-0.209434,-0.239354,-0.239354
24582,-0.209434,-0.269273,-0.239354
24583,-0.209434,-0.239354,-0.269273
24584,-0.209434,-0.239354,-0.239354
24585,-0.209434,-0.239354,-0.239354
24586,-0.209434,-0.269273,-0.239354
24587,-0.209434,-0.239354,-0.239354
24588,-0.209434,-0.239354,-0.239354
24589,-0.209434,-0.239354,-0.239354
24590,-0.209434,-0.239354,-0.239354
24591,-0.209434,-0.239354,-0.239354
24592,-0.239354,-0.269273,-0.269273
24593,-0.239354,-0.269273,-0.269273
24594,-0.239354,-0.269273,-0.269273
24595,-0.209434,-0.269273,-0.269273
24596,-0.209434,-0.239354,-0.239354
24597,-0.179515,-0.239354,-0.239354
24598,-0.179515,-0.239354,-0.239354
24599,-0.179515,-0.239354,-0.209434
24600,-0.179515,-0.209434,-0.209434
24601,-0.179515,-0.239354,-0.209434
24602,-0.179515,-0.239354,-0.209434
24603,-0.179515,-0.239354,-0.239354
24604,-0.179515,-0.239354,-0.239354
24605,-0.179515,-0.239354,-0.239354
24606,-0.179515,-0.239354,-0.239354
24607,-0.179515,-0.239354,-0.239354
24608,-0.179515,-0.209434,-0.209434
24609,-0.149596,-0.209434,-0.179515
24610,-0.149596,-0.209434,-0.209434
24611,-0.179515,-0.209434,-0.209434
24612,-0.179515,-0.239354,-0.239354
24613,-0.209434,-0.239354,-0.239354
24614,-0.209434,-0.239354,-0.239354
24615,-0.209434,-0.269273,-0.239354
24616,-0.209434,-0.269273,-0.239354
24617,-0.209434,-0.239354,-0.239354
24618,-0.209434,-0.269273,-0.239354
24619,-0.209434,-0.239354,-0.239354
24620,-0.209434,-0.239354,-0.239354
24621,-0.209434,-0.239354,-0.239354
24622,-0.209434,-0.239354,-0.239354
24623,-0.209434,-0.239354,-0.239354
24624,-0.209434,-0.269273,-0.269273
24625,-0.239354,-0.269273,-0.299192
24626,-0.209434,-0.269273,-0.269273
24627,-0.209434,-0.269273,-0.269273
24628,-0.209434,-0.239354,-0.239354
24629,-0.179515,-0.239354,-0.239354
24630,-0.179515,-0.239354,-0.209434
24631,-0.179515,-0.239354,-0.209434
24632,-0.179515,-0.209434,-0.209434
24633,-0.179515,-0.239354,-0.209434
24634,-0.179515,-0.239354,-0.209434
24635,-0.179515,-0.239354,-0.239354
24636,-0.179515,-0.239354,-0.209434
24637,-0.179515,-0.239354,-0.239354
24638,-0.179515,-0.239354,-0.239354
24639,-0.179515,-0.239354,-0.239354
24640,-0.179515,-0.209434,-0.209434
24641,-0.149596,-0.179515,-0.209434
24642,-0.149596,-0.209434,-0.209434
24643,-0.179515,-0.209434,-0.209434
24644,-0.179515,-0.239354,-0.239354
24645,-0.209434,-0.239354,-0.239354
24646,-0.209434,-0.239354,-0.239354
24647,-0.209434,-0.269273,-0.239354
24648,-0.209434,-0.269273,-0.239354
24649,-0.209434,-0.239354,-0.239354
24650,-0.209434,-0.269273,-0.239354
24651,-0.209434,-0.239354,-0.239354
24652,-0.209434,-0.239354,-0.239354
24653,-0.209434,-0.239354,-0.239354
24654,-0.179515,-0.239354,-0.239354
24655,-0.209434,-0.239354,-0.239354
24656,-0.239354,-0.269273,-0.269273
24657,-0.239354,-0.299192,-0.269273
24658,-0.239354,-0.269273,-0.269273
24659,-0.209434,-0.269273,-0.269273
24660,-0.209434,-0.239354,-0.239354
24661,-0.179515,-0.239354,-0.239354
24662,-0.179515,-0.239354,-0.239354
24663,-0.179515,-0.239354,-0.239354
24664,-0.179515,-0.209434,-0.209434
24665,-0.179515,-0.239354,-0.209434
24666,-0.179515,-0.239354,-0.209434
24667,-0.179515,-0.239354,-0.209434
24668,-0.179515,-0.239354,-0.239354
24669,-0.179515,-0.239354,-0.239354
24670,-0.179515,-0.239354,-0.239354
24671,-0.179515,-0.239354,-0.239354
24672,-0.149596,-0.209434,-0.209434
24673,-0.149596,-0.179515,-0.179515
24674,-0.149596,-0.209434,-0.209434
24675,-0.179515,-0.209434,-0.209434
24676,-0.179515,-0.239354,-0.239354
24677,-0.209434,-0.239354,-0.239354
24678,-0.209434,-0.269273,-0.239354
24679,-0.209434,-0.269273,-0.239354
24680,-0.209434,-0.269273,-0.239354
24681,-0.209434,-0.239354,-0.239354
24682,-0.209434,-0.269273,-0.269273
24683,-0.209434,-0.269273,-0.239354
24684,-0.209434,-0.239354,-0.239354
24685,-0.209434,-0.239354,-0.239354
24686,-0.209434,-0.239354,-0.239354
24687,-0.209434,-0.239354,-0.239354
24688,-0.239354,-0.269273,-0.269273
24689,-0.239354,-0.299192,-0.269273
24690,-0.239354,-0.269273,-0.269273
24691,-0.209434,-0.269273,-0.269273
24692,-0.209434,-0.239354,-0.239354
24693,-0.179515,-0.239354,-0.239354
24694,-0.179515,-0.239354,-0.209434
24695,-0.179515,-0.209434,-0.209434
24696,-0.179515,-0.209434,-0.239354
24697,-0.179515,-0.209434,-0.239354
24698,-0.179515,-0.239354,-0.209434
24699,-0.179515,-0.239354,-0.239354
24700,-0.179515,-0.239354,-0.239354
24701,-0.179515,-0.239354,-0.239354
24702,-0.179515,-0.239354,-0.239354
24703,-0.179515,-0.239354,-0.239354
24704,-0.149596,-0.209434,-0.209434
24705,-0.149596,-0.209434,-0.179515
24706,-0.149596,-0.209434,-0.209434
24707,-0.179515,-0.209434,-0.209434
24708,-0.179515,-0.239354,-0.239354
24709,-0.209434,-0.269273,-0.239354
24710,-0.209434,-0.239354,-0.239354
24711,-0.209434,-0.269273,-0.269273
24712,-0.209434,-0.269273,-0.239354
24713,-0.209434,-0.269273,-0.239354
24714,-0.209434,-0.239354,-0.239354
24715,-0.209434,-0.239354,-0.239354
24716,-0.209434,-0.239354,-0.239354
24717,-0.209434,-0.239354,-0.239354
24718,-0.209434,-0.239354,-0.239354
24719,-0.209434,-0.239354,-0.239354
24720,-0.239354,-0.269273,-0.269273
24721,-0.239354,-0.269273,-0.269273
24722,-0.239354,-0.269273,-0.269273
24723,-0.209434,-0.269273,-0.269273
24724,-0.209434,-0.239354,-0.239354
24725,-0.179515,-0.239354,-0.239354
24726,-0.179515,-0.239354,-0.209434
24727,-0.179515,-0.209434,-0.209434
24728,-0.179515,-0.239354,-0.209434
24729,-0.179515,-0.239354,-0.239354
24730,-0.179515,-0.239354,-0.239354
24731,-0.179515,-0.239354,-0.239354
24732,-0.179515,-0.239354,-0.239354
24733,-0.179515,-0.239354,-0.239354
24734,-0.179515,-0.239354,-0.239354
24735,-0.179515,-0.239354,-0.239354
24736,-0.149596,-0.209434,-0.209434
24737,-0.149596,-0.179515,-0.179515
24738,-0.149596,-0.209434,-0.209434
24739,-0.179515,-0.209434,-0.209434
24740,-0.179515,-0.239354,-0.239354
24741,-0.209434,-0.239354,-0.239354
24742,-0.209434,-0.269273,-0.269273
24743,-0.209434,-0.269273,-0.239354
24744,-0.209434,-0.239354,-0.239354
24745,-0.209434,-0.239354,-0.239354
24746,-0.209434,-0.269273,-0.269273
24747,-0.209434,-0.239354,-0.239354
24748,-0.209434,-0.239354,-0.239354
24749,-0.209434,-0.239354,-0.239354
24750,-0.209434,-0.239354,-0.239354
24751,-0.209434,-0.239354,-0.239354
24752,-0.239354,-0.269273,-0.269273
24753,-0.239354,-0.299192,-0.269273
24754,-0.209434,-0.269273,-0.269273
24755,-0.209434,-0.269273,-0.269273
24756,-0.209434,-0.239354,-0.239354
24757,-0.179515,-0.239354,-0.239354
24758,-0.179515,-0.239354,-0.209434
24759,-0.179515,-0.209434,-0.239354
24760,-0.179515,-0.239354,-0.209434
24761,-0.179515,-0.209434,-0.239354
24762,-0.179515,-0.209434,-0.209434
24763,-0.179515,-0.239354,-0.239354
24764,-0.179515,-0.239354,-0.239354
24765,-0.179515,-0.239354,-0.239354
24766,-0.179515,-0.239354,-0.239354
24767,-0.179515,-0.239354,-0.239354
24768,-0.149596,-0.209434,-0.209434
24769,-0.149596,-0.179515,-0.179515
24770,-0.179515,-0.209434,-0.209434
24771,-0.179515,-0.209434,-0.209434
24772,-0.179515,-0.239354,-0.239354
24773,-0.209434,-0.269273,-0.239354
24774,-0.209434,-0.269273,-0.239354
24775,-0.209434,-0.239354,-0.239354
24776,-0.209434,-0.239354,-0.239354
24777,-0.209434,-0.239354,-0.239354
24778,-0.209434,-0.239354,-0.269273
24779,-0.209434,-0.239354,-0.239354
24780,-0.209434,-0.239354,-0.239354
24781,-0.209434,-0.239354,-0.239354
24782,-0.209434,-0.239354,-0.239354
24783,-0.209434,-0.239354,-0.239354
24784,-0.239354,-0.269273,-0.269273
24785,-0.239354,-0.299192,-0.299192
24786,-0.239354,-0.269273,-0.269273
24787,-0.209434,-0.269273,-0.269273
24788,-0.209434,-0.239354,-0.239354
24789,-0.179515,-0.239354,-0.239354
24790,-0.179515,-0.239354,-0.209434
24791,-0.179515,-0.209434,-0.209434
24792,-0.179515,-0.209434,-0.209434
24793,-0.179515,-0.239354,-0.239354
24794,-0.179515,-0.239354,-0.209434
24795,-0.179515,-0.239354,-0.239354
24796,-0.179515,-0.239354,-0.239354
24797,-0.179515,-0.239354,-0.239354
24798,-0.179515,-0.239354,-0.239354
24799,-0.179515,-0.239354,-0.239354
24800,-0.149596,-0.209434,-0.209434
24801,-0.149596,-0.209434,-0.179515
24802,-0.149596,-0.209434,-0.209434
24803,-0.179515,-0.209434,-0.209434
24804,-0.179515,-0.239354,-0.239354
24805,-0.209434,-0.239354,-0.239354
24806,-0.209434,-0.239354,-0.239354
24807,-0.209434,-0.269273,-0.269273
24808,-0.209434,-0.269273,-0.239354
24809,-0.209434,-0.269273,-0.239354
24810,-0.209434,-0.239354,-0.239354
24811,-0.209434,-0.239354,-0.239354
24812,-0.209434,-0.239354,-0.239354
24813,-0.209434,-0.239354,-0.239354
24814,-0.179515,-0.239354,-0.239354
24815,-0.209434,-0.239354,-0.239354
24816,-0.239354,-0.269273,-0.269273
24817,-0.239354,-0.269273,-0.269273
24818,-0.239354,-0.269273,-0.269273
24819,-0.209434,-0.269273,-0.269273
24820,-0.209434,-0.239354,-0.239354
24821,-0.179515,-0.239354,-0.239354
24822,-0.179515,-0.239354,-0.209434
24823,-0.179515,-0.209434,-0.209434
24824,-0.179515,-0.239354,-0.209434
24825,-0.179515,-0.239354,-0.239354
24826,-0.179515,-0.239354,-0.209434
24827,-0.179515,-0.239354,-0.239354
24828,-0.179515,-0.239354,-0.239354
24829,-0.179515,-0.239354,-0.239354
24830,-0.179515,-0.239354,-0.239354
24831,-0.179515,-0.239354,-0.239354
24832,-0.149596,-0.209434,-0.209434
24833,-0.149596,-0.179515,-0.209434
24834,-0.149596,-0.209434,-0.209434
24835,-0.179515,-0.209434,-0.209434
24836,-0.179515,-0.239354,-0.239354
24837,-0.209434,-0.239354,-0.239354
24838,-0.209434,-0.269273,-0.239354
24839,-0.209434,-0.269273,-0.269273
24840,-0.209434,-0.239354,-0.239354
24841,-0.209434,-0.269273,-0.239354
24842,-0.209434,-0.269273,-0.239354
24843,-0.209434,-0.239354,-0.239354
24844,-0.209434,-0.239354,-0.239354
24845,-0.209434,-0.239354,-0.239354
24846,-0.209434,-0.239354,-0.239354
24847,-0.209434,-0.239354,-0.239354
24848,-0.239354,-0.269273,-0.269273
24849,-0.239354,-0.299192,-0.269273
24850,-0.209434,-0.269273,-0.269273
24851,-0.209434,-0.269273,-0.269273
24852,-0.209434,-0.239354,-0.239354
24853,-0.179515,-0.239354,-0.239354
24854,-0.179515,-0.239354,-0.209434
24855,-0.179515,-0.239354,-0.209434
24856,-0.179515,-0.209434,-0.209434
24857,-0.179515,-0.239354,-0.209434
24858,-0.179515,-0.239354,-0.209434
24859,-0.179515,-0.239354,-0.239354
24860,-0.179515,-0.239354,-0.239354
24861,-0.179515,-0.239354,-0.239354
24862,-0.179515,-0.239354,-0.239354
24863,-0.179515,-0.239354,-0.239354
24864,-0.149596,-0.209434,-0.209434
24865,-0.149596,-0.179515,-0.179515
24866,-0.179515,-0.209434,-0.209434
24867,-0.179515,-0.209434,-0.209434
24868,-0.179515,-0.239354,-0.239354
24869,-0.209434,-0.269273,-0.239354
24870,-0.209434,-0.269273,-0.239354
24871,-0.209434,-0.269273,-0.239354
24872,-0.209434,-0.239354,-0.239354
24873,-0.209434,-0.239354,-0.239354
24874,-0.209434,-0.269273,-0.239354
24875,-0.209434,-0.239354,-0.239354
24876,-0.209434,-0.239354,-0.239354
24877,-0.209434,-0.239354,-0.239354
24878,-0.209434,-0.239354,-0.239354
24879,-0.209434,-0.239354,-0.239354
24880,-0.239354,-0.269273,-0.269273
24881,-0.239354,-0.269273,-0.299192
24882,-0.239354,-0.269273,-0.269273
24883,-0.209434,-0.269273,-0.269273
24884,-0.209434,-0.239354,-0.239354
24885,-0.179515,-0.239354,-0.209434
24886,-0.179515,-0.239354,-0.209434
24887,-0.179515,-0.239354,-0.209434
24888,-0.179515,-0.209434,-0.209434
24889,-0.179515,-0.209434,-0.209434
24890,-0.179515,-0.209434,-0.209434
24891,-0.179515,-0.239354,-0.209434
24892,-0.179515,-0.239354,-0.239354
24893,-0.179515,-0.239354,-0.239354
24894,-0.179515,-0.239354,-0.239354
24895,-0.179515,-0.239354,-0.239354
24896,-0.149596,-0.209434,-0.209434
24897,-0.149596,-0.209434,-0.179515
24898,-0.149596,-0.209434,-0.209434
24899,-0.179515,-0.209434,-0.209434
24900,-0.209434,-0.239354,-0.239354
24901,-0.209434,-0.269273,-0.239354
24902,-0.209434,-0.269273,-0.269273
24903,-0.209434,-0.269273,-0.239354
24904,-0.209434,-0.239354,-0.239354
24905,-0.209434,-0.269273,-0.239354
24906,-0.209434,-0.269273,-0.239354
24907,-0.209434,-0.239354,-0.239354
24908,-0.209434,-0.239354,-0.239354
24909,-0.209434,-0.239354,-0.239354
24910,-0.209434,-0.239354,-0.239354
24911,-0.209434,-0.239354,-0.239354
24912,-0.239354,-0.269273,-0.269273
24913,-0.239354,-0.269273,-0.269273
24914,-0.209434,-0.269273,-0.269273
24915,-0.209434,-0.269273,-0.269273
24916,-0.209434,-0.239354,-0.239354
24917,-0.179515,-0.239354,-0.209434
24918,-0.179515,-0.239354,-0.209434
24919,-0.179515,-0.239354,-0.239354
24920,-0.179515,-0.239354,-0.209434
24921,-0.179515,-0.239354,-0.209434
24922,-0.179515,-0.239354,-0.239354
24923,-0.179515,-0.239354,-0.239354
24924,-0.179515,-0.239354,-0.239354
24925,-0.179515,-0.239354,-0.239354
24926,-0.179515,-0.239354,-0.239354
24927,-0.179515,-0.239354,-0.239354
24928,-0.149596,-0.209434,-0.209434
24929,-0.149596,-0.179515,-0.179515
24930,-0.149596,-0.209434,-0.209434
24931,-0.179515,-0.209434,-0.209434
24932,-0.179515,-0.239354,-0.239354
24933,-0.209434,-0.269273,-0.239354
24934,-0.209434,-0.269273,-0.239354
24935,-0.209434,-0.239354,-0.239354
24936,-0.209434,-0.239354,-0.239354
24937,-0.209434,-0.269273,-0.239354
24938,-0.209434,-0.269273,-0.239354
24939,-0.209434,-0.239354,-0.239354
24940,-0.209434,-0.239354,-0.239354
24941,-0.209434,-0.239354,-0.239354
24942,-0.209434,-0.239354,-0.239354
24943,-0.209434,-0.239354,-0.239354
24944,-0.239354,-0.269273,-0.269273
24945,-0.239354,-0.269273,-0.269273
24946,-0.239354,-0.269273,-0.269273
24947,-0.209434,-0.269273,-0.269273
24948,-0.179515,-0.239354,-0.239354
24949,-0.179515,-0.239354,-0.239354
24950,-0.179515,-0.239354,-0.209434
24951,-0.179515,-0.209434,-0.209434
24952,-0.179515,-0.209434,-0.239354
24953,-0.179515,-0.239354,-0.239354
24954,-0.179515,-0.239354,-0.209434
24955,-0.179515,-0.239354,-0.239354
24956,-0.179515,-0.239354,-0.239354
24957,-0.179515,-0.239354,-0.239354
24958,-0.179515,-0.239354,-0.239354
24959,-0.179515,-0.239354,-0.239354
24960,-0.149596,-0.209434,-0.209434
24961,-0.149596,-0.209434,-0.179515
24962,-0.149596,-0.209434,-0.209434
24963,-0.179515,-0.209434,-0.209434
24964,-0.209434,-0.239354,-0.239354
24965,-0.209434,-0.239354,-0.269273
24966,-0.209434,-0.239354,-0.269273
24967,-0.209434,-0.239354,-0.239354
24968,-0.209434,-0.239354,-0.239354
24969,-0.209434,-0.269273,-0.239354
24970,-0.209434,-0.269273,-0.239354
24971,-0.209434,-0.239354,-0.239354
24972,-0.209434,-0.239354,-0.239354
24973,-0.209434,-0.239354,-0.239354
24974,-0.209434,-0.239354,-0.239354
24975,-0.209434,-0.239354,-0.239354
24976,-0.239354,-0.269273,-0.269273
24977,-0.239354,-0.269273,-0.269273
24978,-0.239354,-0.269273,-0.269273
24979,-0.209434,-0.269273,-0.269273
24980,-0.179515,-0.239354,-0.239354
24981,-0.179515,-0.239354,-0.209434
24982,-0.179515,-0.239354,-0.209434
24983,-0.179515,-0.239354,-0.209434
24984,-0.179515,-0.209434,-0.209434
24985,-0.179515,-0.209434,-0.239354
24986,-0.179515,-0.239354,-0.209434
24987,-0.179515,-0.239354,-0.239354
24988,-0.179515,-0.239354,-0.239354
24989,-0.179515,-0.239354,-0.239354
24990,-0.179515,-0.239354,-0.239354
24991,-0.179515,-0.239354,-0.239354
24992,-0.149596,-0.209434,-0.209434
24993,-0.149596,-0.209434,-0.179515
24994,-0.179515,-0.209434,-0.209434
24995,-0.179515,-0.209434,-0.209434
24996,-0.179515,-0.239354,-0.239354
24997,-0.209434,-0.269273,-0.239354
24998,-0.209434,-0.269273,-0.269273
24999,-0.209434,-0.269273,-0.239354
25000,-0.209434,-0.269273,-0.239354
25001,-0.209434,-0.269273,-0.239354
25002,-0.209434,-0.269273,-0.239354
25003,-0.209434,-0.239354,-0.239354
25004,-0.209434,-0.239354,-0.239354
25005,-0.209434,-0.239354,-0.239354
25006,-0.209434,-0.239354,-0.239354
25007,-0.209434,-0.239354,-0.239354
25008,-0.239354,-0.269273,-0.269273
25009,-0.239354,-0.299192,-0.269273
25010,-0.209434,-0.269273,-0.269273
25011,-0.209434,-0.269273,-0.269273
25012,-0.209434,-0.239354,-0.239354
25013,-0.179515,-0.239354,-0.209434
25014,-0.179515,-0.239354,-0.209434
25015,-0.179515,-0.239354,-0.209434
25016,-0.179515,-0.239354,-0.209434
25017,-0.179515,-0.239354,-0.209434
25018,-0.179515,-0.209434,-0.239354
25019,-0.179515,-0.239354,-0.239354
25020,-0.179515,-0.239354,-0.239354
25021,-0.179515,-0.239354,-0.239354
25022,-0.179515,-0.239354,-0.239354
25023,-0.179515,-0.239354,-0.239354
25024,-0.149596,-0.209434,-0.209434
25025,-0.149596,-0.209434,-0.179515
25026,-0.179515,-0.209434,-0.209434
25027,-0.179515,-0.209434,-0.209434
25028,-0.179515,-0.239354,-0.239354
25029,-0.209434,-0.239354,-0.239354
25030,-0.209434,-0.269273,-0.239354
25031,-0.209434,-0.269273,-0.239354
25032,-0.209434,-0.239354,-0.239354
25033,-0.209434,-0.269273,-0.239354
25034,-0.209434,-0.269273,-0.239354
25035,-0.209434,-0.239354,-0.239354
25036,-0.209434,-0.239354,-0.239354
25037,-0.209434,-0.239354,-0.239354
25038,-0.209434,-0.239354,-0.239354
25039,-0.209434,-0.239354,-0.239354
25040,-0.239354,-0.269273,-0.269273
25041,-0.239354,-0.269273,-0.269273
25042,-0.209434,-0.269273,-0.269273
25043,-0.209434,-0.269273,-0.269273
25044,-0.209434,-0.239354,-0.239354
25045,-0.179515,-0.239354,-0.239354
25046,-0.179515,-0.239354,-0.239354
25047,-0.179515,-0.209434,-0.209434
25048,-0.179515,-0.239354,-0.209434
25049,-0.179515,-0.239354,-0.239354
25050,-0.179515,-0.209434,-0.209434
25051,-0.179515,-0.239354,-0.209434
25052,-0.179515,-0.239354,-0.239354
25053,-0.179515,-0.239354,-0.239354
25054,-0.179515,-0.239354,-0.239354
25055,-0.179515,-0.239354,-0.239354
25056,-0.149596,-0.209434,-0.209434
25057,-0.149596,-0.209434,-0.209434
25058,-0.149596,-0.209434,-0.209434
25059,-0.179515,-0.209434,-0.209434
25060,-0.209434,-0.239354,-0.239354
25061,-0.209434,-0.269273,-0.239354
25062,-0.209434,-0.269273,-0.239354
25063,-0.209434,-0.269273,-0.239354
25064,-0.209434,-0.239354,-0.239354
25065,-0.209434,-0.269273,-0.239354
25066,-0.209434,-0.239354,-0.239354
25067,-0.209434,-0.239354,-0.239354
25068,-0.209434,-0.239354,-0.239354
25069,-0.209434,-0.239354,-0.239354
25070,-0.209434,-0.239354,-0.239354
25071,-0.209434,-0.239354,-0.239354
25072,-0.239354,-0.269273,-0.269273
25073,-0.239354,-0.269273,-0.269273
25074,-0.209434,-0.269273,-0.269273
25075,-0.209434,-0.269273,-0.239354
25076,-0.209434,-0.239354,-0.239354
25077,-0.179515,-0.239354,-0.209434
25078,-0.179515,-0.239354,-0.239354
25079,-0.179515,-0.209434,-0.209434
25080,-0.179515,-0.239354,-0.209434
25081,-0.179515,-0.239354,-0.239354
25082,-0.179515,-0.209434,-0.239354
25083,-0.179515,-0.239354,-0.239354
25084,-0.179515,-0.239354,-0.239354
25085,-0.179515,-0.239354,-0.239354
25086,-0.179515,-0.239354,-0.239354
25087,-0.179515,-0.239354,-0.239354
25088,-0.149596,-0.209434,-0.209434
25089,-0.149596,-0.179515,-0.209434
25090,-0.179515,-0.209434,-0.209434
25091,-0.179515,-0.239354,-0.209434
25092,-0.179515,-0.239354,-0.239354
25093,-0.209434,-0.269273,-0.269273
25094,-0.209434,-0.269273,-0.239354
25095,-0.209434,-0.239354,-0.239354
25096,-0.209434,-0.239354,-0.239354
25097,-0.209434,-0.269273,-0.239354
25098,-0.209434,-0.269273,-0.239354
25099,-0.209434,-0.269273,-0.239354
25100,-0.209434,-0.239354,-0.239354
25101,-0.209434,-0.239354,-0.239354
25102,-0.209434,-0.239354,-0.239354
25103,-0.209434,-0.239354,-0.239354
25104,-0.239354,-0.269273,-0.269273
25105,-0.239354,-0.269273,-0.269273
25106,-0.209434,-0.269273,-0.269273
25107,-0.209434,-0.269273,-0.269273
25108,-0.209434,-0.239354,-0.239354
25109,-0.179515,-0.239354,-0.239354
25110,-0.179515,-0.239354,-0.209434
25111,-0.179515,-0.239354,-0.209434
25112,-0.179515,-0.209434,-0.209434
25113,-0.179515,-0.239354,-0.239354
25114,-0.179515,-0.239354,-0.239354
25115,-0.179515,-0.239354,-0.239354
25116,-0.179515,-0.239354,-0.239354
25117,-0.179515,-0.239354,-0.239354
25118,-0.179515,-0.239354,-0.239354
25119,-0.179515,-0.239354,-0.239354
25120,-0.149596,-0.209434,-0.209434
25121,-0.149596,-0.209434,-0.209434
25122,-0.179515,-0.209434,-0.209434
25123,-0.179515,-0.209434,-0.209434
25124,-0.209434,-0.239354,-0.239354
25125,-0.209434,-0.239354,-0.239354
25126,-0.209434,-0.269273,-0.239354
25127,-0.209434,-0.269273,-0.239354
25128,-0.209434,-0.239354,-0.239354
25129,-0.209434,-0.239354,-0.239354
25130,-0.209434,-0.269273,-0.239354
25131,-0.209434,-0.239354,-0.239354
25132,-0.209434,-0.239354,-0.239354
25133,-0.209434,-0.239354,-0.239354
25134,-0.209434,-0.239354,-0.239354
25135,-0.209434,-0.239354,-0.239354
25136,-0.239354,-0.269273,-0.269273
25137,-0.239354,-0.299192,-0.269273
25138,-0.239354,-0.269273,-0.269273
25139,-0.209434,-0.269273,-0.269273
25140,-0.209434,-0.239354,-0.239354
25141,-0.179515,-0.239354,-0.209434
25142,-0.179515,-0.239354,-0.209434
25143,-0.179515,-0.209434,-0.209434
25144,-0.179515,-0.209434,-0.239354
25145,-0.179515,-0.239354,-0.209434
25146,-0.179515,-0.209434,-0.209434
25147,-0.179515,-0.239354,-0.239354
25148,-0.179515,-0.239354,-0.239354
25149,-0.179515,-0.239354,-0.239354
25150,-0.179515,-0.239354,-0.239354
25151,-0.179515,-0.239354,-0.239354
25152,-0.149596,-0.209434,-0.209434
25153,-0.149596,-0.209434,-0.209434
25154,-0.179515,-0.209434,-0.209434
25155,-0.179515,-0.239354,-0.209434
25156,-0.179515,-0.239354,-0.239354
25157,-0.209434,-0.239354,-0.239354
25158,-0.209434,-0.269273,-0.239354
25159,-0.209434,-0.239354,-0.239354
25160,-0.209434,-0.239354,-0.239354
25161,-0.209434,-0.269273,-0.269273
25162,-0.209434,-0.269273,-0.239354
25163,-0.209434,-0.239354,-0.239354
25164,-0.209434,-0.239354,-0.239354
25165,-0.209434,-0.239354,-0.239354
25166,-0.209434,-0.239354,-0.239354
25167,-0.209434,-0.239354,-0.239354
25168,-0.239354,-0.269273,-0.269273
25169,-0.239354,-0.269273,-0.269273
25170,-0.209434,-0.269273,-0.269273
25171,-0.209434,-0.269273,-0.239354
25172,-0.179515,-0.239354,-0.239354
25173,-0.179515,-0.209434,-0.209434
25174,-0.179515,-0.209434,-0.209434
25175,-0.179515,-0.209434,-0.209434
25176,-0.179515,-0.239354,-0.209434
25177,-0.179515,-0.239354,-0.209434
25178,-0.179515,-0.239354,-0.209434
25179,-0.179515,-0.239354,-0.239354
25180,-0.179515,-0.239354,-0.239354
25181,-0.179515,-0.239354,-0.239354
25182,-0.179515,-0.239354,-0.239354
25183,-0.179515,-0.239354,-0.209434
25184,-0.149596,-0.209434,-0.209434
25185,-0.149596,-0.209434,-0.209434
25186,-0.179515,-0.209434,-0.209434
25187,-0.179515,-0.209434,-0.209434
25188,-0.209434,-0.239354,-0.239354
25189,-0.209434,-0.269273,-0.239354
25190,-0.209434,-0.269273,-0.269273
25191,-0.209434,-0.239354,-0.239354
25192,-0.209434,-0.269273,-0.239354
25193,-0.209434,-0.269273,-0.269273
25194,-0.209434,-0.239354,-0.239354
25195,-0.209434,-0.239354,-0.239354
25196,-0.209434,-0.239354,-0.239354
25197,-0.209434,-0.239354,-0.239354
25198,-0.179515,-0.239354,-0.239354
25199,-0.209434,-0.239354,-0.239354
25200,-0.239354,-0.299192,-0.269273
25201,-0.239354,-0.299192,-0.269273
25202,-0.209434,-0.269273,-0.269273
25203,-0.209434,-0.269273,-0.239354
25204,-0.179515,-0.239354,-0.239354
25205,-0.179515,-0.239354,-0.209434
25206,-0.179515,-0.239354,-0.209434
25207,-0.179515,-0.239354,-0.209434
25208,-0.179515,-0.209434,-0.239354
25209,-0.179515,-0.239354,-0.239354
25210,-0.179515,-0.239354,-0.209434
25211,-0.179515,-0.239354,-0.239354
25212,-0.179515,-0.239354,-0.239354
25213,-0.179515,-0.239354,-0.239354
25214,-0.179515,-0.239354,-0.239354
25215,-0.179515,-0.239354,-0.239354
25216,-0.149596,-0.209434,-0.179515
25217,-0.149596,-0.209434,-0.179515
25218,-0.179515,-0.209434,-0.209434
25219,-0.179515,-0.209434,-0.209434
25220,-0.209434,-0.239354,-0.239354
25221,-0.209434,-0.269273,-0.239354
25222,-0.209434,-0.239354,-0.269273
25223,-0.209434,-0.239354,-0.239354
25224,-0.209434,-0.239354,-0.239354
25225,-0.209434,-0.269273,-0.239354
25226,-0.209434,-0.269273,-0.239354
25227,-0.209434,-0.239354,-0.239354
25228,-0.209434,-0.239354,-0.239354
25229,-0.209434,-0.239354,-0.239354
25230,-0.209434,-0.239354,-0.239354
25231,-0.209434,-0.269273,-0.239354
25232,-0.239354,-0.269273,-0.269273
25233,-0.239354,-0.269273,-0.269273
25234,-0.209434,-0.269273,-0.269273
25235,-0.209434,-0.269273,-0.269273
25236,-0.209434,-0.239354,-0.239354
25237,-0.179515,-0.239354,-0.209434
25238,-0.179515,-0.239354,-0.239354
25239,-0.179515,-0.239354,-0.209434
25240,-0.179515,-0.239354,-0.209434
25241,-0.179515,-0.239354,-0.239354
25242,-0.179515,-0.209434,-0.239354
25243,-0.179515,-0.239354,-0.239354
25244,-0.179515,-0.239354,-0.239354
25245,-0.179515,-0.239354,-0.239354
25246,-0.179515,-0.239354,-0.239354
25247,-0.179515,-0.239354,-0.209434
25248,-0.149596,-0.209434,-0.209434
25249,-0.149596,-0.209434,-0.179515
25250,-0.179515,-0.209434,-0.209434
25251,-0.179515,-0.209434,-0.209434
25252,-0.209434,-0.239354,-0.239354
25253,-0.209434,-0.269273,-0.239354
25254,-0.209434,-0.239354,-0.239354
25255,-0.209434,-0.239354,-0.239354
25256,-0.209434,-0.239354,-0.239354
25257,-0.209434,-0.269273,-0.239354
25258,-0.209434,-0.269273,-0.239354
25259,-0.209434,-0.239354,-0.239354
25260,-0.209434,-0.239354,-0.239354
25261,-0.209434,-0.239354,-0.239354
25262,-0.209434,-0.239354,-0.239354
25263,-0.209434,-0.269273,-0.239354
25264,-0.239354,-0.269273,-0.269273
25265,-0.239354,-0.269273,-0.269273
25266,-0.209434,-0.269273,-0.269273
25267,-0.209434,-0.269273,-0.269273
25268,-0.179515,-0.239354,-0.239354
25269,-0.179515,-0.239354,-0.239354
25270,-0.179515,-0.209434,-0.209434
25271,-0.179515,-0.209434,-0.209434
25272,-0.179515,-0.239354,-0.209434
25273,-0.179515,-0.239354,-0.209434
25274,-0.179515,-0.209434,-0.209434
25275,-0.179515,-0.239354,-0.239354
25276,-0.179515,-0.239354,-0.239354
25277,-0.179515,-0.239354,-0.239354
25278,-0.179515,-0.239354,-0.239354
25279,-0.179515,-0.239354,-0.209434
25280,-0.149596,-0.209434,-0.179515
25281,-0.149596,-0.209434,-0.179515
25282,-0.179515,-0.209434,-0.209434
25283,-0.179515,-0.209434,-0.239354
25284,-0.209434,-0.239354,-0.239354
25285,-0.209434,-0.269273,-0.239354
25286,-0.209434,-0.269273,-0.239354
25287,-0.209434,-0.269273,-0.239354
25288,-0.209434,-0.239354,-0.239354
25289,-0.209434,-0.269273,-0.239354
25290,-0.209434,-0.269273,-0.239354
25291,-0.209434,-0.239354,-0.239354
25292,-0.209434,-0.239354,-0.239354
25293,-0.209434,-0.239354,-0.239354
25294,-0.209434,-0.239354,-0.239354
25295,-0.209434,-0.269273,-0.239354
25296,-0.239354,-0.269273,-0.269273
25297,-0.239354,-0.269273,-0.269273
25298,-0.209434,-0.269273,-0.269273
25299,-0.209434,-0.239354,-0.239354
25300,-0.179515,-0.239354,-0.239354
25301,-0.179515,-0.239354,-0.209434
25302,-0.179515,-0.209434,-0.209434
25303,-0.179515,-0.239354,-0.209434
25304,-0.179515,-0.239354,-0.239354
25305,-0.179515,-0.239354,-0.239354
25306,-0.179515,-0.209434,-0.239354
25307,-0.179515,-0.239354,-0.239354
25308,-0.179515,-0.239354,-0.239354
25309,-0.209434,-0.239354,-0.239354
25310,-0.209434,-0.239354,-0.239354
25311,-0.179515,-0.239354,-0.239354
25312,-0.149596,-0.209434,-0.179515
25313,-0.149596,-0.209434,-0.209434
25314,-0.179515,-0.209434,-0.209434
25315,-0.179515,-0.209434,-0.209434
25316,-0.209434,-0.239354,-0.239354
25317,-0.209434,-0.239354,-0.269273
25318,-0.209434,-0.269273,-0.239354
25319,-0.209434,-0.239354,-0.239354
25320,-0.209434,-0.239354,-0.239354
25321,-0.209434,-0.269273,-0.239354
25322,-0.209434,-0.269273,-0.239354
25323,-0.209434,-0.239354,-0.239354
25324,-0.209434,-0.239354,-0.239354
25325,-0.209434,-0.239354,-0.239354
25326,-0.179515,-0.239354,-0.239354
25327,-0.209434,-0.239354,-0.239354
25328,-0.239354,-0.269273,-0.269273
25329,-0.239354,-0.269273,-0.269273
25330,-0.209434,-0.269273,-0.269273
25331,-0.209434,-0.269273,-0.239354
25332,-0.179515,-0.239354,-0.239354
25333,-0.179515,-0.239354,-0.209434
25334,-0.179515,-0.239354,-0.239354
25335,-0.179515,-0.209434,-0.209434
25336,-0.179515,-0.239354,-0.239354
25337,-0.179515,-0.239354,-0.239354
25338,-0.179515,-0.239354,-0.209434
25339,-0.179515,-0.239354,-0.209434
25340,-0.179515,-0.239354,-0.239354
25341,-0.179515,-0.239354,-0.239354
25342,-0.179515,-0.239354,-0.239354
25343,-0.179515,-0.239354,-0.239354
25344,-0.149596,-0.209434,-0.179515
25345,-0.149596,-0.209434,-0.209434
25346,-0.179515,-0.209434,-0.209434
25347,-0.179515,-0.239354,-0.209434
25348,-0.209434,-0.239354,-0.239354
25349,-0.209434,-0.269273,-0.239354
25350,-0.209434,-0.269273,-0.239354
25351,-0.209434,-0.239354,-0.239354
25352,-0.209434,-0.239354,-0.239354
25353,-0.209434,-0.269273,-0.239354
25354,-0.209434,-0.269273,-0.239354
25355,-0.209434,-0.239354,-0.239354
25356,-0.209434,-0.239354,-0.239354
25357,-0.209434,-0.239354,-0.239354
25358,-0.209434,-0.239354,-0.239354
25359,-0.209434,-0.269273,-0.239354
25360,-0.239354,-0.299192,-0.269273
25361,-0.239354,-0.269273,-0.269273
25362,-0.209434,-0.269273,-0.269273
25363,-0.209434,-0.269273,-0.239354
25364,-0.179515,-0.239354,-0.239354
25365,-0.179515,-0.239354,-0.239354
25366,-0.179515,-0.239354,-0.209434
25367,-0.179515,-0.239354,-0.209434
25368,-0.179515,-0.239354,-0.239354
25369,-0.179515,-0.209434,-0.239354
25370,-0.179515,-0.239354,-0.239354
25371,-0.179515,-0.239354,-0.239354
25372,-0.179515,-0.239354,-0.239354
25373,-0.209434,-0.239354,-0.239354
25374,-0.209434,-0.239354,-0.239354
25375,-0.179515,-0.209434,-0.209434
25376,-0.149596,-0.179515,-0.179515
25377,-0.149596,-0.209434,-0.209434
25378,-0.179515,-0.209434,-0.209434
25379,-0.179515,-0.239354,-0.209434
25380,-0.209434,-0.239354,-0.239354
25381,-0.209434,-0.269273,-0.239354
25382,-0.209434,-0.269273,-0.239354
25383,-0.209434,-0.239354,-0.269273
25384,-0.209434,-0.239354,-0.239354
25385,-0.209434,-0.269273,-0.239354
25386,-0.209434,-0.269273,-0.239354
25387,-0.209434,-0.239354,-0.239354
25388,-0.209434,-0.239354,-0.239354
25389,-0.209434,-0.239354,-0.239354
25390,-0.209434,-0.239354,-0.239354
25391,-0.209434,-0.239354,-0.269273
25392,-0.239354,-0.269273,-0.269273
25393,-0.239354,-0.269273,-0.269273
25394,-0.209434,-0.269273,-0.269273
25395,-0.209434,-0.269273,-0.269273
25396,-0.179515,-0.239354,-0.239354
25397,-0.179515,-0.239354,-0.239354
25398,-0.179515,-0.239354,-0.209434
25399,-0.179515,-0.239354,-0.209434
25400,-0.179515,-0.239354,-0.239354
25401,-0.179515,-0.239354,-0.209434
25402,-0.179515,-0.239354,-0.209434
25403,-0.179515,-0.239354,-0.239354
25404,-0.179515,-0.239354,-0.239354
25405,-0.179515,-0.239354,-0.239354
25406,-0.179515,-0.239354,-0.239354
25407,-0.179515,-0.209434,-0.209434
25408,-0.149596,-0.179515,-0.179515
25409,-0.149596,-0.209434,-0.209434
25410,-0.179515,-0.209434,-0.209434
25411,-0.179515,-0.239354,-0.209434
25412,-0.209434,-0.239354,-0.239354
25413,-0.209434,-0.239354,-0.239354
25414,-0.209434,-0.239354,-0.239354
25415,-0.209434,-0.239354,-0.239354
25416,-0.209434,-0.239354,-0.239354
25417,-0.209434,-0.239354,-0.239354
25418,-0.209434,-0.269273,-0.239354
25419,-0.209434,-0.239354,-0.239354
25420,-0.209434,-0.239354,-0.239354
25421,-0.209434,-0.239354,-0.239354
25422,-0.209434,-0.239354,-0.239354
25423,-0.209434,-0.269273,-0.269273
25424,-0.239354,-0.269273,-0.269273
25425,-0.239354,-0.269273,-0.269273
25426,-0.209434,-0.269273,-0.269273
25427,-0.209434,-0.269273,-0.239354
25428,-0.179515,-0.239354,-0.239354
25429,-0.179515,-0.209434,-0.239354
25430,-0.179515,-0.209434,-0.209434
25431,-0.179515,-0.209434,-0.209434
25432,-0.179515,-0.239354,-0.209434
25433,-0.179515,-0.239354,-0.209434
25434,-0.179515,-0.239354,-0.209434
25435,-0.179515,-0.239354,-0.239354
25436,-0.179515,-0.239354,-0.239354
25437,-0.179515,-0.239354,-0.239354
25438,-0.179515,-0.239354,-0.239354
25439,-0.179515,-0.239354,-0.209434
25440,-0.149596,-0.209434,-0.179515
25441,-0.149596,-0.209434,-0.209434
25442,-0.179515,-0.209434,-0.209434
25443,-0.179515,-0.209434,-0.209434
25444,-0.209434,-0.239354,-0.239354
25445,-0.209434,-0.239354,-0.239354
25446,-0.209434,-0.269273,-0.239354
25447,-0.209434,-0.239354,-0.269273
25448,-0.209434,-0.239354,-0.239354
25449,-0.209434,-0.239354,-0.269273
25450,-0.209434,-0.269273,-0.239354
25451,-0.209434,-0.239354,-0.239354
25452,-0.209434,-0.239354,-0.239354
25453,-0.209434,-0.239354,-0.239354
25454,-0.209434,-0.239354,-0.239354
25455,-0.209434,-0.269273,-0.239354
25456,-0.239354,-0.269273,-0.269273
25457,-0.239354,-0.269273,-0.269273
25458,-0.209434,-0.269273,-0.269273
25459,-0.209434,-0.269273,-0.269273
25460,-0.179515,-0.239354,-0.239354
25461,-0.179515,-0.239354,-0.209434
25462,-0.179515,-0.209434,-0.209434
25463,-0.179515,-0.209434,-0.209434
25464,-0.179515,-0.239354,-0.209434
25465,-0.179515,-0.239354,-0.209434
25466,-0.179515,-0.239354,-0.209434
25467,-0.179515,-0.239354,-0.239354
25468,-0.179515,-0.239354,-0.239354
25469,-0.179515,-0.239354,-0.239354
25470,-0.179515,-0.239354,-0.239354
25471,-0.179515,-0.239354,-0.209434
25472,-0.149596,-0.209434,-0.179515
25473,-0.149596,-0.209434,-0.209434
25474,-0.179515,-0.209434,-0.209434
25475,-0.179515,-0.239354,-0.209434
25476,-0.209434,-0.239354,-0.239354
25477,-0.209434,-0.239354,-0.239354
25478,-0.209434,-0.239354,-0.269273
25479,-0.209434,-0.239354,-0.239354
25480,-0.209434,-0.239354,-0.239354
25481,-0.209434,-0.269273,-0.239354
25482,-0.209434,-0.239354,-0.239354
25483,-0.209434,-0.239354,-0.239354
25484,-0.209434,-0.239354,-0.239354
25485,-0.209434,-0.239354,-0.239354
25486,-0.209434,-0.239354,-0.239354
25487,-0.209434,-0.269273,-0.269273
25488,-0.239354,-0.299192,-0.269273
25489,-0.239354,-0.269273,-0.269273
25490,-0.239354,-0.269273,-0.269273
25491,-0.209434,-0.269273,-0.239354
25492,-0.179515,-0.239354,-0.239354
25493,-0.179515,-0.209434,-0.239354
25494,-0.179515,-0.209434,-0.209434
25495,-0.179515,-0.239354,-0.209434
25496,-0.179515,-0.239354,-0.209434
25497,-0.179515,-0.209434,-0.209434
25498,-0.179515,-0.209434,-0.239354
25499,-0.179515,-0.239354,-0.239354
25500,-0.179515,-0.239354,-0.239354
25501,-0.179515,-0.239354,-0.239354
25502,-0.179515,-0.239354,-0.239354
25503,-0.179515,-0.209434,-0.209434
25504,-0.149596,-0.179515,-0.179515
25505,-0.149596,-0.209434,-0.209434
25506,-0.179515,-0.209434,-0.209434
25507,-0.179515,-0.239354,-0.239354
25508,-0.209434,-0.239354,-0.239354
25509,-0.209434,-0.269273,-0.239354
25510,-0.209434,-0.269273,-0.239354
25511,-0.209434,-0.239354,-0.239354
25512,-0.209434,-0.239354,-0.239354
25513,-0.209434,-0.239354,-0.239354
25514,-0.209434,-0.239354,-0.239354
25515,-0.209434,-0.239354,-0.239354
25516,-0.209434,-0.239354,-0.239354
25517,-0.209434,-0.239354,-0.239354
25518,-0.209434,-0.239354,-0.239354
25519,-0.209434,-0.269273,-0.269273
25520,-0.239354,-0.269273,-0.269273
25521,-0.239354,-0.269273,-0.269273
25522,-0.209434,-0.269273,-0.269273
25523,-0.209434,-0.269273,-0.269273
25524,-0.179515,-0.239354,-0.239354
25525,-0.179515,-0.239354,-0.209434
25526,-0.179515,-0.239354,-0.209434
25527,-0.179515,-0.209434,-0.209434
25528,-0.179515,-0.239354,-0.209434
25529,-0.179515,-0.239354,-0.209434
25530,-0.179515,-0.239354,-0.209434
25531,-0.179515,-0.239354,-0.239354
25532,-0.179515,-0.239354,-0.239354
25533,-0.179515,-0.239354,-0.239354
25534,-0.179515,-0.239354,-0.239354
25535,-0.179515,-0.209434,-0.209434
25536,-0.149596,-0.179515,-0.179515
25537,-0.149596,-0.209434,-0.209434
25538,-0.179515,-0.209434,-0.209434
25539,-0.179515,-0.209434,-0.239354
25540,-0.209434,-0.239354,-0.239354
25541,-0.209434,-0.269273,-0.269273
25542,-0.209434,-0.269273,-0.269273
25543,-0.209434,-0.239354,-0.239354
25544,-0.209434,-0.239354,-0.239354
25545,-0.209434,-0.239354,-0.239354
25546,-0.209434,-0.239354,-0.239354
25547,-0.209434,-0.239354,-0.239354
25548,-0.209434,-0.239354,-0.239354
25549,-0.209434,-0.239354,-0.239354
25550,-0.179515,-0.239354,-0.239354
25551,-0.209434,-0.269273,-0.239354
25552,-0.239354,-0.269273,-0.269273
25553,-0.239354,-0.269273,-0.269273
25554,-0.209434,-0.269273,-0.269273
25555,-0.209434,-0.269273,-0.239354
25556,-0.179515,-0.239354,-0.239354
25557,-0.179515,-0.209434,-0.209434
25558,-0.179515,-0.209434,-0.209434
25559,-0.179515,-0.239354,-0.209434
25560,-0.179515,-0.239354,-0.209434
25561,-0.179515,-0.209434,-0.209434
25562,-0.179515,-0.209434,-0.239354
25563,-0.179515,-0.239354,-0.239354
25564,-0.179515,-0.239354,-0.239354
25565,-0.179515,-0.239354,-0.239354
25566,-0.179515,-0.239354,-0.239354
25567,-0.179515,-0.209434,-0.209434
25568,-0.149596,-0.179515,-0.179515
25569,-0.149596,-0.209434,-0.209434
25570,-0.179515,-0.209434,-0.209434
25571,-0.179515,-0.239354,-0.239354
25572,-0.209434,-0.239354,-0.239354
25573,-0.209434,-0.269273,-0.239354
25574,-0.209434,-0.269273,-0.239354
25575,-0.209434,-0.269273,-0.239354
25576,-0.209434,-0.269273,-0.239354
25577,-0.209434,-0.269273,-0.239354
25578,-0.209434,-0.239354,-0.239354
25579,-0.209434,-0.239354,-0.239354
25580,-0.209434,-0.239354,-0.239354
25581,-0.209434,-0.239354,-0.239354
25582,-0.209434,-0.239354,-0.239354
25583,-0.209434,-0.269273,-0.269273
25584,-0.239354,-0.269273,-0.269273
25585,-0.239354,-0.269273,-0.269273
25586,-0.209434,-0.269273,-0.269273
25587,-0.209434,-0.269273,-0.269273
25588,-0.179515,-0.239354,-0.239354
25589,-0.179515,-0.209434,-0.209434
25590,-0.179515,-0.239354,-0.239354
25591,-0.179515,-0.239354,-0.209434
25592,-0.179515,-0.239354,-0.209434
25593,-0.179515,-0.239354,-0.209434
25594,-0.179515,-0.239354,-0.209434
25595,-0.179515,-0.239354,-0.239354
25596,-0.179515,-0.239354,-0.239354
25597,-0.179515,-0.239354,-0.239354
25598,-0.179515,-0.239354,-0.239354
25599,-0.179515,-0.209434,-0.209434
25600,-0.149596,-0.179515,-0.179515
